ID,int_rate
1,13.603686919908961
2,14.479303378147888
3,8.446877278027644
4,15.619323532793096
5,16.509179468359637
6,6.769748191160709
7,12.362004558218267
8,9.016686673635117
9,14.137265481721537
10,20.47453481005549
11,6.0
12,15.190835903403896
13,14.346897242995144
14,16.5606640486779
15,15.903188381175836
16,10.272564192457525
17,13.413926830092885
18,14.694525671992576
19,10.572122886826337
20,15.254058015117181
21,9.79585641379328
22,17.128667179908042
23,9.902299094858678
24,13.589545000535745
25,12.221116879458666
26,7.46115163163498
27,18.232963929963663
28,18.741509829545663
29,15.40313245870328
30,18.701917644780824
31,9.337488308695013
32,7.566787909350931
33,11.959645653076823
34,17.08451699742886
35,11.862421302061003
36,13.601480917834476
37,13.592181491467267
38,7.809065002944981
39,9.88995402764781
40,13.116339713607564
41,12.041467360467216
42,17.032790317648452
43,9.02793707070459
44,15.382756839278402
45,14.79427170793112
46,14.51501618068561
47,21.87986246464102
48,17.00483384326803
49,6.828690003952525
50,8.289668113061094
51,11.702193869957961
52,18.929623853789643
53,9.349783536680583
54,9.350173362518689
55,10.259722394208854
56,14.37089106290912
57,7.629975427677145
58,13.11237949266488
59,12.702166152100187
60,11.989760393862786
61,17.83235063896183
62,11.217401580321237
63,18.96530392765222
64,13.233669980665269
65,15.078270226401841
66,11.013386423877009
67,7.664133017944141
68,6.448532205573508
69,8.591714168626766
70,16.06633459022194
71,13.265513227317893
72,12.970188622531962
73,10.575099640629402
74,10.824182001801383
75,13.258563798237276
76,15.931649174816448
77,13.470699490424963
78,9.586026236941136
79,9.337471120702581
80,6.757455007016315
81,11.745777769783396
82,9.796602344577053
83,13.963732893512809
84,7.955510223088831
85,15.834167932705855
86,10.045692336597256
87,7.448026228552329
88,7.408258635141367
89,6.074781162785614
90,12.67434427924567
91,7.758803070775439
92,11.471206203147318
93,10.086714634615875
94,8.77312934827553
95,13.715442034083646
96,10.39291164565746
97,7.50355970681304
98,13.473985641474425
99,8.462337262435204
100,8.513242808361195
101,13.358759383149419
102,10.222979915952429
103,8.855469247541242
104,6.527253324172614
105,8.72147565062079
106,19.137653723763215
107,12.678696879071817
108,16.979934118620353
109,7.795645560302349
110,6.708837011437998
111,12.305814349638647
112,12.330899848110779
113,15.734189561399893
114,10.588915773637051
115,12.424791954105814
116,10.316685775521181
117,14.387458276663278
118,6.507402256186552
119,9.163396060447752
120,14.586572689064273
121,13.95473741301633
122,13.524250504276317
123,6.258461223319847
124,12.353060202656806
125,15.496895074251679
126,6.647540704995485
127,6.491354437832057
128,15.493547212939552
129,10.042737833002
130,8.31956508536313
131,8.319516527909691
132,14.355786068993018
133,8.215668942138523
134,13.57180528917091
135,8.37260587722432
136,15.618897727824633
137,7.9735034082064615
138,16.291636849232496
139,9.043676605003274
140,11.78382530737814
141,18.845511789313267
142,12.131680983258676
143,9.173612539769898
144,18.65301341553453
145,11.293762004938605
146,17.802929609615255
147,12.70784731613758
148,8.173638083973895
149,12.467638553527328
150,7.466939275292887
151,11.868517439737237
152,8.033753479641558
153,9.39132587959731
154,7.512231260310413
155,6.733167420480889
156,16.183222107246568
157,8.232287846027786
158,7.044818118513811
159,9.546430358034339
160,9.894493636188907
161,8.12768261080993
162,10.775310395547244
163,17.46542509355077
164,14.436208852188738
165,7.080516388586761
166,10.573486716875479
167,6.499208361370083
168,11.382536526429954
169,14.86262182302437
170,8.126027393503026
171,16.26831811468132
172,6.38328886100483
173,10.446941030723991
174,10.210033282911686
175,18.13482606618124
176,16.835001956727055
177,6.758169792212849
178,8.711635125212526
179,8.29699688681556
180,10.638397574350291
181,16.891484556269802
182,12.105996447555345
183,14.152591037945395
184,9.280261431704664
185,8.634238536440138
186,16.003098262896604
187,12.948426294119852
188,16.1873189213721
189,8.175650958459022
190,12.513061329991888
191,9.474426799751514
192,9.791707815845495
193,9.409067230162169
194,7.1793982914161365
195,8.04682802877968
196,11.757897832145611
197,10.785949926498834
198,14.602347771195545
199,10.719094337879191
200,10.835685660146009
201,14.852613101025145
202,14.75678021858381
203,11.35754214674188
204,12.347769977660004
205,8.696089408381171
206,8.22281221823582
207,10.544018143704015
208,17.499434161529432
209,9.288234990699534
210,13.070376504348257
211,14.199414299770504
212,6.640821752397925
213,10.553129253662586
214,10.718756015221068
215,9.366572808800855
216,8.337220119491061
217,7.2551742407317805
218,8.289091495817342
219,10.542460396605524
220,9.338829986980272
221,14.353124259344845
222,15.309500138333888
223,7.533823899332054
224,9.3479981568973
225,19.02649935999156
226,9.62131925032233
227,19.040709526670838
228,11.80011441503515
229,17.948283358350217
230,11.414751117770699
231,8.302012211695972
232,11.861655438197516
233,7.122661336390623
234,13.071388850027871
235,8.268743100115616
236,17.12805356516946
237,10.371101187279054
238,12.805123404260279
239,10.898385375807026
240,6.813490664135169
241,9.019142449575508
242,13.215056055821806
243,8.273512375468023
244,21.10612651103146
245,19.87191892642025
246,17.916783572442966
247,13.915757023238994
248,16.86532230269697
249,11.891787298625122
250,13.536905264226897
251,9.843120819530029
252,9.028890979683494
253,10.15935115411351
254,11.855745977329272
255,14.733424073691324
256,8.272285368083018
257,15.259971375775255
258,16.13178096319269
259,8.24860660405172
260,14.06778366331386
261,15.968970333126576
262,9.89843522800242
263,10.100726111586445
264,11.055323816086554
265,8.403569840893907
266,15.05908520007216
267,11.36357470242255
268,16.356156400078188
269,12.19211445240835
270,11.285127726636677
271,6.260068357940286
272,6.996398316821616
273,14.558329523439056
274,11.890242116310718
275,14.427247426272896
276,11.194048714477244
277,11.604300282302571
278,12.245322333344124
279,7.604597658138303
280,15.2107525705419
281,13.929405833123887
282,9.924320665821936
283,8.901860678498945
284,8.092433798068614
285,8.794593968010952
286,8.112260248944557
287,11.146962915945242
288,13.68520925578581
289,11.23949452137313
290,7.0799397650827025
291,8.099575821112802
292,6.789661291635652
293,9.060013440846074
294,7.067194733291554
295,15.079911187959793
296,7.4010578586565465
297,13.342995248075177
298,7.8657554388036655
299,15.067893493975623
300,9.319008371553993
301,12.605424924000541
302,8.209379630635375
303,7.215528624683122
304,14.302629315333595
305,11.023563592467696
306,10.566061895626923
307,7.138660235220827
308,7.269852596793706
309,10.74837704748369
310,9.146824637785944
311,14.017456194299758
312,7.125859363845426
313,14.662510666281733
314,11.562416095777403
315,9.614779752324145
316,8.550613587190538
317,11.396596713480742
318,10.038370469694417
319,8.827233082292063
320,14.138871562513664
321,16.150358007399355
322,15.514177301322729
323,13.141516917398041
324,16.091586589848827
325,9.7087485271729
326,13.321401458673229
327,10.177642473594585
328,7.43149844572908
329,10.379239014065181
330,9.387049247258457
331,14.514653725009012
332,12.434980093396787
333,13.177328777196632
334,9.202844703707962
335,12.0645093965731
336,8.520956127338804
337,14.001942021041012
338,14.488174557865339
339,7.001482045163449
340,6.724761280570173
341,15.914630208099538
342,8.905737238355774
343,6.904800050471099
344,8.446876378407952
345,13.498829054635268
346,9.187906087609546
347,12.044535634612107
348,9.760599918332586
349,10.854264172481509
350,11.219473910787585
351,7.051638299352871
352,17.95616097925228
353,11.984682557807698
354,16.041252481849657
355,12.179177094011909
356,12.029247812220992
357,12.936862741669184
358,11.667327800191265
359,18.39661699650494
360,16.6389837072589
361,8.329274633623482
362,12.402765946965964
363,15.708880716636905
364,10.01501490081403
365,7.7116469640249665
366,11.417268952295357
367,7.516845276881776
368,13.228954826992014
369,11.376991392069044
370,6.938996114067853
371,12.186920433761033
372,13.111841769755099
373,11.673735867911333
374,14.923501340639659
375,17.171636761271117
376,18.7405984682785
377,15.36119438202487
378,9.111953078175803
379,13.801485886473987
380,8.860747759681956
381,17.005115895161758
382,7.558382999096206
383,9.079646265796923
384,14.275839265533984
385,18.248914621325508
386,14.109207787482212
387,12.810160657916676
388,12.717634126480892
389,13.005836930813928
390,9.00210735586861
391,11.213801843660166
392,8.775088160195711
393,7.540180023949445
394,7.688161630511052
395,8.33956878583443
396,14.076748537034838
397,9.789913535743873
398,11.494248930796976
399,9.219425842201142
400,10.631033313418225
401,11.03612651555014
402,11.326852084714155
403,9.280840706028119
404,17.647676892808718
405,7.736536057393725
406,10.586776364421215
407,12.506522646932279
408,13.209501302159493
409,16.99443680488521
410,13.26893261480594
411,13.603535601674388
412,7.1920124181136105
413,9.940049586333702
414,10.030415719672131
415,7.239277315819382
416,9.263964342135033
417,10.110621019779122
418,8.967494726222315
419,14.36836425328098
420,8.25339118691494
421,13.911669089791989
422,14.20002436525304
423,7.877512650485286
424,16.186270966826466
425,6.4784838717228475
426,9.63474737640613
427,15.037625987058343
428,8.134608250525789
429,10.074642007299406
430,11.572565367388528
431,8.607241166420534
432,8.56480691969289
433,7.655108109802088
434,8.158209550631597
435,13.614392653318749
436,9.572275041643152
437,8.156672305926428
438,6.836759267781731
439,13.53921736607671
440,16.689575376651042
441,16.672616362145025
442,13.259022349985859
443,9.56363535457449
444,7.8258197878459
445,14.331652812977413
446,13.860678269890174
447,13.439204752611905
448,8.998609409881535
449,9.025748972880928
450,18.583830757943893
451,10.423904437068035
452,14.323636259303166
453,10.561860370516278
454,12.48050071614035
455,15.968651644960904
456,9.387458843211132
457,14.393002192239184
458,8.231590486332388
459,15.044754563627484
460,12.61090916052408
461,9.073128781924513
462,10.62098073775384
463,10.816391064700355
464,12.453184729207235
465,13.625439427107597
466,12.316038202130661
467,10.830091062934113
468,11.985465983390368
469,10.893946711841767
470,15.2770325220012
471,7.326510666015038
472,11.438393399663129
473,12.994569159132624
474,14.740993634890108
475,9.293401822222583
476,10.533168059451793
477,13.307201028080797
478,7.345370184033818
479,16.044131441886798
480,8.936137508919868
481,14.412719783206569
482,11.50741251697244
483,8.085445141003314
484,9.612115175814349
485,10.98733696394574
486,8.544108956707813
487,9.973640666415456
488,7.992600445803401
489,12.6929049692597
490,7.527267624096812
491,10.766533457324318
492,11.233974992737036
493,6.448689015204424
494,11.57905124108462
495,7.135416135326241
496,18.03372130837124
497,7.4556264557653344
498,7.185532717208903
499,11.45655074454586
500,10.515495671727273
501,6.905506100483741
502,13.530315512564188
503,9.405759864787177
504,8.727370367865513
505,9.727610164068183
506,6.890277384114371
507,8.287124523229982
508,10.297985522934118
509,11.036335028010068
510,7.098009093693827
511,10.441217747203845
512,12.703980263603112
513,7.422254597618455
514,13.91899038082874
515,10.004176979290019
516,15.663363082359417
517,7.0015612203926665
518,10.900633907569889
519,8.040863679415661
520,13.062885396703804
521,16.512369102593254
522,9.741278276759592
523,6.889612285947998
524,6.855822793516378
525,9.810662060913584
526,7.437160193700946
527,11.082159801479879
528,7.19664414800064
529,11.60551572363136
530,9.648616898677734
531,7.606588743799895
532,17.39954611349664
533,11.994220169918055
534,11.02068046229682
535,10.963526747241431
536,6.617562503608375
537,12.374712615692957
538,8.992955695981388
539,7.55138610641869
540,14.000809461118774
541,8.26994542120558
542,13.173471309298261
543,14.75867249718811
544,10.011430333425581
545,7.743178836436653
546,6.0
547,10.086993541384782
548,15.665162702468084
549,15.925209746338034
550,7.933326326358976
551,8.944258161941173
552,10.155089691017949
553,13.543129938538888
554,13.565509942550182
555,12.828606189311545
556,13.035256271390203
557,12.793940748494741
558,10.088576525702116
559,10.226612906045139
560,8.105510202428365
561,10.36461980068009
562,10.929869767106451
563,6.677989065161484
564,8.907582421677729
565,10.315331840514538
566,8.17482248022054
567,11.304182071814399
568,11.009614208858741
569,13.24156002315972
570,11.405618201670704
571,10.88810387984646
572,11.629352839959726
573,14.524017392789624
574,6.401515176555831
575,14.163285170233433
576,11.915788595386884
577,13.89707771470959
578,13.837520470176196
579,13.54138826119453
580,12.591771314844122
581,10.9044254257444
582,9.367111791209654
583,6.678265108340657
584,12.967210882821728
585,7.785319042620163
586,6.452146580809969
587,11.790482458334447
588,6.217328861713206
589,9.175142817509775
590,10.597384280686883
591,7.528405851287545
592,6.540279098003934
593,8.722248222530618
594,11.93929175014333
595,10.25086545622634
596,16.19257754018234
597,8.827049759326982
598,12.508520752006254
599,14.677124736393445
600,9.701218427725246
601,9.526152995911367
602,17.103594161510674
603,11.902232914261381
604,13.805674830971881
605,12.37014548482745
606,14.047767717048202
607,14.94226151167905
608,13.601894183631483
609,14.856358029849622
610,11.439053272413249
611,6.856605772035583
612,7.732883240783375
613,7.590663048348414
614,7.721804463866828
615,11.898506202126095
616,7.628863701166317
617,9.349145363918435
618,6.484277206542761
619,14.039986512900107
620,8.049015388152975
621,8.803629490566559
622,11.328096919891227
623,9.636395420395447
624,15.267034148028404
625,9.439752537562116
626,9.316605276898786
627,10.569836075119603
628,8.119203644238926
629,12.261311976506654
630,12.991710790213967
631,6.644264579731789
632,8.364760491524956
633,11.46449960133759
634,9.170488440850146
635,11.360130373664282
636,18.491470294343177
637,7.485896833773054
638,11.030920118876898
639,13.899924295973117
640,6.351275150721297
641,10.64468600327152
642,14.087620850275036
643,11.156649027967934
644,11.218140185749466
645,8.885931745193842
646,10.203943054773829
647,14.485297640994759
648,10.932870064020696
649,9.294973076645135
650,12.475148134575191
651,6.687427969015388
652,9.102837304770572
653,12.650719945305934
654,8.667723285798527
655,15.954706694488461
656,8.273669255869832
657,11.980770485693183
658,9.443731909344569
659,6.960127365781827
660,8.453656236203596
661,21.316263268458016
662,6.501073681906602
663,11.084689445230664
664,16.433991100971447
665,14.06185062058101
666,8.222062192879733
667,13.519316380855804
668,9.878112520464397
669,7.807809160642921
670,12.583861174926367
671,17.196624368107667
672,12.440968512938129
673,8.290912456432283
674,13.288977515170187
675,10.118486354015232
676,9.016783244983907
677,12.89393194533239
678,11.640393422417473
679,9.69166642573848
680,11.206061912918052
681,9.831175649252616
682,12.50995098665356
683,7.458861950513176
684,10.904034263329063
685,7.94563791247295
686,13.80847906500104
687,6.872287410287479
688,10.58426670896647
689,9.970439235734924
690,10.637433617516876
691,13.295641518424652
692,9.49816261082255
693,6.81977806794452
694,8.794429081422622
695,12.446055000095921
696,10.281180309161204
697,12.245174900374206
698,15.71956495288891
699,12.687378739028935
700,9.838261607428466
701,11.152065676817811
702,13.52748332322152
703,9.682998170572148
704,10.336510051255111
705,10.791632430602942
706,7.0530986228566235
707,7.311545505544039
708,14.539593075387344
709,10.610369658136802
710,6.394785085072101
711,18.63640392022916
712,13.218313126415225
713,7.540136081113614
714,12.873527457191003
715,7.702016282817903
716,6.488996167516886
717,7.299092854302202
718,7.154304624037065
719,14.357324651219546
720,7.551345302192298
721,10.28322546688053
722,14.51863453200613
723,12.706546294411204
724,9.0972673636424
725,16.22340157801081
726,9.14009382900679
727,10.744208029032631
728,9.323517061217466
729,12.910325477383825
730,13.997816545257903
731,6.25999514882362
732,7.1459559964672295
733,7.8472253124215054
734,8.816927735114488
735,8.37414076590229
736,10.058207304464341
737,14.688125023935708
738,12.465173450658096
739,8.922713762133256
740,9.790813750458682
741,17.640168590923913
742,9.414595294280968
743,8.76754652381223
744,16.244865438454795
745,12.87365542897126
746,8.59620405342902
747,6.292690944918531
748,9.181221252093327
749,12.155077016812312
750,10.468322535704818
751,7.829582290412679
752,11.209744481609526
753,7.885348294736895
754,10.418678240485553
755,9.425673999261583
756,12.402335678902496
757,10.605399377510873
758,14.733335813512332
759,13.050150058952367
760,6.665919820546923
761,10.378066677867052
762,12.506675742486749
763,8.493728825855241
764,13.754243901093323
765,8.313765002148491
766,11.997889199970377
767,8.493123930892647
768,10.444944370450608
769,10.033948009144275
770,9.154317348126598
771,7.367954554179128
772,10.9681382546329
773,11.5779223009263
774,14.008562412277016
775,6.571416788610605
776,10.042100104520536
777,11.239799333625335
778,6.0
779,13.47723083466637
780,9.969166332891493
781,14.63198800665541
782,7.679708005884512
783,12.045535639294371
784,6.841468869094492
785,7.771867797610517
786,10.580208144925216
787,7.474175683934064
788,7.484760233037711
789,7.975913934501065
790,12.48514610108534
791,10.24516134707598
792,6.0
793,10.734930513990916
794,11.660621597040885
795,7.2360581811366655
796,7.434222785089509
797,9.823661519561165
798,6.435045533735401
799,6.864592915513908
800,9.899148497802702
801,10.369335246415245
802,12.27367626352896
803,12.757805481018337
804,12.557164989739741
805,9.017028402377328
806,13.787366092401701
807,10.454670517697622
808,13.455170657551502
809,9.041483697778137
810,13.630668050758702
811,10.85278235659111
812,8.01507812978301
813,12.559476286840626
814,14.548150059291563
815,13.901158724597982
816,11.502691809951438
817,8.865399341192893
818,7.725592275450726
819,13.838134991246182
820,14.36792905499883
821,9.512358171265353
822,9.113274690930838
823,16.718248931230537
824,7.325252494157478
825,7.159485584903934
826,9.701459855337902
827,10.02678946445491
828,9.753073557859645
829,7.879990512204663
830,11.519589272185476
831,12.449773178416763
832,11.648537835086064
833,11.13950132667335
834,8.800029036871635
835,12.348362327088866
836,11.14384283572585
837,10.967616672797226
838,17.08832116315913
839,8.864576824375106
840,8.538193498355955
841,10.305245180093427
842,8.224893906997952
843,8.12410356305024
844,8.88185044743278
845,14.272890032173775
846,10.279101402727974
847,7.6822718950540585
848,10.050137447344438
849,7.968530470635798
850,8.510812563001396
851,9.863948839902356
852,8.109434175924937
853,7.904097038917705
854,11.958963054951369
855,13.273143618592472
856,14.308181315349685
857,7.785925072009179
858,14.35415404868925
859,8.136027111052293
860,9.585726303730151
861,6.0
862,10.764257766262546
863,11.521244305934562
864,12.228973626856574
865,8.714696138743019
866,10.74860089034584
867,10.923885258742873
868,11.483987295623267
869,12.548002536734812
870,7.878335881926313
871,15.24287464613012
872,8.508907340019993
873,6.667064810597948
874,12.394229395078042
875,8.050929621503228
876,8.496841021036273
877,11.565973045770525
878,8.743098707638715
879,8.976897963198102
880,9.607032321343354
881,11.898280036774
882,11.484702490626775
883,9.297433162263571
884,13.857725401111194
885,16.810512197785876
886,11.5454834739836
887,8.573179494003954
888,12.67272913350947
889,16.180076465763108
890,8.497461338058452
891,8.644511275543907
892,12.21194876750756
893,12.313150492991179
894,12.81705623920771
895,17.25740447619639
896,9.981768755388236
897,8.63839374231834
898,7.475177641595226
899,8.805115728359805
900,9.32708371765435
901,11.461065138780132
902,12.11318678165721
903,8.222067958897295
904,8.048301434849684
905,11.41322719520992
906,10.923094989855167
907,7.349775897580409
908,8.027595780865145
909,11.684123200906509
910,14.613737273913946
911,11.467760744491128
912,9.259032550410334
913,15.880464564279748
914,12.437611229618184
915,9.513979918490037
916,7.917312671817143
917,6.661304529517479
918,9.263625936237776
919,14.855538123386673
920,7.672277796186453
921,8.245717851386583
922,10.516246740873322
923,9.062538024637975
924,6.308065506372056
925,7.4151547932364235
926,7.563391575720677
927,6.605834973013726
928,7.027658371978281
929,6.927838604431816
930,11.941453005041527
931,7.728188012642281
932,7.3550031060411944
933,16.404400898849705
934,8.722560792528725
935,10.809544478346641
936,10.398113321025725
937,10.400149489176883
938,7.528543002567867
939,7.90517059389751
940,9.415204336305571
941,8.480095384885677
942,9.109415142969192
943,10.124824260971906
944,7.648137940280581
945,14.57850832576268
946,12.289449425185268
947,9.907159957780019
948,9.43692352767712
949,9.092336441541157
950,13.781119631883833
951,11.493400511428161
952,6.645466489584187
953,15.273400551525855
954,11.718579493499156
955,11.729891568229775
956,6.7038451664835295
957,8.968638695193615
958,13.390787009024036
959,13.458612592580648
960,12.579475821607705
961,10.07032194704243
962,12.034356977486354
963,11.315212668534855
964,7.301851395457634
965,15.523238877401894
966,6.869668192628733
967,6.905544240674026
968,7.126504344214807
969,8.699090965434964
970,9.770885932171796
971,11.515673520435715
972,15.180052411836375
973,14.034178332113402
974,13.18314527701649
975,9.990214652949765
976,18.406361235175982
977,9.212745142829593
978,13.77043187128604
979,11.098579956039776
980,12.954009069950708
981,9.583507668330256
982,12.858676451318445
983,15.858640360720646
984,7.556519816934955
985,10.05894248685983
986,8.909348775862465
987,10.109184752729801
988,12.922522427866525
989,8.873947853579347
990,14.685407183333576
991,12.762680631759224
992,8.536996765919916
993,11.862361658033024
994,9.877411859535508
995,6.990343447348141
996,8.160025267867775
997,13.825012032147878
998,13.23387534587314
999,10.160202587129373
1000,6.059856568068011
1001,16.82456088735225
1002,11.117668919297532
1003,12.808011380726349
1004,13.636777669847097
1005,13.45159873625732
1006,17.393409112211966
1007,12.681652783089362
1008,7.715028140712893
1009,13.734198698742151
1010,7.010986904769845
1011,13.866625402425676
1012,10.263439794812061
1013,10.162529161038668
1014,15.79321948171967
1015,10.422632949125271
1016,6.613161800164047
1017,10.39612925927592
1018,12.543775682625562
1019,12.110912605598928
1020,11.36522336172077
1021,8.619790914033851
1022,10.849559418813715
1023,9.486419577206512
1024,10.875542350553568
1025,9.94682191577442
1026,7.533553804694339
1027,8.337733542653803
1028,16.89503654025536
1029,7.761396545437783
1030,10.359753046330253
1031,11.296683652084923
1032,6.980369650448358
1033,9.061051131841662
1034,12.950854636474563
1035,8.141878214763409
1036,7.331216134208209
1037,8.553542775950028
1038,13.242095496958255
1039,8.445557912672582
1040,14.99351275461969
1041,14.990746341348292
1042,11.844096261227229
1043,11.339596782905215
1044,7.420062382288069
1045,8.321168931849565
1046,8.755744230571066
1047,7.6599031899729315
1048,14.215878811649885
1049,17.61561013526508
1050,12.702399904968463
1051,8.486318339145623
1052,14.801291125447097
1053,13.094149824507003
1054,13.845192532097963
1055,14.807192446243869
1056,14.963066734092674
1057,9.493206759038785
1058,12.594174743432806
1059,12.837193935602759
1060,12.612249914264844
1061,15.854689157675553
1062,13.001921350561096
1063,7.1675373786203025
1064,9.0402129394714
1065,8.393105417251519
1066,10.550955300704596
1067,10.43850075612463
1068,12.99628504586574
1069,8.866491965125467
1070,10.729444849579075
1071,12.688719979409704
1072,15.81010619910322
1073,14.465020522684183
1074,11.293307050208426
1075,7.528947728342644
1076,13.383639907398193
1077,9.18749922944178
1078,7.38327571445981
1079,11.084981783212845
1080,17.098322047396973
1081,13.234509374484999
1082,9.094041683942248
1083,13.606933599188512
1084,11.31841996977584
1085,14.17692805194367
1086,9.324619358531708
1087,12.846541214819373
1088,9.648045356850238
1089,14.247885014059054
1090,12.988340339054771
1091,13.248063869789057
1092,7.4021315959866705
1093,7.497571641410644
1094,6.879040816078107
1095,13.601142380027726
1096,10.179877960035103
1097,9.71576032093395
1098,7.2507161626220755
1099,14.317586549721902
1100,17.77466359463284
1101,15.482801705460915
1102,9.564706854097446
1103,14.169799550522093
1104,10.360746962678641
1105,7.073371138440871
1106,15.93737351415065
1107,9.220399308273663
1108,14.0338649090191
1109,13.111279934999928
1110,15.034943708021238
1111,17.82939614749712
1112,13.14109714466991
1113,11.737237836866072
1114,18.547250056070915
1115,14.785311263298468
1116,10.969598583082677
1117,14.76076178625765
1118,12.465965777022141
1119,16.80421762950741
1120,13.828090337409826
1121,8.005154062975699
1122,7.34895946142996
1123,12.071974021123955
1124,13.024041940383961
1125,7.097779270986569
1126,15.826697387659296
1127,17.938329957387694
1128,11.845732658670807
1129,14.435006277886895
1130,14.760913568595877
1131,14.482833399894455
1132,6.709724750096841
1133,15.147296439799476
1134,16.87962800808046
1135,7.468199900097774
1136,13.957600563222535
1137,10.574510718280678
1138,15.436143052113623
1139,10.643969760500969
1140,14.417910578357962
1141,17.28562776908042
1142,11.289550377259525
1143,9.350917279529288
1144,8.60409769136651
1145,18.465297539438495
1146,12.590698356587088
1147,12.129186614852676
1148,14.870637596842696
1149,12.827546657435137
1150,12.23904268393559
1151,6.829383307684716
1152,16.773220423740504
1153,9.481155620125838
1154,10.023217189051206
1155,14.712285259254383
1156,8.071664593244135
1157,7.555225996422978
1158,6.922059182682769
1159,13.098553620095643
1160,12.992905492781428
1161,10.39557302653145
1162,6.735525001768763
1163,6.8659489533594655
1164,6.836440002697106
1165,11.427324379499154
1166,11.922199512686797
1167,21.743138911376036
1168,12.828899456173659
1169,11.913916313262943
1170,10.075052871976972
1171,10.070174523062732
1172,13.374172667118284
1173,7.132147594982419
1174,6.943890506882631
1175,13.6060541399761
1176,16.58789064390404
1177,13.122433619960342
1178,6.816754227759741
1179,7.187222224507075
1180,12.612560158400969
1181,10.643009191952512
1182,9.388105249821844
1183,8.395258710539823
1184,8.55995893469026
1185,14.822064956686194
1186,8.643258578901374
1187,12.079000320809566
1188,14.990742532603315
1189,15.115067899437074
1190,15.074323198808358
1191,12.065156547977278
1192,8.280449543795283
1193,6.595134627682505
1194,10.950010436196495
1195,8.973858081221778
1196,11.129270768024396
1197,10.48547015437385
1198,16.43813694176946
1199,9.39294005881806
1200,10.83508485462601
1201,8.49010135421602
1202,14.999257895118575
1203,15.096550337859881
1204,12.61659305796827
1205,10.758347159128785
1206,13.025571515334704
1207,6.99701344116013
1208,15.44710654013167
1209,11.713876379640258
1210,10.035814271252512
1211,13.244651619494478
1212,9.970275414585243
1213,15.817061168031941
1214,8.596816162168729
1215,7.290626718159448
1216,8.992994123175164
1217,17.112457860735773
1218,9.764594916801464
1219,8.024155939039687
1220,9.80618703087722
1221,16.5286967657156
1222,16.99887775583972
1223,8.699644844754644
1224,9.173007400793564
1225,9.332389234911902
1226,13.383979511856438
1227,11.063002950718587
1228,13.68862184904576
1229,9.41911319340525
1230,12.255911870216732
1231,18.330063524169717
1232,7.305065597976548
1233,12.68779525842042
1234,8.238394204495098
1235,15.294022960634923
1236,11.596767455667212
1237,8.813855406199142
1238,11.445303167511705
1239,6.10099959408537
1240,8.43178011473636
1241,6.90155104378627
1242,11.843392112827694
1243,16.010657107221288
1244,15.271954395693825
1245,15.78359342094581
1246,18.75584899469212
1247,13.724530109878398
1248,7.30985452344828
1249,7.289991830897696
1250,13.07210788769106
1251,11.120485889718253
1252,15.467192879600656
1253,6.445546305477855
1254,13.440316597907586
1255,13.094285849319107
1256,12.178625288426101
1257,9.813427231395243
1258,13.913272492826017
1259,7.625168327188248
1260,8.439740962336733
1261,9.239747132674426
1262,11.337612753475863
1263,12.555226129822023
1264,13.603596801116222
1265,9.683950078527486
1266,13.755924394521713
1267,14.980643852312385
1268,18.89525449915071
1269,11.827955202281064
1270,11.355440333919203
1271,10.38693766493002
1272,10.867567247302151
1273,15.928979283135526
1274,7.723427394451223
1275,16.458372987549016
1276,15.52545977522763
1277,7.827240777139844
1278,14.821118840544012
1279,12.887215106489695
1280,11.37003778388195
1281,7.847536497922414
1282,13.501101840022578
1283,16.739642815403073
1284,6.367011331825016
1285,9.756686585612844
1286,6.191204588941973
1287,9.314383447767533
1288,8.956332452812344
1289,7.643784414588639
1290,11.307058525595458
1291,14.504875358793456
1292,16.99363352081313
1293,6.603379644525461
1294,13.686487701811778
1295,16.734732423683795
1296,15.253437130640682
1297,6.695892031910363
1298,12.35938410756668
1299,13.49541957833025
1300,17.703572379972968
1301,7.815378074244331
1302,11.494886232053757
1303,12.412764672685931
1304,10.665062860648845
1305,11.041794242867448
1306,12.877030089101464
1307,9.13968944432916
1308,9.676890230942961
1309,10.336635735282812
1310,16.251715900785474
1311,9.620463778601442
1312,9.929147143799344
1313,6.141348408406617
1314,7.794572473366278
1315,10.95545460682971
1316,12.893516125421348
1317,8.397266076347657
1318,10.37364407025935
1319,11.379721070726838
1320,13.414326531367909
1321,15.737641252153304
1322,10.64237327130151
1323,7.513809643061391
1324,19.216610303037555
1325,12.30706690338301
1326,9.654224176024965
1327,14.116473639097425
1328,14.014266627038108
1329,11.987640418442588
1330,13.1843920307012
1331,7.284771907559046
1332,11.334448258525756
1333,11.564885371051176
1334,13.523106639013672
1335,13.006662535770577
1336,11.592401661093113
1337,9.124897400433245
1338,9.073102153277523
1339,12.722803466128948
1340,11.78705602500685
1341,16.57477037286622
1342,11.223660375327611
1343,10.063876627724529
1344,8.662939502666644
1345,14.41011328635393
1346,11.401357843030445
1347,9.473570346219228
1348,9.464161451743275
1349,12.177010627752786
1350,6.916801769005442
1351,14.356181401520434
1352,9.862221044775241
1353,9.753341601831787
1354,14.17404931238319
1355,11.78249530735647
1356,13.798163081785802
1357,7.280152506841258
1358,13.520391407764633
1359,16.511614579139817
1360,11.199200959792961
1361,10.412145171034828
1362,12.042463884335962
1363,12.839192994803163
1364,8.075667598776363
1365,15.404120830141249
1366,9.689753502566989
1367,14.418656672757631
1368,9.63084020349881
1369,15.901556068199381
1370,16.83907456871677
1371,13.63948397910879
1372,11.601269773340004
1373,10.12608942877726
1374,12.456589678004699
1375,7.675810249926848
1376,13.944822085672726
1377,18.73635029198372
1378,16.74897024300451
1379,11.567788505938832
1380,16.07719492524611
1381,10.088348052526044
1382,12.690447595120169
1383,17.246352135244628
1384,12.537384604843442
1385,12.842247391503307
1386,13.543380334899286
1387,20.35796961905559
1388,9.845330247733244
1389,11.306431150494703
1390,9.41360935014626
1391,16.267940546885782
1392,13.399798239929257
1393,10.557309585058114
1394,9.642199317850984
1395,16.58517763655533
1396,19.76273893566211
1397,11.271192531326301
1398,10.910921808209245
1399,19.339199990136773
1400,10.665317128784036
1401,11.188810134119516
1402,15.925109618874979
1403,12.320960195603565
1404,11.815606242203035
1405,14.340821295328706
1406,6.809067651223948
1407,12.454193473841224
1408,17.192289968894134
1409,9.156847346403552
1410,16.916933017396904
1411,11.906516717638794
1412,11.949858546163465
1413,14.188238889876496
1414,12.54524328076967
1415,12.5770053145695
1416,12.99102114562916
1417,14.013472421668117
1418,7.62635418400409
1419,9.120579374763908
1420,15.713545117490263
1421,11.025571481095337
1422,13.484543289340799
1423,19.533685373825573
1424,6.719096569737044
1425,16.60656230277251
1426,11.6756020741973
1427,9.441038999222
1428,19.663610100312564
1429,17.4977508498523
1430,11.725488575519243
1431,16.783218320584375
1432,10.550271549636486
1433,10.846625622921298
1434,6.531746708581224
1435,18.984374593939833
1436,8.942248912977673
1437,12.455961270818126
1438,16.274281101359254
1439,14.015866813873021
1440,10.385644719535867
1441,6.540145803366581
1442,9.025603718649283
1443,10.169783164979757
1444,7.263264851876708
1445,13.662490632512217
1446,12.979161678352465
1447,6.236269182318814
1448,13.872678996377745
1449,7.793208440745406
1450,13.300513859316574
1451,11.404182512963642
1452,14.555849743510565
1453,13.056269886094482
1454,14.886111104798537
1455,11.63406924460047
1456,15.095630776796739
1457,11.184922754722711
1458,15.30073693225733
1459,7.5100855446936645
1460,13.19761819854314
1461,15.8652454016983
1462,13.350674104516475
1463,15.959645381998534
1464,16.340178966054324
1465,13.645024049459085
1466,14.027691575256135
1467,8.957380556056611
1468,15.12665831912462
1469,9.233612350394628
1470,15.046109783384605
1471,7.035400177925076
1472,18.44840021467934
1473,9.687154742095737
1474,10.130583358028174
1475,12.228965188104064
1476,14.568863050499404
1477,15.509938693428188
1478,8.917410708357695
1479,10.216091364486873
1480,10.482840544892506
1481,16.274130667742508
1482,12.928020641149265
1483,14.874555363735077
1484,8.73940535423328
1485,10.427525137918911
1486,10.222856496108298
1487,20.894668018214745
1488,12.841073116637627
1489,13.48165334966616
1490,11.535643425243421
1491,14.339051978954767
1492,13.71663058842464
1493,12.920575869874744
1494,11.231561149086392
1495,9.04661698045907
1496,10.81503885881426
1497,13.282469158077314
1498,16.761874289102295
1499,15.186511735963835
1500,16.94007452494663
1501,10.252094285474671
1502,10.880240358734724
1503,12.939019870524096
1504,11.686784551527994
1505,16.709840353825093
1506,15.382481623592327
1507,11.227159889083682
1508,10.6748203227899
1509,10.532186040114773
1510,8.337133890461573
1511,11.96035000973919
1512,9.217217861169926
1513,14.42887375562436
1514,15.613909252767627
1515,15.120320517258639
1516,15.682855313830498
1517,14.372333317479578
1518,12.777589268513783
1519,13.500483496217361
1520,13.070803368880348
1521,15.810914262626891
1522,11.214309962654552
1523,13.862574768259819
1524,9.016667250299768
1525,14.930687590588867
1526,9.83070580688236
1527,13.996833623006394
1528,12.36381424970342
1529,11.501820543621905
1530,8.512066354398932
1531,15.054819869764026
1532,7.464340188319748
1533,10.198818426950044
1534,9.361948993458023
1535,14.137358982330149
1536,9.703715675569038
1537,9.11248244885076
1538,17.096253965240468
1539,11.577976300524497
1540,15.82946227216326
1541,12.263832272018771
1542,14.842234531848481
1543,12.024025344025318
1544,12.958770184347445
1545,10.32128483489187
1546,11.826931841826946
1547,7.436960389642107
1548,16.446244539585795
1549,9.011875792544583
1550,11.928014884574194
1551,9.568647850963789
1552,12.430505044017291
1553,13.310094720194432
1554,20.131106608656438
1555,8.794953409651045
1556,9.274157701135087
1557,13.46793302637268
1558,7.2258052752679065
1559,14.411115938795202
1560,10.327216753121714
1561,9.77675924814848
1562,13.069350693765907
1563,12.79322364636188
1564,9.825812994140954
1565,14.203661044593762
1566,7.379866784308815
1567,10.276033199992915
1568,11.367295077490466
1569,12.766828312347819
1570,13.939073787698714
1571,12.546217300079114
1572,13.308929060841153
1573,10.189546863907722
1574,11.93727649307407
1575,6.226591193843578
1576,8.796519684212946
1577,15.062767121280284
1578,9.575418238054992
1579,12.41694640003371
1580,7.2235984120230325
1581,16.13863439595937
1582,11.821611753074375
1583,7.784852022516329
1584,17.680398503281626
1585,6.816710285522301
1586,10.348522880122239
1587,18.35563194791045
1588,14.521742540715117
1589,15.29346445617923
1590,16.48805673221863
1591,10.661084148028525
1592,17.078742898477106
1593,7.915621666090829
1594,13.36872020121292
1595,12.219892489680548
1596,9.461193601792266
1597,10.487112105362627
1598,9.41425869749057
1599,12.38302121360163
1600,16.941453180214733
1601,7.033120066659218
1602,12.811937138746249
1603,19.74069243335453
1604,10.254649901035451
1605,10.195009017735053
1606,18.164386308382806
1607,9.960379780807003
1608,9.588349425086506
1609,8.998011315326593
1610,14.63595372060872
1611,7.181980957087028
1612,14.086157524290268
1613,10.312456422955567
1614,10.208343928544641
1615,13.045385849085338
1616,8.089304034736017
1617,9.52897751572288
1618,12.231101953532441
1619,7.597458861193046
1620,6.708587689730113
1621,7.137720882820416
1622,9.289134548239904
1623,14.904687958266262
1624,16.639459427081974
1625,6.3656361487491075
1626,11.106395407262962
1627,9.831992526076304
1628,15.197914117385892
1629,10.194064896907173
1630,16.47377146211334
1631,13.427378041312764
1632,12.75428589944073
1633,6.298481059002864
1634,6.65285221780699
1635,11.236816136790434
1636,7.483773001380331
1637,9.613167956242927
1638,7.196668179302495
1639,14.264854539808436
1640,17.72537493824459
1641,9.461521018772908
1642,10.002305034827367
1643,6.933124353853664
1644,13.675552360083973
1645,9.16828858041221
1646,9.99857567650973
1647,12.312206248747115
1648,14.600182781222749
1649,19.66926657802487
1650,11.550752838814825
1651,7.476683672757582
1652,12.455676522261964
1653,6.868786718470479
1654,11.437392706388533
1655,14.68236194686575
1656,9.868925559204357
1657,7.394276824450618
1658,10.899253614440521
1659,8.329632054100195
1660,13.080535342967499
1661,7.677295778315695
1662,9.484653488695328
1663,16.987814041610743
1664,11.651669358983611
1665,9.398629347757577
1666,14.441687048611918
1667,14.944595199949607
1668,15.79327194245897
1669,10.049060975619636
1670,11.359518165066508
1671,8.66307962418988
1672,9.668927945968122
1673,8.122793323241655
1674,11.40935854323409
1675,8.247525218057477
1676,8.610561820295434
1677,9.831382567919428
1678,8.79160173545776
1679,8.391544420792869
1680,13.212278266307916
1681,8.287991680269553
1682,10.236397503429384
1683,12.815564642481029
1684,14.698523412838792
1685,13.341693179642796
1686,12.007554075872426
1687,6.1367723222090635
1688,11.069043416820383
1689,9.991857089992141
1690,19.08877263754662
1691,13.305198760251628
1692,10.580860637473139
1693,13.699131361174471
1694,19.51055570159817
1695,12.564271841227974
1696,8.386809729658234
1697,16.53221315048356
1698,9.014285065405236
1699,11.015035061226108
1700,8.36896843619191
1701,10.095753660609953
1702,9.34982802014323
1703,12.788881549492412
1704,16.31137853520253
1705,15.22273917661463
1706,14.631456135629662
1707,14.412817437115665
1708,12.92161430257385
1709,7.780792976600276
1710,9.443135525498631
1711,15.609434471610909
1712,9.1252720340837
1713,9.830745053160026
1714,9.28343699298369
1715,12.287213284409997
1716,14.092512983523493
1717,14.075919002972242
1718,11.064096869909651
1719,9.414394599516664
1720,19.265791838088944
1721,10.505674204636932
1722,11.010439260846258
1723,11.986180988915505
1724,8.873109105760113
1725,19.191577279668305
1726,14.316581961795233
1727,11.043699916625984
1728,19.438857275935913
1729,11.179682255627267
1730,8.222627239064861
1731,9.250522046100834
1732,18.654359107023662
1733,15.002995633129284
1734,10.995301686148732
1735,10.380251822485867
1736,11.658882076649366
1737,11.525185633595978
1738,17.58148649160425
1739,10.073178946489524
1740,9.553559757923844
1741,16.197066523519137
1742,6.453699732434863
1743,10.204109302681248
1744,10.241800936598862
1745,18.77957876157738
1746,12.475146493937594
1747,7.020615554198637
1748,10.215071353454327
1749,10.094255082067658
1750,17.817976049509156
1751,10.949555791418039
1752,7.729163975687877
1753,19.40888603605849
1754,11.673041851399214
1755,19.414068058497005
1756,14.53474277068759
1757,10.230599679167952
1758,12.916580094685473
1759,12.561393988215276
1760,12.08894045442451
1761,11.52087371094418
1762,12.630537930018205
1763,7.60808755301144
1764,16.084666968665744
1765,8.840783863828868
1766,16.951422599858947
1767,7.174467684910045
1768,16.34308593498133
1769,13.178958254052898
1770,19.274744041635095
1771,16.007586818034525
1772,7.367730798521469
1773,11.392779870587812
1774,8.502591401538197
1775,13.925559903704023
1776,9.408018084919819
1777,12.445023490368518
1778,8.675077536227343
1779,14.65111502459425
1780,10.547941920368945
1781,6.459198980225327
1782,6.927966139677913
1783,10.095219745581296
1784,13.39604917148853
1785,7.634509116764681
1786,7.713941602532402
1787,10.5995218905298
1788,12.107443658099044
1789,12.280961990248933
1790,8.095400480355144
1791,10.89810339641911
1792,12.61460683185632
1793,13.16835158253958
1794,16.87482549890673
1795,8.816545166417013
1796,6.404338502745439
1797,10.18727828447086
1798,8.16882219315742
1799,12.274373222119788
1800,12.24065088978059
1801,15.204767454365031
1802,15.062642366477316
1803,7.371636553074398
1804,9.66616960884398
1805,15.072142930401073
1806,7.010392645608624
1807,11.768927870656395
1808,13.434951124279142
1809,12.238238801607906
1810,7.994053500575409
1811,11.001477052482961
1812,8.148457859986369
1813,7.041980016802025
1814,16.475908543293272
1815,15.151600128988575
1816,16.14222230916926
1817,12.152124072409382
1818,10.850137221490755
1819,17.662201659030146
1820,15.12654409372671
1821,12.12306986016763
1822,9.34731377160754
1823,12.58888733888497
1824,15.725872322727668
1825,11.73486819489039
1826,13.23567425973669
1827,11.903013674497068
1828,12.136094492077582
1829,9.981647149748195
1830,10.003644649096037
1831,12.368403840362518
1832,7.25839690287239
1833,10.004104378066936
1834,6.79517887495501
1835,7.601976291161496
1836,7.1281578384126
1837,9.435744562644507
1838,8.544436430355955
1839,8.06696980027472
1840,16.699802881588543
1841,9.15305313888979
1842,11.432353394099387
1843,16.625803284956618
1844,13.744388566073978
1845,8.894817384026162
1846,13.34283311637516
1847,6.635509574192291
1848,8.714219531628027
1849,12.766179392527807
1850,8.455911782356859
1851,8.69855039566952
1852,6.400703220833224
1853,13.90436336374651
1854,13.399632973308151
1855,18.034096568983053
1856,9.718111736348991
1857,9.692862860422924
1858,9.398461246536943
1859,6.0
1860,8.752295502674277
1861,11.218827743698544
1862,14.426497245730298
1863,10.183457855246544
1864,18.059439268468136
1865,11.472355886494913
1866,10.699525930948484
1867,10.34890683987313
1868,15.263021454640299
1869,15.12698811633063
1870,11.18678264701353
1871,10.457818266797549
1872,10.303755964413826
1873,6.840438850954717
1874,11.375455097872878
1875,8.766468047288908
1876,16.025337767833097
1877,8.783852855902204
1878,9.13688634651472
1879,6.506332987943651
1880,7.981190562084242
1881,6.857847511509163
1882,12.982839240134327
1883,13.01812765542931
1884,12.714547478093941
1885,16.035785502923403
1886,8.5706491496167
1887,19.702204017454367
1888,10.02995571198721
1889,8.708706639524515
1890,12.983305450577742
1891,12.131135672056715
1892,10.96547038281347
1893,18.96081221313928
1894,8.547305545942468
1895,9.017579523240462
1896,11.629057082291306
1897,12.834196475586698
1898,18.84270278705327
1899,11.68562148404141
1900,11.002307500337917
1901,13.031608219877294
1902,7.896404253689335
1903,9.085459213584624
1904,12.54020949824206
1905,11.86057872681917
1906,14.629774710660111
1907,14.427604221014299
1908,11.872722062894791
1909,8.981585145197549
1910,12.267898499872693
1911,9.95366763521277
1912,19.099472463756037
1913,15.631194511122182
1914,13.310331815451175
1915,12.06490596743934
1916,11.219203757951053
1917,7.723712348844375
1918,15.24625541643254
1919,12.381166593916443
1920,10.54875564765745
1921,8.290437167739075
1922,8.586405442258831
1923,10.540346726244236
1924,13.590162268862203
1925,10.47060973250494
1926,11.724639698329002
1927,6.812977388090812
1928,13.113673978317388
1929,8.011482916614714
1930,8.15772280570055
1931,10.770443675227627
1932,6.972966217552108
1933,15.944179229489766
1934,13.811726683044057
1935,16.019893809104236
1936,13.935397409415707
1937,15.592147161108795
1938,15.174970575298977
1939,11.00072505249362
1940,14.067284414962732
1941,10.836719273976163
1942,9.770129007120802
1943,10.200933002415999
1944,10.323961390188948
1945,6.441496479586329
1946,12.90481679927734
1947,12.621298400843049
1948,8.991440885756774
1949,6.24419499519279
1950,8.367086387225317
1951,13.795236818360856
1952,10.19220519903385
1953,13.533770447629328
1954,8.393099864343144
1955,8.464093955734187
1956,9.869056941039334
1957,9.847989346751335
1958,11.270626587810252
1959,11.620612464331558
1960,7.367048969365674
1961,9.464674100582181
1962,12.030027977111544
1963,19.364103857609486
1964,7.51684970753598
1965,12.214689055255658
1966,10.104223137843972
1967,13.653814582529588
1968,11.055707491946864
1969,6.405576764472391
1970,8.147441552107246
1971,12.6061885129829
1972,15.48884051417378
1973,14.034879643690724
1974,12.377799973546825
1975,11.095771940298349
1976,11.637817519332971
1977,11.300541511468879
1978,11.632846232556364
1979,10.877107680552296
1980,13.23668674830897
1981,11.861755661259318
1982,12.49444595977727
1983,8.409268321827803
1984,13.711801169876477
1985,7.376558290245712
1986,7.048823972145162
1987,11.496296024241973
1988,7.98955200202594
1989,11.105953188364403
1990,13.750025011253534
1991,8.486790937834012
1992,11.253626071287426
1993,12.45859966741115
1994,8.761306841390237
1995,16.44586069156031
1996,10.429713827544816
1997,10.945103687772221
1998,10.671815284966994
1999,12.951406220366781
2000,14.462922910935118
2001,16.656498838817896
2002,9.551928357859968
2003,11.329789579636103
2004,13.85279917887868
2005,7.446687464147121
2006,9.933175513111578
2007,10.911248911447665
2008,16.96416086239233
2009,18.526200609908006
2010,10.26280097757265
2011,18.22841654119446
2012,9.809448042852019
2013,12.591094150960318
2014,7.555461139031325
2015,12.594188551615778
2016,16.530917616537117
2017,6.509323825041294
2018,12.658800540858145
2019,8.398419445104231
2020,10.61893266415307
2021,6.754654693729107
2022,9.516002376985849
2023,17.708564600390204
2024,12.676859795108129
2025,11.638788668882706
2026,13.671501024307588
2027,12.66843111453619
2028,15.446727144690085
2029,12.356664384088564
2030,10.010846662331117
2031,12.321908436541971
2032,13.672189610671369
2033,9.085598982397087
2034,17.135014341004656
2035,15.130131250810123
2036,10.344715875428854
2037,16.70643682411032
2038,8.53067317095182
2039,14.940238604525659
2040,12.874303535462143
2041,11.447441951416659
2042,14.552640848594654
2043,15.101175997287669
2044,16.480633851933394
2045,12.200333302351972
2046,7.904955491629107
2047,8.6606513071711
2048,7.733137191302473
2049,12.95795226139891
2050,10.810258473144081
2051,16.52955383121231
2052,15.2912111889574
2053,17.352779146491688
2054,14.801194192200997
2055,20.0321555066307
2056,15.62581735236034
2057,15.261873402147462
2058,6.790194611271907
2059,18.193560450710443
2060,6.447830318678743
2061,11.195022613887708
2062,13.167650225236637
2063,13.06197665714589
2064,10.501956178294314
2065,6.384818885084915
2066,13.585985900488456
2067,11.017290323210645
2068,18.828505355909403
2069,8.105929952709442
2070,10.789284273465878
2071,8.271646802533798
2072,10.83064637461181
2073,15.202546065965919
2074,15.223806802000192
2075,6.2657825260678095
2076,11.679105781956896
2077,13.699429216288788
2078,17.71891876691513
2079,16.747957476762934
2080,17.825615631801377
2081,13.538601317788428
2082,14.225872630162907
2083,15.167989368673501
2084,9.213524736529736
2085,11.625940929903415
2086,13.485612513509265
2087,9.02276093354493
2088,9.005997857334535
2089,14.723982602096292
2090,7.635412946219728
2091,12.544259841838956
2092,11.756214546553306
2093,13.453583311416297
2094,9.333715939411299
2095,13.278924379918983
2096,14.968387262344642
2097,17.029494271964527
2098,16.53226279768313
2099,6.372965043271175
2100,19.14241226765521
2101,14.027767045207632
2102,10.98166733003265
2103,14.066805900234584
2104,11.63427847626557
2105,13.449894175770648
2106,15.057042591110754
2107,18.985986057876932
2108,16.664657132396208
2109,18.329024943382258
2110,9.149738831233263
2111,8.702812509684852
2112,15.081053820704472
2113,14.687695606479089
2114,13.115304591267236
2115,10.256831705383256
2116,8.078321573353104
2117,16.24137227544011
2118,11.848151253402477
2119,6.612519816252534
2120,11.941060703969448
2121,8.322431008836556
2122,14.810180324880752
2123,17.39933639524572
2124,16.744111966012344
2125,16.50858378624859
2126,14.551972992216232
2127,6.570045672562868
2128,14.072351335225665
2129,12.90147033365951
2130,8.560396487062068
2131,7.60526267123395
2132,12.89251761569079
2133,14.19192253487154
2134,6.443182678527938
2135,6.487659660739665
2136,10.054684798368658
2137,6.414818961011324
2138,9.01760237876477
2139,9.789683718720294
2140,14.137844318241042
2141,13.470322647506674
2142,7.11730664283739
2143,13.048943611890227
2144,14.410553472557606
2145,10.968407397237819
2146,10.271758950655084
2147,14.8741211344892
2148,13.368224628734978
2149,8.15647803724857
2150,10.71754613079827
2151,14.415023399583788
2152,6.467080540266756
2153,8.158088536182772
2154,6.351375011321937
2155,15.62179493888738
2156,7.484624043190788
2157,13.713316220327169
2158,7.475855695545151
2159,8.379638951619334
2160,12.446255244064194
2161,7.557946429217186
2162,15.181263345355573
2163,8.191197429904134
2164,10.832057626169025
2165,14.878957470968059
2166,11.42307252695031
2167,8.293082814608395
2168,17.566804763902987
2169,12.92207242215252
2170,10.400380067121151
2171,16.946735338800064
2172,8.758781342633284
2173,11.887243344351937
2174,14.646919045995777
2175,9.153497721044783
2176,9.407759612794363
2177,11.002755509363947
2178,11.891175996171707
2179,7.851835662142379
2180,16.481966299005812
2181,9.045300336866868
2182,18.036054739467602
2183,13.059019025780643
2184,12.611796172846423
2185,16.524379484676654
2186,6.725782111112205
2187,15.254259594861814
2188,8.436228381153995
2189,8.169708610077615
2190,10.452704642901299
2191,8.138739373338332
2192,13.518262272513109
2193,10.815610511950936
2194,12.14295055150517
2195,15.791004709985604
2196,12.78170553161408
2197,7.385354052521113
2198,9.12247653658941
2199,12.93255788122056
2200,6.965678914670287
2201,17.302147115678668
2202,13.28400922549915
2203,11.257832972663788
2204,7.19485716633457
2205,14.881313365787777
2206,12.18893360953273
2207,17.304210740793863
2208,8.31511681511812
2209,9.56347270167094
2210,8.639396255172164
2211,7.890098127522091
2212,8.681865820969605
2213,8.48167572563939
2214,13.001237364560808
2215,11.063498893507749
2216,8.644927952939277
2217,13.031732300552756
2218,11.425494818989563
2219,15.722911080773427
2220,11.719012277939177
2221,9.350608604650791
2222,8.629133019023175
2223,14.041036519369278
2224,9.01048018444376
2225,6.5149854572742285
2226,6.0
2227,15.313503741577316
2228,19.92132376456915
2229,16.125346612021904
2230,7.295547837944106
2231,8.07997996388142
2232,9.394155642074306
2233,16.645194216142556
2234,6.92659526105519
2235,17.7605769945795
2236,7.766226430370308
2237,15.409777652010252
2238,13.15161405811636
2239,7.035149965378288
2240,9.75544808852584
2241,14.398270682948267
2242,13.606971188133413
2243,10.272771316543974
2244,17.705215706270568
2245,19.091492793290584
2246,8.762922789938429
2247,14.50688921985845
2248,15.625928620971985
2249,19.38052731363579
2250,14.279779947534623
2251,11.700230441452101
2252,14.08014717189667
2253,10.898399032739988
2254,9.02302222156943
2255,14.97011994262406
2256,14.261006296802453
2257,18.77676709404022
2258,8.651904457539166
2259,16.43856668711427
2260,14.881749091764531
2261,9.215975820032563
2262,14.856529396237885
2263,12.424942939889426
2264,16.852164950439942
2265,6.513329409103994
2266,16.914922212445447
2267,13.894783497958525
2268,15.633004243768365
2269,10.735436320124734
2270,15.708395060780546
2271,13.197411501641058
2272,9.469816231911313
2273,17.960635518843848
2274,15.865476387590952
2275,16.381944365618146
2276,12.211995517522128
2277,10.67903802366337
2278,12.391118284339631
2279,14.012690487763502
2280,12.469942373304889
2281,9.369127394250526
2282,11.93491992327614
2283,12.954535279714808
2284,12.119449797909173
2285,8.486131047574165
2286,11.834754155650414
2287,18.325451913538753
2288,10.430105445178452
2289,12.592643389189696
2290,13.591845339332167
2291,7.179866720485338
2292,10.373632422430948
2293,11.172336622109665
2294,11.04999207124704
2295,10.398799768224475
2296,12.805160460867265
2297,13.898055900276152
2298,14.684170015109629
2299,9.486536625298315
2300,13.281395604163716
2301,6.946228376061827
2302,12.469818261985232
2303,12.75007391799265
2304,7.545713012589126
2305,10.749462994708786
2306,11.640802303694924
2307,16.494177536358954
2308,10.138648712858135
2309,8.452765209678772
2310,11.294918196253244
2311,14.238820246141461
2312,9.101179102442646
2313,10.452086742859134
2314,14.690217236857698
2315,15.014420809251023
2316,13.411483692612777
2317,13.707252469920054
2318,11.900310022721973
2319,18.60977637034957
2320,13.690864166901246
2321,13.930858506136158
2322,8.389997064857468
2323,12.85610596717475
2324,12.425882287512824
2325,14.79645620750298
2326,10.760216854378092
2327,13.000981442371842
2328,13.917397883752237
2329,12.581876317006058
2330,15.102393775685341
2331,11.606933601505729
2332,12.362534551143277
2333,12.07878176677337
2334,10.58672565232488
2335,9.74523125680286
2336,15.16169280729972
2337,14.414431712263752
2338,14.534651496146994
2339,13.493683482732752
2340,8.815019946793539
2341,11.78983712575214
2342,11.116627718755785
2343,11.307856432368803
2344,12.334947300836173
2345,12.406232646267792
2346,8.964692059678164
2347,10.363382294987177
2348,8.7579902981058
2349,14.334699701668127
2350,13.604328189686749
2351,11.236771406691632
2352,10.249944088187931
2353,16.540371324947635
2354,14.889227867652261
2355,15.976310159604175
2356,13.148880449764345
2357,9.412010141958309
2358,13.87266928921371
2359,8.77976299611241
2360,8.567448015432822
2361,9.69032470992346
2362,7.412462060851094
2363,12.35338855561594
2364,14.36210088239204
2365,7.987386533847235
2366,14.061888717352746
2367,12.858793022575487
2368,9.90369922653502
2369,16.64956867315035
2370,9.90764924483562
2371,10.10895494773583
2372,16.961234453642657
2373,11.496320036650642
2374,11.74916079458795
2375,6.897521254389701
2376,20.225414979590386
2377,11.655843168841482
2378,14.30453947349945
2379,7.21018633731917
2380,7.087131539117872
2381,12.126930981764662
2382,8.326127778127775
2383,13.971076155158867
2384,17.028491730912933
2385,11.520921154172601
2386,12.749680231981834
2387,10.671606655226087
2388,12.441637557547299
2389,13.047422145030714
2390,18.742495491800167
2391,16.946941714257438
2392,7.234677054057672
2393,16.963282524665782
2394,13.029947615282389
2395,9.857018727445562
2396,10.689397697186171
2397,11.380896976828582
2398,17.99240119100734
2399,11.155196136439685
2400,10.401143348731326
2401,9.209035958476184
2402,18.719192504615528
2403,15.399161603430187
2404,7.41972516080058
2405,14.557140527927704
2406,19.355407622387112
2407,13.875451393097219
2408,12.945228457650085
2409,7.326751098907254
2410,16.978328009982935
2411,8.013329688551574
2412,12.01263118990797
2413,7.6468160506250715
2414,8.36197961624979
2415,13.555196318305669
2416,15.182031132229755
2417,14.612348724767758
2418,10.087648845908618
2419,11.210256477274381
2420,14.188041999926904
2421,14.704319117236455
2422,16.495091156972574
2423,6.738998483704708
2424,7.683783011929945
2425,9.375159547246525
2426,12.683015722482807
2427,11.136569992009877
2428,11.193016042242348
2429,14.911452465463416
2430,9.710450402957147
2431,17.108412176078307
2432,13.231741774270743
2433,19.973315736389747
2434,13.642632436676752
2435,8.33094786859141
2436,16.010283599754406
2437,8.859964329003626
2438,10.740162885879997
2439,17.410448753949833
2440,9.830593232363958
2441,7.255034031189747
2442,12.575494538758585
2443,10.295037299128218
2444,12.611665278550893
2445,13.573016323505954
2446,7.660973392516409
2447,14.176051469315132
2448,6.678130520962654
2449,15.638091087809379
2450,10.865831555951658
2451,15.744236646539694
2452,12.383980207859658
2453,13.107449768200134
2454,10.833878809472267
2455,7.276721909986415
2456,12.31293497395107
2457,14.623492568431555
2458,13.371944258688483
2459,16.09277365053186
2460,15.79646995791282
2461,16.162140974899515
2462,12.109997606346315
2463,10.900071987732025
2464,14.707377495622763
2465,9.8297451125705
2466,14.094645655088991
2467,14.290286536855222
2468,9.784295936499948
2469,11.078297679997602
2470,16.990176279314976
2471,6.861767905862834
2472,13.68801268156539
2473,12.896638881864153
2474,10.028652634328681
2475,13.52264881185773
2476,7.6913466632137535
2477,10.958935948220205
2478,9.694932706929315
2479,12.869376068653128
2480,13.148850072408328
2481,17.603680908393272
2482,10.9154588445326
2483,15.317892153957752
2484,9.276062136677513
2485,16.981377988100945
2486,14.833201536573672
2487,12.875540034977684
2488,13.423467617663505
2489,12.797636640052648
2490,9.184851273186611
2491,10.177157948361206
2492,8.042540385195897
2493,7.21793304688979
2494,12.017376879383406
2495,9.304993748486908
2496,12.399341353778594
2497,12.689075397653836
2498,9.011474434611339
2499,11.566177657311254
2500,15.496788960202938
2501,14.490497035246747
2502,17.592617712759157
2503,14.538986554499111
2504,8.976766664954873
2505,10.828647862538444
2506,13.220800614592545
2507,11.284337337592483
2508,12.479714075317867
2509,13.701756714634438
2510,15.013736231507798
2511,9.322188558923491
2512,12.642113854995094
2513,8.076415957463515
2514,10.533854415401533
2515,9.380579975782924
2516,19.502423413314446
2517,13.193245402629701
2518,19.020052979759555
2519,19.674677760027798
2520,11.164770739350619
2521,14.515677873007345
2522,14.448584137771729
2523,13.416564523217872
2524,6.947582246353627
2525,9.206475483664175
2526,13.161370657841486
2527,9.854833137135731
2528,14.985078778420467
2529,10.096562566991382
2530,12.65796279475661
2531,6.948413586152995
2532,12.83891723494418
2533,10.514434134793984
2534,13.511309964626244
2535,12.785517650039548
2536,9.821086650969775
2537,7.833038049073732
2538,11.392556409081955
2539,12.077781450444682
2540,11.147298853719995
2541,10.400255169924403
2542,12.563620596564876
2543,12.545653039959152
2544,8.743088027353366
2545,12.548591745305648
2546,12.638532447767194
2547,7.463702521390071
2548,11.759807700783027
2549,15.710768426497781
2550,11.416755189724524
2551,16.743468701758857
2552,11.746818013914382
2553,15.24088912087591
2554,7.112979006340655
2555,9.727280449759869
2556,8.86675451045773
2557,15.80108283695851
2558,9.944010804260119
2559,13.34962264902551
2560,8.884619104491662
2561,7.932081716712005
2562,6.285433577909727
2563,8.962708695095884
2564,13.845548425863324
2565,6.51607230676095
2566,9.755954607237788
2567,14.981454294246037
2568,10.01069427482016
2569,7.642590450581459
2570,14.923292491410256
2571,15.472802392391438
2572,9.744463192390658
2573,9.29531730651241
2574,12.206913716847703
2575,10.624887680131401
2576,7.570516374290286
2577,13.315436538788301
2578,12.773318960110508
2579,10.472043217175568
2580,8.37952433652545
2581,11.538961369633089
2582,12.283244129283268
2583,10.174418901024493
2584,12.092544112903322
2585,18.44275384452242
2586,7.693557828939096
2587,15.260556156250452
2588,6.60448896052029
2589,15.679064186227803
2590,10.092210627892275
2591,8.252495414971497
2592,13.467630037071459
2593,13.496601000772975
2594,7.2663046872139265
2595,15.924290269336701
2596,12.918988136835791
2597,12.246368864671547
2598,12.079814023165339
2599,18.272789994880654
2600,14.197565891257945
2601,9.822486069066663
2602,9.563445044441083
2603,10.650242379185851
2604,12.472852606728992
2605,10.618937869193822
2606,11.792894434067229
2607,12.478342020127016
2608,13.284043655543362
2609,10.576782420562347
2610,16.041190200923484
2611,11.827270697620305
2612,14.873625269980423
2613,15.972883694276806
2614,15.205270303463672
2615,10.9931316351983
2616,6.771636643886998
2617,12.089366373434506
2618,9.685994348307728
2619,14.709951091862749
2620,15.88380540815503
2621,15.089038742715372
2622,12.958551422659362
2623,14.309490715705621
2624,10.271790758627303
2625,13.231477150233385
2626,19.03700470238298
2627,15.704009861696441
2628,6.764962532595716
2629,13.787797392359778
2630,9.444933095830383
2631,8.735972223059587
2632,7.948120571166738
2633,12.270795482757816
2634,15.652683285428726
2635,7.9571856462261845
2636,15.795472112474883
2637,9.551019711878736
2638,8.377798006077184
2639,6.326457193376881
2640,14.151216963168194
2641,12.774475085080212
2642,9.501064928874476
2643,15.10745687511161
2644,10.949898395210019
2645,16.275173081415755
2646,13.086248390731928
2647,12.912044862275064
2648,11.475755719632637
2649,13.987333655411133
2650,8.344457764576154
2651,12.563406012944924
2652,19.481925937427405
2653,8.557405867632962
2654,11.90456201491277
2655,12.084092389304336
2656,8.199400759727597
2657,14.507355304122804
2658,9.60538336550054
2659,8.59870881776617
2660,15.516255899569897
2661,6.6672410520298415
2662,11.277446627171566
2663,7.179048926188896
2664,9.486474407037944
2665,11.443671675616569
2666,7.15176868988271
2667,15.860903906050158
2668,12.053989424652421
2669,13.08973303957159
2670,8.865879734424585
2671,11.316517236459335
2672,16.860652089841135
2673,16.993593349187687
2674,10.042404464433936
2675,16.183446486557
2676,10.05222860966807
2677,13.429744905199087
2678,13.330596297781362
2679,13.878128018317557
2680,13.680321852241702
2681,11.390225890820828
2682,10.377379280526146
2683,14.931894607348003
2684,9.35553859537044
2685,6.619342232661946
2686,12.802001047772825
2687,7.554390964710742
2688,10.907052112915194
2689,6.231066327901904
2690,13.790914823246302
2691,7.168410920804185
2692,9.690305554953005
2693,10.984893370462231
2694,12.151952080466074
2695,13.294659862497241
2696,10.71296322732421
2697,17.938242352210374
2698,15.074907003368402
2699,12.781718929185027
2700,15.046667875613934
2701,18.697302777856464
2702,12.289635350832928
2703,10.2527052522146
2704,10.243694723052098
2705,11.110841749897629
2706,7.532230275041815
2707,13.168700741823601
2708,7.581591909367651
2709,13.974327987319143
2710,9.857041307173843
2711,12.324126795900636
2712,9.84488334197125
2713,7.81434506865929
2714,17.02249073637574
2715,10.876772726497762
2716,10.897337830869114
2717,9.315251154934465
2718,11.120771319713192
2719,9.610949163271739
2720,10.086900968130983
2721,14.249931677532178
2722,14.44289946536506
2723,17.509137116752306
2724,17.03644717433864
2725,13.606577584508464
2726,15.703734908012997
2727,6.0
2728,13.39246143072268
2729,16.00564841329958
2730,9.723667236727342
2731,17.291219323185537
2732,12.7423293880346
2733,15.190343332176479
2734,11.184624066117465
2735,13.67656250286175
2736,9.535691145925089
2737,15.215691925725764
2738,8.814621274744042
2739,9.171957736774242
2740,9.696930490562055
2741,7.244283831572471
2742,15.43973872170851
2743,7.667958600682637
2744,8.46444280754538
2745,12.980643532778728
2746,12.69058734122553
2747,6.770683496617575
2748,7.183221106232861
2749,13.303756972271069
2750,13.117252480827391
2751,16.599310081830165
2752,11.222391036650635
2753,8.222992047341734
2754,13.506616418032687
2755,12.009129588449488
2756,12.113116947490447
2757,8.316956149216017
2758,6.688611334287356
2759,6.8500986184126775
2760,15.4288877607849
2761,18.150597166024262
2762,8.60688361266958
2763,12.43383866861627
2764,7.083055508392042
2765,14.953036953258268
2766,9.065005226743887
2767,9.274420078571378
2768,16.785816374434862
2769,19.15153941153996
2770,12.660828009948649
2771,6.149732068369985
2772,13.37127813839599
2773,12.565875251585375
2774,6.573960348153941
2775,13.552840473732154
2776,15.376312210849072
2777,15.246141970185704
2778,9.362354273427496
2779,11.71452397607557
2780,7.182525834711299
2781,7.471869821466513
2782,16.15544417532903
2783,13.549036671718858
2784,9.50818495489135
2785,13.351077706477911
2786,16.35742363352523
2787,9.019311948892188
2788,14.544639544895476
2789,13.62660318452267
2790,7.552612188316763
2791,19.73899161356818
2792,10.570248016512938
2793,9.547640951452752
2794,18.05865817487749
2795,6.902325741843332
2796,13.047904688310354
2797,11.146569308321217
2798,9.81066375643662
2799,6.246701812780861
2800,13.903047971495575
2801,11.932797855638277
2802,10.152390715366368
2803,11.150927194437672
2804,7.673741887684759
2805,15.193922432829487
2806,13.077123057982167
2807,11.07810934886588
2808,16.154961006589676
2809,9.43439217306054
2810,9.085500060438992
2811,10.064952702435065
2812,18.195244378779083
2813,18.048472350629986
2814,8.559266099350456
2815,15.013107534257648
2816,16.68763742581727
2817,12.912686123209465
2818,15.330046169679335
2819,10.255832519596986
2820,9.018658845020779
2821,12.078896967915668
2822,14.03335185683386
2823,10.993470552681602
2824,10.258460195568736
2825,10.36743428876159
2826,11.054710027705049
2827,10.172456273251717
2828,11.68167655830487
2829,11.159453039420606
2830,16.01815827505954
2831,10.20688825022959
2832,13.78011778355435
2833,13.250982067367984
2834,14.533863167852324
2835,9.499659435517772
2836,14.535109052073865
2837,7.047955808703461
2838,13.512360011407765
2839,6.632171443405872
2840,11.00402671365584
2841,15.591505288725108
2842,14.777652932001057
2843,18.157216600681664
2844,10.188399695144458
2845,16.427986786117444
2846,18.725680404431223
2847,11.994002003334275
2848,7.2959826079524115
2849,6.961384812659356
2850,14.88073950983858
2851,7.803855454469948
2852,11.785095536902446
2853,15.3762978155476
2854,12.732117920723052
2855,15.47390749288397
2856,7.367655584017498
2857,11.76452490491787
2858,13.652064169945948
2859,7.580744314551147
2860,17.538044596998912
2861,15.961444576417943
2862,14.682629994500733
2863,12.902042009805758
2864,13.134777749117934
2865,6.556843760311433
2866,12.583799432766257
2867,11.937572086984641
2868,12.122827197629672
2869,9.77643259004041
2870,9.59347145494457
2871,11.640757214035606
2872,12.448516304442457
2873,9.293578629492208
2874,13.839799217193967
2875,7.629523799991619
2876,10.967028963433751
2877,8.747184987749508
2878,7.640755279060112
2879,14.41034596053216
2880,9.07204343334961
2881,18.67269253517884
2882,18.10800298117259
2883,17.84927992578528
2884,10.890548458472509
2885,14.369659895376646
2886,20.282759197869282
2887,14.49072359907181
2888,12.106261284596458
2889,20.308591689800124
2890,13.318164374865805
2891,11.106992606774302
2892,7.901291044739196
2893,9.398989395469192
2894,20.6095868265312
2895,8.095302981038607
2896,14.239572941488753
2897,13.549727938888815
2898,17.595999506818707
2899,13.430544477674092
2900,10.896372749255075
2901,10.631851812631586
2902,13.625144528193731
2903,9.863365860506768
2904,16.261096717658756
2905,11.004564603919778
2906,10.452512463906226
2907,11.250765226959883
2908,12.466242826800382
2909,18.75020587008343
2910,6.50073865851339
2911,18.64096748940791
2912,7.766295235640029
2913,12.636375522053257
2914,14.784433210414766
2915,12.817794521109159
2916,9.813445393212675
2917,14.196670010181371
2918,8.923764633855244
2919,12.502988145552704
2920,11.844467825829135
2921,10.558738238890209
2922,17.404767218448413
2923,9.338891102202615
2924,15.326450954494192
2925,7.31148117755079
2926,9.284977564606677
2927,12.92932310394992
2928,15.829549160240987
2929,12.392770223617463
2930,9.293522415145517
2931,15.043850216982587
2932,13.6078669944622
2933,10.439009029169481
2934,13.21341105497302
2935,7.514738917095803
2936,12.604145531775316
2937,10.77846007300144
2938,13.245790405780864
2939,20.030407210311196
2940,15.07140875583435
2941,10.40179755042861
2942,15.78329768214637
2943,18.709785163352777
2944,12.557908392875214
2945,7.984941352626717
2946,11.125959418812718
2947,11.256300307657993
2948,16.90453152524075
2949,7.556846667311989
2950,10.639963018172779
2951,17.450027530944094
2952,13.198614912219385
2953,6.669099482660434
2954,7.122882372349302
2955,11.391348338247044
2956,8.217515058033156
2957,10.318802107501726
2958,8.054575760229758
2959,14.413154430297778
2960,16.811939760125316
2961,13.896613832794207
2962,13.801980003289614
2963,7.593327160653393
2964,8.195939482031564
2965,12.53405146950783
2966,11.818302276190911
2967,13.514077583110053
2968,6.003666536392428
2969,9.160030482325645
2970,11.573679097391139
2971,10.660915843100796
2972,8.160673283566247
2973,11.983111229693904
2974,11.785780346808385
2975,8.837330409268269
2976,13.196588269884943
2977,9.375805779356176
2978,11.247513828218207
2979,8.15414924272236
2980,15.34358392146112
2981,11.947523350258463
2982,13.703729514947721
2983,6.0
2984,11.562893795678178
2985,8.168243161959213
2986,16.784842063155885
2987,12.3091510546233
2988,14.362516138964907
2989,15.887913081247428
2990,7.070167334688698
2991,17.575974766559106
2992,15.15934007991773
2993,13.308646320227625
2994,8.60174070801318
2995,12.955208742831442
2996,6.574216075053969
2997,11.208239770450986
2998,10.546862226796724
2999,6.0
3000,11.366531536217478
3001,11.941901083713038
3002,8.902362118320738
3003,6.0
3004,11.408702083464055
3005,11.268386392926612
3006,11.827533218230311
3007,18.02065865605205
3008,6.375863537393089
3009,9.820691452983336
3010,15.089853722619804
3011,11.872873010489474
3012,18.365065421401567
3013,9.83021205397073
3014,7.7688597996349165
3015,7.408255371095189
3016,13.893397455803118
3017,11.07486221014868
3018,18.69403285200432
3019,7.374338298275356
3020,6.698593702947969
3021,7.919604311136998
3022,9.192161458697699
3023,9.96361291999603
3024,15.909591046437775
3025,8.06375057105578
3026,6.769839846694536
3027,11.305683454655068
3028,13.237975174353473
3029,10.160190218327786
3030,16.773502375392617
3031,18.054963373580865
3032,9.46903217978794
3033,7.281430525778145
3034,10.799547221838491
3035,7.5816173024119
3036,6.9140505124911185
3037,11.99353930377015
3038,17.018150494553655
3039,12.484938983509302
3040,8.0724062893144
3041,14.902545676603507
3042,8.056456724051904
3043,10.678203106285588
3044,9.40686401470309
3045,6.955045876823696
3046,8.995173068305954
3047,15.020506391654369
3048,10.239310173734733
3049,7.286710990460888
3050,17.692491108964347
3051,10.833736482626101
3052,10.343438954966715
3053,15.078485922459835
3054,8.622520105528515
3055,11.589583125793125
3056,16.78985359668288
3057,15.063030632830602
3058,13.192311213804087
3059,7.598729167210235
3060,15.015873913353184
3061,15.02063135414315
3062,9.523241951867496
3063,10.793952044106694
3064,10.85969786629352
3065,9.184387753537074
3066,10.944374794814776
3067,14.415116262138685
3068,8.58493900188498
3069,13.52690698685301
3070,10.957896433467777
3071,14.976555268591541
3072,17.12461636698197
3073,13.38433827226708
3074,11.300917175699151
3075,9.267309427228916
3076,13.739148248451695
3077,17.958488365398217
3078,13.003935493201016
3079,12.2870394352747
3080,14.036849360203624
3081,6.448379401774514
3082,17.89209725652606
3083,11.858629038655456
3084,11.166319909180856
3085,15.230080311319412
3086,13.717024284703136
3087,13.22523045668332
3088,14.230118176322248
3089,8.745579996264638
3090,16.501152327173088
3091,21.26000341059615
3092,12.469064587854287
3093,17.39665182210978
3094,17.483685885465675
3095,12.491911491801698
3096,15.174712457090122
3097,9.39483392742672
3098,17.751307743626782
3099,12.970046140604058
3100,12.42949943097685
3101,7.824248965705213
3102,13.743989094042288
3103,11.009130620939379
3104,12.536775643157892
3105,16.611275609905118
3106,19.13032328334353
3107,11.386160568630082
3108,10.661702645998606
3109,11.556092325596369
3110,13.878256116505117
3111,13.584391459221546
3112,17.888857683593333
3113,14.47983320564351
3114,12.385983841891678
3115,8.036037192984692
3116,8.640625401274086
3117,9.837923213026109
3118,21.69184718629519
3119,15.973164256179462
3120,10.48503761650418
3121,10.870376173015105
3122,7.942304862683651
3123,14.885209711479483
3124,11.403287726908626
3125,15.676640903857706
3126,11.877098635480401
3127,15.778579584725493
3128,12.56958090203104
3129,8.515052488765704
3130,18.53123654176374
3131,14.385235269035295
3132,15.332754230905167
3133,19.35610575598991
3134,11.33760331038535
3135,10.422495602518936
3136,17.88364614355031
3137,9.776559561630076
3138,7.630280193309498
3139,13.910169458162162
3140,12.262127124049591
3141,15.740750138848103
3142,12.798898694622402
3143,16.629369227655317
3144,15.144135719419047
3145,12.344752598374813
3146,11.022930248911049
3147,21.545495132066414
3148,6.320991509530806
3149,8.285269239521048
3150,14.378328935149169
3151,9.124153119511453
3152,15.08483560650873
3153,6.242923351476611
3154,19.761847438584425
3155,9.125814976373217
3156,9.284115185189588
3157,13.87003175682904
3158,8.288333045463293
3159,12.257493429709314
3160,15.020024597112853
3161,12.763886679264504
3162,10.266658938846065
3163,9.830185417680804
3164,6.679934735438481
3165,13.933311933522821
3166,16.349519628709352
3167,9.882216230154016
3168,17.796021786549925
3169,11.799697659632223
3170,12.873662404201294
3171,17.61720688122832
3172,14.017963851170153
3173,15.468661659627948
3174,12.953642410251625
3175,14.99162914416001
3176,9.234298390261497
3177,15.174684781321915
3178,13.3145512885643
3179,13.588237328440256
3180,14.308969162869825
3181,14.632567959477099
3182,8.49640011455266
3183,10.263795130893808
3184,8.819362140209305
3185,16.444761471904716
3186,6.332587562229689
3187,14.08228791555322
3188,8.832000068185458
3189,12.81148992703551
3190,11.0200909350526
3191,6.314056501260111
3192,17.818881623621255
3193,10.047064138750628
3194,10.772433870790426
3195,10.89328587954676
3196,11.725745816289093
3197,10.215506256090622
3198,14.744834676350557
3199,15.280093659551092
3200,9.215309789712101
3201,15.07910495601542
3202,15.042032638082341
3203,8.004861442806128
3204,20.02997264055077
3205,15.083506318833496
3206,16.287350169620883
3207,9.21796246144661
3208,11.35887788610357
3209,11.877239495614424
3210,9.273777469746246
3211,7.356109888884086
3212,13.703372899345311
3213,10.997594502054852
3214,14.266889601342623
3215,8.08799055913921
3216,11.153795838323639
3217,14.911494126463076
3218,6.935729693511097
3219,15.295062897746693
3220,13.707760758679528
3221,10.294209803168535
3222,11.835188222569409
3223,10.879278732092933
3224,10.03015030739838
3225,12.9899852944036
3226,8.074152771781034
3227,16.733134969235962
3228,9.709638224444136
3229,13.024923495035601
3230,15.805409274277553
3231,6.297637548287755
3232,14.881046679974508
3233,11.908918655513293
3234,17.45591734558152
3235,8.790458518737166
3236,15.837063654259774
3237,13.09663175107886
3238,10.857430303538674
3239,15.136723852526512
3240,8.011554180814874
3241,17.736906474346863
3242,8.510924038074098
3243,7.666829787247302
3244,9.251410381768316
3245,15.903844355488019
3246,10.36091430421141
3247,13.488497132226929
3248,10.91741280761902
3249,15.670227702530386
3250,10.90177281293943
3251,9.850365438109485
3252,11.495387791613695
3253,6.0
3254,14.071861056428332
3255,13.541807050957207
3256,6.755272518989247
3257,17.785984906771617
3258,12.961712327980344
3259,7.565597943329607
3260,13.625752530148642
3261,7.914379932036155
3262,11.761913576452981
3263,11.685846126636921
3264,14.775358346697391
3265,16.14263227582103
3266,19.28897817502943
3267,17.530242958605275
3268,6.573300055543939
3269,16.706141248385226
3270,7.749566259624564
3271,14.244793682933548
3272,8.03857494872217
3273,7.405809547108603
3274,14.652902758430857
3275,6.820710535582085
3276,11.716434144989215
3277,9.173327604821443
3278,10.714013698682813
3279,11.927387206186605
3280,10.130741540893451
3281,14.839041398184353
3282,11.981100537118106
3283,13.000423584413594
3284,13.112153587450479
3285,12.31902673134731
3286,7.264130141229025
3287,16.750333290067754
3288,15.460103467032752
3289,9.82214060912781
3290,13.57908390444717
3291,7.802640327189985
3292,16.628352597988258
3293,7.686957546392054
3294,15.193844237329682
3295,8.147560815776519
3296,11.54489982613391
3297,6.844640913443445
3298,15.074570945362133
3299,10.900943523883134
3300,11.949516887353653
3301,9.17337907542398
3302,10.346931964474557
3303,12.845935248136376
3304,7.808176129073507
3305,8.947960919719755
3306,10.728715195287332
3307,11.513441155996944
3308,13.226115703959934
3309,14.858038312762597
3310,12.328211201198911
3311,9.84953578902647
3312,11.418076763346653
3313,14.442235877968873
3314,13.461025803007386
3315,12.342629223815237
3316,13.766663597017246
3317,11.583604818215548
3318,10.195509577183984
3319,13.850089952352311
3320,9.926116717127474
3321,17.41499331395013
3322,16.757017800911925
3323,8.266130250276438
3324,10.027633729643789
3325,14.251297832146498
3326,8.197610834445507
3327,17.18568363979572
3328,15.666494414963001
3329,15.164657604064402
3330,14.889439544862219
3331,13.785249390060919
3332,12.974980176027318
3333,13.092553785610885
3334,15.797851508991375
3335,13.536457494020809
3336,10.594940280772772
3337,10.214654509125648
3338,10.586284635714861
3339,9.786353587501207
3340,17.256555380025205
3341,8.03203543818947
3342,11.08999792107135
3343,10.114920763501482
3344,9.143866625792644
3345,15.921308460242832
3346,6.309572768474643
3347,14.779304921828809
3348,8.550723994898245
3349,10.511820059776909
3350,9.36170843090792
3351,10.29878126252381
3352,9.875872932001602
3353,16.434409832571365
3354,10.818385986177525
3355,13.087972721004803
3356,15.421611368325783
3357,13.985708310280343
3358,8.652671152858463
3359,11.687692747573436
3360,16.699880725117666
3361,8.657179742109665
3362,7.241616436120214
3363,13.96814098307345
3364,16.578196965321602
3365,19.44499176020932
3366,14.810886043293063
3367,13.489726027452582
3368,14.82182755265531
3369,7.240779213652304
3370,15.708602051597683
3371,15.16875415132012
3372,14.098343565353092
3373,9.275026748886168
3374,14.127468096774528
3375,15.098020389236313
3376,11.923773901097046
3377,13.886347336769257
3378,10.062904254821511
3379,20.404046546243467
3380,9.58011167003967
3381,12.564428827682377
3382,10.829331460340393
3383,7.844745461321652
3384,13.690648612425402
3385,16.18684739110177
3386,7.791158633833906
3387,13.816134581124448
3388,10.985147040482438
3389,11.362114871843431
3390,9.626958935536507
3391,10.238490641733758
3392,9.224624359380641
3393,7.627847588832314
3394,7.474654661230442
3395,12.134609328739527
3396,6.368762604242938
3397,13.729334630471492
3398,13.003584851462927
3399,10.18102388308007
3400,15.571812768991697
3401,7.675961464022901
3402,11.731279762383222
3403,14.644712629122726
3404,14.31133892583599
3405,8.785039763986182
3406,12.151143967120202
3407,8.286651521520724
3408,11.652337951529832
3409,7.340563426891024
3410,11.200994943663485
3411,7.09916977804715
3412,11.522886539805604
3413,6.272285602274209
3414,10.696571886191965
3415,17.536280086401014
3416,11.384701482699546
3417,19.04947065777429
3418,10.938143986723214
3419,10.410549888488895
3420,9.68836814628834
3421,12.7954845712746
3422,10.93214855566625
3423,15.670886723056196
3424,13.162856475802538
3425,14.748822727390591
3426,9.77660840324144
3427,14.715960220757125
3428,12.001511108305182
3429,8.407462665172945
3430,8.118335916618388
3431,10.09441251448456
3432,7.278756945002473
3433,10.92342693543876
3434,12.646563990931549
3435,15.123777722556621
3436,9.265651453685788
3437,14.519843215900046
3438,7.439234781902482
3439,11.064044922292096
3440,13.72711228846038
3441,14.5835941191654
3442,12.78746485067266
3443,18.239137833204875
3444,8.578584374817934
3445,12.239966162432815
3446,14.8360704757847
3447,15.114721462320947
3448,8.799499460386645
3449,14.81710303656962
3450,13.711342857759877
3451,17.898547874769637
3452,8.283575610752687
3453,9.134539929283761
3454,13.138913918602375
3455,8.497078628231705
3456,7.829112750231239
3457,14.981484404305053
3458,16.750410485342133
3459,7.639450727858019
3460,13.615832220889402
3461,18.111927768847572
3462,11.780652821944573
3463,7.734162172139503
3464,9.161516094281199
3465,12.414114875915079
3466,7.550488515901709
3467,10.224220189846406
3468,12.030294959072666
3469,9.898683617864386
3470,14.413282374352328
3471,13.460571946870582
3472,12.130604869807158
3473,15.251098636341846
3474,14.56505228449701
3475,10.43128706239143
3476,6.742652808667318
3477,11.684165949030938
3478,8.462147385263684
3479,12.792371754334214
3480,18.4360379981458
3481,14.122917264135992
3482,16.49910554412722
3483,6.132152392822452
3484,7.8261292053913865
3485,8.772462226086441
3486,6.036262057130582
3487,10.860261649071102
3488,8.518658092987216
3489,7.896927986630095
3490,17.294411510415358
3491,6.8152182370417735
3492,13.032387204997908
3493,7.763505508368631
3494,13.999529192231323
3495,11.278484937774596
3496,11.02565008062857
3497,7.018855368026084
3498,9.050830614190131
3499,15.402493504534988
3500,14.161508721396997
3501,14.617043186857774
3502,12.005241359076237
3503,10.267259218625208
3504,12.152570392080026
3505,11.995310887151737
3506,13.916524370569949
3507,7.79396559303944
3508,9.663253021066886
3509,10.70169249676199
3510,19.044455658600565
3511,11.778044980251684
3512,10.738636006173621
3513,14.159764687103712
3514,12.006101434386945
3515,14.210067055333306
3516,13.93967340932523
3517,7.551873235065277
3518,12.443945767737759
3519,8.967075816491135
3520,10.701095554474131
3521,16.62530893087599
3522,14.10106482986016
3523,11.755689065462104
3524,17.43859584706266
3525,10.62916739858883
3526,14.64782244903575
3527,8.080210237074994
3528,12.3289069474413
3529,15.960503664030972
3530,10.502518347547701
3531,15.391028032801364
3532,16.76577998713696
3533,16.398662181548147
3534,13.267510195466052
3535,12.995512264729415
3536,16.270359104894197
3537,7.981072158148502
3538,14.133438782387417
3539,9.494482021929846
3540,9.731211921625032
3541,11.134529270408441
3542,12.799641129423241
3543,16.067854607110853
3544,15.000027017587582
3545,11.732388046248081
3546,13.503631132915203
3547,17.270714932967707
3548,18.00129484418047
3549,9.782500022974185
3550,8.384692613486884
3551,7.9585030772286345
3552,6.98726009372715
3553,10.5508308731159
3554,7.484329451630872
3555,7.338097287462789
3556,9.71356516694104
3557,8.675049489312109
3558,7.51596657694388
3559,14.097117173341662
3560,8.394401689103514
3561,11.05026372584901
3562,14.403649989137378
3563,8.613931505817488
3564,16.26895952812554
3565,15.015030927019826
3566,14.673495794835326
3567,11.29611970105137
3568,16.998605134733292
3569,16.981479230875323
3570,9.979983511945496
3571,11.02205513573443
3572,12.828645033207327
3573,15.73029522093782
3574,9.035073885281774
3575,11.136807905761934
3576,6.804185524966521
3577,12.64272105570672
3578,7.569523798732558
3579,14.781718225513586
3580,13.441121859799477
3581,11.56557311734098
3582,10.879778622691983
3583,18.104363584858937
3584,14.477653205272691
3585,13.064918851431825
3586,7.293041360530255
3587,8.9230068478346
3588,10.291026220935322
3589,12.024433993078253
3590,10.799199405810015
3591,11.586762185001898
3592,7.086604236180038
3593,10.162435056535696
3594,13.691808018680943
3595,11.812422301753118
3596,15.635751789825013
3597,10.61215157153545
3598,12.217452268452979
3599,16.226803404152182
3600,8.887054425523086
3601,10.261096955617303
3602,9.429155951581352
3603,6.812275616312387
3604,9.280128277672791
3605,8.505618898592763
3606,13.416359152103976
3607,11.757260526660286
3608,14.481465146852047
3609,10.357834227814148
3610,10.800906869978188
3611,15.584212245704233
3612,9.817737320931402
3613,9.92755479095123
3614,13.43014848564065
3615,13.242553854443441
3616,13.285050314795376
3617,16.427988587218067
3618,11.838837155246981
3619,15.44786721058978
3620,12.41542777716767
3621,15.350372398869563
3622,6.189930456048287
3623,11.87455250628005
3624,9.765366388448758
3625,11.46057637760892
3626,12.66494165115311
3627,7.5842074223877045
3628,15.351736339558904
3629,13.742929486096532
3630,8.609264754380622
3631,11.838459361488527
3632,18.31964437163134
3633,13.074470595179605
3634,14.028011243821599
3635,10.491827441115396
3636,15.854079158625169
3637,14.986561253137985
3638,9.623256527620876
3639,13.640296823250647
3640,9.08042242138736
3641,17.097751603542747
3642,7.327227665447971
3643,14.477901896517672
3644,17.0883031311596
3645,8.389310833726908
3646,7.821791148671896
3647,11.677997730841108
3648,10.452621461651548
3649,9.406887278174167
3650,11.03996509505683
3651,8.270897512810443
3652,18.201186840312335
3653,10.045931765053577
3654,8.651066413272865
3655,10.354760870471445
3656,11.621311987261638
3657,11.430378732363845
3658,17.04025098707087
3659,16.230970408167437
3660,11.493061030986919
3661,7.665083337945848
3662,12.792622745116308
3663,7.798555099897301
3664,18.806711704230402
3665,9.955225739971665
3666,15.829046827131654
3667,18.564730557454546
3668,6.3055384579387255
3669,7.518594148454424
3670,20.425965281516834
3671,16.33499309095174
3672,10.924125983337126
3673,17.69897878991638
3674,14.013709211086425
3675,10.20900221721847
3676,8.030094799383761
3677,10.925575035506139
3678,13.754468042808867
3679,11.869373404912837
3680,14.875079586942121
3681,12.239141226700223
3682,11.1418214389979
3683,10.651225842808397
3684,21.747674516305132
3685,9.318497683240178
3686,12.599996221710192
3687,9.290130991649436
3688,14.636107633614618
3689,6.7166384247350255
3690,9.635305305501966
3691,6.798541070696495
3692,16.054552996341087
3693,11.109707259901477
3694,11.55858953954543
3695,11.105276868685383
3696,18.275673592593837
3697,14.850510671479816
3698,9.969845643092896
3699,8.133286006279
3700,11.496067934857352
3701,8.905886893280336
3702,15.671779331709782
3703,16.942693630824966
3704,14.465145494606103
3705,14.970716407320683
3706,6.313881021623681
3707,7.287225916051071
3708,14.88344861879174
3709,9.00434695411639
3710,15.294634448918373
3711,10.493733300617334
3712,13.236061618413698
3713,13.142865551754065
3714,12.716560775848755
3715,15.868305867997256
3716,7.878283500509644
3717,9.247903138950313
3718,16.868730591617233
3719,13.225031313050971
3720,15.331624631739617
3721,13.403502063925007
3722,19.72440585095132
3723,10.732407706272475
3724,19.433460119375976
3725,7.536613430671117
3726,12.057094898965092
3727,8.439525489012805
3728,11.888885135301571
3729,11.998841243064291
3730,12.264257962091472
3731,16.611885001169856
3732,16.021685282072987
3733,13.162799955713966
3734,13.392991674774152
3735,10.650399384820826
3736,18.495554056706247
3737,14.151976732241813
3738,10.250796600632546
3739,8.774653722366654
3740,19.80683062629429
3741,19.399448226432916
3742,14.84025055284413
3743,9.617716681820575
3744,12.526497041141326
3745,7.37236142368695
3746,12.601778930703711
3747,13.793928796795493
3748,11.564003979448525
3749,16.25615423502988
3750,12.449470583363215
3751,11.645349728491656
3752,10.392662633304369
3753,12.270072030764965
3754,13.980098481985063
3755,11.785177331968713
3756,10.426294040437227
3757,8.365703578502597
3758,11.539092261750788
3759,13.583511152458856
3760,12.551648508564904
3761,12.560770562957133
3762,7.922088065270233
3763,8.606382231680886
3764,13.573130519832745
3765,12.264110550983148
3766,16.17777014642393
3767,16.684783718744157
3768,11.897698750674241
3769,6.647710890403587
3770,11.034070875841357
3771,13.475395381685283
3772,11.90021827474158
3773,12.324348752526012
3774,13.862936656675812
3775,10.926153996624699
3776,14.241935849512931
3777,14.488498123965405
3778,10.632327802583273
3779,10.331267902779684
3780,9.976247824498499
3781,15.479697157846743
3782,11.35079116457758
3783,14.81400859678115
3784,7.266212999299858
3785,16.507577460672167
3786,13.691226671019283
3787,11.52220408926285
3788,9.365202302849477
3789,13.569162612510949
3790,15.091559692777603
3791,12.17461274624415
3792,14.208463186772606
3793,15.933962627262199
3794,7.879468539539714
3795,8.957134783697397
3796,13.434669692221833
3797,17.07411307384684
3798,7.80306636395764
3799,14.482950348841053
3800,12.006148733328164
3801,10.002539612448224
3802,12.157489416137818
3803,21.681067515603072
3804,13.62522802327642
3805,11.951992015763379
3806,8.522703498652668
3807,15.96249007757648
3808,6.537766156225458
3809,10.21661936706606
3810,8.376463392069912
3811,12.829789545747236
3812,12.445915707662476
3813,6.0
3814,6.607621637813297
3815,9.93329260062353
3816,13.994630926344797
3817,7.428852248489071
3818,8.939554239994814
3819,9.285269115352067
3820,11.19946068545629
3821,15.101437076094516
3822,13.143647369149704
3823,15.13178335568546
3824,14.87870409169384
3825,17.855800010851464
3826,13.123317757872456
3827,12.938435257921634
3828,16.726558185289765
3829,16.74995659245408
3830,17.97519169034097
3831,14.305667966651242
3832,7.345537861081915
3833,17.3937667074008
3834,13.465318451277977
3835,10.471168594024302
3836,16.33885026809319
3837,11.64429212472728
3838,9.28201114786301
3839,15.049640182537903
3840,12.570094986793888
3841,15.137272704596574
3842,15.981992860422496
3843,9.66146169296778
3844,8.829596392536043
3845,17.25853565812915
3846,10.099908163896265
3847,6.961157817705846
3848,6.0
3849,11.448303962711442
3850,11.435486240086163
3851,13.564777943515825
3852,7.201128294343887
3853,17.9320181360471
3854,13.152538086011695
3855,9.25930348210175
3856,6.267249223443468
3857,7.537106535423505
3858,10.169920652593975
3859,10.528412392518465
3860,13.033745435855614
3861,17.93606418500682
3862,14.195926785756754
3863,16.746878611989302
3864,12.377357663304029
3865,17.199339805248705
3866,11.806530688331087
3867,12.447135238263717
3868,12.404100707615394
3869,11.655752359170664
3870,13.74105237669831
3871,12.758224582147381
3872,11.312006319486926
3873,9.20753731613361
3874,10.548997821932671
3875,15.421568698332077
3876,10.217887817584709
3877,10.102744220658101
3878,12.78298093581439
3879,16.839048699839232
3880,12.779707245797297
3881,14.396511547921639
3882,7.4018472505993875
3883,13.21199505196195
3884,14.300473578632554
3885,15.712107045151159
3886,11.362723773127424
3887,8.170270914303057
3888,9.255774167281606
3889,16.458196896434817
3890,8.554347044481217
3891,15.437048686816173
3892,13.863978419322816
3893,12.478318685147753
3894,11.432107284053027
3895,15.0246908035161
3896,10.769549623131883
3897,8.88011350007372
3898,13.433841427990195
3899,9.830001145646866
3900,19.249553981084535
3901,14.662777144360676
3902,14.260355978537264
3903,12.778148668349559
3904,10.656297177541862
3905,17.80354668235656
3906,12.723447201985941
3907,10.912773605146473
3908,7.20227367377172
3909,6.755650816599633
3910,6.135340160265154
3911,16.1989373300789
3912,9.580995187463756
3913,18.277473183471592
3914,11.957135807637844
3915,12.137344863677715
3916,19.759704716835728
3917,12.50959957556394
3918,11.519381094710948
3919,15.15440949231275
3920,8.535522817227376
3921,13.133634583964234
3922,14.205346290490732
3923,10.128416915955162
3924,7.929157344279733
3925,13.350906212634033
3926,11.50447126026075
3927,6.712801692777443
3928,7.118870361975727
3929,6.155212642686777
3930,16.848356560265934
3931,9.069207231525755
3932,11.084961682969148
3933,15.55163368295121
3934,15.864937519858534
3935,14.791205183363596
3936,17.112406901444903
3937,13.689151058480965
3938,7.310651736063489
3939,11.941286337403955
3940,16.27160560239097
3941,8.828271731271244
3942,21.123742280785947
3943,13.520284516905877
3944,11.664958969116494
3945,6.960654006741842
3946,14.301775317907921
3947,9.126855090741708
3948,12.246265912181993
3949,17.281684047102882
3950,8.619726585609456
3951,12.396521228626309
3952,12.429129350698947
3953,15.971187024935105
3954,14.71492741641854
3955,9.31731376774955
3956,15.329561489618602
3957,8.245557741545053
3958,13.775037946154272
3959,7.901739047151299
3960,15.00544462934109
3961,17.156565058135634
3962,17.27428246677582
3963,7.193061728547784
3964,11.78337889011739
3965,14.132827272310276
3966,11.364809230984001
3967,11.084212565571157
3968,16.437804867377952
3969,11.755602527888865
3970,15.59760550498138
3971,8.954618295985536
3972,15.989442733864909
3973,14.780926149944072
3974,10.055475464758535
3975,11.069095689808101
3976,12.634103413815073
3977,11.195519988978342
3978,8.804292673831029
3979,15.267725847928025
3980,10.279914497425416
3981,7.189239002852656
3982,13.10118027205518
3983,11.94721961941746
3984,16.365479718138847
3985,11.322515929073058
3986,12.932593009550573
3987,13.432119249770242
3988,7.767037477921295
3989,11.0631714921682
3990,15.821666867797326
3991,8.811781135322004
3992,10.504996417813697
3993,18.719726647279312
3994,14.77265013496605
3995,7.365406011985233
3996,12.169966992956276
3997,18.262414559250473
3998,15.682701087018183
3999,13.237560067882896
4000,12.993907361698733
4001,12.527977366620021
4002,13.230851677097187
4003,10.886173744719718
4004,9.839714666756137
4005,10.4628965553902
4006,12.900615538749458
4007,13.052951958029933
4008,15.890193989501809
4009,13.135326282809977
4010,12.945404726555296
4011,11.438557655588507
4012,17.240299638744588
4013,10.809722642931883
4014,9.389081092516703
4015,16.12972988865543
4016,12.886663349240084
4017,7.717259703685456
4018,12.315060584367652
4019,11.85491893978449
4020,13.372415922651374
4021,7.250922326995617
4022,8.837696085550188
4023,11.710054175837572
4024,7.603060651767907
4025,12.33363345286742
4026,14.886155180389409
4027,14.63935703187787
4028,8.418926356674927
4029,14.045335837888704
4030,14.498946637074674
4031,14.390123505414953
4032,13.722018047251028
4033,7.8231667338211395
4034,10.69609226689382
4035,8.836338703198244
4036,10.71296140261748
4037,7.31530265721579
4038,18.992240462488123
4039,13.74826553199022
4040,7.23853539548223
4041,14.620204977560093
4042,12.751262247104846
4043,12.928039461798553
4044,9.421471679467842
4045,11.453415693264725
4046,13.591043131405575
4047,14.671861410701972
4048,14.114280651341883
4049,8.905653807216064
4050,7.137091351654016
4051,16.630911902512906
4052,9.496426031917663
4053,14.406156459435941
4054,14.785662108452327
4055,11.56010712704673
4056,13.882976601733356
4057,10.726796738506064
4058,6.84502419736119
4059,10.483445524315025
4060,10.713551752638516
4061,13.364263639409874
4062,18.133889700418173
4063,7.785985252382225
4064,15.208880422846628
4065,15.612679426498328
4066,11.944266491014341
4067,15.138855465996755
4068,8.32824174603191
4069,10.029373511164081
4070,10.128611723912625
4071,14.823513352876907
4072,8.12957526037637
4073,14.862231445776814
4074,16.245995026953345
4075,12.741402979510823
4076,11.689328698526197
4077,10.459326833294861
4078,8.651620651438403
4079,13.603027435675953
4080,15.970927632667397
4081,12.058424270491672
4082,8.279558813902499
4083,7.63181410936107
4084,10.222619832914596
4085,13.310485134064272
4086,11.443871822223947
4087,11.283781829685037
4088,10.04561340394331
4089,10.31649658925662
4090,17.66908440491024
4091,12.769789571271444
4092,6.969541914697276
4093,11.665763843790623
4094,11.663062098665366
4095,15.732842768594352
4096,14.374828003097242
4097,13.017266514078411
4098,15.468753543930731
4099,6.952334110020555
4100,21.734469161458883
4101,10.014007789839559
4102,13.790717759608974
4103,12.430748423400967
4104,12.868884630419068
4105,11.593274608761389
4106,15.487804047147105
4107,11.724656940969275
4108,10.506564731095516
4109,15.801215985159509
4110,14.433635623825499
4111,11.93809182778382
4112,10.656542449650335
4113,7.385015043038788
4114,16.202520112448312
4115,14.33515931045851
4116,13.05970386668595
4117,10.64687101503598
4118,12.701373774336219
4119,13.852521083459381
4120,16.75571825924326
4121,13.881237989256089
4122,22.666734365838643
4123,15.222035467578023
4124,8.356579511013374
4125,6.371560131796368
4126,14.221544411067674
4127,13.607994538553829
4128,14.957541711392551
4129,12.571279338457119
4130,9.532285801719308
4131,11.001693320177283
4132,10.402142432045558
4133,20.203914088998978
4134,8.521933248054982
4135,12.79000116632303
4136,18.861023847231138
4137,13.217504769035315
4138,8.122725003138376
4139,11.434871965493564
4140,13.499729295538572
4141,14.959512887567286
4142,11.33603910615151
4143,11.374549935259493
4144,18.952568796295342
4145,10.542548200021118
4146,6.675020063694685
4147,7.108886834078346
4148,14.80834335222113
4149,10.597938568434714
4150,10.740518926177165
4151,7.531380362795422
4152,14.912894855781559
4153,6.815960924334554
4154,11.773991424283972
4155,11.019710406191752
4156,12.176740631300385
4157,7.078957135220346
4158,14.21909150800155
4159,14.116680317029756
4160,11.334153107718556
4161,12.228479944982068
4162,15.056497634252167
4163,10.682800032242234
4164,10.107240651927546
4165,17.513717458607744
4166,13.709417110903827
4167,13.849467595588397
4168,15.71880284802569
4169,14.124408937048624
4170,12.455261533597156
4171,8.094381693412743
4172,10.409470542524916
4173,13.872122524178188
4174,11.872966951769609
4175,16.483050575666535
4176,15.42670334401159
4177,9.144828599316533
4178,10.926052825346865
4179,12.261633304409871
4180,13.824045137285971
4181,8.209662292002992
4182,9.95083735265929
4183,15.190057999108884
4184,11.508530777109495
4185,9.439781675820514
4186,14.132408493308613
4187,13.986216517075981
4188,15.285453073642774
4189,18.237137111270002
4190,9.805534215456833
4191,14.867158624448894
4192,10.945322361038963
4193,6.863007136162489
4194,13.92366685188695
4195,15.92836720114839
4196,14.900297864759551
4197,11.236641971363053
4198,10.233505587870166
4199,16.691271455443434
4200,14.693646506447532
4201,13.6308224778723
4202,16.18573345743924
4203,16.259814102053387
4204,13.099241038493808
4205,12.2542509157294
4206,14.832621813537102
4207,15.883215056484055
4208,10.99941819248392
4209,12.044116878708863
4210,8.191519376836444
4211,7.265391753583355
4212,9.104888011376595
4213,11.672580503387335
4214,17.3553161018417
4215,14.97453036922574
4216,9.098875128530198
4217,8.06173593574762
4218,10.564340460066624
4219,11.61011119559998
4220,14.926102476927053
4221,7.080511622876891
4222,17.333961208670377
4223,11.225816991742956
4224,13.195829324354705
4225,16.229549283269506
4226,8.356736381527531
4227,8.276889582769417
4228,11.050256148746
4229,11.14957266744731
4230,15.932173483240831
4231,14.446885237380544
4232,15.08445548811607
4233,13.38686557413296
4234,13.131858573149605
4235,11.835562864707327
4236,13.055294990901885
4237,6.179350194055804
4238,17.642811214214813
4239,14.335193168322705
4240,12.754070546458108
4241,13.125222835712332
4242,9.39944820868127
4243,16.76089708819734
4244,12.886661921279755
4245,13.029531907019066
4246,12.142551862959994
4247,7.759037491266462
4248,11.424091020397967
4249,9.95539912647254
4250,12.298345948505744
4251,10.044733729049153
4252,10.598203145310414
4253,14.282739696400078
4254,10.900462182888553
4255,9.604898810255882
4256,17.69723703525437
4257,11.914579248259248
4258,12.937077222342076
4259,15.28478192683017
4260,8.311726235119647
4261,15.83003600300733
4262,10.580435352689628
4263,8.961414613911963
4264,13.83980503669266
4265,15.052306057300955
4266,12.896556419806267
4267,10.313862701731674
4268,10.72162449858072
4269,13.444940439716698
4270,14.750929140463684
4271,7.516960750735777
4272,11.205818942260187
4273,10.703819122974288
4274,7.1299999398025875
4275,11.757620255398429
4276,13.0990671333914
4277,6.465620305046835
4278,13.511451407346645
4279,10.552178334192549
4280,16.759070473534486
4281,11.03774470423464
4282,10.300676200766226
4283,11.366064426521126
4284,15.357645789355734
4285,7.180608270935488
4286,10.901438414459998
4287,11.860405630903013
4288,10.04737290980747
4289,13.289038324105821
4290,12.487132906496342
4291,7.825114311971111
4292,9.016768920982999
4293,13.64236111406713
4294,16.79021415020854
4295,17.048730141068415
4296,13.567701563292909
4297,11.15038970137452
4298,10.270319319004779
4299,8.93142786216161
4300,13.48223009446837
4301,13.36516940929525
4302,12.333075348519937
4303,9.156925976617114
4304,10.551308882533636
4305,14.204522106027325
4306,18.528991789668844
4307,7.254846562009198
4308,15.573348944867433
4309,11.32212319988596
4310,11.1883558371884
4311,10.045567092853275
4312,16.298801758406224
4313,11.973027132804749
4314,9.313131499335448
4315,18.095962634577475
4316,15.966248442780632
4317,9.908834670926796
4318,15.447683771711613
4319,8.404779778675923
4320,9.326952923683368
4321,15.345606225032824
4322,14.071644391204943
4323,12.084186427223681
4324,13.470603639705361
4325,7.411795194267071
4326,8.264902529167532
4327,17.448319175819897
4328,9.780700178057257
4329,9.97123334984881
4330,13.795207318221085
4331,16.945644897228423
4332,17.76958453133711
4333,16.45002603512812
4334,13.2462297701992
4335,17.66364707009357
4336,11.147155319202518
4337,10.452766168761473
4338,9.421385770567426
4339,11.17954345390303
4340,9.12772963831349
4341,20.52623406206222
4342,12.751050162138755
4343,12.11415434628588
4344,13.872644326256106
4345,11.493029311961882
4346,13.925865879926935
4347,8.14177156362729
4348,6.691034603578964
4349,7.729683072533212
4350,17.523279731272694
4351,11.14419896404982
4352,17.817004309830295
4353,15.443303254553571
4354,13.494024762647044
4355,8.962141979058728
4356,14.544260892051142
4357,14.355421324125562
4358,16.480711684923087
4359,14.84143321229417
4360,8.744642953590963
4361,10.398380258928128
4362,11.713885288808031
4363,15.622292882119378
4364,10.344795338361157
4365,14.263228274008775
4366,11.254988237304222
4367,7.784594709270148
4368,17.1586129831392
4369,8.485237418476835
4370,15.922166916375573
4371,18.73820955942079
4372,7.995183396657641
4373,16.056777646234035
4374,9.796982662445744
4375,6.5611563308826995
4376,17.13276715409585
4377,7.832229095592398
4378,12.27829073613217
4379,14.037696240257592
4380,9.025974858343702
4381,10.064984496447597
4382,9.780379642450367
4383,15.09472980332494
4384,13.13249745085738
4385,18.88573185041478
4386,9.968828586702955
4387,18.40477291225695
4388,9.729046971071392
4389,13.713926875834165
4390,14.218146310237465
4391,16.81567328071127
4392,9.191154290271921
4393,7.87217220845421
4394,13.091675824565769
4395,9.507236673564803
4396,11.55405473699362
4397,14.224162743268197
4398,12.023304269670394
4399,13.535811245366414
4400,15.058300040857853
4401,14.1936262762671
4402,11.259621531096384
4403,10.036768293208452
4404,17.41099304933978
4405,14.086910423759798
4406,17.01940462182526
4407,14.746861855949726
4408,8.217161143166544
4409,19.710001816235156
4410,9.543331867712084
4411,11.648701142138377
4412,12.081414527178355
4413,10.28793876388952
4414,16.43551210080046
4415,10.061273527986232
4416,12.898218651282559
4417,16.353552549578303
4418,10.840200681818075
4419,12.016462586630286
4420,17.594988566036555
4421,12.90503656864751
4422,13.565780745013003
4423,18.13866876943294
4424,13.549201635527343
4425,15.311005714656643
4426,15.885870043233524
4427,13.695478572634313
4428,15.359271737386946
4429,15.201169762255633
4430,13.952963576110836
4431,11.355656350256659
4432,12.709779723216267
4433,15.138049965488559
4434,8.91459884109487
4435,14.165147680312234
4436,7.876191004378134
4437,9.127772084879474
4438,15.985391481283802
4439,12.618085097885062
4440,12.69682922741814
4441,14.369053080937912
4442,7.575344764038556
4443,7.912516445694812
4444,16.42434258804046
4445,7.934099060230757
4446,8.931585779316077
4447,11.243408285885273
4448,13.88909435265446
4449,14.861105856625105
4450,14.693643568396034
4451,12.939551420769508
4452,15.552941802942048
4453,12.131116220910068
4454,7.038246105014448
4455,8.402943054504183
4456,10.712716098338966
4457,6.912599574518929
4458,15.128051142861338
4459,18.81561067512383
4460,10.370405856815328
4461,12.233355233936578
4462,15.903738684210637
4463,9.560952602169348
4464,14.97053234694086
4465,9.566579776621435
4466,7.6703440993420395
4467,15.110956757055053
4468,10.202480050499473
4469,13.124327502975445
4470,15.751485170544687
4471,9.836201448295082
4472,12.971354791969674
4473,12.93872023859549
4474,13.951716762281556
4475,18.367249256492446
4476,14.65348493695456
4477,12.00859903766207
4478,6.958057151278216
4479,15.535414028846517
4480,11.44913443908653
4481,17.035192838911765
4482,17.57671989975296
4483,14.821502835252605
4484,8.518901362012597
4485,9.05643879373808
4486,7.976070613893673
4487,12.244256793794825
4488,13.447356081142926
4489,11.318303920424459
4490,9.197240783729237
4491,8.239171178833635
4492,12.553197735638172
4493,14.674745503877629
4494,9.131537907318652
4495,12.888890031483278
4496,13.985188015412698
4497,10.12764790522446
4498,13.048004418408773
4499,11.716179505340296
4500,9.192786245425044
4501,15.889321686044148
4502,12.86918573853559
4503,8.148160179576855
4504,12.417202308644923
4505,17.042448492231905
4506,6.644974577734778
4507,14.53997061649569
4508,11.176176809952395
4509,11.85382205170809
4510,15.949173348195838
4511,6.0
4512,13.073498474934544
4513,14.20003147729735
4514,10.810760699019852
4515,19.30223589615884
4516,11.421079289208471
4517,11.550757898089124
4518,8.670703972568228
4519,12.33288390730179
4520,12.515180498332821
4521,14.111843743391294
4522,12.681063378182028
4523,15.984452529479226
4524,14.365022399792295
4525,10.963752771113063
4526,9.864550984474127
4527,15.080320893892537
4528,14.92131944212075
4529,19.534335899506168
4530,15.85046457403421
4531,16.510810506710442
4532,16.193147986753033
4533,6.757211585238056
4534,16.67338621740524
4535,13.68012755859082
4536,10.43257556264171
4537,10.283488103741124
4538,12.699383715502647
4539,7.4964203577902815
4540,13.509515764994084
4541,14.605282723016465
4542,9.952858011080785
4543,10.36664771747193
4544,15.525811255871929
4545,6.70322924361779
4546,14.33954307709146
4547,20.616487133394955
4548,8.755000281468536
4549,17.14996113572274
4550,12.471386102467159
4551,10.934374565005673
4552,13.805953607406943
4553,15.390340651803978
4554,12.035370709339535
4555,12.583798627149488
4556,12.629530212172607
4557,17.00074884963434
4558,11.465723840026433
4559,11.788624608728364
4560,18.028073849540327
4561,8.95379251913094
4562,10.623645633501221
4563,14.919986346814204
4564,10.590117298176736
4565,9.733043288852326
4566,7.621590770450186
4567,16.320783920625253
4568,11.510141276052591
4569,10.27732695322462
4570,8.489933293890765
4571,6.0
4572,16.998137190661268
4573,11.834002811016733
4574,17.28789859954991
4575,9.170585034048688
4576,6.6501147396822216
4577,7.68023492832027
4578,10.348002944795049
4579,10.93508130101443
4580,10.41098707831857
4581,12.230657820948272
4582,12.579504467483622
4583,16.817703276855166
4584,14.580706601744149
4585,9.189168601066605
4586,12.129420778923391
4587,11.796232570792965
4588,9.617831539379827
4589,11.912324028209841
4590,10.932367082841413
4591,9.867377159478155
4592,7.65745509331289
4593,11.9251618238369
4594,12.989171592089756
4595,16.62835867076283
4596,10.256653577110152
4597,15.89190577520021
4598,13.701754862763092
4599,9.447704777703562
4600,11.594540205220579
4601,10.346438117213829
4602,13.98185710485187
4603,12.051366126627642
4604,7.366883638597784
4605,11.709408262962906
4606,12.54623634648805
4607,13.149652003928923
4608,8.88121522305
4609,7.253602997964183
4610,14.336500448922608
4611,11.59806727769401
4612,11.349395375187354
4613,10.76636491731082
4614,11.441162888214972
4615,7.884015138623612
4616,9.491391751042643
4617,12.921862693977374
4618,16.284342076270946
4619,15.204010694292538
4620,9.621040777981335
4621,9.512127551611153
4622,6.426882843717284
4623,13.006595267559769
4624,6.610855397032569
4625,11.616791496326515
4626,9.646774272278112
4627,16.383060140325103
4628,8.57969455828146
4629,11.052310003330177
4630,22.130621282536843
4631,13.988682342053515
4632,16.864602840300748
4633,10.975006091065337
4634,19.60022438048308
4635,14.649994135017248
4636,16.59909396420366
4637,9.133045399636645
4638,11.71436628091163
4639,6.447699789642499
4640,12.059495815947603
4641,10.544484248757223
4642,13.30931590485802
4643,7.561935773842842
4644,11.902794209480316
4645,9.633743134427137
4646,9.569404540831892
4647,11.231314076826447
4648,15.06812331990224
4649,10.999878062790609
4650,16.354483459112956
4651,7.5316290920867495
4652,14.815175554671242
4653,11.372958861871803
4654,8.422644759277985
4655,14.20535078277976
4656,13.40866226387917
4657,18.04557702958804
4658,15.00093455227739
4659,7.375632874215518
4660,9.162678356165841
4661,14.801162067624524
4662,9.440629184327703
4663,12.993352881766707
4664,16.455025662862234
4665,10.899044136500038
4666,11.132678923251953
4667,8.160781021361089
4668,6.336708310357634
4669,13.626883101761244
4670,6.886326971218451
4671,13.245385247582487
4672,15.697426051539686
4673,12.851131998656891
4674,11.228771665872333
4675,11.690415731570551
4676,15.758432027789349
4677,6.347591121694116
4678,11.793862537575468
4679,17.384195210762776
4680,13.517161918220197
4681,14.870223178988773
4682,14.74809881899464
4683,13.717948238988146
4684,16.987542067162288
4685,13.496050187953012
4686,8.559360900158273
4687,9.586023057345606
4688,10.020960372050176
4689,17.304666778522247
4690,11.970032148638566
4691,12.193512610680886
4692,10.874809083623948
4693,12.456124575817869
4694,12.37404312342171
4695,13.069963231034187
4696,12.028879070561562
4697,15.031314082291615
4698,10.212975238171243
4699,20.972526407947118
4700,8.251907031743304
4701,14.741183798698415
4702,12.534420954350699
4703,16.626150005484096
4704,9.858919582838642
4705,7.39693611027314
4706,12.809119003067899
4707,13.417877662289715
4708,13.188915482168241
4709,8.697326129975954
4710,14.472672754843998
4711,8.144698660011736
4712,7.267600298052043
4713,11.514703945907712
4714,16.346939689517978
4715,6.398440565198132
4716,13.263904478820177
4717,16.546012709114258
4718,12.518580399470853
4719,10.41345189078852
4720,10.431108225604557
4721,8.128729301760401
4722,10.590371910074863
4723,17.975254260951104
4724,10.55145955155003
4725,12.202244723061114
4726,12.636278208659983
4727,11.041950462872386
4728,9.242674119226518
4729,12.81864190804039
4730,11.874404957846535
4731,10.994056128659768
4732,17.893449209247972
4733,11.443134511933927
4734,11.27797302829086
4735,11.212619481426088
4736,7.096012396786335
4737,7.543336179618278
4738,19.001942041470592
4739,13.80509326137011
4740,12.475256255959762
4741,12.058367418902424
4742,10.460554519826916
4743,14.781445324383753
4744,7.971629742907046
4745,13.4950660786755
4746,8.854034664195224
4747,9.192421978703562
4748,12.019404541075406
4749,15.88449095856703
4750,10.04560894257031
4751,13.15761177847624
4752,16.678442451431785
4753,8.469004783543967
4754,12.401146310081767
4755,6.243369109567348
4756,8.580419803149042
4757,10.039325494920353
4758,12.6798073113965
4759,7.393822668599762
4760,8.514995688164882
4761,15.521130202087102
4762,12.09266662532757
4763,13.340377355488961
4764,13.919593580820203
4765,16.366552657263536
4766,11.893346798435207
4767,13.044387302430813
4768,13.601448768431851
4769,11.634045632589569
4770,11.474991705665788
4771,14.65818999010817
4772,17.846491646992824
4773,10.42421484030787
4774,7.093002496763397
4775,12.820863639738043
4776,14.206257053129974
4777,14.247158986578707
4778,10.98168813971099
4779,12.690074845456735
4780,6.428440960783321
4781,13.446456155117728
4782,14.609786230920008
4783,12.484735133348245
4784,15.77335631311289
4785,12.287810265417532
4786,10.603932774918563
4787,17.397527566085948
4788,15.90207373041997
4789,8.83205984542799
4790,7.650761519425673
4791,16.117645166413425
4792,21.496175935619434
4793,11.786084048516358
4794,14.51623990659864
4795,15.995232082391151
4796,15.025132404790064
4797,10.530038174379307
4798,18.09085086421255
4799,15.118656622297799
4800,8.139018263913936
4801,19.48521811885095
4802,9.891657632354157
4803,7.391676814553287
4804,17.780753102465464
4805,6.245628309906896
4806,8.11041260241121
4807,10.171275243273387
4808,16.653662249222467
4809,14.180531689670566
4810,8.137334171884177
4811,16.334016270077814
4812,6.9956919380947555
4813,11.158044649460166
4814,9.880871815664086
4815,16.19374449611816
4816,12.448645667248702
4817,13.917827136417154
4818,7.9376632187464935
4819,6.529931226296829
4820,7.704313218971678
4821,14.57728118963211
4822,9.591838015835036
4823,8.12758970952674
4824,9.758686307856737
4825,13.188494095024543
4826,9.050664960163429
4827,8.837751698247668
4828,10.840314460175357
4829,13.154391127007093
4830,7.417220449585647
4831,12.958617226250801
4832,13.933404890575378
4833,14.340576541749282
4834,7.425683348627178
4835,19.9249548034432
4836,14.304003242334948
4837,14.451216802888865
4838,13.042267881996253
4839,11.108493394114749
4840,13.13155771239175
4841,11.08677037926999
4842,19.62579610480717
4843,10.485580809618273
4844,12.305092508416127
4845,13.10810250187536
4846,10.594711770865421
4847,11.619857424026915
4848,11.879304900261717
4849,6.95892930106186
4850,8.121688212410652
4851,12.225977450458732
4852,16.60966838323017
4853,8.29882166340524
4854,10.473994204400626
4855,17.225905735589727
4856,12.975495972975438
4857,14.738534490816411
4858,11.143564952416963
4859,6.759802429122622
4860,8.138455561457796
4861,16.455202792955802
4862,12.388069720402541
4863,7.080381515255418
4864,18.09424093084278
4865,14.333990630718619
4866,12.321812099065527
4867,10.349309861478126
4868,15.887426618254208
4869,10.266887582495285
4870,6.924540274391463
4871,13.666856460222538
4872,10.579816069711843
4873,12.806498434517405
4874,10.41718682885312
4875,10.996652318567962
4876,16.41567263845274
4877,11.322050620625248
4878,6.370997754363961
4879,16.203906199355572
4880,10.352466999448392
4881,11.924568754709423
4882,6.901470813400612
4883,14.72746319929028
4884,10.46869182052318
4885,13.919671829764066
4886,7.147953637362253
4887,11.187546226356309
4888,20.986986244536453
4889,7.229227078545535
4890,8.057231237718227
4891,10.271577186353426
4892,11.359848699636753
4893,9.898746610908418
4894,16.795220753577414
4895,10.353823805668439
4896,13.517547564368295
4897,8.748823466045556
4898,11.164595013730958
4899,11.147493663194515
4900,11.251640331935652
4901,10.92700691633865
4902,11.53536255483232
4903,13.217038123548909
4904,15.272219863957954
4905,9.051711183617888
4906,11.121627174014513
4907,15.944098510994511
4908,7.770148064586712
4909,10.748002014400972
4910,9.40609981624778
4911,14.564057974335448
4912,9.663879303804295
4913,12.113461767339972
4914,10.626537072481863
4915,12.799307075022622
4916,11.34337738794304
4917,13.283958478248554
4918,18.11383685203148
4919,13.096224589084205
4920,18.631526062924124
4921,16.537912394995992
4922,13.875595176752716
4923,11.550851700204204
4924,14.7706726774892
4925,11.512383923342721
4926,13.845894136315522
4927,14.327458336658328
4928,15.220003696604405
4929,8.82331971943269
4930,16.2910463206817
4931,10.479823446894802
4932,14.099731577840954
4933,12.171275939863708
4934,16.373021615399544
4935,7.46118404291354
4936,11.689726456321582
4937,10.255923198132091
4938,7.933717330018045
4939,12.520266148079477
4940,16.145559462837134
4941,14.978435900654489
4942,15.840534886305022
4943,20.93777831958275
4944,13.98304339218181
4945,7.108683784188896
4946,10.071992087110333
4947,8.340118766286473
4948,6.386646170166527
4949,10.27254707218652
4950,13.484798259825455
4951,13.272396599866092
4952,9.545252906791557
4953,17.007102534193304
4954,13.148842729829273
4955,15.401963701314273
4956,9.024862387787413
4957,11.516057668989818
4958,11.076155124518364
4959,10.919000766285764
4960,14.84764076489954
4961,11.46936908560719
4962,13.086152564600681
4963,13.840394453531903
4964,15.033677932388555
4965,9.452756317515107
4966,8.81133941498662
4967,7.971755379929688
4968,8.463239512889048
4969,11.076749573480425
4970,10.977633904205248
4971,11.971720300244666
4972,7.285264798501117
4973,15.539201472026607
4974,12.39525290037107
4975,17.81540590822256
4976,12.928150809639622
4977,13.096740738050578
4978,6.847451063404505
4979,9.181886351624684
4980,6.850290865052832
4981,12.52925120188244
4982,10.59104827008643
4983,14.82442314104079
4984,11.706330084974345
4985,10.174669127120547
4986,18.12297184594293
4987,19.317251227087567
4988,8.540083286613728
4989,15.13533330754562
4990,7.427134782927812
4991,10.54545256617536
4992,8.65787921749328
4993,10.365151241164616
4994,13.029266447078026
4995,10.655804888113279
4996,12.865985531169281
4997,12.951299016732726
4998,14.684654079094264
4999,11.053685975352984
5000,7.183636559939407
5001,8.504917805995195
5002,10.94843260725679
5003,12.60317316507768
5004,8.812587637049777
5005,9.933049658899284
5006,15.637223901078599
5007,11.87846663752009
5008,10.777982686905323
5009,13.491793592944296
5010,15.451744234824131
5011,14.746850000854597
5012,13.74804601083629
5013,17.48874334944082
5014,11.483966518472789
5015,6.730667118584892
5016,11.785790489175188
5017,12.440643540401785
5018,11.647986148844652
5019,9.847889705386798
5020,16.769165663115043
5021,11.035445256941152
5022,15.246842278677631
5023,16.43056406745253
5024,6.32844565459951
5025,7.369512769217582
5026,13.789483365898732
5027,12.962517158372453
5028,15.944897242223686
5029,14.222756518850893
5030,7.341135513481235
5031,14.032140890076644
5032,18.414616104905438
5033,14.792951278865715
5034,14.49707526791971
5035,8.498753517230917
5036,18.05618012473891
5037,9.815738099612933
5038,7.946639290249122
5039,13.558445185185592
5040,14.849437190706736
5041,9.572963576980614
5042,12.107113856976458
5043,11.18379526782884
5044,9.228089941456846
5045,17.791807872723915
5046,8.591907633906779
5047,11.098311807073268
5048,7.6746994333823455
5049,13.924942709780474
5050,7.796138402380385
5051,14.187122233881052
5052,11.32392978784837
5053,14.486500739496378
5054,12.50250576340206
5055,7.108311750509156
5056,12.266766943447616
5057,12.305926033843027
5058,15.298082466560277
5059,6.984518419897746
5060,9.527477103677255
5061,7.128911797282897
5062,11.878940645764786
5063,18.2776948031004
5064,13.025497033330009
5065,14.669292608440031
5066,10.042641445213075
5067,10.791499658590544
5068,8.81434707429306
5069,10.164417273840487
5070,12.108713321744766
5071,11.291360405965595
5072,17.769035424364716
5073,12.50466166327578
5074,15.81181962496474
5075,16.3280057839628
5076,11.135880132947266
5077,7.17980318883917
5078,15.097130636976118
5079,14.15313793960527
5080,15.045841647387148
5081,13.18043820668164
5082,14.365739501983745
5083,11.68821370066706
5084,15.586517635034488
5085,11.147333254342813
5086,20.22327733207784
5087,17.161208958347494
5088,12.114481643167647
5089,16.344025935206385
5090,7.865808446117629
5091,8.130387318220922
5092,8.847268141238866
5093,13.279042437836996
5094,6.7108870817491795
5095,13.003239364440772
5096,8.219410617815797
5097,15.308330259951926
5098,13.327730732337855
5099,11.837194948207294
5100,15.186265668515063
5101,14.240951304574526
5102,23.122802237450546
5103,8.448480731900936
5104,9.497328901915475
5105,10.933967187386514
5106,15.832731835388763
5107,12.0267674481905
5108,12.53688378934796
5109,18.14945466081503
5110,17.38635500315693
5111,8.959263839592808
5112,7.379726303562005
5113,11.608512752584272
5114,9.107868224643292
5115,14.281093481165906
5116,9.173965625589421
5117,14.984017685351573
5118,7.020530290360053
5119,8.212590157036336
5120,11.696309423646236
5121,6.830552282167009
5122,16.393894828113588
5123,14.909547460789632
5124,11.320010554864792
5125,17.365665952499214
5126,14.452608141187365
5127,19.40935008136107
5128,9.417626621794083
5129,17.074778207921703
5130,8.99440356357176
5131,7.147968735977407
5132,15.982035570748788
5133,7.261018314885504
5134,15.817512646444666
5135,11.306114753023767
5136,10.885264528085546
5137,11.253522502738893
5138,11.221902973175778
5139,15.365022508978102
5140,7.369545908403615
5141,13.61043412588705
5142,11.009048792731809
5143,9.95890912582105
5144,9.644414155282446
5145,15.517248286351421
5146,10.14833837308853
5147,14.566198237608619
5148,14.880721821633175
5149,14.128280251461346
5150,18.00518555794794
5151,7.6455479469412015
5152,17.834271949105073
5153,8.500305428727426
5154,10.120700806305257
5155,14.669851798980089
5156,11.10491283225807
5157,11.947802043828649
5158,16.514359371883142
5159,15.256896972139504
5160,11.370078795031791
5161,9.272853414341188
5162,17.50881910735969
5163,10.159191254713761
5164,11.486804198574958
5165,15.474998402409629
5166,7.796599145224758
5167,17.686904737865387
5168,11.001310848089084
5169,7.86382638778902
5170,13.517641196502003
5171,11.814207529710583
5172,7.48639902841009
5173,10.644435850936453
5174,14.769455723630921
5175,11.499845119314674
5176,11.691866030648537
5177,8.736289457887723
5178,11.809370251367092
5179,9.326688275673328
5180,7.874961930237587
5181,13.7618293298545
5182,8.84081730354355
5183,9.851025089540698
5184,7.343334320736081
5185,10.74071228700313
5186,16.439735679652923
5187,9.880050886736875
5188,10.849110855448487
5189,7.683630459375443
5190,11.6313401251745
5191,9.732884234435893
5192,8.906989855468916
5193,10.164641088996918
5194,17.069938578236563
5195,15.089086813642973
5196,9.947109010887237
5197,11.932509135130488
5198,13.82760473610308
5199,11.45301985135681
5200,15.908381179444333
5201,17.262935389488575
5202,17.526744632698673
5203,9.31049974669698
5204,8.541573402132732
5205,12.567104808195682
5206,10.345032840839007
5207,13.106285165403019
5208,15.033833668120286
5209,15.049837494513582
5210,11.721355219979412
5211,8.939728732501408
5212,7.400857511219867
5213,7.293163173103798
5214,12.906748742387869
5215,18.35037266154915
5216,17.548209524269335
5217,14.601682499415105
5218,13.843064912815414
5219,7.633636146508253
5220,14.868880830338647
5221,11.97105763484008
5222,14.564855958802525
5223,13.765336814694333
5224,7.497829612660578
5225,7.69576627135306
5226,10.35983741346801
5227,7.132159547700633
5228,17.56013927405818
5229,12.602322317905491
5230,11.937799210298651
5231,13.855955792888686
5232,12.54338427038315
5233,17.708110920517054
5234,10.277363671989416
5235,9.180209395399519
5236,13.780079079444594
5237,13.052427280853724
5238,17.68786802422802
5239,10.521626143107529
5240,15.338896154239187
5241,14.673082749274363
5242,11.514001422032663
5243,9.638206697084675
5244,13.429174903462108
5245,6.27402497492251
5246,11.385289988656789
5247,17.126966283397735
5248,11.05313519626481
5249,10.06255796538899
5250,14.316760886965046
5251,10.245124044685289
5252,10.669033964799096
5253,13.950461043435263
5254,14.150793267241417
5255,14.728643024982096
5256,8.402723326212211
5257,14.282543262203541
5258,16.712067069137838
5259,9.853733561335982
5260,13.111060752370502
5261,7.359714178704573
5262,17.068177719127533
5263,15.5323354394314
5264,9.50628657643268
5265,7.451902215501706
5266,12.378466660103385
5267,14.677186034927928
5268,11.21055855689399
5269,12.017619964794923
5270,7.983642550025815
5271,12.126526075568709
5272,7.500492299242225
5273,14.706813051681994
5274,10.430229015921428
5275,13.85457262426074
5276,9.510553699918319
5277,12.452260565162971
5278,13.119333897176361
5279,12.937448082683584
5280,13.510332939306567
5281,11.407288287162181
5282,9.264519475799734
5283,11.221647559304005
5284,11.37088561609424
5285,17.452227337860506
5286,10.946848590549092
5287,12.268340725679195
5288,16.899257522612533
5289,16.811129543060172
5290,14.516218074105964
5291,7.835262607099434
5292,10.458875833277567
5293,16.54443144757942
5294,12.173665429201401
5295,13.461480275742932
5296,11.0720149779108
5297,10.087005326330575
5298,17.581549383074794
5299,11.915459278851996
5300,11.549710228528719
5301,12.241922636355184
5302,12.611316566737468
5303,15.333351360222665
5304,10.0092186678758
5305,10.426763918270064
5306,8.632816795855009
5307,17.515319778197032
5308,9.848295256489308
5309,10.647512529638965
5310,9.32131480883583
5311,8.225793299016031
5312,15.142156226020084
5313,15.444203957957367
5314,7.752221976392784
5315,7.09402356340593
5316,8.000463268181328
5317,17.49470249608937
5318,14.50313795721672
5319,7.568733512844837
5320,11.215248398493863
5321,12.109117611808195
5322,16.1953020017627
5323,9.497960668837612
5324,13.975022779820508
5325,8.177454973102895
5326,11.152421975489558
5327,6.00924306407172
5328,14.641480913786129
5329,14.151019491717069
5330,9.015547643452791
5331,13.489582126630657
5332,10.487007155347003
5333,6.774048235537998
5334,18.93424103725641
5335,14.306398607314838
5336,10.170651842933578
5337,14.592794959026056
5338,11.20821530742803
5339,6.0
5340,8.057027998316688
5341,11.99767810233885
5342,13.455633410159063
5343,12.664951752048747
5344,6.5219758217455155
5345,10.612665084434557
5346,14.15589365874318
5347,6.441942269986381
5348,9.00758373671764
5349,7.9419766504236
5350,9.94166725780358
5351,11.268905760808932
5352,11.561145496777213
5353,10.166231045176362
5354,7.179178369743543
5355,18.069551827348704
5356,13.707212777000834
5357,13.062042430212703
5358,11.436018166725939
5359,10.502815297429471
5360,10.456090804419977
5361,13.79342609636833
5362,16.611534733540925
5363,9.391021578806566
5364,8.401117917341919
5365,13.76769098069801
5366,14.321579571564978
5367,13.293231740484606
5368,12.514779967873775
5369,16.344994144557592
5370,14.3637926820797
5371,11.85172268179125
5372,11.895658161190543
5373,13.944473300979626
5374,15.428318485424153
5375,17.575569778272072
5376,13.185850247247231
5377,9.189524898939599
5378,12.467713023703107
5379,10.111414952071708
5380,14.129665783859778
5381,10.838582187255083
5382,13.762429660065155
5383,12.289216081119235
5384,10.301705110217135
5385,9.780848181534324
5386,13.155069834211705
5387,12.170152708044888
5388,10.685280203103627
5389,9.775390275876875
5390,12.034792651837167
5391,13.575301253483232
5392,11.046612249882463
5393,15.822901012078093
5394,14.237276189720742
5395,16.51443439834185
5396,10.922415628626654
5397,14.23275327297544
5398,15.36686244541016
5399,6.059412419606884
5400,12.288917753225004
5401,6.337968954917112
5402,15.970830234246307
5403,9.496407866218545
5404,11.460947415965705
5405,15.729480370785389
5406,10.69454255335814
5407,12.208099207869378
5408,10.179469672466398
5409,7.096025326135619
5410,13.503055756622144
5411,10.361305536601765
5412,9.302548506600036
5413,16.226942672680476
5414,16.58268669038197
5415,6.0289918603935995
5416,15.026485337949968
5417,13.02524702239229
5418,18.166413996538445
5419,9.42081592729027
5420,12.762007720252655
5421,7.967255921989375
5422,10.959691283067803
5423,10.694435768654714
5424,10.349177345272562
5425,15.864843112898551
5426,17.815816026738506
5427,7.337972974822314
5428,15.720060393819839
5429,12.785374982110636
5430,12.164151578629577
5431,11.100988692649135
5432,9.94874087961014
5433,18.83395711658907
5434,18.720768917164158
5435,10.042235606733954
5436,16.081378277956492
5437,8.681039744561458
5438,14.444342166192286
5439,7.642303801021587
5440,18.836541914891356
5441,7.200058815028957
5442,12.048746656942477
5443,12.826057260748566
5444,15.829310924848574
5445,15.398685131848929
5446,12.599327885915244
5447,16.346750573107137
5448,20.15117920570791
5449,6.7913131494814305
5450,9.524818640052334
5451,10.132436455567408
5452,6.898134172814228
5453,9.52557168879564
5454,14.60348713077044
5455,7.4154618758631985
5456,12.772957500571824
5457,7.7660694220671855
5458,9.696673061732223
5459,22.47410014191938
5460,15.434886520424584
5461,14.647736974947469
5462,12.483856449023602
5463,10.983084463743658
5464,8.001744153453794
5465,11.505206502439545
5466,8.27957345118171
5467,8.016878667518874
5468,6.931002822923107
5469,15.979676851107538
5470,13.965240213092615
5471,13.464979167211798
5472,9.546227668829632
5473,14.042268008996908
5474,8.041383030953607
5475,11.574187532217557
5476,10.431291187373223
5477,10.645447432900749
5478,8.143631292940517
5479,11.224808238468714
5480,9.627238052705248
5481,11.504420522704628
5482,11.322354528388473
5483,13.236304216888534
5484,8.371388726694594
5485,10.208877783239956
5486,12.470936188731514
5487,11.813526891363448
5488,13.413417471343138
5489,11.10724417691751
5490,12.390053438324117
5491,15.167220636359897
5492,12.56111929260981
5493,9.834869275484976
5494,11.672119172800798
5495,14.566650474337218
5496,14.07022306359223
5497,12.83153070036093
5498,17.18659715516643
5499,10.689456249197189
5500,16.48919208864605
5501,13.29188599612674
5502,13.92672046410908
5503,6.401707882390408
5504,7.630886772039515
5505,15.472423443937096
5506,16.23298236841911
5507,13.663981013034896
5508,7.373062812770648
5509,14.371088070223708
5510,11.178854209245197
5511,8.84420352174498
5512,10.783212613849559
5513,7.153626058280315
5514,10.613264232129293
5515,13.63032641644457
5516,20.046927224613306
5517,7.414473924144453
5518,11.305013198626082
5519,15.5618098800362
5520,13.694628945225592
5521,12.21942965882808
5522,10.595419652759855
5523,9.411651658895837
5524,6.958500525104969
5525,10.879284055874068
5526,7.266666826565018
5527,14.457213870932055
5528,6.576819375398994
5529,13.942812287741257
5530,11.279203221535447
5531,10.972887164381007
5532,10.870557685918467
5533,14.063958888731996
5534,18.251776032794787
5535,15.663821994916914
5536,10.136019700505516
5537,14.201534270638234
5538,7.8153927557934
5539,12.7466188974579
5540,8.226671111785656
5541,7.945332868378744
5542,18.634928221962788
5543,11.928483318625052
5544,13.670658096810834
5545,6.689845975530931
5546,6.782214261155133
5547,16.88727679686575
5548,12.592632974192167
5549,16.00492476984279
5550,13.637416801439244
5551,7.195174944797139
5552,15.645847320131924
5553,14.614990331127423
5554,9.119288631227889
5555,10.160740746477412
5556,17.504372552559932
5557,13.694014770372183
5558,11.391697952529288
5559,10.293203300052781
5560,15.151116014564423
5561,14.160207601039764
5562,17.239222202704838
5563,6.289269285559163
5564,16.896336462563003
5565,7.122973180106362
5566,13.487502302455596
5567,8.060289418117783
5568,8.776089332437072
5569,14.306601249301302
5570,13.585505479677707
5571,7.242268753561241
5572,10.646380437732113
5573,15.360045602384357
5574,14.710660786363773
5575,14.098701216647916
5576,15.204529865833988
5577,12.18534639513727
5578,13.959476933417108
5579,15.047926336470756
5580,13.76514373936735
5581,12.37490450536598
5582,13.220658225196187
5583,14.244323315127028
5584,16.694171762448914
5585,9.502283740233862
5586,13.375656771851506
5587,13.285243265984759
5588,8.744771987051923
5589,10.20526585365831
5590,11.199601300951045
5591,10.262318083904837
5592,10.597171834474992
5593,11.486732681266027
5594,16.674383493309918
5595,11.104203902605036
5596,15.826216096309292
5597,15.037039286715851
5598,16.409445780649072
5599,10.204232842521732
5600,13.753703456710888
5601,11.789292617675187
5602,14.521579210756665
5603,6.31921644848156
5604,10.343098769838049
5605,14.057733176469371
5606,6.827706829857405
5607,11.33652780154969
5608,19.284560228080775
5609,19.149415550548078
5610,6.1930846794932375
5611,12.037124428583509
5612,14.804501532794056
5613,11.72079776112601
5614,19.394899180261593
5615,13.980874395336683
5616,16.117529427791865
5617,20.859067003832777
5618,14.739479789141239
5619,16.492671766548796
5620,6.909615926477474
5621,6.998540194317081
5622,9.431143620389175
5623,10.647013054660452
5624,11.08626290602565
5625,17.617130650335273
5626,7.013504061009386
5627,14.97296094546886
5628,17.710536718995524
5629,11.573139914702818
5630,10.226849026161055
5631,17.270615443758253
5632,10.615444551167043
5633,12.997478752132237
5634,11.185765812000113
5635,12.904417101611102
5636,7.518081428576991
5637,13.492588472790874
5638,10.71517285731036
5639,15.70729017706127
5640,8.873089522722456
5641,17.083138717493174
5642,6.660920428630362
5643,9.237350882834845
5644,12.611027380506695
5645,11.16423580932697
5646,14.229865467879828
5647,13.058918221100008
5648,15.914816126371345
5649,15.236489400932673
5650,7.032145120370458
5651,10.694052493612958
5652,13.683985930381752
5653,11.11956342316939
5654,12.569133920513423
5655,11.723928524809331
5656,10.932197755837144
5657,15.152864822925805
5658,10.020466087441623
5659,7.431679735016926
5660,12.167781802694531
5661,16.43644512525238
5662,14.107849970811401
5663,12.802706464397168
5664,12.338020090177476
5665,13.938208573914439
5666,11.727339616227734
5667,9.866850690659874
5668,6.551619169496046
5669,12.91941119242935
5670,13.236560220882502
5671,7.540957750521288
5672,16.016473529554688
5673,20.30606583885391
5674,12.237783834277788
5675,15.004401636195507
5676,7.076923039467924
5677,13.413634474737464
5678,8.920687389938212
5679,17.15644274326981
5680,14.96491011422395
5681,12.351408521134834
5682,7.6557181876425435
5683,15.329523532978683
5684,10.763293448138501
5685,10.78444345373866
5686,13.815504696149308
5687,10.51914328768423
5688,13.256164376650913
5689,12.094581407236989
5690,6.845357217645549
5691,18.246790931047542
5692,13.64337055654084
5693,8.51509476945479
5694,15.542585308341843
5695,10.41222696799122
5696,6.6776830661664945
5697,21.276177147498363
5698,13.090522802897425
5699,9.832853898626487
5700,9.45481630267402
5701,14.242702336780809
5702,16.730558606709785
5703,13.734196439295191
5704,18.382444145592466
5705,11.940423920487039
5706,16.02457039558735
5707,7.402059943375291
5708,12.630347149387473
5709,9.795454490517228
5710,17.49984735647567
5711,15.407973593913873
5712,10.967939082117752
5713,11.54578413693096
5714,16.43099081555675
5715,9.410926551222905
5716,12.785734719973844
5717,10.964857055727323
5718,11.46295641855787
5719,15.246502634096469
5720,10.764084479554326
5721,12.372183353018265
5722,12.065312057708574
5723,14.377596561018281
5724,19.492099501516062
5725,15.411494415438336
5726,11.23261070072127
5727,14.669437426052884
5728,14.044059442017272
5729,11.202774500294751
5730,7.6667443849223655
5731,18.458258783500582
5732,20.04121082309222
5733,14.293623402207063
5734,14.500503031978335
5735,15.369341848311702
5736,7.9352839236790835
5737,12.492830471744641
5738,8.00494987378239
5739,13.094177804732798
5740,14.508502728476131
5741,15.022276881614543
5742,13.679845972516095
5743,9.481979094581884
5744,12.810284423718844
5745,9.309759156108449
5746,18.015571148916255
5747,11.894334739160039
5748,11.946457332493559
5749,6.053434660896036
5750,13.165878243958215
5751,9.589510882055322
5752,7.754188181664351
5753,8.59502733180936
5754,15.420285959484742
5755,10.54966903270383
5756,9.816465877213695
5757,11.1742099868182
5758,7.925422589362471
5759,11.216554731193426
5760,12.758770640081684
5761,14.320385680920404
5762,11.220507277912873
5763,14.634808472075623
5764,16.789865861066414
5765,8.788401099857403
5766,8.245497904797332
5767,7.391113810044519
5768,13.075088143732646
5769,14.864256740884906
5770,7.061193295413401
5771,7.695518420155196
5772,15.110286681202153
5773,14.150120363479994
5774,11.190611933446032
5775,18.15576978758331
5776,12.070072790586144
5777,15.471560007437915
5778,14.462203586361714
5779,12.701411832987876
5780,13.88898961989331
5781,8.288248581339536
5782,11.46706198952833
5783,10.403717715554638
5784,14.847614851280284
5785,17.630964225430553
5786,8.339767461322559
5787,9.025719981897039
5788,11.93915422113599
5789,12.46470812377734
5790,15.339330332764854
5791,11.501963972103555
5792,15.660375136838894
5793,7.67760231573464
5794,13.335304864130991
5795,15.919654938728135
5796,15.24347662953322
5797,9.896019267138481
5798,14.349381228573852
5799,11.600311911922406
5800,15.81005285484492
5801,8.46816797943286
5802,10.497075856387765
5803,6.2893896281878785
5804,16.166330276356785
5805,11.28574321727811
5806,8.285522381477001
5807,10.8798876488773
5808,16.461384205817893
5809,6.207108679786687
5810,12.841129296559286
5811,13.02229429569873
5812,17.806332816517134
5813,9.309709157928761
5814,13.758645993992193
5815,14.863765729145896
5816,17.72504936303486
5817,15.42618935798516
5818,12.855850356472299
5819,10.398909279654012
5820,16.177595002327656
5821,11.033682599423402
5822,17.476700679436735
5823,11.021601428551591
5824,13.293499442639014
5825,12.524711284813836
5826,10.790535983500796
5827,15.977754723320633
5828,10.75350655944462
5829,12.062774255499242
5830,9.912373500474278
5831,7.419741436960633
5832,10.749241913635814
5833,15.96559172763316
5834,7.578998158759953
5835,14.903044286186658
5836,7.811822080056624
5837,14.375566009915842
5838,15.512720161018347
5839,7.7180960060181985
5840,13.741257396624995
5841,8.845480070011055
5842,11.518711033919123
5843,10.701386501542938
5844,7.433609578297139
5845,15.284089210478843
5846,14.04404635326716
5847,10.552507276886121
5848,10.815101240175704
5849,14.249456225934722
5850,9.29369264442597
5851,13.608347269651638
5852,10.040456254754519
5853,10.03317445922237
5854,10.587807825929996
5855,13.209783023115236
5856,10.851885108170855
5857,15.814872550015696
5858,16.624077086805666
5859,15.587167058658483
5860,11.052022202752367
5861,12.785360781995324
5862,11.517712668006574
5863,9.793581169898019
5864,15.644441143724613
5865,10.350626298452429
5866,11.180274942884385
5867,14.942286830808825
5868,10.14339910365944
5869,9.738347131889578
5870,8.153274453280071
5871,7.392710815719975
5872,13.740998452747943
5873,14.488280843595211
5874,11.476432679867951
5875,15.460419019161257
5876,13.221134610468145
5877,9.04286217716555
5878,10.94389356463728
5879,10.476663835008626
5880,16.87739170085469
5881,9.120841269656056
5882,13.842117431743818
5883,8.755506600552
5884,14.493147274103007
5885,10.614257546331038
5886,7.458140470578735
5887,11.903878300074112
5888,10.173038663122437
5889,15.91291978558757
5890,10.966382903429508
5891,7.30736356244082
5892,8.253993993616064
5893,12.195262600755637
5894,9.045556839209883
5895,17.78607072890117
5896,11.400129750940865
5897,16.41004344291513
5898,12.38086453157301
5899,8.263408531426373
5900,7.378048974486258
5901,7.637548998162759
5902,10.409943425857493
5903,11.238873680155079
5904,15.484193253139805
5905,18.017674992698996
5906,12.115363043318135
5907,10.61953952014693
5908,14.267684551567372
5909,12.838276812875286
5910,15.643345862331813
5911,13.859547046545725
5912,17.991172420872513
5913,17.231583898341192
5914,6.094520546558093
5915,15.786855654799261
5916,12.7133045863344
5917,12.310490546550756
5918,10.099372857973071
5919,9.42198984619747
5920,9.368851498827334
5921,14.937871236822192
5922,13.251757101041186
5923,14.017625752603124
5924,12.935092274769712
5925,7.859538823404186
5926,17.223414487317644
5927,8.843401799296611
5928,11.234059359711965
5929,7.185524148378949
5930,8.889333004300441
5931,20.386270915954825
5932,9.004445063015993
5933,11.662586939569827
5934,16.190073432495915
5935,16.69280080655332
5936,12.872733383135072
5937,11.62290106194794
5938,8.323474524120236
5939,16.041240212425826
5940,13.184235699344805
5941,14.794002462459533
5942,7.054170991632593
5943,10.05178715269844
5944,13.019680760860062
5945,11.833599600956688
5946,10.63326798994998
5947,13.995115007444907
5948,11.591141351364085
5949,9.846509003288398
5950,15.76392184901184
5951,7.100054542781152
5952,9.008657990253203
5953,12.224828524838577
5954,9.53850837546002
5955,14.150755528565746
5956,11.85570194948335
5957,13.666404769398886
5958,12.770673861904811
5959,11.987968352247115
5960,7.00305552929258
5961,6.073435634235812
5962,10.56054248778135
5963,21.189169239819407
5964,12.491187421119994
5965,9.822759696301846
5966,6.0
5967,7.396871735692404
5968,7.348223513152606
5969,9.867715096402545
5970,16.936235924499506
5971,12.45003644797809
5972,18.61822233296688
5973,10.875644145602209
5974,12.512981082870166
5975,14.267973896614572
5976,11.550083493779447
5977,15.614425478064582
5978,11.50941602361191
5979,15.867884918181753
5980,9.612334884366557
5981,7.735090576840239
5982,9.641841738974252
5983,10.460845184427289
5984,9.184573977635212
5985,13.072257779984511
5986,8.709396547838159
5987,7.119935094040192
5988,8.078855397505388
5989,13.310967559892543
5990,13.846609412564494
5991,8.862104429419146
5992,9.32340290161487
5993,13.751644733952366
5994,14.667787327985135
5995,8.550112959637824
5996,12.948928933812404
5997,11.401046375320885
5998,8.121162360331404
5999,15.13765443243809
6000,22.083183252154864
6001,10.81582292861238
6002,6.339531240362088
6003,17.452675823121535
6004,7.783727418288903
6005,17.320969413130392
6006,11.021147021747794
6007,9.335046955717008
6008,17.200085513923753
6009,12.480628503216037
6010,13.412325772295961
6011,15.64041082289581
6012,7.552167777864032
6013,9.715763958660002
6014,11.774255449242272
6015,8.306379391825097
6016,12.137003455471348
6017,7.130408538997953
6018,7.331254402308286
6019,7.140715939038442
6020,16.608928775973954
6021,12.587864456298137
6022,6.891979900260346
6023,7.059546027978818
6024,13.36025622015156
6025,15.67004850956334
6026,13.322315763837183
6027,8.505806989598304
6028,15.090485651826864
6029,14.409699275663423
6030,16.556292625947854
6031,15.422930536066309
6032,8.616655459768413
6033,7.180494094702567
6034,13.261524991691687
6035,7.836092623396437
6036,14.660569551327857
6037,10.072482441452333
6038,10.171417697490497
6039,14.22918552142697
6040,10.059116239698154
6041,11.900477647863646
6042,11.309110406165122
6043,9.977278441715173
6044,11.17139563620871
6045,13.59643048256218
6046,14.911331849365952
6047,11.101642221099379
6048,11.343489292477601
6049,10.654455382556161
6050,19.201887842157685
6051,10.993117255070121
6052,16.388430685004785
6053,16.247938919744332
6054,11.762571230890364
6055,15.915396653692348
6056,20.103041765577252
6057,18.923287631193475
6058,11.280002611301843
6059,9.769821574354555
6060,11.763181272431199
6061,12.793150506414644
6062,16.389839417170148
6063,14.46085808745461
6064,13.891936760235138
6065,17.441293770779563
6066,7.407335455713639
6067,18.220192266097264
6068,12.341145671073704
6069,12.783271818925293
6070,13.742983269231255
6071,14.384077192860698
6072,11.952402937321061
6073,8.847844568796992
6074,17.5693912115699
6075,7.657029580628903
6076,6.6589317114392985
6077,9.67407712515465
6078,6.316590705459797
6079,11.134008546432913
6080,15.54249021576268
6081,10.722738837638808
6082,10.532693512194264
6083,13.175601043437107
6084,14.864302534500343
6085,9.590629493152052
6086,11.838932195224352
6087,13.460011288650506
6088,6.256697150177192
6089,17.755605102195137
6090,7.390863012419935
6091,15.304899510420288
6092,9.211576969206797
6093,10.796881022265664
6094,12.849160972982965
6095,15.92018185500102
6096,18.762394446881878
6097,16.17019137924521
6098,10.315396016147632
6099,11.716088042738317
6100,9.289447411197253
6101,11.291506979295699
6102,13.305890836510898
6103,13.326403206581247
6104,11.748522016351155
6105,9.324982969154064
6106,11.142401517910914
6107,11.502776606694527
6108,14.924207041455825
6109,10.448413200505213
6110,8.648986485990953
6111,14.510717607675153
6112,13.173888650782493
6113,8.538275885843722
6114,12.819370662339997
6115,6.9827441566853805
6116,17.45911569769955
6117,10.013251326406838
6118,9.486253643339989
6119,15.926848983204948
6120,15.613032516187257
6121,11.584957889444581
6122,17.64050308874357
6123,10.05813482749974
6124,7.76735610191513
6125,17.78857439171554
6126,10.12229949122107
6127,11.011423257106795
6128,10.46862221562862
6129,7.6855920932587445
6130,12.636249941673265
6131,6.599160087425863
6132,12.208298070043464
6133,7.8520146048111155
6134,11.902920116801988
6135,12.65986109012292
6136,7.074215074332455
6137,7.33576829823242
6138,13.175735753928002
6139,9.81547990803442
6140,11.572394836406628
6141,8.115465652951187
6142,14.439419559380251
6143,12.58577049273218
6144,13.216555092633541
6145,10.279322868412388
6146,13.122647354678211
6147,15.714521042520904
6148,17.99616109816329
6149,14.28766943976827
6150,6.30328206668465
6151,18.262598231615094
6152,13.121487082859812
6153,11.145227643965217
6154,15.327591574253074
6155,14.107339731037724
6156,12.702112433535127
6157,15.129705802240922
6158,12.782525439352355
6159,11.18187923645638
6160,13.03021936290197
6161,10.196083536649915
6162,10.16906727163052
6163,9.593044691540872
6164,12.519807070583335
6165,14.811668745254
6166,12.311870619043976
6167,12.105008867734012
6168,9.785445390701591
6169,12.489567834282319
6170,17.301477224319264
6171,6.722207758690516
6172,8.555772280492851
6173,16.15420270409011
6174,10.06204900722013
6175,10.014546568057177
6176,10.359893421888541
6177,16.089869991272554
6178,13.42283656331746
6179,9.217954437109903
6180,14.200515231573561
6181,6.627650452559092
6182,8.268383688863025
6183,11.328347356030227
6184,6.97799896217108
6185,12.12698221575087
6186,14.575845258230922
6187,9.21908152373914
6188,7.834109533400852
6189,13.364216804223407
6190,11.971725127844767
6191,21.74882778534723
6192,13.189029150121467
6193,14.491334018335937
6194,8.848521807532727
6195,10.951446032349837
6196,10.509509473518914
6197,16.75349416263226
6198,16.634403443200235
6199,14.489235446503745
6200,15.48103922959798
6201,12.824639109892313
6202,13.344939862149383
6203,15.76714523300987
6204,12.751594003064927
6205,13.381984806581809
6206,21.858879447423636
6207,18.828578694217857
6208,10.639715779276841
6209,10.885420377160074
6210,12.524582964797126
6211,10.933706037758935
6212,16.005281187164655
6213,10.564943845234113
6214,10.625829481434089
6215,8.723426300701679
6216,11.747141489128957
6217,9.53811052828304
6218,8.77438269561413
6219,8.127591522318223
6220,11.078309178751676
6221,12.647636467960087
6222,18.082901491756544
6223,11.591725876248388
6224,9.112559342263179
6225,14.656050571699074
6226,11.084478165053294
6227,12.481870518595377
6228,10.075754271181417
6229,8.558358831621112
6230,15.9327104321112
6231,10.721757416448156
6232,10.537256439773676
6233,16.313773992504096
6234,10.004560177747763
6235,13.924075793514268
6236,12.161238367813375
6237,13.908764366792782
6238,11.223220379887557
6239,13.955200294684733
6240,18.064005932307655
6241,15.319755795933467
6242,17.864677371150698
6243,14.049211311285006
6244,21.017992560582172
6245,14.110847666289283
6246,13.841506515280532
6247,18.089108857030908
6248,7.012009180668693
6249,6.0
6250,19.36048425271643
6251,14.852411061378357
6252,10.633815535435978
6253,15.1682024338489
6254,9.320505675836284
6255,8.996423860383254
6256,14.526164705990425
6257,10.085681953461371
6258,7.14530693531965
6259,12.703566221374263
6260,17.14770330197274
6261,16.758485800010476
6262,9.369370405247913
6263,10.805729726767815
6264,9.191770063621107
6265,12.88584372831287
6266,13.074579736110412
6267,18.06407751107027
6268,10.960949788691783
6269,12.29841126785733
6270,12.916825260921708
6271,17.044514519335948
6272,7.266654641717213
6273,11.192525271584064
6274,15.876006702889732
6275,7.159778234937006
6276,14.583146347282517
6277,17.26356977718638
6278,9.347500633679473
6279,10.28041643483623
6280,14.54369236268278
6281,11.893470717939035
6282,16.171748622924735
6283,10.984118263519917
6284,7.656964119719619
6285,15.214498296140285
6286,8.174458348543537
6287,8.635489423860395
6288,7.396900357357634
6289,13.115501132796204
6290,15.449234577477938
6291,13.664398783342417
6292,20.026410525198703
6293,10.415921378760096
6294,11.741266254119727
6295,8.309504166810628
6296,7.627104391503046
6297,16.46332541473595
6298,13.155601765239847
6299,17.440337723567545
6300,13.050399429819167
6301,9.864187323555536
6302,11.737148169673121
6303,12.15083783403815
6304,16.662605984626175
6305,12.17883948976843
6306,13.072146788902858
6307,10.629407522528401
6308,13.984067042799513
6309,7.780649507851601
6310,10.062510799527375
6311,10.00033642438517
6312,15.382569034277282
6313,6.760200849082931
6314,8.738698316127397
6315,11.90368554702761
6316,7.637917637447865
6317,8.076555278525383
6318,10.818639166900137
6319,12.070046420848923
6320,11.259510365436947
6321,9.999924871299752
6322,16.003455562802955
6323,9.900359038890183
6324,8.580156674585629
6325,11.83042145919272
6326,11.065085947192056
6327,9.356493757612222
6328,12.803088308424837
6329,9.897078889521728
6330,15.923082339283283
6331,10.73336170446389
6332,13.53888205058118
6333,8.66807737211262
6334,16.652881728365166
6335,6.926637736260373
6336,14.052623039755733
6337,15.798278440756917
6338,11.451290970524507
6339,10.061141638243225
6340,6.346709367610988
6341,14.513335142453032
6342,13.545425126579662
6343,18.806615316598386
6344,7.435435264910618
6345,14.210415308789738
6346,13.522247393309652
6347,19.319639943213005
6348,10.875433429639179
6349,10.307971572728924
6350,9.7223435158152
6351,9.178426229357623
6352,9.342269507120331
6353,11.291755004648346
6354,11.050568486663408
6355,10.199933540571374
6356,11.030494265392166
6357,16.536458684102776
6358,15.24729275829154
6359,7.261579918596808
6360,9.386213219631998
6361,13.300108842844075
6362,15.488578897506905
6363,11.32107968384051
6364,11.298302737974574
6365,17.463522775684996
6366,17.6190725301161
6367,18.797499487169592
6368,11.24273924554448
6369,13.027943957318522
6370,7.898671101918359
6371,8.552837705027798
6372,15.238276998614756
6373,13.445452150999582
6374,14.456961492071457
6375,9.093303485173228
6376,10.510996362700999
6377,6.391710669006411
6378,15.689233646413218
6379,11.667432845001798
6380,9.449725926283687
6381,10.723463748560782
6382,11.228612516337058
6383,11.457981307221742
6384,8.75930343890601
6385,12.228620627877671
6386,14.412177585555026
6387,8.096825393208219
6388,6.161413901440615
6389,7.952527443095104
6390,13.723940558221129
6391,7.244254474733637
6392,16.25143568940083
6393,10.549678253441286
6394,6.3402950362458546
6395,12.142531052138432
6396,10.876368648190613
6397,12.060679159652928
6398,18.454488839983703
6399,17.858460451002358
6400,10.063659462775902
6401,14.56413369889587
6402,13.200735251228526
6403,9.70193046310753
6404,8.136049871565291
6405,11.6679418253818
6406,12.108071248983967
6407,9.881960202464533
6408,16.439353141124617
6409,7.540080220745827
6410,15.315850425117118
6411,13.171631182321795
6412,16.70304287468663
6413,7.023448615343374
6414,12.208877255330684
6415,10.804925346515386
6416,14.671641045689553
6417,12.943991741541971
6418,13.828357348948083
6419,6.0
6420,9.220359571919413
6421,9.069015343821796
6422,8.890448653458513
6423,6.428200196015699
6424,14.982202576110863
6425,9.206521000169856
6426,13.111952520627028
6427,10.373198468449623
6428,8.352717840188305
6429,16.74419479017046
6430,10.849618565369516
6431,13.584477299144606
6432,11.477703563085036
6433,11.956024410855768
6434,17.637820124022987
6435,21.247309539819895
6436,9.056751490046947
6437,11.716961540725148
6438,18.399190332330818
6439,12.283105728265923
6440,10.007619720757331
6441,8.387891297336001
6442,10.582208728087666
6443,12.119656614963313
6444,9.574473403536988
6445,6.988723393531871
6446,6.842541859345893
6447,12.492759193151818
6448,6.971475524552682
6449,15.886116800747345
6450,14.59801857796307
6451,16.898943202165533
6452,12.613025313477479
6453,15.911472850711386
6454,8.336983386934113
6455,9.746853620325307
6456,15.136486398464406
6457,17.70482068356775
6458,16.78289240411999
6459,7.8045289220200855
6460,13.478261878223282
6461,12.864853201377546
6462,9.153835010489681
6463,13.832573846869522
6464,16.877287490908927
6465,14.097210442212452
6466,13.575240601477613
6467,16.86031628498009
6468,14.428035832973567
6469,8.345215911700055
6470,7.842414143026563
6471,9.852072936432979
6472,16.73063422978819
6473,12.67561879869622
6474,16.047013378002326
6475,7.7906719916174545
6476,15.473864034392909
6477,8.083342719453544
6478,11.582949559859273
6479,12.044266377648913
6480,6.904533605064927
6481,10.605267646977959
6482,10.214191987336804
6483,11.733251589128656
6484,11.257872513383699
6485,15.214309324999872
6486,6.0
6487,8.875635447943502
6488,9.02565111464472
6489,10.558074448542849
6490,13.313993382183149
6491,13.69118386364934
6492,13.096677090728587
6493,6.542054866797644
6494,6.4353955977360915
6495,9.98396773238705
6496,12.944255041092093
6497,13.069521859457481
6498,11.639792680714041
6499,14.09910171915033
6500,13.877864567290946
6501,8.144085664919581
6502,10.64026453214737
6503,8.740128265852677
6504,11.533144946017762
6505,6.9357853448144295
6506,7.513771219328979
6507,8.101594846159692
6508,15.93708379307703
6509,6.599509471476669
6510,10.374834277395323
6511,8.340948904216962
6512,7.524229511204206
6513,16.59929892384576
6514,9.898821588125339
6515,13.638764464345007
6516,13.006548853753594
6517,13.510195872401212
6518,13.796985243708127
6519,13.212110573078707
6520,18.11267200450717
6521,12.273479921631981
6522,12.05369307263409
6523,14.921465330036668
6524,11.571419884006946
6525,12.599921306498983
6526,6.598372186312381
6527,8.176541442016134
6528,12.399375898509703
6529,9.147864265223395
6530,11.97786937753171
6531,19.188460145244726
6532,16.918514422030434
6533,11.70792647540066
6534,15.516688167726693
6535,17.11947632779584
6536,7.152089598631275
6537,14.726558134653615
6538,10.151987556155591
6539,11.607862143949296
6540,15.745592192899593
6541,10.987510724285727
6542,6.1804145635296885
6543,10.363706164023565
6544,11.02108029446909
6545,11.754331799198194
6546,7.24483204080825
6547,17.696847270828773
6548,11.267232732970323
6549,17.970899386449194
6550,11.440684710212189
6551,11.787991664901094
6552,15.756135815782093
6553,9.040992079037625
6554,7.010438802026062
6555,8.987883877686436
6556,12.101021670482229
6557,7.582334615297104
6558,15.800519339853794
6559,12.363921363475121
6560,11.189669406490783
6561,11.993808773242876
6562,9.387698928382914
6563,7.515585709377719
6564,12.026170141941288
6565,8.223872948845479
6566,16.017682725721997
6567,9.066815070547008
6568,14.272075202229903
6569,10.02232030356922
6570,11.381461586943239
6571,6.0
6572,10.469276388487884
6573,10.69647010538606
6574,7.522387022572345
6575,14.774490767270859
6576,6.767342372625438
6577,12.193280581212901
6578,10.20970766849295
6579,13.819661173128718
6580,13.61682646560611
6581,7.870131627952104
6582,16.00996611331825
6583,13.619094641158343
6584,8.900603407630953
6585,6.0
6586,7.306845747849693
6587,11.480347490607958
6588,13.218792149849717
6589,13.782179455308757
6590,10.359398230181412
6591,19.312872610788546
6592,18.34249154807617
6593,15.054141604985107
6594,7.748065660075971
6595,13.52797259683776
6596,14.507597780852656
6597,7.042869176696496
6598,13.816963842001933
6599,16.983584735869172
6600,15.922628562912974
6601,8.960194829155553
6602,15.370299049501494
6603,17.150444960319458
6604,15.662305589713489
6605,8.9899610855954
6606,10.214476460537496
6607,14.414005497621378
6608,12.854403536844398
6609,11.250718762124045
6610,12.993144577474153
6611,16.503655360743842
6612,14.741873431179673
6613,14.499070839254392
6614,10.414660516784462
6615,13.104825429145246
6616,10.74643005532541
6617,9.228803265206686
6618,14.893356850539686
6619,10.594734799155237
6620,10.23670209169098
6621,12.956406447160482
6622,17.5937193056812
6623,11.855100206015894
6624,16.52100871171375
6625,7.451062503154214
6626,10.29655410015168
6627,8.084662827001225
6628,6.254511538166076
6629,12.142822491067422
6630,12.614371571053384
6631,7.6631902362890285
6632,13.494371525013515
6633,7.731996575027889
6634,11.429431868987429
6635,11.819765268359841
6636,8.327802435965577
6637,8.121420929226728
6638,10.088136248223675
6639,11.083691513105844
6640,10.220861835940404
6641,17.82403941617122
6642,14.353082025909272
6643,13.08531315562744
6644,11.307112237322144
6645,12.955980489327224
6646,17.751519463670256
6647,12.692098112058833
6648,14.314195603222162
6649,7.046201113750461
6650,8.507902460404475
6651,14.525526181121013
6652,10.73348832913618
6653,10.50059710224395
6654,7.574109175153146
6655,14.45401679123424
6656,18.44960853709623
6657,14.710834285902953
6658,12.442909005279867
6659,11.002367727133171
6660,10.444597394376249
6661,14.70258227314509
6662,16.451566014965337
6663,6.867651957901201
6664,9.0223360832779
6665,13.974023213931652
6666,10.828216704528884
6667,9.42888679662972
6668,11.798411838638584
6669,13.029727366884716
6670,14.886144161070327
6671,15.523795911058034
6672,11.330095014328734
6673,6.4597317458706085
6674,9.702854600492545
6675,6.170589218062997
6676,11.808840470495277
6677,17.043647667246
6678,12.933254790016157
6679,18.947282413835055
6680,11.984883104920193
6681,8.569438397607753
6682,6.527581246664173
6683,10.919815285794293
6684,15.858274141862257
6685,13.278564919851826
6686,19.813504416477556
6687,17.171741838861347
6688,14.56529583596524
6689,12.674724023574484
6690,14.737271616599829
6691,12.939285585837391
6692,9.890152776379889
6693,14.461662477016162
6694,6.701776679905192
6695,13.388259879264329
6696,6.357169381213639
6697,8.407757006418061
6698,8.087732573495998
6699,6.654076477939718
6700,14.167673372692803
6701,17.890425914336987
6702,8.269256299210538
6703,9.773900762712012
6704,18.71947905613696
6705,11.799666163438632
6706,13.911038174853012
6707,7.144273265771783
6708,15.078277855126121
6709,14.456590790498367
6710,7.7186127009996435
6711,10.102061445240714
6712,12.286412491851838
6713,11.361358105799951
6714,8.98893897578455
6715,11.880995996582065
6716,12.929193314889808
6717,12.135772020118612
6718,12.305352038193549
6719,11.601710455494189
6720,11.934421564998292
6721,6.69529474919561
6722,11.5007731974304
6723,12.212025359554387
6724,11.870370965172755
6725,9.569228558710819
6726,9.281906368393475
6727,16.783431216143015
6728,13.606803925290773
6729,12.107864138480492
6730,10.78055961021694
6731,16.028585578309936
6732,15.194411740306569
6733,11.806471976293462
6734,12.015566616506431
6735,14.929655921028067
6736,8.332468988327085
6737,7.1717950843579885
6738,15.027040031579226
6739,12.149276470354122
6740,10.40529464072675
6741,9.824544387039765
6742,11.839227790096844
6743,12.06827654699701
6744,8.996801558929068
6745,17.985211000744883
6746,20.430189032428792
6747,16.37174295261371
6748,10.69895719730161
6749,11.199108006418456
6750,14.072926887182861
6751,9.59498025208721
6752,13.034353215613772
6753,15.274347405325813
6754,14.15089872629278
6755,7.351248819242981
6756,12.034361627991363
6757,16.189288357787156
6758,15.358238470813102
6759,9.46079954319638
6760,9.417089907943938
6761,10.545378785532549
6762,12.163788682048091
6763,17.0145486297336
6764,15.606931779530463
6765,13.18434018886919
6766,9.497535746569136
6767,10.73436148793295
6768,15.815694694809995
6769,10.538239256674842
6770,10.43354927049818
6771,10.923845584590865
6772,14.057299125850829
6773,12.368737006459723
6774,9.73686500454281
6775,16.071247681295123
6776,13.982758604772268
6777,7.2566283691210955
6778,12.834377946573092
6779,15.605907333984272
6780,16.672924835925528
6781,10.112209528573867
6782,14.824371864568702
6783,6.474940213635849
6784,8.185280945542436
6785,13.480875421917203
6786,12.061913910199827
6787,7.153402912764697
6788,11.591834256836538
6789,6.341732589185445
6790,8.70178496690702
6791,9.820657142392237
6792,10.438470016346137
6793,16.944599774221352
6794,12.113908014321847
6795,18.25284540699088
6796,7.880687841461443
6797,8.936734775183588
6798,12.684786892926894
6799,15.136374623414316
6800,14.29454115906189
6801,11.769173293669077
6802,7.749457880815336
6803,7.636702269710132
6804,7.91949704100353
6805,14.55099207797826
6806,13.842673608886214
6807,10.655421585177766
6808,7.7744838527282205
6809,17.795789726268648
6810,7.340008647844618
6811,14.960604608515201
6812,7.907177732079036
6813,12.78930989306657
6814,7.383454556956194
6815,13.390589742344973
6816,7.950731367226727
6817,12.388592244354363
6818,7.012026475832497
6819,14.323681394637136
6820,8.58870884460731
6821,9.195417831179308
6822,8.273954001411301
6823,14.419997095848412
6824,11.75626063620201
6825,11.255415519022959
6826,16.04789273502351
6827,10.10322825198159
6828,7.380549907217868
6829,9.801435929282666
6830,11.91346650514986
6831,15.289194622013369
6832,13.34483201728711
6833,13.326299219490927
6834,10.853819419906232
6835,12.47619173649407
6836,10.477897116214633
6837,15.132886546451076
6838,17.207476640675914
6839,15.191124788480554
6840,9.02749132280896
6841,12.083635120904784
6842,17.082345781245937
6843,11.659100863152673
6844,14.49515114132068
6845,14.781218363443376
6846,12.937057734169747
6847,16.978884961502924
6848,14.200377345979224
6849,12.15485682287055
6850,17.376830306595977
6851,8.728619477663464
6852,14.075201042739522
6853,19.040798346575954
6854,8.708596815804116
6855,7.142849520824514
6856,6.596550758680304
6857,11.370115607053712
6858,11.758340579819972
6859,20.47598345428503
6860,10.937681043394107
6861,9.030579982056409
6862,8.553104462911334
6863,8.042077259597738
6864,11.2560184518986
6865,10.580181279556387
6866,19.41930414866166
6867,17.37945012099388
6868,11.043916772573104
6869,14.20239125063415
6870,11.36329444009441
6871,7.856315253945344
6872,7.941959539252662
6873,11.565197087521168
6874,9.742971531706447
6875,20.874023432359756
6876,10.799748808650051
6877,10.38921448625333
6878,7.115198881104879
6879,14.325687019078693
6880,13.140745392814907
6881,10.48610277790381
6882,14.57489443390762
6883,12.51575236626358
6884,15.420943386970203
6885,8.422750166727338
6886,12.714351106996876
6887,16.482044814632342
6888,12.206015375194113
6889,15.35316650894122
6890,8.796485113789162
6891,8.811867407673516
6892,15.472551380104383
6893,14.25040875015
6894,17.404601987771105
6895,14.332114420728995
6896,11.71152433407986
6897,9.091190382962854
6898,10.991357337993012
6899,10.230966527071258
6900,8.832111006045675
6901,11.220652600193846
6902,14.255210394094817
6903,17.293527850562686
6904,13.460557019451246
6905,12.478456088759216
6906,11.804860268614394
6907,10.149063117345861
6908,10.236835652988647
6909,14.25014182028322
6910,11.60890849372381
6911,13.661807049872124
6912,12.301200704851283
6913,14.90926503866787
6914,10.400156460942984
6915,12.702914226213979
6916,12.396901949771454
6917,7.896397011316768
6918,10.916722436566129
6919,7.518699030887805
6920,13.90688778427995
6921,9.367696532037675
6922,9.57327355388187
6923,16.654434014355246
6924,10.708587502573874
6925,16.872380864358707
6926,14.303262798233494
6927,9.240839539110901
6928,14.219732975894166
6929,11.45329016984017
6930,11.99786164671141
6931,8.7213023272377
6932,13.064805137168168
6933,12.087749731679391
6934,14.853037768742432
6935,7.794314331413024
6936,14.174308356538395
6937,7.615780125966426
6938,8.51836806876079
6939,8.024723385947043
6940,19.014488389208108
6941,10.28599105509825
6942,16.065968747865654
6943,13.529139347675965
6944,14.936004107480233
6945,9.473353217147947
6946,10.250228634444781
6947,14.428936700336532
6948,16.638073412299732
6949,20.658718879001945
6950,14.133628136359976
6951,11.85667093454551
6952,11.757161781746046
6953,12.831509007621237
6954,13.92298154025378
6955,11.19767158514362
6956,7.556683195270551
6957,12.07625016885412
6958,8.556965563238915
6959,15.51221602393386
6960,9.007652087147445
6961,18.0228696825338
6962,7.125952775052973
6963,12.924535836621393
6964,11.778216538999544
6965,10.738681642378454
6966,11.228273187184467
6967,15.03248978297341
6968,16.165969797893077
6969,8.843571253867985
6970,7.528076198412604
6971,8.924587842420568
6972,9.883145917242166
6973,12.204126671693524
6974,15.313015303163496
6975,13.520480955869306
6976,15.904967422693524
6977,16.247686545531657
6978,12.668660649317744
6979,14.006347809346067
6980,16.65674983162379
6981,9.898616846949492
6982,10.9910268595716
6983,13.481660326692346
6984,13.265211299105133
6985,9.043715790959581
6986,7.776080849379858
6987,11.262957920377527
6988,6.782599990876411
6989,7.227049783392247
6990,15.310131664687823
6991,9.896136149336957
6992,10.58389517213138
6993,11.020888382076002
6994,14.262209193301171
6995,8.980055180827765
6996,9.344179449180885
6997,9.940758495850975
6998,8.662448676448632
6999,15.901154428354223
7000,7.759377049141673
7001,12.83197715113067
7002,15.158855841236631
7003,15.53523783560054
7004,9.878911058281263
7005,8.192015185193453
7006,10.827575359608486
7007,8.217411442944366
7008,9.66555164036188
7009,8.971923735191385
7010,11.355100381346823
7011,16.397426845918442
7012,14.588443033194066
7013,16.730716141513202
7014,8.434623699382207
7015,16.931855552114914
7016,15.85432458789847
7017,11.814454964908041
7018,14.436386202233633
7019,7.197367322410373
7020,6.614735175228554
7021,14.497748117549282
7022,10.257625028795607
7023,11.446762020006645
7024,11.769474553278984
7025,11.810172409278067
7026,16.20754273776841
7027,7.317622733774892
7028,19.16520216936725
7029,11.780799924483812
7030,11.626261013095428
7031,11.315014792151425
7032,10.798513929324486
7033,11.465816970274219
7034,10.752213889095565
7035,13.679377930368933
7036,11.82862583446878
7037,15.620480946951602
7038,9.454035536173638
7039,14.783918300074204
7040,7.655025757246898
7041,12.779422785008286
7042,15.479854257279694
7043,11.020760101524823
7044,17.176643774477775
7045,12.162404138617429
7046,16.38888070749408
7047,13.119390575185545
7048,7.561904193039842
7049,15.171810441894891
7050,9.617243440878193
7051,7.25043452878193
7052,6.501526198504601
7053,17.275324405646682
7054,12.086171150870737
7055,9.662733282407775
7056,15.380185711185494
7057,6.315289813324549
7058,8.612162825027395
7059,15.29716703053722
7060,15.247068201401568
7061,12.5428855700828
7062,10.209851854892758
7063,9.487101826628164
7064,9.513647577187262
7065,9.765156413285386
7066,9.00541241347677
7067,10.841114391120712
7068,13.111453717535479
7069,9.150313267277804
7070,9.548126087266496
7071,14.009176345854456
7072,18.387346766813376
7073,17.062742783770176
7074,10.72768091069187
7075,10.21946544724001
7076,12.154063219491148
7077,16.292799337507365
7078,14.251133662417192
7079,10.78199566952998
7080,15.376345460143824
7081,17.0694769190785
7082,14.761393400327883
7083,6.361645000635724
7084,6.920495349341186
7085,8.175739898560693
7086,14.08954203715059
7087,17.28503898997431
7088,12.489083300217112
7089,9.376695275760106
7090,6.981546388578152
7091,17.011106115714338
7092,12.892898820909183
7093,12.38377013691631
7094,10.424421911148633
7095,9.5643672211434
7096,8.319880087725494
7097,15.801853170067616
7098,12.248781873087513
7099,10.790705245692347
7100,13.634460390589062
7101,14.093941962505214
7102,11.203407695396002
7103,9.26335692181034
7104,13.094343853242382
7105,8.652798573116888
7106,7.758012897000619
7107,13.258678845522374
7108,11.322137891064433
7109,11.5464265962503
7110,7.632576285929187
7111,10.766674167654092
7112,12.86400660652442
7113,9.154068692724183
7114,8.636550219833213
7115,14.820835372226748
7116,10.946436863990018
7117,12.44974844827231
7118,9.317890447630576
7119,15.107814808161395
7120,8.412128347297653
7121,10.71161662748379
7122,12.423844730099791
7123,10.261626162462207
7124,8.888758942087888
7125,9.199463519527729
7126,7.946965258752512
7127,13.102539975329778
7128,12.253464512382099
7129,15.321482701146044
7130,17.287191518969404
7131,9.741541562223546
7132,14.33279970665577
7133,11.371676475443497
7134,13.783255992089694
7135,15.306177337069112
7136,11.388785138190363
7137,10.297455848646035
7138,9.263930408107681
7139,9.642263335509135
7140,15.268631275843829
7141,13.03737024483636
7142,13.375614941806875
7143,7.015514043569899
7144,10.859819382057825
7145,18.906914237690977
7146,12.663192493194956
7147,14.877029532511607
7148,7.45547654864588
7149,9.920340865129042
7150,15.50140828665595
7151,11.543655577731837
7152,14.20582363019844
7153,7.975669439772256
7154,15.728007605378632
7155,16.738781654692122
7156,14.188832218520242
7157,13.774648150921523
7158,10.993294107005982
7159,12.932905025757767
7160,11.176152662591532
7161,13.21500309010306
7162,15.160354582565386
7163,9.601783779038593
7164,10.47973982496641
7165,10.54817230199959
7166,12.253223252992397
7167,12.172570941710925
7168,14.026149036111065
7169,15.547995777990524
7170,6.618201209547637
7171,15.968338490756478
7172,11.820394610059616
7173,8.968303701495916
7174,8.57187874924119
7175,13.506775232182417
7176,15.941464312706255
7177,7.396016263070521
7178,7.134263425837875
7179,11.958118908796166
7180,7.230153425829461
7181,13.399876367255743
7182,11.049394080429643
7183,12.19391914297495
7184,19.165382765630614
7185,14.686163950227838
7186,8.346683862754789
7187,11.925778182587914
7188,16.319220365474
7189,16.109543075779648
7190,14.757295908254726
7191,12.69781139884147
7192,14.94069392307101
7193,14.663296218153938
7194,15.344962633155085
7195,17.68707606513615
7196,15.638922885362993
7197,7.084453420746643
7198,13.350618113708553
7199,13.100462558589513
7200,11.439520826479997
7201,7.507630036708223
7202,9.712436031334063
7203,6.5465361070049894
7204,9.711281123485515
7205,16.975930560926592
7206,20.237115594710794
7207,12.47200294303454
7208,9.895659827645884
7209,18.918526494588164
7210,10.534294670903352
7211,8.384255917222276
7212,6.789534134941444
7213,9.628250411599712
7214,9.074365291943781
7215,16.448694216895614
7216,6.300884715763546
7217,6.363162068907844
7218,18.0676569327997
7219,17.218618782348237
7220,19.815431755633938
7221,14.163131894267813
7222,11.019807923822249
7223,17.626675151235947
7224,7.012011844636559
7225,10.297718647813333
7226,15.064354738541615
7227,14.207036369110543
7228,16.303031388488826
7229,10.063626675209685
7230,15.83666785260504
7231,13.963495859778552
7232,10.964756533863195
7233,10.66322981930837
7234,15.87080434546259
7235,17.2711282828243
7236,14.266021511462029
7237,11.209494847851113
7238,14.010727310050967
7239,6.73090459191511
7240,13.81108465614722
7241,10.331246098242701
7242,18.13166855842386
7243,11.24915335536776
7244,11.482986111097452
7245,9.056337293570028
7246,9.09864166357971
7247,10.6498364593332
7248,7.648432640550772
7249,11.173227173182
7250,9.070866927562005
7251,15.634075381229636
7252,6.716692978807377
7253,9.385943988611803
7254,7.872954005136938
7255,13.671702348198318
7256,16.184620486632145
7257,6.149033146727769
7258,11.411724974274378
7259,9.419351281791014
7260,11.100252149352842
7261,14.050382405459143
7262,11.065117210415243
7263,16.772467533607085
7264,7.316204807077206
7265,11.076012262117253
7266,13.994373413656412
7267,6.353630453448899
7268,9.05260299311765
7269,12.87610965491692
7270,9.32709518543825
7271,15.673309771317404
7272,8.294380472398394
7273,18.82979900834778
7274,12.944836551591647
7275,12.88633750194478
7276,13.108364720875898
7277,14.86544165331952
7278,10.127659125465655
7279,10.978430288619116
7280,14.770543661986226
7281,7.251827303412807
7282,15.600982394989035
7283,16.36342274329432
7284,7.793757161041844
7285,19.13749107648386
7286,11.477980247732159
7287,10.542713535629412
7288,14.375872176606745
7289,13.5788214905702
7290,11.94168172902177
7291,12.379021251543687
7292,16.463550911870353
7293,8.332350292528552
7294,16.620729608967867
7295,14.511569300238973
7296,7.347929898210672
7297,9.488277495149504
7298,13.405919809109704
7299,16.034505657125152
7300,16.261706203036354
7301,10.22759497402976
7302,11.749001606430545
7303,13.132515589054774
7304,10.571119077973218
7305,14.237586554080943
7306,13.29793340288845
7307,12.257198794131211
7308,19.18994387048385
7309,12.826835203645365
7310,13.200854888003107
7311,13.2306022571167
7312,10.775465117612415
7313,13.073047350686519
7314,10.640925780583999
7315,17.905843931198962
7316,12.01438488378855
7317,6.304741437090099
7318,17.45946915441543
7319,10.579699454375397
7320,15.769741645394644
7321,11.72002293395284
7322,9.654162006148258
7323,12.269867887678629
7324,11.042380864647457
7325,9.404978699327181
7326,13.638664580522885
7327,8.944537019352257
7328,16.02434923476128
7329,11.881569704287168
7330,14.57559304182923
7331,13.895937978816683
7332,7.667846061540791
7333,17.657331083141614
7334,9.00429074260501
7335,12.99109146614593
7336,9.921177722661046
7337,12.38090271133052
7338,8.98791739143535
7339,7.144194833673004
7340,18.461217799916867
7341,10.050874563770522
7342,12.089487557743837
7343,8.433654812567598
7344,19.817446904872174
7345,10.566593170375212
7346,10.721831293686861
7347,6.639765402950001
7348,14.998754690604606
7349,10.542399900705469
7350,13.738904631702004
7351,17.779038168592923
7352,14.848491664264245
7353,16.858361015527187
7354,16.401805022684947
7355,12.089473610404488
7356,11.954356765234872
7357,11.583729050818217
7358,13.964941058627842
7359,11.742603015600409
7360,14.013810811520749
7361,14.561433332530171
7362,15.575037217484972
7363,9.062225694427136
7364,14.725558294847014
7365,16.16460288734487
7366,8.476512423652581
7367,12.710559466856914
7368,11.595422282361856
7369,8.227478238818128
7370,12.916861098253749
7371,12.387249621638476
7372,7.458463414028005
7373,6.264992333629151
7374,10.214411535176753
7375,15.257596729611505
7376,10.55400806331885
7377,12.781633743029463
7378,10.500699351556362
7379,14.596277717320485
7380,18.478348832815584
7381,10.409353870710532
7382,7.208933675474509
7383,12.868459898666728
7384,14.821822154325803
7385,7.283687533069756
7386,14.708949214952238
7387,8.154324835833444
7388,6.919805604038936
7389,16.83996934688965
7390,12.750544310825529
7391,16.13389474395424
7392,10.343098818866041
7393,10.078855301703674
7394,9.597584536077397
7395,8.328848768197611
7396,9.045840366937771
7397,12.331528684573074
7398,9.666752499700026
7399,12.6208745793215
7400,8.305811617746075
7401,16.74974257219268
7402,9.532755326287127
7403,7.7004928202773915
7404,8.647798608188207
7405,10.13827509136388
7406,10.86141391395296
7407,10.367084324408781
7408,15.89298063918947
7409,17.93693962824826
7410,12.24369868317999
7411,7.992149360072217
7412,15.605931542842931
7413,13.084230347369182
7414,9.378946418072621
7415,9.783130624452877
7416,10.487345544656863
7417,6.869870866413449
7418,16.347809278073697
7419,7.877559044645661
7420,11.177176066222753
7421,14.788829966364855
7422,7.1671643645814544
7423,17.58451018025582
7424,19.370443437876624
7425,10.03964874915289
7426,18.034649888056514
7427,15.276801053709335
7428,14.857022785346038
7429,13.611525526634006
7430,18.703616702815143
7431,12.368648790513125
7432,13.367236907663205
7433,8.677973773817083
7434,7.349494701455807
7435,11.542255920758144
7436,14.324004029917852
7437,15.071603477845409
7438,7.991403489594683
7439,7.281152992969586
7440,15.997357576816897
7441,14.821742756668751
7442,12.223863147292017
7443,13.988260021158688
7444,11.837003096638941
7445,9.188852151111842
7446,15.889386921600963
7447,6.62472831097495
7448,15.84308409338125
7449,9.350394994483667
7450,12.80638864952239
7451,8.080917111945208
7452,8.515411368973572
7453,13.409177457254874
7454,10.323206504963776
7455,17.05675011453374
7456,11.242496684695615
7457,11.233280617894549
7458,7.967785504894659
7459,15.572760438019165
7460,6.870360491877518
7461,19.023874847229244
7462,14.530337318651934
7463,15.960503501989693
7464,12.69864087383724
7465,13.408481413046959
7466,17.093913802921495
7467,15.136229166946737
7468,12.406620417156002
7469,7.227097918757932
7470,15.103148670994019
7471,10.640309544008455
7472,10.662412043030542
7473,16.724226186446117
7474,11.939938321522847
7475,12.11125889467408
7476,14.857058135288241
7477,12.22437153737785
7478,11.354943858327083
7479,15.583149899333222
7480,15.336560420926237
7481,8.127877703284785
7482,8.782374426049664
7483,11.94298581122188
7484,19.462169180229424
7485,7.068890847781422
7486,14.517851842696718
7487,13.819406765553667
7488,9.85963393858243
7489,10.813341603840955
7490,6.878965650442317
7491,12.553945135279143
7492,10.071049917426993
7493,12.14362938501286
7494,10.67917557799436
7495,10.569304805864432
7496,18.76262923568757
7497,9.537100967199326
7498,16.679379206188294
7499,13.227544404374349
7500,10.70594231940317
7501,8.808776747894367
7502,14.854930465027005
7503,13.46198506195972
7504,12.414302177473235
7505,13.669397025592898
7506,17.67719553372717
7507,7.767146105328433
7508,15.776068320381212
7509,8.123341350060254
7510,14.145860116563796
7511,17.680247882148368
7512,14.014294057973851
7513,17.909559321446622
7514,13.237737325846794
7515,8.569485488357648
7516,12.471255981491137
7517,14.318953519352213
7518,11.699194864520909
7519,9.578754928279132
7520,7.50350623412901
7521,12.44814607677404
7522,12.847877057896472
7523,14.454427333416549
7524,11.500318120230851
7525,7.5168393651919185
7526,13.296487651750073
7527,10.619899097507663
7528,8.261857151004579
7529,10.608598913238033
7530,7.132005441432522
7531,12.542589279396765
7532,20.094821946457664
7533,10.337541507437663
7534,9.403640421304637
7535,9.27810028353607
7536,8.819258639817894
7537,9.64669339237082
7538,14.575890195946766
7539,9.988670103242344
7540,10.048114169971688
7541,16.1877739686584
7542,13.05783493704738
7543,11.084916623232171
7544,13.959936341761015
7545,17.638897614208112
7546,11.69022821437072
7547,6.414274639419377
7548,13.98898031923714
7549,16.772790805303963
7550,15.178392872607002
7551,14.007288249608
7552,11.166464549190522
7553,15.991475535818918
7554,13.16075585354891
7555,6.720894105229335
7556,18.200190743952746
7557,14.627121792162091
7558,6.374009418164588
7559,11.978190342345702
7560,16.02091327027403
7561,7.552730870954247
7562,8.426265247677657
7563,13.202410976949286
7564,8.375246876921851
7565,10.870311198371887
7566,9.287287228310944
7567,11.357566209572262
7568,12.802457829992273
7569,11.051632123786455
7570,10.569290919763308
7571,8.864171956947878
7572,15.4911382654477
7573,6.812360525573636
7574,15.423929481461206
7575,12.15282099508229
7576,11.56069673904204
7577,8.163457159453959
7578,9.318707719513034
7579,9.255211593305376
7580,12.242973247418522
7581,7.489175828085281
7582,10.86811741824615
7583,15.908297536525119
7584,13.405724617634082
7585,13.919418168186663
7586,12.626074124871089
7587,7.529544631959518
7588,10.571148806661089
7589,11.886876602659715
7590,16.248949443616183
7591,14.418094080227991
7592,8.07558654004284
7593,14.554486124438366
7594,11.195566766134716
7595,10.783826133235696
7596,13.051902565812421
7597,11.032388365967652
7598,13.307702593290632
7599,9.880403688248466
7600,7.28758715999524
7601,16.138023173568047
7602,17.888411256019243
7603,16.037850670307883
7604,10.6761609650378
7605,9.501256695131914
7606,15.584709037317264
7607,10.264174377508656
7608,8.464631725570731
7609,12.537286856653523
7610,7.812380124700612
7611,12.600027982479908
7612,15.10342343243899
7613,11.422463222289917
7614,11.538594549025355
7615,9.881956363046806
7616,14.386365861953607
7617,12.74946715975809
7618,7.840810825410337
7619,16.110754344908145
7620,16.198819803995168
7621,13.079663181815702
7622,14.395373822818673
7623,7.723283631826278
7624,8.128542300345604
7625,14.537173115333712
7626,15.331796398364862
7627,13.456304344022215
7628,17.111386832087504
7629,10.250755777869355
7630,9.603894952439163
7631,15.244118334911532
7632,11.02104975064514
7633,12.91411113156154
7634,7.774067373089685
7635,17.03316521890104
7636,7.5526572284411415
7637,19.038582102837037
7638,15.849511162669666
7639,17.6347725947801
7640,18.2536382786069
7641,10.64667796749451
7642,6.825979521029143
7643,13.019755994891348
7644,9.210357111721908
7645,6.387801510982418
7646,16.719857631026706
7647,15.108668588341882
7648,19.7779701640875
7649,12.465803572083377
7650,14.821609034237923
7651,6.447259750248365
7652,12.804987154711547
7653,8.392368882249617
7654,10.431852101956842
7655,14.20475887853253
7656,10.745780159105308
7657,21.475125915130995
7658,11.383338165931638
7659,9.691125110905542
7660,15.18822741134706
7661,8.866593953198473
7662,11.429302430006638
7663,6.750190199891955
7664,7.319860982189613
7665,15.41046651967288
7666,16.19279904810774
7667,8.304695165942904
7668,16.618318141057177
7669,7.565164730839731
7670,16.498983650019337
7671,9.372290344404455
7672,7.075990222999364
7673,11.129711550958561
7674,18.31329053347036
7675,7.237179925039762
7676,16.68514706395351
7677,7.905984160178534
7678,12.163991134057028
7679,16.485878806420004
7680,8.054290718278997
7681,14.45966703916454
7682,16.22286708700331
7683,13.190845079896166
7684,13.045628166024827
7685,11.165561269195635
7686,10.151564436036487
7687,12.285303473840722
7688,13.553213772740136
7689,11.544033559988682
7690,9.806270724195267
7691,8.2732516401874
7692,9.078903375418696
7693,8.500168864798145
7694,7.1351800347850824
7695,14.962230836105771
7696,12.942703930426134
7697,11.93724318141415
7698,9.666100145642229
7699,8.779086784203955
7700,7.4761094577468326
7701,10.94555200631827
7702,13.554670165090151
7703,15.114115743651858
7704,7.454639531908248
7705,10.207829869522126
7706,11.533436520593417
7707,19.126054647688477
7708,10.114425158690075
7709,14.011210218735664
7710,9.987272645795896
7711,18.82727519968505
7712,7.275028481218019
7713,12.3204417498154
7714,6.343932184562353
7715,6.348408557363869
7716,11.330861717706497
7717,19.81236466121452
7718,7.542440307353676
7719,11.1081139178993
7720,13.748110004770247
7721,13.762732408201089
7722,12.114509136422
7723,7.083844283206677
7724,12.550911969627666
7725,16.207819146450035
7726,9.896870659230853
7727,6.8184304872370225
7728,7.38159232170619
7729,18.86683136672699
7730,15.913098385369803
7731,9.605459757042638
7732,6.5104541704170815
7733,13.290576972970616
7734,13.259968190814854
7735,7.296345293885396
7736,10.101986115514459
7737,6.382397975086469
7738,17.966577678826383
7739,7.667916353149966
7740,17.039886996529123
7741,16.006698982879954
7742,7.687203679016506
7743,12.525506422568059
7744,10.02322615491998
7745,11.743730787419935
7746,8.237495650194909
7747,10.390951431786796
7748,14.468874973453277
7749,9.151218659320074
7750,9.071686364049805
7751,16.45771024534965
7752,8.42801711638953
7753,12.095021602827567
7754,12.478451858909771
7755,9.262133624290968
7756,6.587877271404567
7757,7.289815687826355
7758,15.822906440504957
7759,8.178083648563934
7760,15.422151152757959
7761,7.776594493753946
7762,9.021389580812695
7763,8.850506042171833
7764,14.277362175303974
7765,13.520071528768021
7766,10.90176887568355
7767,10.207450358123307
7768,8.67005648342547
7769,6.570796942806182
7770,16.164940252438704
7771,10.137913338850955
7772,6.666738081123215
7773,9.896135804153175
7774,9.45355388666498
7775,10.94086144624802
7776,13.767549393401566
7777,16.492498351587162
7778,13.444965197635941
7779,12.11375181530915
7780,16.7646610234852
7781,8.806244550245612
7782,10.897919912613553
7783,16.168055177592215
7784,7.875593628175509
7785,13.366007831701278
7786,12.836332959695396
7787,9.37800047548146
7788,7.5929643775657265
7789,10.433636467564025
7790,6.926641312551008
7791,11.457915146819273
7792,11.095509248536091
7793,8.61722381111476
7794,13.454308433732168
7795,7.093566987853727
7796,16.236395819200997
7797,7.833815681114449
7798,17.27046373486938
7799,9.860567572529384
7800,12.02393849845799
7801,16.939933265875986
7802,15.764698012704859
7803,16.82773665984657
7804,15.205261850417015
7805,12.177022881211945
7806,11.881405830569523
7807,15.530801914811198
7808,7.2678564559322805
7809,8.139167841938074
7810,10.474886964919726
7811,12.458175305034144
7812,17.253279414924663
7813,6.56550911307613
7814,13.591659246961123
7815,12.139046997364847
7816,8.185273822543461
7817,14.53011982719595
7818,10.746042594266168
7819,17.35514276935601
7820,12.167854637491052
7821,14.343363097748208
7822,10.96789547514494
7823,10.0348313896598
7824,13.768857947788025
7825,11.05442866439707
7826,15.81702145168753
7827,13.387786349090373
7828,22.206541535877193
7829,12.440249772409064
7830,9.165712277855611
7831,19.833525811624355
7832,14.378263519693636
7833,8.210087002821082
7834,9.315088200558597
7835,13.437665205673424
7836,10.472614241204326
7837,8.583007774780505
7838,14.184760872776044
7839,17.279838797996597
7840,11.713892250066838
7841,7.5095921888001245
7842,8.88743254482017
7843,12.789973540152097
7844,18.18219343244277
7845,8.896123868596218
7846,11.728139625959987
7847,8.743080458791937
7848,16.8523491419857
7849,12.523336328597981
7850,7.23939687809936
7851,13.635352093113255
7852,10.841326994265618
7853,9.272148984126904
7854,15.570924921868393
7855,6.857655240118752
7856,7.420783541093099
7857,6.0
7858,12.564439883430818
7859,10.302486331730588
7860,12.643720399948714
7861,11.973220563926283
7862,7.080920437965095
7863,12.00679689082356
7864,9.72615934147779
7865,8.017420282984748
7866,12.573529583701644
7867,12.830989269512068
7868,9.222893591117996
7869,11.306797915526321
7870,11.39092571456165
7871,8.505491200677135
7872,8.347446589162354
7873,18.892421662200846
7874,6.120234781142813
7875,15.062712789742685
7876,11.06666670393271
7877,11.169470589121364
7878,7.524356196593478
7879,12.64658124770909
7880,6.886968613649681
7881,16.499139446842335
7882,15.74251957997535
7883,13.053123944098449
7884,11.821725925108952
7885,14.092765829672961
7886,8.879610804246397
7887,13.092811049096287
7888,9.453359682352701
7889,12.71430945870789
7890,11.827070562038028
7891,15.141563947849143
7892,8.281379493051018
7893,7.816193278588582
7894,7.070389943804541
7895,10.912335459113532
7896,12.04402509799569
7897,8.921728705064107
7898,13.520889755039885
7899,12.628797016897884
7900,14.69477217812861
7901,7.492431801951769
7902,7.904437421684979
7903,18.066456855733485
7904,12.292605106811507
7905,11.244315180762902
7906,14.61903077265561
7907,11.129451092862546
7908,12.665031698798874
7909,6.0
7910,10.363800169829952
7911,7.023798698400938
7912,8.706915122397836
7913,13.798050902661277
7914,9.733325483754136
7915,8.887792725388422
7916,10.650021300530472
7917,7.541431381002633
7918,7.147837657741409
7919,6.0
7920,10.001331806680593
7921,14.338825955043802
7922,17.63946212344753
7923,14.87007409472407
7924,12.180707307658716
7925,13.708688771429749
7926,16.236593131874297
7927,9.867556333785398
7928,7.301319584677361
7929,8.662869165325988
7930,7.903614411836886
7931,9.889434062382355
7932,12.98066392493663
7933,19.157541470911234
7934,11.296050090545172
7935,17.307290464664927
7936,10.308819191711196
7937,8.263377955567469
7938,14.871049976839712
7939,13.790413586267483
7940,7.513508279762375
7941,6.4143856004948265
7942,14.937688658408637
7943,7.314628243466741
7944,16.58177889865056
7945,11.629431641429015
7946,15.111591741318904
7947,16.284276165191862
7948,6.814960423785856
7949,14.576104994550544
7950,8.782544921898921
7951,12.701444484660167
7952,12.279376065560202
7953,18.056317239404997
7954,14.118619650797655
7955,13.32380400063182
7956,14.9811309904606
7957,13.990291607465092
7958,9.557081870107368
7959,12.383916458326839
7960,12.461095146796984
7961,12.196728379119264
7962,17.758895466149564
7963,8.214917110605377
7964,14.101892182273161
7965,6.777578614551641
7966,10.875947174691898
7967,15.401886338122479
7968,11.236202999900572
7969,7.468224222592218
7970,18.11458658550711
7971,7.671458503552882
7972,11.760483734119388
7973,10.547194637730263
7974,13.6036110537313
7975,7.354507829695979
7976,7.149093956097744
7977,9.21591202279761
7978,13.627182818243515
7979,8.064251341408834
7980,6.961520995053297
7981,11.798813921918978
7982,12.526799887426034
7983,9.944274078313416
7984,10.300597998265685
7985,10.910342798051431
7986,6.03639108446104
7987,17.33996302561141
7988,10.984502395563323
7989,12.988266311232614
7990,13.947185312794973
7991,6.875744056007241
7992,12.199461302142248
7993,17.087701984953185
7994,8.499303329052864
7995,12.29433106135183
7996,12.718703575042312
7997,14.528098749842686
7998,12.82660909548257
7999,6.2540353689357016
8000,7.696113932597871
8001,8.01449048487228
8002,7.131416928339581
8003,14.714499154777355
8004,15.776674911789215
8005,6.6297795790170255
8006,7.264125571163275
8007,14.111999587324085
8008,13.303413401861466
8009,11.945484055745395
8010,7.388033227254674
8011,13.341491206091113
8012,8.485074029574982
8013,8.061735754230902
8014,14.991157200660941
8015,8.769609783039606
8016,11.812853269108745
8017,8.693511290171879
8018,10.064165212860146
8019,10.840822622587114
8020,11.242752066775482
8021,14.976890106551771
8022,11.862367188624418
8023,9.604348821178798
8024,11.633378452477622
8025,7.917850241157362
8026,6.927439752395585
8027,13.552432707599893
8028,13.234131774201336
8029,11.710526289008842
8030,14.561368183196832
8031,16.23526690359718
8032,18.63902145826209
8033,15.695396657354516
8034,14.891863279875361
8035,9.800539182656623
8036,11.168496733167503
8037,7.639332717621354
8038,10.168557735242441
8039,7.037612547186386
8040,8.86379129140054
8041,13.653927929669504
8042,15.727883378355859
8043,10.622852194412282
8044,9.684242147378308
8045,11.770584619881303
8046,10.40099653556047
8047,15.049648330523125
8048,7.889225262915178
8049,17.036789598033828
8050,13.563383619856266
8051,12.871657908626524
8052,15.17962377213007
8053,9.953174801987545
8054,8.936207480035167
8055,10.661546364463668
8056,10.94665177914823
8057,17.16075593241275
8058,8.814527144069535
8059,15.828228916808552
8060,10.794824497771536
8061,10.233257432378368
8062,9.296767621034434
8063,6.123317981257679
8064,9.157627278704775
8065,13.710467193613622
8066,7.9594008374726695
8067,18.580906349246007
8068,11.385671635137633
8069,9.565368818316992
8070,14.570688716641362
8071,14.300686617440725
8072,9.515229619192226
8073,8.455563083987062
8074,12.442321040017191
8075,15.766275324493598
8076,9.858468245992539
8077,15.801315366592839
8078,12.625214220780975
8079,12.078377394060501
8080,9.184472683406845
8081,15.405037770842704
8082,19.816412762187998
8083,8.44276662933415
8084,8.243394031330325
8085,13.93366005351828
8086,7.356032434752774
8087,16.12794242810378
8088,7.452184448575054
8089,18.278890384573348
8090,9.631239124661965
8091,14.56840881263934
8092,11.446368669642522
8093,13.045545331046323
8094,9.102139370399524
8095,13.7801751030098
8096,13.386010751815105
8097,10.459675812015497
8098,17.048485386929922
8099,11.068261098768014
8100,18.99988687557848
8101,7.274199309975256
8102,18.681345798165744
8103,6.49451614339186
8104,12.321078724029492
8105,11.73854575675426
8106,15.574921456616593
8107,14.07490577472572
8108,11.87377750039262
8109,7.551515037709076
8110,16.505315564641656
8111,12.406386357468124
8112,9.427459965355755
8113,8.743143240076252
8114,14.180107075616633
8115,10.68130274171152
8116,8.65392150649014
8117,10.017807565136692
8118,13.569075690214971
8119,9.822972134985594
8120,6.5289222208220625
8121,9.64439428722694
8122,13.500618618136901
8123,17.232915767512786
8124,7.208499014900824
8125,13.989157229619748
8126,14.14170426107762
8127,12.071396580916236
8128,15.238618767283661
8129,8.068721800713835
8130,12.65315603656658
8131,14.733010629603385
8132,13.676518710566816
8133,8.261702955617436
8134,14.58236148183142
8135,12.76441082822708
8136,7.5237911539003495
8137,13.301776483336228
8138,14.813197524311656
8139,14.008466449812687
8140,10.654869996338848
8141,15.018140175007773
8142,11.97581460875336
8143,14.781799233606097
8144,16.854830718543802
8145,12.938580216397158
8146,11.093116370226404
8147,6.618682087345513
8148,7.216273311330298
8149,8.98918917344544
8150,8.504926633290301
8151,14.221008241333239
8152,12.73315570499139
8153,12.610690811674665
8154,11.52485080985648
8155,13.467777455719228
8156,7.29751207733255
8157,10.537783440027326
8158,14.396230937235245
8159,12.50905282067484
8160,10.923289405909607
8161,14.788013977983292
8162,11.590880540481045
8163,12.711055742496049
8164,9.993052120842197
8165,12.395558366239012
8166,14.355354812830168
8167,16.388311947539822
8168,17.06603071055827
8169,8.265812620095641
8170,15.150964497992524
8171,8.095570399492516
8172,15.732628668852293
8173,14.65200714696288
8174,8.072913729917914
8175,10.583096509169716
8176,7.732297291511007
8177,12.112642293265868
8178,12.22180475206121
8179,12.364719297025818
8180,11.143264543301676
8181,8.296203404000288
8182,12.372882541227476
8183,10.38847444558299
8184,15.032508551210828
8185,15.961339598645315
8186,8.920501252288002
8187,15.645902323539087
8188,14.318035364802965
8189,15.914595097876578
8190,15.426030814329577
8191,10.225652190773005
8192,9.142934607747906
8193,12.665475227810793
8194,9.059598845529175
8195,12.191228445988381
8196,10.794133370781356
8197,16.696573960653453
8198,14.98541825554495
8199,6.741376187933376
8200,17.62573711107884
8201,10.610348484213628
8202,8.09483811620892
8203,12.28232086607283
8204,14.548223580480634
8205,12.726116817541227
8206,14.584918130720393
8207,12.935050837781384
8208,8.60668146477802
8209,14.190915294899323
8210,14.900841542933595
8211,9.964073231256819
8212,13.869936927292372
8213,7.648575137536723
8214,7.276210516687386
8215,9.7068461065587
8216,15.055506168936398
8217,16.167421745959388
8218,22.999662427673627
8219,8.885513386887688
8220,16.237729795499856
8221,10.901512116387726
8222,16.494922482106585
8223,7.925297847345956
8224,11.205706239591507
8225,16.102476335087644
8226,9.259022338229729
8227,8.183859303779442
8228,9.016738402251733
8229,8.926574701714495
8230,14.508264371356361
8231,14.68079412345812
8232,19.335520123567466
8233,9.67419618114223
8234,11.835414980932034
8235,9.362079385376576
8236,11.05272182402548
8237,11.753475714551929
8238,9.749116079192495
8239,13.546747496398837
8240,7.927489347211909
8241,10.806439355249786
8242,14.583254887127719
8243,9.585414373705483
8244,7.249124649750135
8245,11.658834537249085
8246,13.471908488111705
8247,16.435391616573725
8248,12.565244175186532
8249,10.794537451844272
8250,8.248050016397766
8251,13.221306246331132
8252,10.835417082117623
8253,8.303732327330904
8254,10.342778825808864
8255,18.375701114785176
8256,12.668076824832182
8257,6.400837286407821
8258,10.413364601376708
8259,11.192231282459757
8260,10.915944254084213
8261,17.101871749192735
8262,13.936725143838625
8263,11.214660931309155
8264,12.86453418162924
8265,6.456679029510151
8266,16.39882651874771
8267,15.189607181543849
8268,12.496908939691444
8269,16.44096521157812
8270,9.409611524385593
8271,13.450843371753312
8272,13.796165936092997
8273,10.622332238118027
8274,8.318575476333892
8275,8.650719779321847
8276,12.689959278209338
8277,12.888596446287433
8278,11.226259357529823
8279,17.616333583691812
8280,8.920851379914188
8281,9.91632372931493
8282,11.655958842851398
8283,15.705929477296094
8284,13.6493753869108
8285,9.747949407439872
8286,9.158417304807678
8287,10.33813805772225
8288,14.45103220084598
8289,16.221571436342167
8290,9.050310846454279
8291,17.592092373264954
8292,14.248251707870523
8293,15.066261852410559
8294,13.320777189588009
8295,11.506837349629901
8296,7.723389640361065
8297,7.335871536621573
8298,16.582698800895425
8299,19.402300600763187
8300,11.39002181549028
8301,10.963965796477524
8302,13.606598117495746
8303,12.532994895882567
8304,13.38281865715168
8305,15.791449718832357
8306,14.712042031533379
8307,13.49686652973487
8308,16.45313600195963
8309,10.194108689641702
8310,11.55952522611355
8311,11.544746994339947
8312,8.101409023340654
8313,10.432104249045764
8314,10.747948663118347
8315,15.8818342643966
8316,14.670384085028747
8317,18.46488049116997
8318,13.407090964669353
8319,18.743354386434874
8320,6.347153276855894
8321,13.74739197873065
8322,6.449661847496676
8323,11.18558031225336
8324,9.71594299393008
8325,12.754531477775625
8326,9.827829666153086
8327,11.106114587072417
8328,10.572900223927476
8329,9.54298514184944
8330,8.954840467465
8331,11.291471684475416
8332,16.315397248600835
8333,11.669996080684824
8334,15.535643853277284
8335,10.477170273858302
8336,7.060146708863017
8337,16.420224090768393
8338,8.11970062749526
8339,8.068161368648177
8340,12.486282420256748
8341,7.967694831590698
8342,9.015176303084495
8343,9.735323238150832
8344,7.639318245598512
8345,13.016219735165699
8346,10.98129786968087
8347,10.73543222465035
8348,12.082455208818747
8349,6.0
8350,12.988478416984771
8351,11.0905258574136
8352,16.793269101585036
8353,8.913872293243344
8354,14.23762681537982
8355,13.435050466208754
8356,7.945212358553534
8357,10.721232562950947
8358,9.192940265824532
8359,7.124508952115362
8360,16.52228508251998
8361,13.879967009882687
8362,10.985486384016987
8363,8.1494548773598
8364,18.03985342807233
8365,12.225263186484469
8366,14.31079577755878
8367,7.55865609638781
8368,10.40556861292215
8369,12.876222982274355
8370,12.677841088316546
8371,8.85544332600652
8372,14.518580215185482
8373,7.1888302073770705
8374,11.895171746692396
8375,19.868479229802045
8376,6.553536625397376
8377,19.423995999391426
8378,6.18141774831007
8379,7.740195822754334
8380,15.195613091118009
8381,13.380465935086374
8382,11.32587459154948
8383,10.002813234399817
8384,18.348342346752865
8385,8.62053848787094
8386,21.419126023838203
8387,8.925143678730748
8388,10.66200182678862
8389,11.451875180310267
8390,9.818771752012784
8391,8.656711076943257
8392,7.067841391431494
8393,11.537453098438078
8394,7.468235082610404
8395,8.812830973498317
8396,14.932786412078343
8397,7.383329821364681
8398,12.47716095284216
8399,11.001154917361312
8400,13.46258819983411
8401,7.742021811068351
8402,17.0743840127412
8403,22.439160806264432
8404,7.600541228565572
8405,10.600937746153916
8406,11.74528280667343
8407,12.036342783193264
8408,11.756722957005971
8409,13.122569877716435
8410,9.696457139673505
8411,10.759780987403698
8412,10.67509253013716
8413,18.349255434022275
8414,9.81676999039892
8415,13.607072776116848
8416,12.639831322313041
8417,6.7308629279244006
8418,6.961038938097484
8419,16.58067869340059
8420,12.683388275930588
8421,19.302673801933004
8422,12.7524681251478
8423,10.369908163286482
8424,15.200043734225378
8425,16.87561080951385
8426,15.735214629058111
8427,11.63895065590133
8428,8.74575755913007
8429,12.35586122212936
8430,15.887482235462226
8431,9.547970963623277
8432,15.769463555513356
8433,11.610645934129852
8434,16.790391816706716
8435,20.908276315299116
8436,13.169584607982209
8437,12.590831679746362
8438,13.119984405090907
8439,14.56117864998424
8440,16.519008532824042
8441,12.6691720513756
8442,17.188133863705627
8443,11.542280068570882
8444,16.271452063177346
8445,10.16835523495808
8446,9.734019733421
8447,12.047926255151197
8448,7.588070800055503
8449,15.75354530852999
8450,6.219093728820628
8451,17.541881574163902
8452,8.903144501450367
8453,10.980725767185554
8454,14.716610860400802
8455,7.6444406897536545
8456,19.03973348289325
8457,12.997950019742094
8458,12.56611573611698
8459,17.298578263692466
8460,16.02537030389833
8461,16.50242837524331
8462,14.21019242501129
8463,19.277477674716508
8464,11.45251065041787
8465,11.889382748713237
8466,9.792269036106251
8467,14.087596673025987
8468,16.11513179351894
8469,16.59707938727222
8470,14.656550961923223
8471,13.776935474696018
8472,15.081467581602087
8473,12.78453751382064
8474,7.443846184840652
8475,16.007388421070914
8476,8.996511658267874
8477,12.284947427392792
8478,10.959161094101756
8479,6.5333824638788975
8480,17.006724398238347
8481,10.418167238066097
8482,7.761484468497523
8483,13.045375155388905
8484,10.999246048075637
8485,13.160190259277474
8486,15.419761503200998
8487,10.35367682567101
8488,16.212324402169106
8489,11.084207509921457
8490,9.664088995946889
8491,16.630728057580246
8492,11.86443948779171
8493,15.122934753772512
8494,11.595679924977365
8495,13.074241491444749
8496,15.490205788293526
8497,16.794167291479802
8498,12.00874456935512
8499,14.125941839186073
8500,11.816277096508772
8501,8.918048655808812
8502,13.31668238631692
8503,13.327523414503915
8504,16.022811195752986
8505,13.976373239086305
8506,13.062324126993827
8507,6.202077846889361
8508,14.556917154580262
8509,16.508449171262072
8510,10.32283523635444
8511,12.879318741071293
8512,14.522910362672583
8513,18.62976868204686
8514,12.935555521380465
8515,11.413364603295483
8516,12.375772317909322
8517,14.887063556008298
8518,17.10071778069701
8519,18.953257933108638
8520,6.7166200731064825
8521,15.884856622151581
8522,11.520013346764468
8523,12.093151464263997
8524,13.543837376022985
8525,15.263413744888483
8526,11.361301273894789
8527,10.246788794245607
8528,17.670460340461965
8529,15.518845806423338
8530,9.565742806938882
8531,15.823556210181499
8532,7.963110498643564
8533,22.087852931653405
8534,12.025417280578743
8535,11.747547650097394
8536,13.0833621549983
8537,10.979516642681752
8538,7.005567141263063
8539,15.718256622692083
8540,7.148257460848575
8541,16.815837687410458
8542,8.819181892034777
8543,11.371095769232106
8544,17.051446982094934
8545,19.240385078188073
8546,16.28790236014593
8547,9.864728743037679
8548,11.796425169512304
8549,10.466440048734622
8550,11.439519903707794
8551,12.975223354516984
8552,11.946752872464813
8553,10.476732619227851
8554,12.282388845636762
8555,10.123011114344946
8556,10.260333708348305
8557,19.06133656153355
8558,9.224401378152603
8559,7.74441224590897
8560,13.27220311378275
8561,11.974164455300013
8562,11.999671476888217
8563,9.572892028979883
8564,15.914472386288605
8565,13.060621761684565
8566,9.76417604937673
8567,8.396278682206207
8568,13.760496827346625
8569,7.551444068567479
8570,11.405207773408543
8571,12.31741745514704
8572,9.399244745379377
8573,10.894875666029925
8574,19.311837944269286
8575,9.271092555310181
8576,6.945886879923844
8577,15.476649342130866
8578,10.316353649283547
8579,10.211575952904768
8580,14.205076621215303
8581,12.16723781728707
8582,7.779564541867337
8583,20.13146271511742
8584,14.649539613860348
8585,14.283502370412066
8586,15.123476118488956
8587,14.820136460244575
8588,9.70338551733156
8589,9.374434105883827
8590,15.85217254038522
8591,11.555832670500987
8592,9.703087502253162
8593,15.308288795339408
8594,14.982059032430918
8595,19.840177910022
8596,11.63371614326556
8597,12.285429001081024
8598,9.792126808222175
8599,10.259175814914386
8600,7.176935815285338
8601,7.59281428157856
8602,12.29011559596691
8603,11.806316160133417
8604,9.40227968511565
8605,10.861148846169849
8606,6.770536620789997
8607,16.223687812928993
8608,10.059514454482041
8609,8.382449892915808
8610,15.725024872404708
8611,12.336359266352426
8612,10.87828417625986
8613,6.880008529605984
8614,12.915009084436532
8615,14.225691643552896
8616,17.294835838454954
8617,13.003939810635284
8618,8.664649563527789
8619,16.879710261582993
8620,6.8419621892967974
8621,13.152562535397024
8622,18.38264716823434
8623,12.476561922017018
8624,12.885649747445012
8625,12.019072462540427
8626,10.473986217883052
8627,19.505050639906568
8628,15.774226335663975
8629,13.611063137103894
8630,14.455477527478251
8631,11.871536167690888
8632,17.79038353021379
8633,8.029129763323123
8634,16.101821276708552
8635,13.157660994025697
8636,10.6898815223336
8637,13.178809157209436
8638,13.896492978898266
8639,14.512451609484668
8640,10.30378683738978
8641,16.502093370327394
8642,10.301119965720304
8643,9.742175404215097
8644,14.88533032711822
8645,15.093546375663468
8646,10.52823787083106
8647,7.8630223929580865
8648,8.318074211683285
8649,11.512394109086532
8650,14.360317141857585
8651,11.411668544750832
8652,8.222026022593386
8653,11.043158261169918
8654,7.76846808438237
8655,15.298224426330426
8656,11.385881035640962
8657,13.957530738502946
8658,7.164192769790036
8659,9.528630941565915
8660,13.09283169264901
8661,7.720236543170029
8662,15.076920362390867
8663,9.40328239264917
8664,19.1379655297312
8665,11.090298486593774
8666,17.056778723057494
8667,12.041806911037632
8668,10.284850945467745
8669,9.404981379753455
8670,9.048063824914493
8671,9.986512035648149
8672,8.738859089068363
8673,9.909748152481342
8674,10.461210310111994
8675,10.457571017729022
8676,16.696696178441613
8677,11.664714637851112
8678,13.233305645071436
8679,13.905826095390825
8680,16.92387548715051
8681,14.898485138302899
8682,17.909791969828138
8683,10.08245504166353
8684,14.035266466290947
8685,6.257293405506107
8686,17.163751481972785
8687,9.5573456324977
8688,16.886747111320343
8689,6.517574449807795
8690,11.238279143491008
8691,12.59997656941921
8692,14.924258510262563
8693,18.72189796696326
8694,16.126088898630787
8695,10.091804568661631
8696,17.151390133355562
8697,7.258802460760869
8698,12.376707400721354
8699,6.597791350293086
8700,10.531279635428175
8701,12.618150876265357
8702,9.26555513449596
8703,16.038915636830772
8704,13.803468902561978
8705,12.557633777957504
8706,17.38338807986398
8707,12.670891131532969
8708,9.123662985258244
8709,11.874658356869034
8710,11.716656016958387
8711,12.732067712951718
8712,12.93847283464925
8713,9.168683317417782
8714,9.147029420876404
8715,9.383476906235355
8716,10.090199717206694
8717,13.781926364090696
8718,14.582846609097246
8719,12.288426962889012
8720,18.34419468556627
8721,14.414085949167236
8722,14.059598184157817
8723,10.249137230685445
8724,14.099065362297258
8725,13.762090817061905
8726,9.311239324410701
8727,9.111730985025812
8728,16.523107853370522
8729,17.246603866586227
8730,7.329560976247437
8731,17.9568017041252
8732,9.888890312559496
8733,7.97023682658191
8734,6.810973844263363
8735,11.26364898699586
8736,17.90033713543134
8737,15.038215008368715
8738,15.075180550144333
8739,8.37655694129577
8740,9.093289756323646
8741,9.964910133855785
8742,15.043007513665792
8743,9.780702879118635
8744,13.29238814037638
8745,11.570976800697142
8746,8.784133769789303
8747,15.531687311678233
8748,10.96236099245845
8749,12.013335594226474
8750,13.331739926830739
8751,9.271879536014184
8752,12.562569415954913
8753,6.668469585332107
8754,11.463795433255061
8755,10.467963258509265
8756,13.865729924594344
8757,11.900006376141212
8758,13.071880691110211
8759,12.301960924851832
8760,13.110375280929492
8761,9.458676775312675
8762,13.66333996435429
8763,12.126580663914538
8764,12.178261072752624
8765,14.64460894304421
8766,6.985320869333096
8767,13.366276523819963
8768,19.419004898897384
8769,11.546812420007218
8770,14.664254840420947
8771,12.564071607051575
8772,12.9565204101599
8773,14.772040013222961
8774,16.09549517343902
8775,18.207812951803824
8776,9.977798409235152
8777,9.608117793584007
8778,16.82837949347585
8779,7.671226946866492
8780,11.137471594578543
8781,12.8539731314482
8782,7.293952813748295
8783,10.599417665934373
8784,12.754118665524862
8785,12.898762905783002
8786,8.35533061188282
8787,13.8557615346733
8788,15.152228914471571
8789,15.818250758675212
8790,15.339365973767102
8791,11.691092937135416
8792,7.878887691454453
8793,6.602189821897646
8794,15.106210985858045
8795,11.922075108844638
8796,10.449016279432508
8797,6.850124222377955
8798,11.067302521123839
8799,16.49513253288028
8800,17.565948116142547
8801,15.035885894736682
8802,6.202068500293872
8803,10.521256542047368
8804,11.575031097347244
8805,10.614332167037313
8806,11.210524832300917
8807,13.285205953736586
8808,9.2252987224113
8809,14.167035573571596
8810,12.474823332205094
8811,12.425650036692492
8812,11.186055030865248
8813,8.120818794780716
8814,8.05315815854797
8815,7.098675261331622
8816,20.27989225760944
8817,10.014308077936013
8818,10.287226242424333
8819,12.936974999901404
8820,14.850756976629315
8821,14.29274695655472
8822,17.749843097147668
8823,15.99769488751549
8824,17.653869537752456
8825,17.01748710343475
8826,12.931361366918395
8827,8.509746689460213
8828,11.587814421423586
8829,10.080248323949533
8830,6.633757589899077
8831,8.574527984321104
8832,18.94032539677112
8833,9.451884039236514
8834,10.700665519725531
8835,11.85198381317728
8836,11.524390661783958
8837,11.690314153055215
8838,8.384875262219584
8839,13.361707578123875
8840,10.832265285544027
8841,15.036085487246938
8842,10.041810420052183
8843,14.913534074035725
8844,8.954078907997028
8845,7.305671227128826
8846,12.350384709388763
8847,10.414938924326243
8848,8.181424967455774
8849,12.244273747550238
8850,10.517405136572973
8851,13.76813647219723
8852,11.860496066272537
8853,9.199483685531273
8854,6.537665093695794
8855,13.82608978184881
8856,10.98741159423774
8857,8.160879749388501
8858,8.864958547327896
8859,15.368445782237975
8860,9.080092588124124
8861,14.37674276527566
8862,8.884213292024668
8863,7.569316526955643
8864,7.065927545339262
8865,8.809380891351836
8866,11.159566703414578
8867,10.492158258748844
8868,12.816139597433116
8869,14.924326024328002
8870,9.398911629313574
8871,9.027030222831314
8872,13.95523187833356
8873,12.75601389765816
8874,8.43006682121528
8875,8.468384576939888
8876,12.360567598748904
8877,9.59062657390947
8878,16.112664328856773
8879,17.137353815731245
8880,11.637780549073918
8881,12.861071931940533
8882,10.063020442706346
8883,6.0
8884,9.615468304577883
8885,7.8981886953069775
8886,7.986908205442365
8887,10.148924403892632
8888,14.763538541873059
8889,7.7364701186088745
8890,19.82919098093401
8891,9.282582257627933
8892,14.858979218132733
8893,12.490449410086852
8894,14.490500334158058
8895,21.03154761912173
8896,10.23185981793602
8897,15.673660964314564
8898,17.228321217116985
8899,7.631414347601975
8900,9.000676260711483
8901,6.276765345747629
8902,7.377040633585402
8903,19.427403967243997
8904,10.593094965094469
8905,15.682166373676823
8906,13.708518545639114
8907,17.69927777549949
8908,15.436875799955475
8909,7.508659745113663
8910,14.925588709364007
8911,13.547396902355791
8912,14.244924526310648
8913,15.914916280042812
8914,14.878002142867706
8915,14.184095056568538
8916,8.804320539324715
8917,10.64822120088878
8918,9.714198269182628
8919,16.417169921203374
8920,6.0
8921,11.024552112488925
8922,19.332101749837147
8923,6.257920176500199
8924,15.496258579319472
8925,13.592516519875925
8926,10.383277699639416
8927,15.183252992801918
8928,18.740866097109933
8929,18.25640915890922
8930,10.46820746363406
8931,10.684724316622807
8932,15.983132169180987
8933,15.78060821404351
8934,13.81201599347509
8935,14.20093469372604
8936,10.990255571825427
8937,12.061217395225128
8938,12.339638698080561
8939,7.532340249999798
8940,15.998733540035877
8941,12.516313757408367
8942,7.001113140588772
8943,17.594966073533087
8944,17.226261816349812
8945,9.181432971588103
8946,14.926629430875959
8947,14.79418182945007
8948,12.145567456783565
8949,11.673085175019796
8950,13.510203907173265
8951,8.160825981861569
8952,17.42960426709611
8953,19.451446813152586
8954,10.343436790828008
8955,12.810471682608762
8956,13.917061461245474
8957,14.03944457656588
8958,10.986083962670019
8959,11.125472474482084
8960,16.613958379542986
8961,8.0860081483256
8962,9.212068585949405
8963,16.321527294220466
8964,10.454479096538526
8965,13.943563009456279
8966,9.6402613018419
8967,11.748760549054154
8968,7.494382369317298
8969,11.068518785323946
8970,9.814394416259196
8971,13.557947721681185
8972,6.905504795025815
8973,13.443542502872322
8974,7.693707573323718
8975,9.174479479187951
8976,11.954239754553226
8977,12.282562262395551
8978,9.68371149981554
8979,13.08012494747218
8980,7.051867545464983
8981,10.392226033595819
8982,10.998079596849298
8983,15.283693829235576
8984,15.71609493463394
8985,8.246897831650763
8986,17.46508686740439
8987,12.172556717539521
8988,17.527142837024765
8989,14.343201835928982
8990,13.020838749496516
8991,6.496398179805993
8992,12.723022801804522
8993,16.724442928354495
8994,14.27005703943695
8995,11.75046864095209
8996,16.287039881395227
8997,8.434039391261509
8998,8.224364570061063
8999,14.352073313720407
9000,16.126510920066565
9001,15.053819454003605
9002,9.002025601626853
9003,13.371747879706566
9004,6.819175752146839
9005,11.206526547006177
9006,13.745122516144717
9007,14.843291660107408
9008,13.53110981628744
9009,9.703565967366872
9010,9.982788303903055
9011,17.097591973760423
9012,7.060708437004545
9013,9.282415576105564
9014,12.65614425146116
9015,16.488529553212526
9016,11.384034638237104
9017,6.678908764329719
9018,14.079307883641947
9019,10.67897134219854
9020,16.037424976558015
9021,14.982760885816464
9022,7.817630312614922
9023,13.836841700206108
9024,7.273877465255326
9025,17.082667491904317
9026,7.41471164478871
9027,8.212229371063001
9028,9.554090530295191
9029,18.750026391911234
9030,12.97019752069559
9031,17.15804813204366
9032,12.422909531748576
9033,8.259796535673877
9034,12.836430371184724
9035,6.906802025212855
9036,18.21176890958539
9037,10.704104723182017
9038,15.798080738502767
9039,8.964774895636303
9040,13.696478464831888
9041,11.394447309477425
9042,12.437999814019003
9043,18.0871172046738
9044,11.963683379696471
9045,13.198704339204841
9046,12.735276560393906
9047,7.909661195178242
9048,15.08691858995875
9049,15.00687153938337
9050,10.942481776237178
9051,14.565928180755927
9052,8.389434648760439
9053,9.808919513838202
9054,11.86072863908998
9055,12.829381274337445
9056,6.7268175221008795
9057,10.573287621278613
9058,10.226713066410046
9059,10.677274283982324
9060,10.599350096642755
9061,14.612291209433991
9062,11.377763858665638
9063,7.171880068347314
9064,9.864922656516725
9065,17.30476946164501
9066,9.492431406118019
9067,6.370154897129389
9068,12.3065472462024
9069,10.94723717617305
9070,10.99478776478845
9071,7.470055009246685
9072,12.179565105116698
9073,11.990875807024695
9074,9.612711271057904
9075,16.415713609351922
9076,9.309582372416243
9077,13.451474405572746
9078,7.810021272195817
9079,8.683526224740817
9080,6.319702640870634
9081,9.289234141349333
9082,12.984058453407929
9083,14.65446922796826
9084,12.607870786682602
9085,12.67500916372219
9086,7.383667863363643
9087,17.196836878384353
9088,6.6099596651097805
9089,6.0
9090,9.916167585018364
9091,9.526340442340693
9092,13.2639796493009
9093,9.00320204198227
9094,13.831606640105559
9095,17.132845514125677
9096,16.313907113371435
9097,11.979961406330148
9098,11.959241830091802
9099,10.523543947067967
9100,13.678560216689503
9101,12.293166257938964
9102,9.241375864700785
9103,10.67219520547152
9104,8.846915629806432
9105,10.727075308743643
9106,13.720061496487713
9107,8.277666357987725
9108,10.179063691461499
9109,15.816587434383237
9110,9.86849038390293
9111,17.159266078619925
9112,6.225602237862079
9113,13.40588458474035
9114,11.151951517948767
9115,7.470465086139618
9116,7.582048823048466
9117,11.082331642526324
9118,10.704936446398023
9119,19.336828630384034
9120,11.043792854716724
9121,9.840264206962146
9122,10.507090305953877
9123,17.996104842260024
9124,9.123895394514129
9125,15.028808186008124
9126,13.10043779653385
9127,14.228213209457598
9128,20.414990723334924
9129,13.792432818566562
9130,6.471081215386771
9131,15.86975353346891
9132,8.768303073524198
9133,16.20720571394473
9134,8.831871117778947
9135,9.365366896631755
9136,12.401201481976463
9137,11.32581301753438
9138,12.074045352395451
9139,13.195912430226386
9140,13.378946683419425
9141,13.236161019970336
9142,13.17545099513154
9143,8.839234569126404
9144,7.521706095517507
9145,13.100014983799014
9146,8.496110593075851
9147,17.505556924333117
9148,15.592283684802767
9149,11.63854291180222
9150,6.339559783367567
9151,8.38194703844253
9152,15.163196889600478
9153,15.955351345467182
9154,20.15191342358731
9155,10.954937065420806
9156,9.137728559373691
9157,10.332006345485363
9158,13.068760324385323
9159,9.283176654285839
9160,9.117743559479933
9161,11.033537835758045
9162,18.579879146427892
9163,19.275573631418986
9164,13.407046843537689
9165,11.44446052784824
9166,14.861020087509264
9167,12.57389053316375
9168,10.666857379074761
9169,18.59844159876076
9170,9.73296011605166
9171,12.321583404233591
9172,10.46777687964352
9173,11.25216322837508
9174,11.872134663291305
9175,14.239414222365294
9176,12.464819469846201
9177,12.50886510912407
9178,13.478593818428774
9179,12.786282788963955
9180,12.38948905922668
9181,15.519779321118882
9182,16.376323939369872
9183,13.417839816965408
9184,6.389495651415746
9185,14.685395582755062
9186,9.653805148979677
9187,12.21537356553204
9188,18.17324403764346
9189,12.178687674285397
9190,17.30347477561827
9191,9.94883214689705
9192,6.96061116037373
9193,9.515656261413751
9194,11.936289909761012
9195,10.447024958481286
9196,10.609055602750873
9197,12.242447255859716
9198,15.638856649502332
9199,19.11009466220022
9200,15.573931197328472
9201,10.72288440579812
9202,7.922706229162905
9203,15.306945302948458
9204,15.93056468073291
9205,10.80505530990058
9206,17.95601466275649
9207,12.928312064659913
9208,10.994584615471837
9209,14.48280432939908
9210,14.475091219954773
9211,7.114810902940398
9212,12.87063585347304
9213,8.626112969269261
9214,14.22756121432949
9215,14.175649174107182
9216,7.44486060216681
9217,13.877619603380015
9218,9.419034426109926
9219,12.523791526529324
9220,11.88256072879772
9221,10.491346121344195
9222,12.976965180656624
9223,8.162714658790003
9224,11.15844869993182
9225,13.355909583205435
9226,7.2377027396089195
9227,6.385324514519985
9228,11.254597928473572
9229,12.638625870267209
9230,14.117481229351423
9231,14.53986411779173
9232,11.219889713345282
9233,11.89766860759603
9234,11.419133039946397
9235,11.901718640781942
9236,16.47920493496669
9237,11.689025037465102
9238,13.873665625388902
9239,10.42098788806922
9240,8.099953691242195
9241,12.870657861664778
9242,11.55970005212653
9243,14.218928708132362
9244,6.93190189806171
9245,19.76228411234147
9246,16.920777793162415
9247,17.446490076771227
9248,8.084728300546967
9249,8.650251105926017
9250,14.60672111599091
9251,13.121370013824377
9252,9.743931044940217
9253,12.793756354707355
9254,12.213112989111304
9255,12.077158934976017
9256,17.380444783373967
9257,9.939126715084969
9258,15.588796106179085
9259,10.413208667965746
9260,7.740561900163457
9261,8.09346568298736
9262,17.626520699704656
9263,12.305426436712901
9264,11.75445069398553
9265,15.955515771222487
9266,9.865724760600916
9267,8.268418073847306
9268,12.812984948872282
9269,14.327389592284348
9270,12.772189943953832
9271,17.41083471553937
9272,15.778064955343147
9273,21.02782252672552
9274,12.17172068779691
9275,9.177074892597483
9276,8.805707542953824
9277,13.26596401073693
9278,11.44488108444326
9279,15.821632206469197
9280,18.208285191248617
9281,12.539335166545184
9282,13.795968982705535
9283,8.876088622907968
9284,12.758413617960782
9285,13.977784283093204
9286,14.633589633471033
9287,14.216795382026952
9288,14.728932239114448
9289,13.840331267988256
9290,14.63017082362119
9291,6.521147266584242
9292,8.30477500160707
9293,12.505472917965527
9294,10.873450611433016
9295,13.51596514855198
9296,13.196864561865517
9297,9.299063485543355
9298,10.81561790485228
9299,14.894767736612785
9300,6.170969451583895
9301,10.140113135540215
9302,12.496716390424963
9303,9.31195148089591
9304,8.028833397402257
9305,6.397534185428234
9306,11.678465761861805
9307,7.003282596581042
9308,14.56608027178444
9309,11.048730149092464
9310,9.998546731321985
9311,10.013561962854707
9312,14.590623224808585
9313,7.487207990448472
9314,7.234907994808459
9315,8.39131556923373
9316,9.81537219614117
9317,12.82497431813099
9318,9.554816091988954
9319,13.541051734836483
9320,7.709420320298622
9321,10.856095742705
9322,11.690142464008375
9323,10.974727280489887
9324,11.142370345240048
9325,15.059757353168235
9326,11.791520705757517
9327,16.75272845826984
9328,10.854872815738183
9329,6.988531904941831
9330,13.469390135232963
9331,6.427381622753342
9332,7.588817677271376
9333,10.945207037031958
9334,9.589685787159203
9335,7.911132049138795
9336,11.613666992618848
9337,11.220078866132276
9338,16.704521946475626
9339,10.464786831894541
9340,15.371858255261905
9341,6.969416458363265
9342,15.09342081781746
9343,11.472406990798651
9344,7.453586371137898
9345,10.397504514221914
9346,13.235823672314147
9347,14.714973414505232
9348,7.301931439704066
9349,8.118535020198982
9350,7.7097813015448855
9351,15.168880553305959
9352,9.162190479889768
9353,11.419452231970142
9354,14.559842988300298
9355,17.815196012654962
9356,12.10131006303218
9357,6.910397528843142
9358,10.80676038617753
9359,12.416106390905252
9360,9.593988755646714
9361,13.263573317818128
9362,11.976597532497944
9363,8.453592632521053
9364,12.315818883576046
9365,7.165916972378202
9366,8.90537262788266
9367,10.841714833134333
9368,12.255053333222051
9369,10.635115554391433
9370,9.933241143490624
9371,9.971489347406905
9372,11.944431346806107
9373,10.4444339685022
9374,10.192035571486214
9375,16.851456100500215
9376,10.888649914862421
9377,6.0475028577070225
9378,13.289186626223525
9379,6.636190174943696
9380,16.908291196642068
9381,7.336023720835515
9382,16.749925064785224
9383,14.835031228276971
9384,8.101761563095117
9385,17.344825233870324
9386,13.595683600153741
9387,17.204659365479433
9388,6.473641817225115
9389,11.889768798484495
9390,14.843296619140071
9391,15.157624929112528
9392,7.263048531320065
9393,6.71714545022647
9394,9.71272483292015
9395,14.326287710130275
9396,9.520682016321427
9397,16.05679482938203
9398,10.347408347244013
9399,16.570146584791015
9400,11.549143534829238
9401,7.416571054466967
9402,10.492609840154614
9403,15.661489643848194
9404,13.522347077273128
9405,8.604805008303577
9406,15.124736873570814
9407,9.141190300326306
9408,8.06100246605763
9409,9.448270698460098
9410,9.092873677030722
9411,12.632784595542306
9412,14.757130102454367
9413,6.73645782260187
9414,10.794568543626688
9415,12.496273539321454
9416,7.771728975064204
9417,8.000285590992066
9418,10.258834376615733
9419,18.034621695120403
9420,12.244881848775167
9421,7.213839353053534
9422,14.477975891787585
9423,15.390516950402171
9424,11.638452129408128
9425,8.340090230518918
9426,11.89116037513314
9427,11.129126114959927
9428,18.79350618068036
9429,12.452054072736534
9430,7.543543930453599
9431,15.80360170747779
9432,6.833930482644053
9433,13.524722953660149
9434,13.141533167382848
9435,13.557632788325769
9436,16.189725138731635
9437,13.734602834601219
9438,7.544598352577553
9439,15.12377079635494
9440,13.111678648511994
9441,11.930341847276047
9442,14.937182626087488
9443,7.359267963239806
9444,14.559891988917876
9445,14.031614373593518
9446,16.384097700310676
9447,9.949250639734661
9448,8.804119534546205
9449,6.801373007735349
9450,10.562534808880422
9451,7.443545938318911
9452,16.251180667180755
9453,10.847155960844008
9454,8.28009159526502
9455,11.494005677046186
9456,15.02326387649962
9457,7.186036913241667
9458,12.571447797544689
9459,9.916558184682312
9460,14.051516347621334
9461,10.204192329851267
9462,9.591469709692468
9463,16.860321557535485
9464,16.21300980173176
9465,14.861664500870459
9466,6.449288591068223
9467,10.770792320187095
9468,12.139128049858208
9469,12.966799532942115
9470,11.705750280939487
9471,11.558026727718053
9472,16.5770646062959
9473,15.147084583094507
9474,10.456219748277665
9475,8.193539593251314
9476,11.12289249694195
9477,8.279099334891807
9478,12.208818523343663
9479,6.874322891298689
9480,9.510512894975204
9481,10.374466516054582
9482,12.705113645646009
9483,19.22137286069752
9484,21.9186155713749
9485,11.83821908230206
9486,21.88913810443266
9487,20.492102981612696
9488,13.798422793854979
9489,12.143884185914025
9490,12.535048416382056
9491,9.987340788638576
9492,11.301293654602752
9493,15.915555273043763
9494,14.008879185121884
9495,10.795955454849295
9496,7.4426911440778145
9497,10.160176430058893
9498,8.944067639426809
9499,8.530220047766766
9500,12.259582942493656
9501,10.41151316536027
9502,11.619599138057833
9503,11.16449858950454
9504,13.739411334094298
9505,18.875788153140185
9506,8.806737675830108
9507,12.644444835385336
9508,8.899081479696513
9509,10.338761496117627
9510,16.980849373162734
9511,10.7208130721551
9512,7.6821752968447985
9513,9.857119653998586
9514,7.545194977037593
9515,12.38041673522708
9516,7.9849148152006
9517,10.095417256540204
9518,18.11968958246227
9519,9.55399172946866
9520,13.401608137261421
9521,12.937832820011305
9522,9.377573145717689
9523,15.668433731349102
9524,12.040279712792794
9525,17.669824726817904
9526,15.068770487214508
9527,15.640002717413136
9528,10.55046351081029
9529,6.778146225270764
9530,9.433396913072118
9531,10.358727066788447
9532,10.570629544697198
9533,11.158257450670966
9534,15.147415149356469
9535,12.761202866467544
9536,15.124159002708865
9537,11.491679387612523
9538,7.6574077122555195
9539,18.8326935998526
9540,7.1364643644431425
9541,7.4211597433183405
9542,9.904631142543614
9543,9.65873523101017
9544,9.938014276620564
9545,11.018334672750694
9546,13.468067879749949
9547,10.818037462090235
9548,6.8935548886667135
9549,18.17914191796697
9550,14.108177797137806
9551,14.105664902279921
9552,7.294511400921446
9553,13.796329218573945
9554,9.997522541229312
9555,7.689337694107017
9556,10.861623738851762
9557,10.240070457536314
9558,9.218173413651709
9559,14.225255791744864
9560,10.124288140110833
9561,11.521362695089794
9562,14.252627139282561
9563,8.410303123956767
9564,10.828380904421483
9565,7.85580806507919
9566,7.321951709212485
9567,9.11312819889788
9568,6.584549995276291
9569,12.994117692274164
9570,11.207728038270233
9571,17.152710437024577
9572,16.021088616969593
9573,14.752281116614968
9574,16.571415776729346
9575,13.036467510799158
9576,15.899943587721921
9577,9.347752148101085
9578,15.395709440318905
9579,9.602968166852659
9580,19.23058746597066
9581,7.517383478512517
9582,12.531041566857397
9583,7.659750819543911
9584,12.724083707225827
9585,10.128861537393453
9586,11.52816051269502
9587,8.3590516379635
9588,14.836070671457039
9589,6.9517554295327635
9590,9.335971803181165
9591,12.577499526317528
9592,9.885274667980127
9593,8.34559103787516
9594,13.522504889458041
9595,7.854433728978652
9596,15.994329798128907
9597,15.432535439923834
9598,12.2224946296347
9599,16.698492749243503
9600,10.651387935034332
9601,8.876128750298822
9602,13.50381720156006
9603,15.362230877248422
9604,8.825919296950458
9605,9.006271437587154
9606,6.6954731500429014
9607,13.325079304510036
9608,12.649875671347592
9609,6.537075209444317
9610,9.48136046470685
9611,15.162783804168408
9612,10.109728364461374
9613,14.17520038473812
9614,12.267259840937848
9615,8.005419654227346
9616,19.314736954784074
9617,8.814170218462882
9618,12.96082393095357
9619,16.668829575185047
9620,9.551649509373949
9621,11.278077169997728
9622,14.576769821323433
9623,11.576093178097398
9624,12.224366757451195
9625,10.637880612006766
9626,8.302662635872649
9627,8.67271271352315
9628,11.632857218461016
9629,10.590255844883822
9630,10.94397329795395
9631,13.619625843996179
9632,15.653256024931885
9633,8.864579341988145
9634,6.9401389964939355
9635,7.2732089085775
9636,14.800873600127298
9637,15.310503905975887
9638,12.481112769163332
9639,7.501410925949026
9640,13.582893963159407
9641,8.656577004827469
9642,10.398520853217754
9643,15.039015024750398
9644,13.62475597155444
9645,9.090728174230586
9646,13.220056488112569
9647,9.146939726538964
9648,8.77413446997053
9649,13.352859542979642
9650,13.624175680907536
9651,6.978279676409642
9652,10.09976833847129
9653,8.755663713931503
9654,16.372914978602697
9655,9.76388317431667
9656,9.558700701360104
9657,13.8399908566135
9658,7.975787571280024
9659,10.070309934566964
9660,16.370950466375746
9661,16.086447858335557
9662,14.585430536468039
9663,17.567448280272917
9664,10.365143933990424
9665,7.912172160472895
9666,10.593867787416627
9667,11.926443326118846
9668,13.360681385534583
9669,13.110456029982586
9670,7.014367928783446
9671,10.996693155852483
9672,8.338784195059459
9673,16.06995847177787
9674,14.534720962731242
9675,6.457785650268763
9676,11.588755854685754
9677,13.262783026467037
9678,13.81901938317398
9679,16.542508216601885
9680,8.690239751914639
9681,11.02623041352221
9682,11.24277281415963
9683,9.442084958306454
9684,12.418949008832023
9685,15.288835542769093
9686,11.222122697895594
9687,11.43837395488042
9688,10.786267269474138
9689,12.555525556945735
9690,14.814201437609022
9691,9.92451696862102
9692,11.710432460660527
9693,9.075153197508678
9694,8.517364655268844
9695,6.301361860494051
9696,10.525990695697752
9697,6.453645161637081
9698,10.013348189976881
9699,6.0
9700,8.98541041859403
9701,16.36651000725742
9702,12.901622119952346
9703,13.462418732410937
9704,11.281974945145093
9705,15.065020741174713
9706,15.293454328761642
9707,13.180457450081917
9708,12.430636873040424
9709,8.101093790771493
9710,13.894788289209192
9711,12.423732782357432
9712,6.336856612330637
9713,7.2526117739692015
9714,14.295977468282832
9715,11.117325274359143
9716,12.349071920512637
9717,11.191637152755783
9718,6.531012853852605
9719,10.602821768639043
9720,8.137377344931487
9721,11.038116189546674
9722,12.147106079753561
9723,8.495867058242714
9724,11.463193322031596
9725,8.383385293323892
9726,13.358010388450198
9727,7.02927182732377
9728,10.502577991521335
9729,11.632036163348149
9730,15.493917924535332
9731,15.084593024971767
9732,10.543359097016761
9733,14.450349205030125
9734,13.89237840209238
9735,12.946822564867762
9736,13.105811056390335
9737,11.135262211330817
9738,11.113717734365112
9739,12.21507813046622
9740,8.991866050660763
9741,10.779424577000011
9742,17.898853647829075
9743,9.107069153400408
9744,6.932517968200636
9745,12.630656604156933
9746,10.515088551710551
9747,8.380771540822021
9748,12.585462585513506
9749,8.608315196490125
9750,11.08753094124989
9751,10.005886268202318
9752,12.493432105804049
9753,7.260083060212773
9754,12.11528684573447
9755,16.60270392820265
9756,9.582609239504004
9757,8.201231336948064
9758,10.075061245317324
9759,15.027930516681181
9760,12.28966667595965
9761,16.1569009094941
9762,13.99538301499333
9763,7.139257642212949
9764,14.60212660432748
9765,10.282715800203881
9766,17.43958471760945
9767,15.465248982683477
9768,9.067663191133686
9769,12.18334357675873
9770,16.356623273873527
9771,14.998481881941391
9772,10.35374229760074
9773,6.958162728457205
9774,12.886130935929149
9775,11.148732694614337
9776,12.404821444135894
9777,14.444135663883637
9778,11.820178385830914
9779,16.018703842338258
9780,9.494565549547051
9781,11.597602598471077
9782,10.939676015205754
9783,11.9440696066168
9784,15.332455525535213
9785,15.467953030763354
9786,6.901858251212229
9787,11.604333183072779
9788,14.130619115133705
9789,12.768047072371326
9790,17.064013573536016
9791,13.932543813070556
9792,12.28177133032305
9793,10.281162157236865
9794,11.573942607761131
9795,6.652939515474225
9796,13.035312752923119
9797,7.3341970104285075
9798,15.345956729763373
9799,6.657527547319513
9800,14.66436591949184
9801,9.149571486149718
9802,6.0
9803,13.440429443265625
9804,12.002734156602997
9805,14.294447218179766
9806,11.901514105137842
9807,15.076171320673392
9808,14.067408981787388
9809,8.926959222325623
9810,20.021158479585246
9811,19.751420562077268
9812,11.142848294536591
9813,7.761593563968839
9814,13.6390689771153
9815,11.673234138521554
9816,12.680883097346554
9817,11.711021844010904
9818,15.522089772871691
9819,8.521604013286357
9820,11.95777217696921
9821,14.924610369226453
9822,10.688750874225628
9823,6.029984381300533
9824,14.456417877063783
9825,7.818315414898084
9826,11.396843114823884
9827,12.97424348545271
9828,12.497931401893283
9829,6.654907063252967
9830,10.963857188812906
9831,8.795537984044962
9832,15.01227223193028
9833,13.527645085624236
9834,13.993758258151317
9835,12.333686069225172
9836,12.5612074005997
9837,6.727244657351769
9838,9.815201116744756
9839,15.799501493274835
9840,6.631846934108683
9841,12.418135829505392
9842,13.804552300701634
9843,8.235161350130214
9844,18.04689714557368
9845,11.299814743304267
9846,8.234190469115235
9847,14.324751622429666
9848,13.479504169764873
9849,10.789716959764451
9850,12.028277532461003
9851,10.039000626807331
9852,8.733568607502633
9853,7.4504012135822535
9854,12.5421417581604
9855,15.10806102439506
9856,12.162405405140875
9857,11.44164479624455
9858,13.837902923453564
9859,9.355223124247232
9860,14.038015293844511
9861,17.535797802703947
9862,8.562614492791033
9863,13.795835078370473
9864,6.829130060521399
9865,20.00172690286377
9866,14.36025009928212
9867,8.396541581739706
9868,19.65228768122972
9869,10.926162947028718
9870,12.919237327257651
9871,18.04670410307791
9872,15.481645498869886
9873,17.274472504748168
9874,14.387279555850046
9875,8.376963080094844
9876,10.81674504590472
9877,15.074634735025478
9878,11.221039895850154
9879,19.82536267979964
9880,8.05608889435933
9881,8.04673817377975
9882,17.84271650932218
9883,11.583461941453809
9884,11.590903429439901
9885,9.276123784939013
9886,18.327582542553227
9887,12.516036715974137
9888,10.754938177090898
9889,12.870163897193432
9890,17.435047066218967
9891,10.502147961396673
9892,8.008353373531618
9893,11.17676978609362
9894,15.599366356959349
9895,12.761675814597313
9896,11.772998285312195
9897,13.574376147959411
9898,7.0191141153797245
9899,13.99971941551189
9900,12.11351690147455
9901,10.45847437320589
9902,15.179919080387357
9903,12.799390339103322
9904,9.475952187431966
9905,11.948999312656403
9906,16.351918115981235
9907,13.172523298938579
9908,10.192127705663612
9909,8.136961737965938
9910,12.62405964222038
9911,16.471038494290514
9912,6.8041008963427805
9913,17.215082016765876
9914,12.872915489451119
9915,12.397027917538585
9916,10.36002567169731
9917,8.73183823402817
9918,10.054262471574045
9919,12.87958315116078
9920,10.529008915690238
9921,10.57118121534798
9922,18.852379095541
9923,13.62578702895838
9924,20.78113851660966
9925,15.25224271447639
9926,16.657656848582434
9927,7.329024425373979
9928,12.175747202496623
9929,12.84664302571539
9930,8.021965039449576
9931,13.410229580368483
9932,14.212201648126426
9933,12.19055782357324
9934,12.809489174272347
9935,8.15912510440392
9936,13.467300766751789
9937,14.97081301048874
9938,12.392347341328906
9939,18.00776791941823
9940,12.617471877608242
9941,13.521123684290707
9942,12.314028323180793
9943,14.98881032895961
9944,12.422929774669019
9945,10.508985378182826
9946,12.158652434753721
9947,18.445708453130372
9948,18.406497005562088
9949,7.705458693457137
9950,17.50111020009345
9951,13.554459987225997
9952,16.75454247336318
9953,11.65756865144703
9954,14.567044639364315
9955,10.70579250588586
9956,13.67502303747099
9957,17.952976922813104
9958,13.143797147399091
9959,12.896392909081673
9960,16.330242558680606
9961,12.137370642413876
9962,10.176939196809968
9963,14.13356958874816
9964,10.70700359865236
9965,14.353400203710788
9966,10.456213790903373
9967,15.309238511636787
9968,14.063452265111977
9969,10.5315489161623
9970,16.51161555951805
9971,15.718565703675559
9972,13.852865330440277
9973,12.392381828233193
9974,13.002783247682224
9975,14.868473800012794
9976,7.531026611723146
9977,9.130851260558584
9978,14.395382013836286
9979,14.56240751127498
9980,9.643032395580057
9981,9.859304976260669
9982,10.706830725171624
9983,7.836057104900477
9984,12.686001154822387
9985,8.872629910253147
9986,8.270824786624805
9987,6.979785143481016
9988,12.072262940250198
9989,17.055875877762837
9990,8.799320725445654
9991,17.337778536333214
9992,9.92948141862005
9993,15.472378161960318
9994,10.48156526663445
9995,8.228997839367665
9996,6.841602105393047
9997,12.163879175396195
9998,8.007072783958623
9999,14.459596235765833
10000,6.672990157180284
