ID,int_rate
1,12.975114768297964
2,15.163278787878792
3,8.241699999999996
4,16.54669789227166
5,15.565319946452473
6,7.00818181818182
7,11.852133995037224
8,9.07855633802817
9,14.538467874794069
10,20.41680397727272
11,6.774912280701754
12,15.163278787878792
13,13.736605504587159
14,17.173489361702124
15,15.163278787878792
16,9.521029748283752
17,13.36653548002385
18,14.88430037313433
19,10.050641025641026
20,16.575650793650794
21,9.630916830386383
22,17.508295964125566
23,10.213392156862742
24,14.393431098696457
25,12.975114768297964
26,7.672343234323431
27,17.988675400291118
28,18.8869944598338
29,14.88430037313433
30,17.770347368421053
31,8.859631236442516
32,7.543030674846632
33,11.852133995037224
34,17.84280839895013
35,11.536211340206187
36,13.222034795763996
37,13.222034795763996
38,7.952102376599635
39,9.630916830386383
40,14.393431098696457
41,11.413716814159294
42,17.13425419240954
43,8.810793787748063
44,15.37224832214765
45,15.163278787878792
46,14.393431098696457
47,23.068030303030305
48,16.69123076923077
49,7.00818181818182
50,8.431576535288723
51,11.3001448321264
52,19.075095168374816
53,8.810793787748063
54,9.05036458333333
55,10.050641025641026
56,14.393431098696457
57,7.672343234323431
58,12.555085365853666
59,12.555085365853666
60,12.159300699300704
61,17.508295964125566
62,10.628407643312102
63,19.075095168374816
64,12.151654624277459
65,15.565319946452473
66,10.766346153846152
67,7.543030674846632
68,7.00818181818182
69,8.431576535288723
70,15.565319946452473
71,14.220190023752972
72,13.222034795763996
73,10.42751937984496
74,11.413716814159294
75,13.222034795763996
76,14.530675024107998
77,14.393431098696457
78,9.521029748283752
79,9.05036458333333
80,7.187860465116277
81,11.413716814159294
82,10.213392156862742
83,14.393431098696457
84,7.672343234323431
85,15.565319946452473
86,9.630916830386383
87,7.531249999999999
88,7.873676662320731
89,6.853055555555556
90,12.8223738317757
91,7.543030674846632
92,12.555085365853666
93,9.630916830386383
94,8.431576535288723
95,12.975114768297964
96,11.413716814159294
97,7.7745785440613
98,14.220190023752972
99,8.431576535288723
100,8.431576535288723
101,12.975114768297964
102,11.413716814159294
103,8.63652841781874
104,6.853055555555556
105,8.658941176470588
106,19.40678688524591
107,12.975114768297964
108,16.54669789227166
109,8.431576535288723
110,6.881550802139039
111,11.852133995037224
112,12.159300699300704
113,14.393431098696457
114,10.256025974025974
115,12.555085365853666
116,11.413716814159294
117,14.082031830238728
118,7.00818181818182
119,9.304397905759162
120,13.895074276778733
121,13.36653548002385
122,13.895074276778733
123,7.00818181818182
124,12.151654624277459
125,15.565319946452473
126,6.979326923076924
127,6.881550802139039
128,15.565319946452473
129,9.800037565740045
130,8.241699999999996
131,8.859631236442516
132,14.393431098696457
133,7.952102376599635
134,13.736605504587159
135,7.873676662320731
136,15.565319946452473
137,7.952102376599635
138,16.833291139240504
139,8.810793787748063
140,11.613464163822528
141,19.40678688524591
142,11.698705953827462
143,9.31025974025974
144,18.39394366197182
145,10.778468578401467
146,17.988675400291118
147,12.652355371900828
148,7.873676662320731
149,12.555085365853666
150,7.7745785440613
151,11.588796680497921
152,7.875555555555556
153,8.810793787748063
154,7.543030674846632
155,7.543030674846632
156,16.54669789227166
157,7.875555555555556
158,6.881550802139039
159,9.07855633802817
160,9.630916830386383
161,7.875555555555556
162,10.256025974025974
163,17.508295964125566
164,14.538467874794069
165,7.368581560283688
166,10.213392156862742
167,6.881550802139039
168,11.852133995037224
169,14.530675024107998
170,8.859631236442516
171,15.824915865384613
172,7.1659770114942525
173,11.852133995037224
174,11.3001448321264
175,18.39394366197182
176,16.833291139240504
177,7.00818181818182
178,8.63652841781874
179,7.7745785440613
180,10.778468578401467
181,16.833291139240504
182,12.539651972157769
183,13.36653548002385
184,9.630916830386383
185,8.428561151079139
186,15.824915865384613
187,12.159300699300704
188,15.565319946452473
189,7.875555555555556
190,12.975114768297964
191,9.31025974025974
192,10.050641025641026
193,9.272481751824817
194,7.280905797101451
195,7.875555555555556
196,11.852133995037224
197,10.793328424153167
198,14.082031830238728
199,10.778468578401467
200,10.793328424153167
201,14.530675024107998
202,14.538467874794069
203,10.780036231884058
204,12.8223738317757
205,8.241699999999996
206,7.987341772151899
207,10.42751937984496
208,17.173489361702124
209,8.859631236442516
210,12.555085365853666
211,12.975114768297964
212,7.046047297297298
213,11.3001448321264
214,9.800037565740045
215,9.304397905759162
216,8.431576535288723
217,7.543030674846632
218,8.63652841781874
219,10.778468578401467
220,9.31025974025974
221,14.88430037313433
222,15.565319946452473
223,7.187860465116277
224,9.05036458333333
225,18.8869944598338
226,9.630916830386383
227,18.39394366197182
228,11.698705953827462
229,18.8869944598338
230,11.852133995037224
231,8.63652841781874
232,12.555085365853666
233,7.280905797101451
234,14.082031830238728
235,8.241699999999996
236,17.508295964125566
237,9.800037565740045
238,12.975114768297964
239,10.770308529945556
240,7.00818181818182
241,8.63652841781874
242,13.36653548002385
243,7.873676662320731
244,20.41680397727272
245,18.39394366197182
246,17.988675400291118
247,14.393431098696457
248,16.54669789227166
249,12.151654624277459
250,13.31698879551821
251,9.07855633802817
252,8.810793787748063
253,10.778468578401467
254,11.413716814159294
255,14.530675024107998
256,8.255526315789472
257,14.709374999999998
258,16.54669789227166
259,7.873676662320731
260,14.393431098696457
261,15.163278787878792
262,9.31025974025974
263,11.698705953827462
264,10.778468578401467
265,8.241699999999996
266,15.163278787878792
267,10.778468578401467
268,16.575650793650794
269,12.151654624277459
270,12.127471264367813
271,7.368581560283688
272,6.979326923076924
273,14.393431098696457
274,11.698705953827462
275,14.393431098696457
276,11.588796680497921
277,10.778468578401467
278,13.222034795763996
279,7.368581560283688
280,14.709374999999998
281,14.393431098696457
282,9.31025974025974
283,8.810793787748063
284,8.241699999999996
285,9.07855633802817
286,8.241699999999996
287,11.3001448321264
288,13.736605504587159
289,11.588796680497921
290,7.187860465116277
291,7.952102376599635
292,6.979326923076924
293,8.810793787748063
294,7.374538606403011
295,16.54669789227166
296,7.543030674846632
297,13.36653548002385
298,7.543030674846632
299,15.163278787878792
300,8.859631236442516
301,12.127471264367813
302,7.875555555555556
303,7.187860465116277
304,13.895074276778733
305,10.778468578401467
306,10.778468578401467
307,7.368581560283688
308,7.543030674846632
309,10.42751937984496
310,9.05036458333333
311,14.082031830238728
312,7.873676662320731
313,14.393431098696457
314,11.536211340206187
315,9.521029748283752
316,8.241699999999996
317,11.698705953827462
318,11.413716814159294
319,8.810793787748063
320,13.736605504587159
321,15.565319946452473
322,15.565319946452473
323,12.975114768297964
324,17.412066666666668
325,8.810793787748063
326,13.736605504587159
327,10.256025974025974
328,7.543030674846632
329,9.882864864864866
330,9.05036458333333
331,14.393431098696457
332,11.698705953827462
333,12.975114768297964
334,8.63652841781874
335,11.698705953827462
336,7.952102376599635
337,13.736605504587159
338,13.895074276778733
339,7.374538606403011
340,7.046047297297298
341,15.565319946452473
342,8.810793787748063
343,7.046047297297298
344,8.241699999999996
345,12.975114768297964
346,8.431576535288723
347,12.127471264367813
348,9.630916830386383
349,11.413716814159294
350,11.413716814159294
351,7.280905797101451
352,18.8869944598338
353,12.539651972157769
354,16.575650793650794
355,11.852133995037224
356,12.151654624277459
357,12.975114768297964
358,11.63375
359,18.532043010752684
360,17.173489361702124
361,8.241699999999996
362,11.852133995037224
363,15.565319946452473
364,10.213392156862742
365,7.609999999999999
366,11.613464163822528
367,7.280905797101451
368,12.975114768297964
369,11.3001448321264
370,7.00818181818182
371,12.975114768297964
372,12.975114768297964
373,12.151654624277459
374,14.530675024107998
375,17.70805194805195
376,17.93878260869565
377,14.393431098696457
378,8.859631236442516
379,13.31698879551821
380,8.431576535288723
381,16.575650793650794
382,7.374538606403011
383,8.810793787748063
384,14.082031830238728
385,17.93878260869565
386,14.393431098696457
387,12.555085365853666
388,13.222034795763996
389,12.539651972157769
390,8.431576535288723
391,11.3001448321264
392,8.428561151079139
393,7.672343234323431
394,7.656209677419353
395,8.431576535288723
396,15.565319946452473
397,9.521029748283752
398,11.3001448321264
399,8.63652841781874
400,10.423529411764706
401,11.3001448321264
402,11.3001448321264
403,9.31025974025974
404,18.39394366197182
405,7.543030674846632
406,9.800037565740045
407,12.151654624277459
408,12.555085365853666
409,16.575650793650794
410,12.975114768297964
411,13.736605504587159
412,7.368581560283688
413,10.213392156862742
414,9.630916830386383
415,7.368581560283688
416,9.490641399416907
417,10.213392156862742
418,9.07855633802817
419,14.530675024107998
420,7.7745785440613
421,14.082031830238728
422,14.88430037313433
423,7.7745785440613
424,16.575650793650794
425,7.00818181818182
426,9.490641399416907
427,14.88430037313433
428,7.046047297297298
429,9.800037565740045
430,11.413716814159294
431,7.952102376599635
432,8.810793787748063
433,7.531249999999999
434,8.241699999999996
435,12.975114768297964
436,9.31025974025974
437,7.952102376599635
438,7.1659770114942525
439,13.736605504587159
440,16.833291139240504
441,16.575650793650794
442,12.975114768297964
443,9.490641399416907
444,7.873676662320731
445,14.393431098696457
446,13.36653548002385
447,13.736605504587159
448,8.810793787748063
449,8.63652841781874
450,18.532043010752684
451,10.628407643312102
452,13.895074276778733
453,9.800037565740045
454,11.852133995037224
455,15.565319946452473
456,9.304397905759162
457,14.082031830238728
458,7.952102376599635
459,15.565319946452473
460,12.151654624277459
461,9.31025974025974
462,9.882864864864866
463,10.793328424153167
464,12.159300699300704
465,12.8223738317757
466,12.159300699300704
467,9.882864864864866
468,12.539651972157769
469,11.413716814159294
470,14.538467874794069
471,7.374538606403011
472,11.3001448321264
473,12.8223738317757
474,14.082031830238728
475,8.810793787748063
476,9.521029748283752
477,12.975114768297964
478,7.656209677419353
479,15.565319946452473
480,9.304397905759162
481,13.36653548002385
482,11.852133995037224
483,7.873676662320731
484,9.521029748283752
485,10.778468578401467
486,8.810793787748063
487,10.213392156862742
488,7.543030674846632
489,12.539651972157769
490,7.543030674846632
491,11.3001448321264
492,11.852133995037224
493,6.853055555555556
494,11.852133995037224
495,7.280905797101451
496,19.075095168374816
497,7.543030674846632
498,7.046047297297298
499,10.778468578401467
500,9.630916830386383
501,7.187860465116277
502,13.222034795763996
503,9.800037565740045
504,8.431576535288723
505,9.630916830386383
506,7.187860465116277
507,8.428561151079139
508,10.213392156862742
509,10.780036231884058
510,7.364117647058823
511,11.3001448321264
512,12.151654624277459
513,7.374538606403011
514,13.895074276778733
515,10.213392156862742
516,15.163278787878792
517,7.046047297297298
518,11.413716814159294
519,7.952102376599635
520,13.222034795763996
521,16.54669789227166
522,9.521029748283752
523,7.00818181818182
524,7.280905797101451
525,9.490641399416907
526,7.531249999999999
527,11.613464163822528
528,7.00818181818182
529,11.852133995037224
530,9.800037565740045
531,7.672343234323431
532,17.988675400291118
533,11.536211340206187
534,10.770308529945556
535,11.413716814159294
536,7.1659770114942525
537,11.613464163822528
538,8.810793787748063
539,7.4339747634069395
540,14.082031830238728
541,7.873676662320731
542,13.36653548002385
543,15.163278787878792
544,10.628407643312102
545,8.241699999999996
546,6.816209677419355
547,9.630916830386383
548,15.565319946452473
549,15.824915865384613
550,7.543030674846632
551,9.07855633802817
552,9.521029748283752
553,13.736605504587159
554,12.975114768297964
555,12.539651972157769
556,12.159300699300704
557,12.539651972157769
558,9.882864864864866
559,9.800037565740045
560,8.241699999999996
561,10.766346153846152
562,11.63375
563,7.280905797101451
564,9.05036458333333
565,10.778468578401467
566,8.241699999999996
567,11.613464163822528
568,11.413716814159294
569,12.975114768297964
570,11.698705953827462
571,10.793328424153167
572,12.159300699300704
573,14.082031830238728
574,7.00818181818182
575,13.736605504587159
576,11.698705953827462
577,14.393431098696457
578,15.565319946452473
579,14.220190023752972
580,12.539651972157769
581,11.413716814159294
582,8.810793787748063
583,7.187860465116277
584,12.975114768297964
585,7.656209677419353
586,6.881550802139039
587,11.613464163822528
588,6.979326923076924
589,8.431576535288723
590,9.630916830386383
591,7.7745785440613
592,6.853055555555556
593,8.241699999999996
594,11.63375
595,9.630916830386383
596,16.833291139240504
597,8.658941176470588
598,12.159300699300704
599,14.530675024107998
600,9.521029748283752
601,9.304397905759162
602,17.13425419240954
603,12.555085365853666
604,14.082031830238728
605,12.975114768297964
606,13.895074276778733
607,14.538467874794069
608,14.082031830238728
609,15.565319946452473
610,11.698705953827462
611,7.046047297297298
612,7.543030674846632
613,7.543030674846632
614,7.531249999999999
615,12.539651972157769
616,7.7745785440613
617,8.810793787748063
618,6.979326923076924
619,14.393431098696457
620,7.7745785440613
621,8.63652841781874
622,11.852133995037224
623,9.630916830386383
624,14.88430037313433
625,9.304397905759162
626,9.31025974025974
627,9.800037565740045
628,7.952102376599635
629,11.698705953827462
630,12.975114768297964
631,6.881550802139039
632,8.241699999999996
633,12.539651972157769
634,8.255526315789472
635,11.413716814159294
636,19.40678688524591
637,7.374538606403011
638,11.3001448321264
639,13.736605504587159
640,6.853055555555556
641,10.778468578401467
642,14.082031830238728
643,11.3001448321264
644,11.3001448321264
645,8.590289855072461
646,9.800037565740045
647,14.082031830238728
648,12.151654624277459
649,9.05036458333333
650,12.555085365853666
651,7.00818181818182
652,8.431576535288723
653,11.588796680497921
654,8.590289855072461
655,17.173489361702124
656,7.952102376599635
657,12.151654624277459
658,9.31025974025974
659,7.364117647058823
660,7.875555555555556
661,20.887989417989413
662,6.816209677419355
663,12.159300699300704
664,17.13425419240954
665,14.530675024107998
666,7.875555555555556
667,13.222034795763996
668,9.800037565740045
669,7.7745785440613
670,12.975114768297964
671,17.508295964125566
672,12.151654624277459
673,8.63652841781874
674,13.36653548002385
675,9.800037565740045
676,8.810793787748063
677,12.539651972157769
678,11.852133995037224
679,8.63652841781874
680,11.413716814159294
681,9.630916830386383
682,12.159300699300704
683,7.046047297297298
684,10.793328424153167
685,7.873676662320731
686,14.393431098696457
687,7.187860465116277
688,10.213392156862742
689,9.630916830386383
690,11.3001448321264
691,12.975114768297964
692,8.810793787748063
693,6.853055555555556
694,7.7745785440613
695,13.222034795763996
696,10.213392156862742
697,11.852133995037224
698,15.824915865384613
699,13.31698879551821
700,9.521029748283752
701,11.3001448321264
702,12.975114768297964
703,9.521029748283752
704,9.800037565740045
705,9.521029748283752
706,7.368581560283688
707,7.543030674846632
708,14.720000000000002
709,10.256025974025974
710,7.046047297297298
711,17.770347368421053
712,12.652355371900828
713,7.543030674846632
714,12.975114768297964
715,8.428561151079139
716,7.368581560283688
717,7.374538606403011
718,7.368581560283688
719,14.88430037313433
720,7.374538606403011
721,9.630916830386383
722,15.37224832214765
723,11.852133995037224
724,10.770308529945556
725,16.833291139240504
726,8.859631236442516
727,11.536211340206187
728,8.859631236442516
729,12.975114768297964
730,14.082031830238728
731,6.816209677419355
732,7.187860465116277
733,7.656209677419353
734,8.241699999999996
735,8.241699999999996
736,8.810793787748063
737,14.530675024107998
738,12.555085365853666
739,8.590289855072461
740,9.800037565740045
741,17.412066666666668
742,9.31025974025974
743,8.63652841781874
744,15.824915865384613
745,12.539651972157769
746,7.952102376599635
747,6.774912280701754
748,8.859631236442516
749,11.852133995037224
750,10.770308529945556
751,7.875555555555556
752,11.698705953827462
753,8.241699999999996
754,10.213392156862742
755,9.31025974025974
756,12.159300699300704
757,9.800037565740045
758,14.530675024107998
759,13.222034795763996
760,6.979326923076924
761,11.3001448321264
762,12.539651972157769
763,7.7745785440613
764,13.736605504587159
765,7.875555555555556
766,11.63375
767,7.952102376599635
768,10.256025974025974
769,9.800037565740045
770,9.800037565740045
771,7.280905797101451
772,10.628407643312102
773,10.770308529945556
774,14.393431098696457
775,7.028257575757575
776,9.630916830386383
777,11.3001448321264
778,6.774912280701754
779,13.222034795763996
780,10.256025974025974
781,15.163278787878792
782,7.4339747634069395
783,13.36653548002385
784,7.028257575757575
785,7.4339747634069395
786,11.536211340206187
787,7.64776986816778
788,7.374538606403011
789,7.875555555555556
790,12.975114768297964
791,10.213392156862742
792,6.881550802139039
793,10.778468578401467
794,11.3001448321264
795,7.543030674846632
796,7.543030674846632
797,10.213392156862742
798,7.374538606403011
799,7.046047297297298
800,9.882864864864866
801,10.213392156862742
802,12.108703703703702
803,11.698705953827462
804,12.539651972157769
805,9.31025974025974
806,12.652355371900828
807,10.42751937984496
808,13.31698879551821
809,9.31025974025974
810,13.36653548002385
811,10.793328424153167
812,7.875555555555556
813,12.151654624277459
814,14.88430037313433
815,14.393431098696457
816,11.536211340206187
817,8.810793787748063
818,7.543030674846632
819,14.530675024107998
820,14.393431098696457
821,9.521029748283752
822,9.304397905759162
823,17.13425419240954
824,7.7745785440613
825,7.368581560283688
826,9.05036458333333
827,10.213392156862742
828,9.521029748283752
829,7.656209677419353
830,11.536211340206187
831,11.613464163822528
832,11.536211340206187
833,10.778468578401467
834,8.810793787748063
835,12.151654624277459
836,10.778468578401467
837,11.698705953827462
838,17.13425419240954
839,8.431576535288723
840,8.63652841781874
841,10.050641025641026
842,8.859631236442516
843,8.241699999999996
844,8.63652841781874
845,14.082031830238728
846,10.213392156862742
847,7.672343234323431
848,9.800037565740045
849,7.543030674846632
850,8.428561151079139
851,9.630916830386383
852,7.873676662320731
853,8.241699999999996
854,11.698705953827462
855,13.36653548002385
856,15.565319946452473
857,7.952102376599635
858,14.393431098696457
859,7.875555555555556
860,8.859631236442516
861,6.774912280701754
862,10.213392156862742
863,11.613464163822528
864,12.151654624277459
865,8.431576535288723
866,10.766346153846152
867,10.778468578401467
868,12.151654624277459
869,11.413716814159294
870,7.873676662320731
871,14.530675024107998
872,8.241699999999996
873,6.853055555555556
874,12.151654624277459
875,7.7745785440613
876,8.241699999999996
877,11.073571428571428
878,8.859631236442516
879,8.810793787748063
880,9.521029748283752
881,11.698705953827462
882,11.698705953827462
883,9.304397905759162
884,14.082031830238728
885,16.833291139240504
886,11.698705953827462
887,8.241699999999996
888,12.539651972157769
889,16.575650793650794
890,8.431576535288723
891,8.241699999999996
892,12.555085365853666
893,11.852133995037224
894,12.555085365853666
895,17.13425419240954
896,10.050641025641026
897,8.241699999999996
898,7.543030674846632
899,8.810793787748063
900,9.31025974025974
901,12.151654624277459
902,12.975114768297964
903,7.7745785440613
904,7.875555555555556
905,11.413716814159294
906,11.698705953827462
907,7.543030674846632
908,7.875555555555556
909,11.698705953827462
910,14.538467874794069
911,10.778468578401467
912,9.272481751824817
913,14.88430037313433
914,12.159300699300704
915,9.31025974025974
916,7.875555555555556
917,6.881550802139039
918,9.304397905759162
919,15.163278787878792
920,7.543030674846632
921,8.241699999999996
922,11.413716814159294
923,8.859631236442516
924,7.00818181818182
925,7.374538606403011
926,7.543030674846632
927,7.046047297297298
928,7.187860465116277
929,6.853055555555556
930,11.698705953827462
931,7.543030674846632
932,7.368581560283688
933,15.565319946452473
934,9.490641399416907
935,10.213392156862742
936,10.213392156862742
937,9.630916830386383
938,7.4339747634069395
939,7.952102376599635
940,9.31025974025974
941,8.431576535288723
942,9.31025974025974
943,9.630916830386383
944,7.4339747634069395
945,15.345915492957745
946,12.555085365853666
947,9.521029748283752
948,9.31025974025974
949,8.63652841781874
950,13.222034795763996
951,12.108703703703702
952,7.187860465116277
953,15.163278787878792
954,11.3001448321264
955,11.698705953827462
956,7.187860465116277
957,8.431576535288723
958,13.849411764705883
959,13.31698879551821
960,12.151654624277459
961,9.882864864864866
962,11.698705953827462
963,11.3001448321264
964,7.543030674846632
965,14.530675024107998
966,7.046047297297298
967,7.00818181818182
968,7.1659770114942525
969,8.63652841781874
970,9.31025974025974
971,11.413716814159294
972,15.345915492957745
973,13.736605504587159
974,12.555085365853666
975,9.800037565740045
976,19.075095168374816
977,8.658941176470588
978,14.530675024107998
979,11.3001448321264
980,12.975114768297964
981,9.304397905759162
982,12.975114768297964
983,15.565319946452473
984,7.656209677419353
985,9.630916830386383
986,8.810793787748063
987,10.213392156862742
988,11.698705953827462
989,8.810793787748063
990,15.565319946452473
991,12.159300699300704
992,8.241699999999996
993,10.780036231884058
994,9.630916830386383
995,7.873676662320731
996,8.241699999999996
997,14.082031830238728
998,13.36653548002385
999,9.800037565740045
1000,6.816209677419355
1001,17.770347368421053
1002,11.413716814159294
1003,12.539651972157769
1004,13.736605504587159
1005,13.736605504587159
1006,16.833291139240504
1007,12.555085365853666
1008,7.672343234323431
1009,13.895074276778733
1010,7.543030674846632
1011,14.393431098696457
1012,9.490641399416907
1013,10.213392156862742
1014,15.565319946452473
1015,10.778468578401467
1016,7.00818181818182
1017,10.793328424153167
1018,12.539651972157769
1019,11.588796680497921
1020,11.413716814159294
1021,8.431576535288723
1022,10.778468578401467
1023,9.630916830386383
1024,10.770308529945556
1025,9.31025974025974
1026,7.543030674846632
1027,8.241699999999996
1028,17.508295964125566
1029,7.873676662320731
1030,10.42751937984496
1031,11.413716814159294
1032,7.374538606403011
1033,9.31025974025974
1034,12.539651972157769
1035,8.241699999999996
1036,7.4339747634069395
1037,8.63652841781874
1038,12.975114768297964
1039,7.952102376599635
1040,14.393431098696457
1041,16.54669789227166
1042,12.539651972157769
1043,11.413716814159294
1044,7.374538606403011
1045,7.952102376599635
1046,8.241699999999996
1047,7.672343234323431
1048,14.393431098696457
1049,16.575650793650794
1050,12.555085365853666
1051,7.656209677419353
1052,14.082031830238728
1053,13.222034795763996
1054,13.36653548002385
1055,14.393431098696457
1056,16.54669789227166
1057,9.05036458333333
1058,12.151654624277459
1059,12.539651972157769
1060,12.539651972157769
1061,15.824915865384613
1062,14.393431098696457
1063,7.952102376599635
1064,8.810793787748063
1065,7.875555555555556
1066,10.256025974025974
1067,11.698705953827462
1068,13.222034795763996
1069,8.810793787748063
1070,11.413716814159294
1071,12.975114768297964
1072,18.39394366197182
1073,14.082031830238728
1074,11.613464163822528
1075,7.873676662320731
1076,13.736605504587159
1077,8.431576535288723
1078,7.672343234323431
1079,11.588796680497921
1080,17.173489361702124
1081,13.895074276778733
1082,8.431576535288723
1083,13.895074276778733
1084,10.778468578401467
1085,13.736605504587159
1086,8.810793787748063
1087,12.539651972157769
1088,9.31025974025974
1089,14.220190023752972
1090,12.975114768297964
1091,13.222034795763996
1092,7.543030674846632
1093,7.364117647058823
1094,7.015
1095,14.082031830238728
1096,10.213392156862742
1097,9.630916830386383
1098,7.368581560283688
1099,15.163278787878792
1100,17.84280839895013
1101,15.163278787878792
1102,8.810793787748063
1103,14.538467874794069
1104,9.630916830386383
1105,7.1659770114942525
1106,15.565319946452473
1107,9.05036458333333
1108,12.555085365853666
1109,13.222034795763996
1110,15.565319946452473
1111,17.84280839895013
1112,13.36653548002385
1113,11.698705953827462
1114,19.40678688524591
1115,14.393431098696457
1116,10.213392156862742
1117,15.565319946452473
1118,13.222034795763996
1119,17.173489361702124
1120,13.36653548002385
1121,7.952102376599635
1122,7.543030674846632
1123,11.852133995037224
1124,12.539651972157769
1125,7.364117647058823
1126,15.163278787878792
1127,17.84280839895013
1128,11.698705953827462
1129,14.082031830238728
1130,14.082031830238728
1131,14.082031830238728
1132,7.1659770114942525
1133,15.565319946452473
1134,16.833291139240504
1135,7.543030674846632
1136,13.36653548002385
1137,10.628407643312102
1138,14.393431098696457
1139,10.770308529945556
1140,14.538467874794069
1141,16.575650793650794
1142,11.413716814159294
1143,8.810793787748063
1144,8.63652841781874
1145,17.84280839895013
1146,11.698705953827462
1147,11.852133995037224
1148,14.530675024107998
1149,12.8223738317757
1150,11.698705953827462
1151,7.1659770114942525
1152,17.173489361702124
1153,9.800037565740045
1154,11.413716814159294
1155,14.530675024107998
1156,8.241699999999996
1157,7.4339747634069395
1158,7.00818181818182
1159,12.151654624277459
1160,12.975114768297964
1161,10.213392156862742
1162,7.046047297297298
1163,7.187860465116277
1164,7.368581560283688
1165,12.151654624277459
1166,11.588796680497921
1167,21.484347826086967
1168,12.975114768297964
1169,10.778468578401467
1170,10.213392156862742
1171,9.882864864864866
1172,13.895074276778733
1173,7.4339747634069395
1174,7.00818181818182
1175,13.736605504587159
1176,17.13425419240954
1177,12.975114768297964
1178,7.028257575757575
1179,7.374538606403011
1180,12.159300699300704
1181,10.778468578401467
1182,9.521029748283752
1183,7.873676662320731
1184,8.241699999999996
1185,15.37224832214765
1186,8.431576535288723
1187,11.852133995037224
1188,14.88430037313433
1189,15.851196172248807
1190,15.163278787878792
1191,11.852133995037224
1192,8.431576535288723
1193,7.4339747634069395
1194,11.588796680497921
1195,8.810793787748063
1196,11.413716814159294
1197,9.630916830386383
1198,16.54669789227166
1199,9.07855633802817
1200,10.778468578401467
1201,7.875555555555556
1202,14.082031830238728
1203,15.163278787878792
1204,12.555085365853666
1205,10.778468578401467
1206,12.555085365853666
1207,7.046047297297298
1208,15.565319946452473
1209,11.413716814159294
1210,10.213392156862742
1211,13.222034795763996
1212,9.800037565740045
1213,15.565319946452473
1214,8.255526315789472
1215,7.187860465116277
1216,8.810793787748063
1217,17.173489361702124
1218,8.859631236442516
1219,8.431576535288723
1220,9.521029748283752
1221,17.770347368421053
1222,17.13425419240954
1223,8.859631236442516
1224,9.521029748283752
1225,9.31025974025974
1226,13.36653548002385
1227,10.423529411764706
1228,15.163278787878792
1229,9.31025974025974
1230,11.698705953827462
1231,18.39394366197182
1232,7.4339747634069395
1233,12.652355371900828
1234,7.873676662320731
1235,14.88430037313433
1236,11.413716814159294
1237,8.431576535288723
1238,11.536211340206187
1239,6.816209677419355
1240,8.241699999999996
1241,7.280905797101451
1242,12.555085365853666
1243,14.393431098696457
1244,14.88430037313433
1245,15.565319946452473
1246,18.39394366197182
1247,14.393431098696457
1248,7.187860465116277
1249,7.374538606403011
1250,13.36653548002385
1251,10.42751937984496
1252,15.565319946452473
1253,7.187860465116277
1254,12.975114768297964
1255,13.222034795763996
1256,11.852133995037224
1257,9.521029748283752
1258,13.36653548002385
1259,7.4339747634069395
1260,8.431576535288723
1261,8.810793787748063
1262,11.3001448321264
1263,13.36653548002385
1264,12.975114768297964
1265,9.521029748283752
1266,13.895074276778733
1267,15.565319946452473
1268,18.8869944598338
1269,11.698705953827462
1270,10.793328424153167
1271,10.778468578401467
1272,10.778468578401467
1273,15.565319946452473
1274,7.531249999999999
1275,15.851196172248807
1276,15.163278787878792
1277,7.873676662320731
1278,14.88430037313433
1279,12.975114768297964
1280,11.536211340206187
1281,8.241699999999996
1282,14.538467874794069
1283,17.508295964125566
1284,6.774912280701754
1285,9.31025974025974
1286,6.853055555555556
1287,9.490641399416907
1288,9.05036458333333
1289,7.531249999999999
1290,10.778468578401467
1291,14.082031830238728
1292,17.412066666666668
1293,6.881550802139039
1294,13.36653548002385
1295,16.833291139240504
1296,14.88430037313433
1297,7.028257575757575
1298,12.539651972157769
1299,13.222034795763996
1300,17.173489361702124
1301,8.255526315789472
1302,11.413716814159294
1303,12.555085365853666
1304,10.213392156862742
1305,10.256025974025974
1306,12.8223738317757
1307,8.582732628405953
1308,10.213392156862742
1309,11.3001448321264
1310,16.833291139240504
1311,9.800037565740045
1312,9.882864864864866
1313,6.853055555555556
1314,8.431576535288723
1315,10.213392156862742
1316,12.555085365853666
1317,9.31025974025974
1318,10.213392156862742
1319,11.3001448321264
1320,13.736605504587159
1321,15.565319946452473
1322,10.778468578401467
1323,7.368581560283688
1324,18.8869944598338
1325,11.698705953827462
1326,9.31025974025974
1327,13.895074276778733
1328,14.220190023752972
1329,12.555085365853666
1330,12.8223738317757
1331,7.543030674846632
1332,11.852133995037224
1333,11.3001448321264
1334,12.159300699300704
1335,12.975114768297964
1336,11.698705953827462
1337,8.63652841781874
1338,8.810793787748063
1339,12.555085365853666
1340,11.698705953827462
1341,17.13425419240954
1342,11.413716814159294
1343,9.490641399416907
1344,7.952102376599635
1345,14.082031830238728
1346,11.413716814159294
1347,9.800037565740045
1348,9.521029748283752
1349,11.613464163822528
1350,7.00818181818182
1351,13.36653548002385
1352,9.630916830386383
1353,9.31025974025974
1354,14.393431098696457
1355,11.536211340206187
1356,13.736605504587159
1357,7.4339747634069395
1358,13.36653548002385
1359,16.575650793650794
1360,10.778468578401467
1361,10.213392156862742
1362,12.159300699300704
1363,12.555085365853666
1364,7.875555555555556
1365,15.565319946452473
1366,9.630916830386383
1367,14.393431098696457
1368,8.810793787748063
1369,16.54669789227166
1370,17.508295964125566
1371,14.393431098696457
1372,11.588796680497921
1373,9.521029748283752
1374,12.8223738317757
1375,7.875555555555556
1376,12.975114768297964
1377,18.39394366197182
1378,16.69123076923077
1379,11.3001448321264
1380,16.11730496453901
1381,9.630916830386383
1382,12.8223738317757
1383,17.93878260869565
1384,12.555085365853666
1385,12.539651972157769
1386,13.736605504587159
1387,20.41680397727272
1388,9.630916830386383
1389,11.413716814159294
1390,9.521029748283752
1391,17.508295964125566
1392,12.159300699300704
1393,9.521029748283752
1394,9.521029748283752
1395,16.575650793650794
1396,18.39394366197182
1397,11.413716814159294
1398,11.852133995037224
1399,19.829615384615384
1400,10.778468578401467
1401,11.3001448321264
1402,16.575650793650794
1403,12.151654624277459
1404,11.613464163822528
1405,14.082031830238728
1406,6.881550802139039
1407,13.736605504587159
1408,17.13425419240954
1409,9.31025974025974
1410,17.13425419240954
1411,12.975114768297964
1412,11.413716814159294
1413,14.393431098696457
1414,12.555085365853666
1415,12.539651972157769
1416,12.539651972157769
1417,14.393431098696457
1418,7.873676662320731
1419,8.241699999999996
1420,14.530675024107998
1421,10.778468578401467
1422,13.895074276778733
1423,20.41680397727272
1424,7.028257575757575
1425,15.851196172248807
1426,11.3001448321264
1427,9.521029748283752
1428,20.527879999999993
1429,17.173489361702124
1430,11.413716814159294
1431,17.70805194805195
1432,9.882864864864866
1433,10.778468578401467
1434,7.00818181818182
1435,19.075095168374816
1436,8.590289855072461
1437,12.555085365853666
1438,16.11730496453901
1439,14.082031830238728
1440,10.213392156862742
1441,6.853055555555556
1442,8.431576535288723
1443,10.050641025641026
1444,7.656209677419353
1445,13.31698879551821
1446,13.849411764705883
1447,7.187860465116277
1448,14.082031830238728
1449,8.241699999999996
1450,12.8223738317757
1451,11.852133995037224
1452,14.082031830238728
1453,13.31698879551821
1454,14.393431098696457
1455,11.3001448321264
1456,15.565319946452473
1457,10.793328424153167
1458,15.565319946452473
1459,7.374538606403011
1460,12.975114768297964
1461,16.54669789227166
1462,13.31698879551821
1463,16.11730496453901
1464,15.565319946452473
1465,12.975114768297964
1466,15.565319946452473
1467,8.63652841781874
1468,14.88430037313433
1469,8.810793787748063
1470,15.565319946452473
1471,7.187860465116277
1472,17.770347368421053
1473,9.630916830386383
1474,9.800037565740045
1475,11.698705953827462
1476,14.393431098696457
1477,15.565319946452473
1478,9.882864864864866
1479,10.213392156862742
1480,10.213392156862742
1481,16.11730496453901
1482,12.539651972157769
1483,15.163278787878792
1484,8.431576535288723
1485,10.778468578401467
1486,9.800037565740045
1487,20.41680397727272
1488,12.539651972157769
1489,14.393431098696457
1490,10.256025974025974
1491,14.538467874794069
1492,13.36653548002385
1493,12.151654624277459
1494,11.413716814159294
1495,8.859631236442516
1496,11.413716814159294
1497,13.36653548002385
1498,16.54669789227166
1499,15.163278787878792
1500,16.54669789227166
1501,9.800037565740045
1502,11.413716814159294
1503,12.975114768297964
1504,11.613464163822528
1505,16.833291139240504
1506,15.163278787878792
1507,11.63375
1508,10.256025974025974
1509,10.793328424153167
1510,7.952102376599635
1511,11.698705953827462
1512,9.05036458333333
1513,14.709374999999998
1514,15.565319946452473
1515,15.565319946452473
1516,15.163278787878792
1517,14.530675024107998
1518,12.555085365853666
1519,12.975114768297964
1520,12.8223738317757
1521,16.54669789227166
1522,11.3001448321264
1523,13.222034795763996
1524,8.810793787748063
1525,15.163278787878792
1526,9.05036458333333
1527,14.393431098696457
1528,12.539651972157769
1529,11.413716814159294
1530,8.241699999999996
1531,14.88430037313433
1532,7.543030674846632
1533,9.882864864864866
1534,8.810793787748063
1535,14.082031830238728
1536,9.521029748283752
1537,9.31025974025974
1538,17.173489361702124
1539,11.413716814159294
1540,15.565319946452473
1541,12.539651972157769
1542,14.393431098696457
1543,12.539651972157769
1544,12.975114768297964
1545,10.213392156862742
1546,11.852133995037224
1547,7.4339747634069395
1548,17.173489361702124
1549,8.810793787748063
1550,11.698705953827462
1551,9.521029748283752
1552,12.151654624277459
1553,14.082031830238728
1554,18.39394366197182
1555,8.810793787748063
1556,8.810793787748063
1557,13.222034795763996
1558,7.4339747634069395
1559,14.538467874794069
1560,10.256025974025974
1561,9.630916830386383
1562,12.975114768297964
1563,11.852133995037224
1564,9.800037565740045
1565,14.530675024107998
1566,8.431576535288723
1567,9.800037565740045
1568,11.413716814159294
1569,12.159300699300704
1570,14.393431098696457
1571,12.555085365853666
1572,12.975114768297964
1573,10.213392156862742
1574,12.539651972157769
1575,6.881550802139039
1576,8.431576535288723
1577,14.393431098696457
1578,9.05036458333333
1579,11.698705953827462
1580,7.543030674846632
1581,16.11730496453901
1582,11.698705953827462
1583,7.672343234323431
1584,18.8869944598338
1585,7.1659770114942525
1586,9.800037565740045
1587,17.988675400291118
1588,14.393431098696457
1589,15.163278787878792
1590,15.565319946452473
1591,10.42751937984496
1592,17.508295964125566
1593,7.7745785440613
1594,13.736605504587159
1595,10.42751937984496
1596,9.05036458333333
1597,9.800037565740045
1598,9.521029748283752
1599,12.975114768297964
1600,16.833291139240504
1601,7.046047297297298
1602,12.975114768297964
1603,19.40678688524591
1604,10.256025974025974
1605,9.630916830386383
1606,17.173489361702124
1607,9.31025974025974
1608,10.779075974417612
1609,8.63652841781874
1610,14.220190023752972
1611,7.374538606403011
1612,14.530675024107998
1613,10.780036231884058
1614,10.213392156862742
1615,14.082031830238728
1616,7.952102376599635
1617,8.63652841781874
1618,12.539651972157769
1619,7.672343234323431
1620,7.1659770114942525
1621,7.374538606403011
1622,9.07855633802817
1623,13.736605504587159
1624,15.565319946452473
1625,6.979326923076924
1626,11.3001448321264
1627,9.630916830386383
1628,15.565319946452473
1629,9.521029748283752
1630,16.833291139240504
1631,14.530675024107998
1632,12.159300699300704
1633,6.816209677419355
1634,7.374538606403011
1635,11.3001448321264
1636,7.187860465116277
1637,9.31025974025974
1638,7.368581560283688
1639,14.393431098696457
1640,17.13425419240954
1641,10.213392156862742
1642,9.07855633802817
1643,7.00818181818182
1644,13.895074276778733
1645,8.810793787748063
1646,9.630916830386383
1647,12.555085365853666
1648,15.565319946452473
1649,19.829615384615384
1650,11.413716814159294
1651,7.873676662320731
1652,12.8223738317757
1653,7.00818181818182
1654,11.588796680497921
1655,13.736605504587159
1656,10.213392156862742
1657,7.1659770114942525
1658,11.698705953827462
1659,8.428561151079139
1660,12.975114768297964
1661,7.374538606403011
1662,9.521029748283752
1663,16.833291139240504
1664,12.159300699300704
1665,9.521029748283752
1666,13.736605504587159
1667,14.393431098696457
1668,14.393431098696457
1669,9.800037565740045
1670,10.780036231884058
1671,7.987341772151899
1672,9.630916830386383
1673,7.873676662320731
1674,11.852133995037224
1675,7.543030674846632
1676,8.810793787748063
1677,9.490641399416907
1678,8.241699999999996
1679,8.810793787748063
1680,12.975114768297964
1681,8.63652841781874
1682,9.800037565740045
1683,12.975114768297964
1684,14.393431098696457
1685,12.975114768297964
1686,11.613464163822528
1687,7.00818181818182
1688,11.588796680497921
1689,9.630916830386383
1690,19.075095168374816
1691,12.975114768297964
1692,10.778468578401467
1693,13.36653548002385
1694,19.40678688524591
1695,12.539651972157769
1696,7.952102376599635
1697,16.54669789227166
1698,9.630916830386383
1699,10.213392156862742
1700,8.431576535288723
1701,9.800037565740045
1702,9.05036458333333
1703,12.975114768297964
1704,17.412066666666668
1705,15.565319946452473
1706,14.082031830238728
1707,14.88430037313433
1708,12.539651972157769
1709,7.873676662320731
1710,9.630916830386383
1711,15.565319946452473
1712,9.521029748283752
1713,9.630916830386383
1714,9.31025974025974
1715,12.975114768297964
1716,14.393431098696457
1717,14.082031830238728
1718,11.3001448321264
1719,9.05036458333333
1720,19.40678688524591
1721,9.882864864864866
1722,10.766346153846152
1723,11.536211340206187
1724,8.431576535288723
1725,20.41680397727272
1726,13.736605504587159
1727,10.778468578401467
1728,19.40678688524591
1729,11.413716814159294
1730,8.241699999999996
1731,8.810793787748063
1732,18.39394366197182
1733,15.565319946452473
1734,11.3001448321264
1735,10.778468578401467
1736,11.698705953827462
1737,12.151654624277459
1738,17.988675400291118
1739,10.778468578401467
1740,9.630916830386383
1741,16.833291139240504
1742,6.853055555555556
1743,9.31025974025974
1744,9.800037565740045
1745,18.532043010752684
1746,12.539651972157769
1747,7.7745785440613
1748,9.800037565740045
1749,9.521029748283752
1750,17.173489361702124
1751,10.778468578401467
1752,7.873676662320731
1753,19.075095168374816
1754,12.127471264367813
1755,19.40678688524591
1756,14.393431098696457
1757,9.521029748283752
1758,12.555085365853666
1759,12.539651972157769
1760,12.539651972157769
1761,12.151654624277459
1762,12.555085365853666
1763,7.543030674846632
1764,15.824915865384613
1765,8.859631236442516
1766,16.11730496453901
1767,7.374538606403011
1768,16.69123076923077
1769,13.36653548002385
1770,19.379576271186444
1771,16.833291139240504
1772,7.374538606403011
1773,11.613464163822528
1774,8.859631236442516
1775,13.222034795763996
1776,9.490641399416907
1777,12.539651972157769
1778,8.63652841781874
1779,14.082031830238728
1780,9.630916830386383
1781,7.00818181818182
1782,7.374538606403011
1783,9.31025974025974
1784,12.975114768297964
1785,7.543030674846632
1786,7.7745785440613
1787,9.882864864864866
1788,11.413716814159294
1789,11.852133995037224
1790,7.875555555555556
1791,9.800037565740045
1792,11.3001448321264
1793,13.736605504587159
1794,15.565319946452473
1795,8.810793787748063
1796,6.881550802139039
1797,10.766346153846152
1798,7.672343234323431
1799,12.151654624277459
1800,12.151654624277459
1801,14.530675024107998
1802,15.37224832214765
1803,7.543030674846632
1804,8.859631236442516
1805,15.163278787878792
1806,7.00818181818182
1807,11.536211340206187
1808,12.975114768297964
1809,12.151654624277459
1810,7.873676662320731
1811,10.256025974025974
1812,7.873676662320731
1813,7.187860465116277
1814,16.833291139240504
1815,15.565319946452473
1816,16.833291139240504
1817,11.698705953827462
1818,10.213392156862742
1819,17.770347368421053
1820,14.88430037313433
1821,12.539651972157769
1822,8.810793787748063
1823,12.539651972157769
1824,15.565319946452473
1825,11.698705953827462
1826,13.736605504587159
1827,12.127471264367813
1828,12.151654624277459
1829,9.521029748283752
1830,9.630916830386383
1831,12.151654624277459
1832,7.046047297297298
1833,9.521029748283752
1834,7.531249999999999
1835,7.7745785440613
1836,7.187860465116277
1837,9.304397905759162
1838,8.810793787748063
1839,7.875555555555556
1840,16.54669789227166
1841,8.810793787748063
1842,11.413716814159294
1843,16.833291139240504
1844,13.895074276778733
1845,8.810793787748063
1846,13.895074276778733
1847,7.046047297297298
1848,8.431576535288723
1849,13.222034795763996
1850,8.428561151079139
1851,8.63652841781874
1852,6.853055555555556
1853,13.36653548002385
1854,13.222034795763996
1855,18.8869944598338
1856,9.521029748283752
1857,9.31025974025974
1858,9.05036458333333
1859,6.774912280701754
1860,8.431576535288723
1861,11.413716814159294
1862,14.88430037313433
1863,9.521029748283752
1864,17.93878260869565
1865,11.3001448321264
1866,10.770308529945556
1867,9.882864864864866
1868,16.833291139240504
1869,14.709374999999998
1870,10.766346153846152
1871,10.780036231884058
1872,10.213392156862742
1873,7.028257575757575
1874,11.413716814159294
1875,9.31025974025974
1876,16.54669789227166
1877,8.590289855072461
1878,8.431576535288723
1879,6.816209677419355
1880,7.672343234323431
1881,7.028257575757575
1882,12.975114768297964
1883,12.975114768297964
1884,12.975114768297964
1885,15.851196172248807
1886,8.431576535288723
1887,17.988675400291118
1888,9.630916830386383
1889,9.07855633802817
1890,13.895074276778733
1891,12.159300699300704
1892,10.770308529945556
1893,19.31568093385214
1894,8.431576535288723
1895,8.431576535288723
1896,11.413716814159294
1897,12.539651972157769
1898,19.075095168374816
1899,11.698705953827462
1900,10.766346153846152
1901,13.222034795763996
1902,7.4339747634069395
1903,8.63652841781874
1904,11.698705953827462
1905,11.852133995037224
1906,14.530675024107998
1907,14.220190023752972
1908,11.698705953827462
1909,8.810793787748063
1910,12.539651972157769
1911,9.630916830386383
1912,19.31568093385214
1913,15.565319946452473
1914,13.222034795763996
1915,11.852133995037224
1916,12.151654624277459
1917,7.7745785440613
1918,14.88430037313433
1919,11.852133995037224
1920,9.882864864864866
1921,8.241699999999996
1922,8.810793787748063
1923,10.770308529945556
1924,13.36653548002385
1925,10.770308529945556
1926,11.698705953827462
1927,7.187860465116277
1928,12.8223738317757
1929,7.7745785440613
1930,7.7745785440613
1931,12.539651972157769
1932,7.280905797101451
1933,16.11730496453901
1934,13.31698879551821
1935,15.565319946452473
1936,13.36653548002385
1937,15.37224832214765
1938,15.565319946452473
1939,10.778468578401467
1940,15.565319946452473
1941,11.413716814159294
1942,9.31025974025974
1943,9.882864864864866
1944,10.770308529945556
1945,6.853055555555556
1946,13.31698879551821
1947,12.159300699300704
1948,9.304397905759162
1949,7.374538606403011
1950,7.875555555555556
1951,13.222034795763996
1952,10.213392156862742
1953,14.393431098696457
1954,8.431576535288723
1955,8.431576535288723
1956,9.630916830386383
1957,9.07855633802817
1958,10.778468578401467
1959,12.151654624277459
1960,7.280905797101451
1961,9.31025974025974
1962,12.539651972157769
1963,20.527879999999993
1964,7.656209677419353
1965,12.151654624277459
1966,10.213392156862742
1967,13.895074276778733
1968,10.770308529945556
1969,7.00818181818182
1970,7.952102376599635
1971,12.555085365853666
1972,15.565319946452473
1973,14.082031830238728
1974,10.793328424153167
1975,11.3001448321264
1976,10.778468578401467
1977,11.413716814159294
1978,10.778468578401467
1979,11.413716814159294
1980,13.36653548002385
1981,12.151654624277459
1982,12.539651972157769
1983,8.431576535288723
1984,13.736605504587159
1985,7.543030674846632
1986,7.187860465116277
1987,12.555085365853666
1988,8.431576535288723
1989,11.3001448321264
1990,13.36653548002385
1991,8.431576535288723
1992,12.975114768297964
1993,12.555085365853666
1994,8.431576535288723
1995,17.412066666666668
1996,9.882864864864866
1997,10.778468578401467
1998,10.256025974025974
1999,14.082031830238728
2000,12.8223738317757
2001,16.833291139240504
2002,9.521029748283752
2003,11.413716814159294
2004,13.736605504587159
2005,7.374538606403011
2006,9.521029748283752
2007,11.413716814159294
2008,17.13425419240954
2009,18.532043010752684
2010,10.256025974025974
2011,17.988675400291118
2012,9.630916830386383
2013,12.8223738317757
2014,7.531249999999999
2015,13.36653548002385
2016,16.575650793650794
2017,7.028257575757575
2018,12.151654624277459
2019,8.658941176470588
2020,10.770308529945556
2021,7.028257575757575
2022,9.630916830386383
2023,17.508295964125566
2024,12.975114768297964
2025,11.413716814159294
2026,13.849411764705883
2027,12.8223738317757
2028,15.565319946452473
2029,12.539651972157769
2030,9.800037565740045
2031,12.159300699300704
2032,12.151654624277459
2033,9.05036458333333
2034,17.13425419240954
2035,15.565319946452473
2036,11.413716814159294
2037,17.13425419240954
2038,8.431576535288723
2039,14.530675024107998
2040,12.975114768297964
2041,11.698705953827462
2042,14.393431098696457
2043,14.88430037313433
2044,16.833291139240504
2045,11.588796680497921
2046,7.672343234323431
2047,8.63652841781874
2048,7.7745785440613
2049,13.36653548002385
2050,11.852133995037224
2051,17.84280839895013
2052,13.895074276778733
2053,17.770347368421053
2054,14.530675024107998
2055,20.450188679245286
2056,15.565319946452473
2057,15.565319946452473
2058,7.280905797101451
2059,17.84280839895013
2060,6.853055555555556
2061,10.778468578401467
2062,13.736605504587159
2063,13.222034795763996
2064,10.780036231884058
2065,6.816209677419355
2066,14.393431098696457
2067,11.852133995037224
2068,19.075095168374816
2069,7.7745785440613
2070,10.256025974025974
2071,8.241699999999996
2072,10.778468578401467
2073,15.565319946452473
2074,15.565319946452473
2075,6.853055555555556
2076,11.852133995037224
2077,14.393431098696457
2078,17.84280839895013
2079,17.173489361702124
2080,17.988675400291118
2081,14.393431098696457
2082,14.393431098696457
2083,15.565319946452473
2084,9.304397905759162
2085,11.413716814159294
2086,13.36653548002385
2087,8.859631236442516
2088,8.810793787748063
2089,14.393431098696457
2090,7.543030674846632
2091,12.108703703703702
2092,11.413716814159294
2093,14.082031830238728
2094,8.810793787748063
2095,12.975114768297964
2096,15.163278787878792
2097,17.13425419240954
2098,16.833291139240504
2099,6.881550802139039
2100,18.39394366197182
2101,13.895074276778733
2102,9.882864864864866
2103,14.082031830238728
2104,11.698705953827462
2105,13.222034795763996
2106,14.393431098696457
2107,19.40678688524591
2108,16.575650793650794
2109,17.988675400291118
2110,9.31025974025974
2111,8.63652841781874
2112,15.163278787878792
2113,14.88430037313433
2114,12.652355371900828
2115,10.213392156862742
2116,7.952102376599635
2117,16.575650793650794
2118,12.539651972157769
2119,6.853055555555556
2120,12.159300699300704
2121,8.241699999999996
2122,14.88430037313433
2123,17.988675400291118
2124,15.824915865384613
2125,16.833291139240504
2126,14.530675024107998
2127,7.00818181818182
2128,14.082031830238728
2129,12.539651972157769
2130,8.63652841781874
2131,7.543030674846632
2132,11.698705953827462
2133,14.393431098696457
2134,7.046047297297298
2135,7.1659770114942525
2136,11.3001448321264
2137,6.881550802139039
2138,8.810793787748063
2139,9.07855633802817
2140,15.163278787878792
2141,14.538467874794069
2142,7.280905797101451
2143,13.222034795763996
2144,13.895074276778733
2145,11.413716814159294
2146,9.800037565740045
2147,14.393431098696457
2148,12.539651972157769
2149,7.952102376599635
2150,10.770308529945556
2151,14.393431098696457
2152,7.00818181818182
2153,7.7745785440613
2154,6.853055555555556
2155,15.565319946452473
2156,7.4339747634069395
2157,13.849411764705883
2158,7.374538606403011
2159,8.241699999999996
2160,12.8223738317757
2161,7.4339747634069395
2162,15.163278787878792
2163,8.241699999999996
2164,10.213392156862742
2165,15.163278787878792
2166,11.63375
2167,8.241699999999996
2168,17.508295964125566
2169,12.975114768297964
2170,10.213392156862742
2171,17.13425419240954
2172,8.810793787748063
2173,11.852133995037224
2174,14.393431098696457
2175,8.63652841781874
2176,8.810793787748063
2177,10.778468578401467
2178,12.539651972157769
2179,7.875555555555556
2180,16.54669789227166
2181,8.63652841781874
2182,19.075095168374816
2183,12.8223738317757
2184,12.555085365853666
2185,16.54669789227166
2186,7.028257575757575
2187,15.163278787878792
2188,8.241699999999996
2189,7.952102376599635
2190,10.778468578401467
2191,8.810793787748063
2192,12.975114768297964
2193,10.778468578401467
2194,11.698705953827462
2195,16.54669789227166
2196,12.539651972157769
2197,7.4339747634069395
2198,8.431576535288723
2199,12.8223738317757
2200,7.187860465116277
2201,17.173489361702124
2202,13.36653548002385
2203,10.778468578401467
2204,8.241699999999996
2205,14.88430037313433
2206,11.613464163822528
2207,15.824915865384613
2208,7.7745785440613
2209,9.31025974025974
2210,8.241699999999996
2211,7.873676662320731
2212,8.241699999999996
2213,8.241699999999996
2214,12.159300699300704
2215,10.793328424153167
2216,9.31025974025974
2217,14.530675024107998
2218,11.698705953827462
2219,15.565319946452473
2220,11.413716814159294
2221,8.859631236442516
2222,8.431576535288723
2223,13.895074276778733
2224,8.431576535288723
2225,7.00818181818182
2226,6.816209677419355
2227,15.37224832214765
2228,19.379576271186444
2229,15.565319946452473
2230,8.241699999999996
2231,7.875555555555556
2232,9.31025974025974
2233,17.13425419240954
2234,6.853055555555556
2235,19.075095168374816
2236,7.873676662320731
2237,16.54669789227166
2238,12.975114768297964
2239,7.046047297297298
2240,9.630916830386383
2241,14.538467874794069
2242,13.222034795763996
2243,10.778468578401467
2244,17.770347368421053
2245,20.41680397727272
2246,8.535757797142399
2247,14.530675024107998
2248,15.565319946452473
2249,19.075095168374816
2250,14.709374999999998
2251,11.3001448321264
2252,13.736605504587159
2253,11.413716814159294
2254,9.05036458333333
2255,15.163278787878792
2256,14.538467874794069
2257,19.31568093385214
2258,8.431576535288723
2259,16.575650793650794
2260,15.163278787878792
2261,8.859631236442516
2262,14.082031830238728
2263,12.975114768297964
2264,17.13425419240954
2265,7.046047297297298
2266,16.11730496453901
2267,13.36653548002385
2268,15.163278787878792
2269,10.213392156862742
2270,16.575650793650794
2271,13.31698879551821
2272,9.07855633802817
2273,17.770347368421053
2274,15.37224832214765
2275,15.565319946452473
2276,12.151654624277459
2277,10.778468578401467
2278,11.852133995037224
2279,13.736605504587159
2280,12.151654624277459
2281,9.521029748283752
2282,12.539651972157769
2283,12.652355371900828
2284,12.151654624277459
2285,7.875555555555556
2286,12.555085365853666
2287,18.39394366197182
2288,10.770308529945556
2289,12.151654624277459
2290,13.31698879551821
2291,7.368581560283688
2292,10.213392156862742
2293,11.3001448321264
2294,11.3001448321264
2295,9.630916830386383
2296,13.36653548002385
2297,14.082031830238728
2298,14.709374999999998
2299,9.630916830386383
2300,13.222034795763996
2301,7.046047297297298
2302,12.555085365853666
2303,12.539651972157769
2304,7.543030674846632
2305,10.778468578401467
2306,11.698705953827462
2307,16.575650793650794
2308,9.630916830386383
2309,8.63652841781874
2310,11.413716814159294
2311,14.082031830238728
2312,8.431576535288723
2313,10.778468578401467
2314,15.163278787878792
2315,15.565319946452473
2316,12.975114768297964
2317,13.36653548002385
2318,11.413716814159294
2319,18.8869944598338
2320,13.895074276778733
2321,13.736605504587159
2322,8.63652841781874
2323,13.222034795763996
2324,14.393431098696457
2325,16.575650793650794
2326,10.213392156862742
2327,12.555085365853666
2328,14.082031830238728
2329,12.652355371900828
2330,14.709374999999998
2331,12.555085365853666
2332,12.539651972157769
2333,11.63375
2334,10.778468578401467
2335,9.800037565740045
2336,15.565319946452473
2337,15.565319946452473
2338,14.538467874794069
2339,13.222034795763996
2340,9.630916830386383
2341,11.852133995037224
2342,10.778468578401467
2343,11.536211340206187
2344,12.8223738317757
2345,12.8223738317757
2346,8.859631236442516
2347,9.800037565740045
2348,8.658941176470588
2349,13.895074276778733
2350,13.36653548002385
2351,11.413716814159294
2352,9.800037565740045
2353,17.13425419240954
2354,14.538467874794069
2355,15.824915865384613
2356,12.555085365853666
2357,9.521029748283752
2358,12.539651972157769
2359,8.431576535288723
2360,7.875555555555556
2361,9.31025974025974
2362,7.672343234323431
2363,12.555085365853666
2364,14.220190023752972
2365,7.987341772151899
2366,14.082031830238728
2367,11.852133995037224
2368,9.630916830386383
2369,16.54669789227166
2370,9.800037565740045
2371,10.050641025641026
2372,16.833291139240504
2373,11.536211340206187
2374,11.536211340206187
2375,7.046047297297298
2376,19.885757575757573
2377,11.63375
2378,14.530675024107998
2379,7.7745785440613
2380,7.187860465116277
2381,11.698705953827462
2382,8.431576535288723
2383,13.222034795763996
2384,17.770347368421053
2385,10.628407643312102
2386,12.975114768297964
2387,9.800037565740045
2388,12.975114768297964
2389,12.975114768297964
2390,19.40678688524591
2391,16.54669789227166
2392,7.543030674846632
2393,16.833291139240504
2394,12.975114768297964
2395,10.213392156862742
2396,11.613464163822528
2397,11.413716814159294
2398,17.13425419240954
2399,11.413716814159294
2400,9.800037565740045
2401,8.810793787748063
2402,19.31568093385214
2403,15.163278787878792
2404,7.543030674846632
2405,14.082031830238728
2406,19.075095168374816
2407,14.393431098696457
2408,12.555085365853666
2409,7.543030674846632
2410,17.13425419240954
2411,7.873676662320731
2412,11.413716814159294
2413,7.7745785440613
2414,7.875555555555556
2415,13.895074276778733
2416,16.11730496453901
2417,13.36653548002385
2418,10.213392156862742
2419,11.413716814159294
2420,14.082031830238728
2421,14.530675024107998
2422,16.54669789227166
2423,7.187860465116277
2424,7.873676662320731
2425,9.521029748283752
2426,12.555085365853666
2427,12.975114768297964
2428,10.793328424153167
2429,16.11730496453901
2430,9.521029748283752
2431,16.833291139240504
2432,12.975114768297964
2433,20.527879999999993
2434,13.36653548002385
2435,7.672343234323431
2436,15.565319946452473
2437,8.431576535288723
2438,10.778468578401467
2439,17.93878260869565
2440,9.31025974025974
2441,7.1659770114942525
2442,12.652355371900828
2443,11.3001448321264
2444,13.222034795763996
2445,13.36653548002385
2446,7.7745785440613
2447,14.082031830238728
2448,7.1659770114942525
2449,15.565319946452473
2450,11.073571428571428
2451,15.565319946452473
2452,11.698705953827462
2453,13.31698879551821
2454,10.778468578401467
2455,7.374538606403011
2456,12.539651972157769
2457,14.530675024107998
2458,13.222034795763996
2459,14.88430037313433
2460,15.565319946452473
2461,16.54669789227166
2462,11.852133995037224
2463,11.3001448321264
2464,15.163278787878792
2465,9.800037565740045
2466,14.530675024107998
2467,13.895074276778733
2468,9.630916830386383
2469,10.778468578401467
2470,17.13425419240954
2471,7.046047297297298
2472,13.736605504587159
2473,12.555085365853666
2474,9.630916830386383
2475,13.36653548002385
2476,7.656209677419353
2477,10.213392156862742
2478,10.42751937984496
2479,12.555085365853666
2480,12.555085365853666
2481,17.412066666666668
2482,10.793328424153167
2483,15.824915865384613
2484,8.810793787748063
2485,17.508295964125566
2486,14.538467874794069
2487,13.895074276778733
2488,12.8223738317757
2489,12.159300699300704
2490,8.859631236442516
2491,9.800037565740045
2492,7.873676662320731
2493,7.187860465116277
2494,11.698705953827462
2495,9.521029748283752
2496,12.159300699300704
2497,12.539651972157769
2498,9.521029748283752
2499,11.613464163822528
2500,15.565319946452473
2501,15.163278787878792
2502,17.770347368421053
2503,14.393431098696457
2504,8.658941176470588
2505,9.800037565740045
2506,12.975114768297964
2507,11.536211340206187
2508,14.082031830238728
2509,14.530675024107998
2510,15.565319946452473
2511,9.07855633802817
2512,12.555085365853666
2513,7.672343234323431
2514,9.630916830386383
2515,9.521029748283752
2516,19.40678688524591
2517,12.555085365853666
2518,19.40678688524591
2519,19.075095168374816
2520,11.3001448321264
2521,15.163278787878792
2522,14.88430037313433
2523,12.555085365853666
2524,7.280905797101451
2525,9.31025974025974
2526,14.082031830238728
2527,9.31025974025974
2528,15.565319946452473
2529,10.793328424153167
2530,13.222034795763996
2531,7.280905797101451
2532,12.539651972157769
2533,9.800037565740045
2534,13.31698879551821
2535,11.698705953827462
2536,9.630916830386383
2537,7.672343234323431
2538,11.413716814159294
2539,12.539651972157769
2540,11.413716814159294
2541,10.256025974025974
2542,12.975114768297964
2543,12.555085365853666
2544,8.241699999999996
2545,12.539651972157769
2546,12.555085365853666
2547,7.7745785440613
2548,11.413716814159294
2549,15.565319946452473
2550,11.413716814159294
2551,16.833291139240504
2552,11.698705953827462
2553,15.565319946452473
2554,7.280905797101451
2555,9.521029748283752
2556,8.431576535288723
2557,16.11730496453901
2558,9.630916830386383
2559,13.736605504587159
2560,8.431576535288723
2561,7.952102376599635
2562,6.881550802139039
2563,9.05036458333333
2564,14.082031830238728
2565,7.00818181818182
2566,9.630916830386383
2567,14.88430037313433
2568,9.630916830386383
2569,7.374538606403011
2570,15.565319946452473
2571,17.13425419240954
2572,9.630916830386383
2573,8.859631236442516
2574,12.652355371900828
2575,11.3001448321264
2576,7.543030674846632
2577,12.975114768297964
2578,12.975114768297964
2579,10.213392156862742
2580,8.241699999999996
2581,11.413716814159294
2582,11.852133995037224
2583,9.31025974025974
2584,11.852133995037224
2585,17.988675400291118
2586,7.543030674846632
2587,16.11730496453901
2588,6.853055555555556
2589,15.851196172248807
2590,9.800037565740045
2591,8.859631236442516
2592,13.895074276778733
2593,12.975114768297964
2594,7.187860465116277
2595,16.575650793650794
2596,12.555085365853666
2597,12.151654624277459
2598,12.151654624277459
2599,17.770347368421053
2600,13.36653548002385
2601,10.256025974025974
2602,9.31025974025974
2603,10.213392156862742
2604,11.852133995037224
2605,10.42751937984496
2606,12.555085365853666
2607,11.852133995037224
2608,12.555085365853666
2609,10.628407643312102
2610,15.163278787878792
2611,11.413716814159294
2612,15.565319946452473
2613,15.565319946452473
2614,15.163278787878792
2615,11.413716814159294
2616,7.00818181818182
2617,13.36653548002385
2618,8.810793787748063
2619,14.530675024107998
2620,16.54669789227166
2621,14.538467874794069
2622,12.975114768297964
2623,15.824915865384613
2624,9.882864864864866
2625,13.36653548002385
2626,19.40678688524591
2627,15.37224832214765
2628,6.979326923076924
2629,14.393431098696457
2630,8.810793787748063
2631,8.590289855072461
2632,7.873676662320731
2633,11.698705953827462
2634,15.565319946452473
2635,7.7745785440613
2636,14.88430037313433
2637,8.859631236442516
2638,8.241699999999996
2639,6.853055555555556
2640,14.393431098696457
2641,12.975114768297964
2642,8.810793787748063
2643,15.565319946452473
2644,11.3001448321264
2645,16.833291139240504
2646,12.975114768297964
2647,12.151654624277459
2648,11.852133995037224
2649,13.31698879551821
2650,8.590289855072461
2651,12.539651972157769
2652,20.41680397727272
2653,8.428561151079139
2654,11.698705953827462
2655,12.159300699300704
2656,8.241699999999996
2657,14.082031830238728
2658,9.800037565740045
2659,9.05036458333333
2660,14.393431098696457
2661,6.853055555555556
2662,11.536211340206187
2663,7.672343234323431
2664,9.31025974025974
2665,11.852133995037224
2666,7.280905797101451
2667,17.13425419240954
2668,12.159300699300704
2669,12.555085365853666
2670,8.905479452054795
2671,11.698705953827462
2672,15.824915865384613
2673,17.173489361702124
2674,8.63652841781874
2675,16.575650793650794
2676,9.800037565740045
2677,14.082031830238728
2678,13.36653548002385
2679,14.082031830238728
2680,15.163278787878792
2681,11.413716814159294
2682,9.630916830386383
2683,15.565319946452473
2684,9.882864864864866
2685,7.00818181818182
2686,12.555085365853666
2687,7.543030674846632
2688,11.3001448321264
2689,6.816209677419355
2690,13.736605504587159
2691,7.374538606403011
2692,9.521029748283752
2693,11.3001448321264
2694,12.975114768297964
2695,12.159300699300704
2696,9.882864864864866
2697,17.988675400291118
2698,15.565319946452473
2699,12.975114768297964
2700,15.565319946452473
2701,18.39394366197182
2702,12.159300699300704
2703,9.800037565740045
2704,10.778468578401467
2705,11.536211340206187
2706,7.531249999999999
2707,13.736605504587159
2708,7.875555555555556
2709,14.220190023752972
2710,11.3001448321264
2711,12.555085365853666
2712,9.630916830386383
2713,7.4339747634069395
2714,17.988675400291118
2715,10.256025974025974
2716,10.778468578401467
2717,8.859631236442516
2718,11.3001448321264
2719,9.31025974025974
2720,10.213392156862742
2721,14.220190023752972
2722,14.393431098696457
2723,17.508295964125566
2724,16.833291139240504
2725,14.082031830238728
2726,17.13425419240954
2727,6.979326923076924
2728,12.555085365853666
2729,15.565319946452473
2730,11.3001448321264
2731,17.770347368421053
2732,12.127471264367813
2733,15.37224832214765
2734,11.413716814159294
2735,13.736605504587159
2736,8.859631236442516
2737,14.393431098696457
2738,8.810793787748063
2739,9.31025974025974
2740,10.213392156862742
2741,7.374538606403011
2742,14.88430037313433
2743,7.543030674846632
2744,8.241699999999996
2745,12.159300699300704
2746,11.852133995037224
2747,7.00818181818182
2748,7.543030674846632
2749,13.736605504587159
2750,12.975114768297964
2751,16.54669789227166
2752,11.3001448321264
2753,8.428561151079139
2754,12.975114768297964
2755,11.852133995037224
2756,13.31698879551821
2757,7.873676662320731
2758,7.187860465116277
2759,7.187860465116277
2760,15.565319946452473
2761,18.39394366197182
2762,8.63652841781874
2763,12.539651972157769
2764,7.543030674846632
2765,15.163278787878792
2766,8.810793787748063
2767,9.05036458333333
2768,16.575650793650794
2769,19.40678688524591
2770,12.539651972157769
2771,6.774912280701754
2772,14.082031830238728
2773,13.222034795763996
2774,7.028257575757575
2775,13.736605504587159
2776,15.163278787878792
2777,15.565319946452473
2778,8.810793787748063
2779,11.698705953827462
2780,7.374538606403011
2781,7.672343234323431
2782,16.575650793650794
2783,13.36653548002385
2784,9.31025974025974
2785,13.736605504587159
2786,16.54669789227166
2787,8.431576535288723
2788,14.530675024107998
2789,12.159300699300704
2790,7.543030674846632
2791,19.899411764705885
2792,10.256025974025974
2793,9.490641399416907
2794,17.84280839895013
2795,7.280905797101451
2796,13.222034795763996
2797,11.413716814159294
2798,9.490641399416907
2799,6.853055555555556
2800,13.895074276778733
2801,11.3001448321264
2802,10.778468578401467
2803,10.793328424153167
2804,7.672343234323431
2805,15.565319946452473
2806,12.975114768297964
2807,10.793328424153167
2808,17.13425419240954
2809,9.304397905759162
2810,8.63652841781874
2811,9.630916830386383
2812,19.075095168374816
2813,18.39394366197182
2814,8.431576535288723
2815,15.163278787878792
2816,15.824915865384613
2817,12.975114768297964
2818,15.851196172248807
2819,9.800037565740045
2820,9.31025974025974
2821,12.539651972157769
2822,13.36653548002385
2823,11.3001448321264
2824,9.882864864864866
2825,9.630916830386383
2826,10.213392156862742
2827,9.630916830386383
2828,11.698705953827462
2829,10.793328424153167
2830,16.54669789227166
2831,9.800037565740045
2832,14.530675024107998
2833,13.736605504587159
2834,14.082031830238728
2835,9.521029748283752
2836,13.736605504587159
2837,7.364117647058823
2838,14.88430037313433
2839,6.853055555555556
2840,10.770308529945556
2841,15.565319946452473
2842,15.163278787878792
2843,17.508295964125566
2844,10.778468578401467
2845,16.54669789227166
2846,19.40678688524591
2847,12.151654624277459
2848,7.368581560283688
2849,7.187860465116277
2850,15.565319946452473
2851,7.543030674846632
2852,12.159300699300704
2853,15.565319946452473
2854,12.539651972157769
2855,16.11730496453901
2856,7.7745785440613
2857,11.852133995037224
2858,13.36653548002385
2859,7.873676662320731
2860,16.833291139240504
2861,16.54669789227166
2862,15.565319946452473
2863,12.159300699300704
2864,13.895074276778733
2865,6.881550802139039
2866,12.975114768297964
2867,12.975114768297964
2868,11.536211340206187
2869,9.800037565740045
2870,8.859631236442516
2871,11.413716814159294
2872,13.31698879551821
2873,10.256025974025974
2874,13.36653548002385
2875,7.368581560283688
2876,11.413716814159294
2877,8.431576535288723
2878,7.7745785440613
2879,14.082031830238728
2880,8.431576535288723
2881,17.770347368421053
2882,18.532043010752684
2883,18.39394366197182
2884,10.213392156862742
2885,14.88430037313433
2886,22.34918367346939
2887,14.393431098696457
2888,11.852133995037224
2889,20.41680397727272
2890,12.975114768297964
2891,10.793328424153167
2892,8.431576535288723
2893,9.31025974025974
2894,19.72933628318584
2895,7.875555555555556
2896,13.736605504587159
2897,13.895074276778733
2898,17.770347368421053
2899,13.895074276778733
2900,10.778468578401467
2901,10.42751937984496
2902,13.36653548002385
2903,8.810793787748063
2904,16.575650793650794
2905,10.778468578401467
2906,9.882864864864866
2907,10.780036231884058
2908,12.652355371900828
2909,17.770347368421053
2910,7.00818181818182
2911,19.075095168374816
2912,7.543030674846632
2913,14.709374999999998
2914,15.565319946452473
2915,12.975114768297964
2916,11.413716814159294
2917,14.082031830238728
2918,8.63652841781874
2919,12.539651972157769
2920,11.413716814159294
2921,9.800037565740045
2922,17.770347368421053
2923,9.31025974025974
2924,15.163278787878792
2925,7.374538606403011
2926,9.630916830386383
2927,13.36653548002385
2928,16.575650793650794
2929,12.555085365853666
2930,8.63652841781874
2931,15.163278787878792
2932,13.736605504587159
2933,9.800037565740045
2934,13.36653548002385
2935,7.187860465116277
2936,12.555085365853666
2937,10.213392156862742
2938,13.222034795763996
2939,19.72933628318584
2940,15.163278787878792
2941,9.800037565740045
2942,15.565319946452473
2943,18.39394366197182
2944,12.151654624277459
2945,7.875555555555556
2946,10.778468578401467
2947,10.778468578401467
2948,16.54669789227166
2949,7.7745785440613
2950,10.778468578401467
2951,17.770347368421053
2952,13.222034795763996
2953,6.881550802139039
2954,7.672343234323431
2955,11.413716814159294
2956,8.241699999999996
2957,10.42751937984496
2958,7.875555555555556
2959,14.082031830238728
2960,16.575650793650794
2961,13.736605504587159
2962,13.36653548002385
2963,7.543030674846632
2964,7.873676662320731
2965,12.555085365853666
2966,11.852133995037224
2967,13.736605504587159
2968,6.774912280701754
2969,8.810793787748063
2970,11.413716814159294
2971,10.628407643312102
2972,7.952102376599635
2973,11.852133995037224
2974,11.613464163822528
2975,8.590289855072461
2976,12.975114768297964
2977,9.31025974025974
2978,10.770308529945556
2979,7.873676662320731
2980,16.54669789227166
2981,11.852133995037224
2982,13.736605504587159
2983,7.00818181818182
2984,12.108703703703702
2985,7.987341772151899
2986,17.508295964125566
2987,11.613464163822528
2988,14.393431098696457
2989,15.565319946452473
2990,7.4339747634069395
2991,17.508295964125566
2992,15.565319946452473
2993,13.222034795763996
2994,7.987341772151899
2995,13.31698879551821
2996,7.028257575757575
2997,11.3001448321264
2998,10.213392156862742
2999,6.774912280701754
3000,12.151654624277459
3001,11.698705953827462
3002,8.431576535288723
3003,6.816209677419355
3004,11.413716814159294
3005,11.63375
3006,11.698705953827462
3007,18.39394366197182
3008,7.00818181818182
3009,9.521029748283752
3010,14.88430037313433
3011,11.3001448321264
3012,19.40678688524591
3013,9.521029748283752
3014,7.875555555555556
3015,8.431576535288723
3016,14.393431098696457
3017,11.3001448321264
3018,18.39394366197182
3019,7.364117647058823
3020,7.028257575757575
3021,7.875555555555556
3022,9.05036458333333
3023,9.521029748283752
3024,15.824915865384613
3025,7.875555555555556
3026,7.00818181818182
3027,10.766346153846152
3028,13.31698879551821
3029,10.42751937984496
3030,18.8869944598338
3031,17.988675400291118
3032,9.800037565740045
3033,7.280905797101451
3034,10.256025974025974
3035,7.987341772151899
3036,7.1659770114942525
3037,12.151654624277459
3038,18.39394366197182
3039,11.613464163822528
3040,7.875555555555556
3041,15.163278787878792
3042,7.7745785440613
3043,10.778468578401467
3044,9.31025974025974
3045,7.7745785440613
3046,9.304397905759162
3047,14.393431098696457
3048,10.778468578401467
3049,7.656209677419353
3050,17.770347368421053
3051,9.800037565740045
3052,10.213392156862742
3053,15.163278787878792
3054,9.07855633802817
3055,12.151654624277459
3056,16.54669789227166
3057,15.37224832214765
3058,12.555085365853666
3059,7.672343234323431
3060,14.88430037313433
3061,14.538467874794069
3062,9.304397905759162
3063,10.770308529945556
3064,10.778468578401467
3065,8.859631236442516
3066,10.42751937984496
3067,14.538467874794069
3068,9.521029748283752
3069,12.862333333333334
3070,10.42751937984496
3071,14.538467874794069
3072,16.575650793650794
3073,14.082031830238728
3074,11.3001448321264
3075,9.490641399416907
3076,13.849411764705883
3077,18.39394366197182
3078,13.36653548002385
3079,12.539651972157769
3080,13.222034795763996
3081,6.853055555555556
3082,18.39394366197182
3083,12.539651972157769
3084,11.3001448321264
3085,15.163278787878792
3086,12.8223738317757
3087,12.555085365853666
3088,12.975114768297964
3089,8.658941176470588
3090,16.575650793650794
3091,21.484347826086967
3092,12.539651972157769
3093,17.173489361702124
3094,16.833291139240504
3095,11.852133995037224
3096,16.11730496453901
3097,9.304397905759162
3098,19.075095168374816
3099,13.36653548002385
3100,12.151654624277459
3101,7.543030674846632
3102,13.36653548002385
3103,11.413716814159294
3104,12.975114768297964
3105,16.833291139240504
3106,18.39394366197182
3107,11.413716814159294
3108,10.778468578401467
3109,12.151654624277459
3110,14.393431098696457
3111,13.736605504587159
3112,16.575650793650794
3113,14.709374999999998
3114,11.852133995037224
3115,7.543030674846632
3116,8.63652841781874
3117,9.521029748283752
3118,22.34918367346939
3119,16.54669789227166
3120,10.770308529945556
3121,11.852133995037224
3122,7.875555555555556
3123,14.393431098696457
3124,11.413716814159294
3125,15.565319946452473
3126,11.852133995037224
3127,15.565319946452473
3128,14.082031830238728
3129,8.431576535288723
3130,19.31568093385214
3131,14.530675024107998
3132,14.393431098696457
3133,19.40678688524591
3134,11.588796680497921
3135,10.050641025641026
3136,17.84280839895013
3137,9.31025974025974
3138,7.543030674846632
3139,13.895074276778733
3140,11.613464163822528
3141,17.70805194805195
3142,12.539651972157769
3143,16.833291139240504
3144,14.393431098696457
3145,12.539651972157769
3146,11.413716814159294
3147,20.887989417989413
3148,6.853055555555556
3149,8.241699999999996
3150,14.530675024107998
3151,8.658941176470588
3152,15.565319946452473
3153,6.881550802139039
3154,19.31568093385214
3155,9.304397905759162
3156,9.31025974025974
3157,14.082031830238728
3158,8.431576535288723
3159,11.698705953827462
3160,15.565319946452473
3161,12.975114768297964
3162,9.630916830386383
3163,9.521029748283752
3164,6.979326923076924
3165,13.895074276778733
3166,17.13425419240954
3167,9.630916830386383
3168,17.988675400291118
3169,12.151654624277459
3170,12.555085365853666
3171,17.84280839895013
3172,13.895074276778733
3173,16.11730496453901
3174,12.555085365853666
3175,16.11730496453901
3176,8.859631236442516
3177,15.565319946452473
3178,12.975114768297964
3179,13.31698879551821
3180,14.220190023752972
3181,14.88430037313433
3182,8.241699999999996
3183,10.050641025641026
3184,8.63652841781874
3185,15.824915865384613
3186,6.881550802139039
3187,13.736605504587159
3188,9.31025974025974
3189,12.555085365853666
3190,11.536211340206187
3191,7.00818181818182
3192,19.379576271186444
3193,10.780036231884058
3194,10.778468578401467
3195,10.778468578401467
3196,11.613464163822528
3197,10.213392156862742
3198,14.082031830238728
3199,13.736605504587159
3200,9.07855633802817
3201,14.530675024107998
3202,14.530675024107998
3203,7.875555555555556
3204,19.72933628318584
3205,15.163278787878792
3206,16.54669789227166
3207,8.810793787748063
3208,11.413716814159294
3209,11.698705953827462
3210,9.521029748283752
3211,7.543030674846632
3212,13.895074276778733
3213,10.770308529945556
3214,14.082031830238728
3215,7.4339747634069395
3216,12.555085365853666
3217,15.163278787878792
3218,7.028257575757575
3219,14.88430037313433
3220,12.8223738317757
3221,10.256025974025974
3222,11.63375
3223,10.793328424153167
3224,9.304397905759162
3225,12.8223738317757
3226,7.875555555555556
3227,16.575650793650794
3228,9.490641399416907
3229,12.975114768297964
3230,15.565319946452473
3231,6.853055555555556
3232,14.393431098696457
3233,11.698705953827462
3234,17.70805194805195
3235,8.63652841781874
3236,15.345915492957745
3237,13.36653548002385
3238,10.213392156862742
3239,15.565319946452473
3240,7.873676662320731
3241,18.39394366197182
3242,8.241699999999996
3243,8.810793787748063
3244,8.63652841781874
3245,16.11730496453901
3246,9.882864864864866
3247,12.555085365853666
3248,11.413716814159294
3249,15.565319946452473
3250,11.413716814159294
3251,10.780036231884058
3252,11.588796680497921
3253,6.774912280701754
3254,14.082031830238728
3255,13.36653548002385
3256,7.374538606403011
3257,18.39394366197182
3258,12.652355371900828
3259,7.374538606403011
3260,14.082031830238728
3261,8.431576535288723
3262,11.698705953827462
3263,12.555085365853666
3264,14.393431098696457
3265,15.565319946452473
3266,18.8869944598338
3267,17.173489361702124
3268,6.979326923076924
3269,17.508295964125566
3270,7.873676662320731
3271,14.393431098696457
3272,7.875555555555556
3273,7.543030674846632
3274,14.082031830238728
3275,7.00818181818182
3276,11.63375
3277,8.810793787748063
3278,10.213392156862742
3279,12.151654624277459
3280,9.800037565740045
3281,15.163278787878792
3282,11.613464163822528
3283,14.082031830238728
3284,12.975114768297964
3285,12.539651972157769
3286,7.1659770114942525
3287,17.13425419240954
3288,15.565319946452473
3289,9.31025974025974
3290,13.222034795763996
3291,8.241699999999996
3292,16.833291139240504
3293,7.543030674846632
3294,15.565319946452473
3295,8.63652841781874
3296,12.159300699300704
3297,7.046047297297298
3298,14.082031830238728
3299,11.3001448321264
3300,11.613464163822528
3301,9.521029748283752
3302,9.800037565740045
3303,12.8223738317757
3304,7.873676662320731
3305,9.31025974025974
3306,10.766346153846152
3307,12.151654624277459
3308,13.895074276778733
3309,14.082031830238728
3310,12.539651972157769
3311,9.05036458333333
3312,10.42751937984496
3313,13.895074276778733
3314,12.159300699300704
3315,13.895074276778733
3316,13.895074276778733
3317,11.413716814159294
3318,9.630916830386383
3319,13.736605504587159
3320,9.490641399416907
3321,17.988675400291118
3322,16.833291139240504
3323,7.875555555555556
3324,9.630916830386383
3325,14.082031830238728
3326,8.241699999999996
3327,17.508295964125566
3328,16.575650793650794
3329,15.565319946452473
3330,15.163278787878792
3331,13.36653548002385
3332,13.849411764705883
3333,13.31698879551821
3334,15.565319946452473
3335,14.393431098696457
3336,9.630916830386383
3337,10.770308529945556
3338,10.213392156862742
3339,10.213392156862742
3340,16.575650793650794
3341,8.241699999999996
3342,10.778468578401467
3343,9.07855633802817
3344,8.63652841781874
3345,16.54669789227166
3346,6.881550802139039
3347,14.530675024107998
3348,8.241699999999996
3349,11.698705953827462
3350,8.431576535288723
3351,10.213392156862742
3352,9.630916830386383
3353,17.84280839895013
3354,11.3001448321264
3355,13.222034795763996
3356,15.565319946452473
3357,13.31698879551821
3358,8.431576535288723
3359,10.778468578401467
3360,16.54669789227166
3361,8.431576535288723
3362,7.187860465116277
3363,14.082031830238728
3364,16.833291139240504
3365,18.532043010752684
3366,15.565319946452473
3367,13.31698879551821
3368,15.565319946452473
3369,7.374538606403011
3370,16.11730496453901
3371,15.565319946452473
3372,14.082031830238728
3373,9.630916830386383
3374,14.393431098696457
3375,14.082031830238728
3376,12.539651972157769
3377,12.555085365853666
3378,9.800037565740045
3379,20.527879999999993
3380,10.213392156862742
3381,12.555085365853666
3382,10.42751937984496
3383,7.543030674846632
3384,13.895074276778733
3385,16.11730496453901
3386,7.672343234323431
3387,14.530675024107998
3388,10.213392156862742
3389,10.780036231884058
3390,9.490641399416907
3391,9.521029748283752
3392,9.490641399416907
3393,7.672343234323431
3394,7.187860465116277
3395,12.539651972157769
3396,6.853055555555556
3397,14.082031830238728
3398,12.975114768297964
3399,9.630916830386383
3400,14.082031830238728
3401,7.7745785440613
3402,11.3001448321264
3403,14.393431098696457
3404,13.736605504587159
3405,8.810793787748063
3406,11.852133995037224
3407,8.431576535288723
3408,11.698705953827462
3409,7.046047297297298
3410,11.63375
3411,7.374538606403011
3412,10.793328424153167
3413,6.853055555555556
3414,10.770308529945556
3415,17.770347368421053
3416,11.852133995037224
3417,18.532043010752684
3418,10.213392156862742
3419,10.770308529945556
3420,9.490641399416907
3421,12.8223738317757
3422,10.628407643312102
3423,15.565319946452473
3424,13.222034795763996
3425,14.393431098696457
3426,9.630916830386383
3427,15.565319946452473
3428,12.151654624277459
3429,8.241699999999996
3430,7.875555555555556
3431,9.630916830386383
3432,7.187860465116277
3433,10.766346153846152
3434,11.698705953827462
3435,14.220190023752972
3436,8.859631236442516
3437,14.393431098696457
3438,7.374538606403011
3439,10.213392156862742
3440,14.082031830238728
3441,14.530675024107998
3442,12.975114768297964
3443,18.8869944598338
3444,8.428561151079139
3445,12.151654624277459
3446,14.393431098696457
3447,16.11730496453901
3448,8.63652841781874
3449,14.88430037313433
3450,12.975114768297964
3451,17.770347368421053
3452,7.875555555555556
3453,8.810793787748063
3454,12.975114768297964
3455,8.63652841781874
3456,7.7745785440613
3457,15.565319946452473
3458,17.508295964125566
3459,7.543030674846632
3460,13.895074276778733
3461,18.8869944598338
3462,12.151654624277459
3463,7.543030674846632
3464,9.07855633802817
3465,12.539651972157769
3466,7.374538606403011
3467,10.256025974025974
3468,11.698705953827462
3469,9.630916830386383
3470,14.393431098696457
3471,12.975114768297964
3472,12.539651972157769
3473,14.082031830238728
3474,14.082031830238728
3475,10.793328424153167
3476,6.979326923076924
3477,11.536211340206187
3478,8.431576535288723
3479,13.222034795763996
3480,18.532043010752684
3481,14.220190023752972
3482,17.13425419240954
3483,6.881550802139039
3484,7.873676662320731
3485,8.658941176470588
3486,6.774912280701754
3487,11.588796680497921
3488,8.810793787748063
3489,7.7745785440613
3490,17.770347368421053
3491,7.046047297297298
3492,12.975114768297964
3493,7.7745785440613
3494,14.082031830238728
3495,11.413716814159294
3496,10.778468578401467
3497,6.881550802139039
3498,9.304397905759162
3499,15.824915865384613
3500,14.393431098696457
3501,14.220190023752972
3502,11.698705953827462
3503,10.213392156862742
3504,11.852133995037224
3505,11.698705953827462
3506,14.082031830238728
3507,7.7745785440613
3508,9.490641399416907
3509,10.778468578401467
3510,19.40678688524591
3511,12.108703703703702
3512,10.778468578401467
3513,14.393431098696457
3514,11.852133995037224
3515,13.36653548002385
3516,13.736605504587159
3517,7.4339747634069395
3518,12.159300699300704
3519,8.431576535288723
3520,10.213392156862742
3521,16.11730496453901
3522,13.222034795763996
3523,11.413716814159294
3524,17.508295964125566
3525,10.793328424153167
3526,14.530675024107998
3527,8.241699999999996
3528,11.588796680497921
3529,15.824915865384613
3530,10.256025974025974
3531,15.565319946452473
3532,16.575650793650794
3533,15.565319946452473
3534,12.975114768297964
3535,12.539651972157769
3536,17.13425419240954
3537,8.810793787748063
3538,14.082031830238728
3539,9.521029748283752
3540,9.31025974025974
3541,11.413716814159294
3542,12.539651972157769
3543,16.54669789227166
3544,14.88430037313433
3545,11.698705953827462
3546,14.220190023752972
3547,17.508295964125566
3548,17.770347368421053
3549,11.413716814159294
3550,8.241699999999996
3551,7.875555555555556
3552,7.1659770114942525
3553,10.213392156862742
3554,7.374538606403011
3555,7.374538606403011
3556,9.630916830386383
3557,8.431576535288723
3558,7.543030674846632
3559,14.220190023752972
3560,7.873676662320731
3561,10.793328424153167
3562,14.082031830238728
3563,9.05036458333333
3564,15.851196172248807
3565,16.11730496453901
3566,14.530675024107998
3567,10.793328424153167
3568,17.13425419240954
3569,17.13425419240954
3570,9.31025974025974
3571,10.770308529945556
3572,12.539651972157769
3573,15.565319946452473
3574,8.810793787748063
3575,12.151654624277459
3576,7.280905797101451
3577,12.539651972157769
3578,7.543030674846632
3579,14.393431098696457
3580,14.082031830238728
3581,11.698705953827462
3582,10.628407643312102
3583,18.39394366197182
3584,14.538467874794069
3585,12.652355371900828
3586,7.672343234323431
3587,8.241699999999996
3588,10.778468578401467
3589,13.222034795763996
3590,10.793328424153167
3591,11.698705953827462
3592,7.4339747634069395
3593,10.213392156862742
3594,13.36653548002385
3595,11.3001448321264
3596,15.565319946452473
3597,11.613464163822528
3598,11.852133995037224
3599,15.824915865384613
3600,9.07855633802817
3601,9.800037565740045
3602,8.63652841781874
3603,7.028257575757575
3604,9.31025974025974
3605,7.952102376599635
3606,13.895074276778733
3607,11.413716814159294
3608,16.54669789227166
3609,9.630916830386383
3610,10.770308529945556
3611,14.709374999999998
3612,11.698705953827462
3613,9.800037565740045
3614,13.36653548002385
3615,12.539651972157769
3616,13.736605504587159
3617,16.833291139240504
3618,12.151654624277459
3619,15.565319946452473
3620,12.108703703703702
3621,15.565319946452473
3622,6.853055555555556
3623,12.108703703703702
3624,11.63375
3625,11.413716814159294
3626,12.555085365853666
3627,7.374538606403011
3628,15.565319946452473
3629,13.849411764705883
3630,8.241699999999996
3631,11.852133995037224
3632,18.8869944598338
3633,12.151654624277459
3634,13.736605504587159
3635,10.766346153846152
3636,16.54669789227166
3637,14.88430037313433
3638,9.07855633802817
3639,13.895074276778733
3640,8.63652841781874
3641,17.13425419240954
3642,7.543030674846632
3643,15.163278787878792
3644,16.833291139240504
3645,8.241699999999996
3646,7.543030674846632
3647,12.159300699300704
3648,9.800037565740045
3649,9.31025974025974
3650,10.778468578401467
3651,8.431576535288723
3652,18.39394366197182
3653,10.213392156862742
3654,9.31025974025974
3655,10.42751937984496
3656,12.539651972157769
3657,11.413716814159294
3658,17.508295964125566
3659,15.565319946452473
3660,11.63375
3661,7.543030674846632
3662,12.539651972157769
3663,7.4339747634069395
3664,18.8869944598338
3665,9.521029748283752
3666,16.54669789227166
3667,19.31568093385214
3668,7.00818181818182
3669,7.374538606403011
3670,20.41680397727272
3671,16.54669789227166
3672,11.3001448321264
3673,17.770347368421053
3674,14.393431098696457
3675,8.431576535288723
3676,7.987341772151899
3677,10.628407643312102
3678,13.895074276778733
3679,11.852133995037224
3680,14.393431098696457
3681,11.852133995037224
3682,11.698705953827462
3683,11.413716814159294
3684,23.9516
3685,8.810793787748063
3686,13.222034795763996
3687,8.810793787748063
3688,14.082031830238728
3689,7.364117647058823
3690,9.490641399416907
3691,7.046047297297298
3692,17.13425419240954
3693,10.793328424153167
3694,11.413716814159294
3695,10.770308529945556
3696,18.39394366197182
3697,16.54669789227166
3698,9.800037565740045
3699,7.952102376599635
3700,11.413716814159294
3701,8.810793787748063
3702,15.565319946452473
3703,17.173489361702124
3704,14.082031830238728
3705,15.565319946452473
3706,6.881550802139039
3707,7.4339747634069395
3708,14.88430037313433
3709,9.05036458333333
3710,14.538467874794069
3711,10.770308529945556
3712,12.159300699300704
3713,13.31698879551821
3714,12.652355371900828
3715,16.833291139240504
3716,7.873676662320731
3717,9.31025974025974
3718,17.13425419240954
3719,13.36653548002385
3720,15.565319946452473
3721,13.36653548002385
3722,20.41680397727272
3723,10.778468578401467
3724,19.31568093385214
3725,7.952102376599635
3726,11.536211340206187
3727,8.810793787748063
3728,11.698705953827462
3729,11.63375
3730,11.698705953827462
3731,16.54669789227166
3732,17.173489361702124
3733,12.975114768297964
3734,13.222034795763996
3735,9.800037565740045
3736,17.770347368421053
3737,14.082031830238728
3738,10.213392156862742
3739,8.810793787748063
3740,20.887989417989413
3741,19.72933628318584
3742,14.393431098696457
3743,9.800037565740045
3744,12.555085365853666
3745,7.4339747634069395
3746,12.159300699300704
3747,13.736605504587159
3748,11.698705953827462
3749,16.69123076923077
3750,12.539651972157769
3751,11.852133995037224
3752,10.778468578401467
3753,12.555085365853666
3754,16.11730496453901
3755,12.159300699300704
3756,10.213392156862742
3757,8.241699999999996
3758,11.413716814159294
3759,14.220190023752972
3760,12.151654624277459
3761,13.222034795763996
3762,7.875555555555556
3763,8.810793787748063
3764,13.736605504587159
3765,11.698705953827462
3766,15.565319946452473
3767,16.833291139240504
3768,11.852133995037224
3769,7.543030674846632
3770,10.780036231884058
3771,13.736605504587159
3772,12.555085365853666
3773,12.539651972157769
3774,14.082031830238728
3775,10.213392156862742
3776,14.393431098696457
3777,14.530675024107998
3778,10.778468578401467
3779,9.800037565740045
3780,9.630916830386383
3781,14.88430037313433
3782,10.42751937984496
3783,14.530675024107998
3784,7.374538606403011
3785,16.833291139240504
3786,13.36653548002385
3787,11.698705953827462
3788,8.859631236442516
3789,13.36653548002385
3790,15.565319946452473
3791,12.151654624277459
3792,14.393431098696457
3793,15.565319946452473
3794,7.7745785440613
3795,9.490641399416907
3796,13.36653548002385
3797,16.11730496453901
3798,7.7745785440613
3799,15.565319946452473
3800,11.698705953827462
3801,10.766346153846152
3802,12.539651972157769
3803,22.34918367346939
3804,13.895074276778733
3805,11.073571428571428
3806,7.875555555555556
3807,17.13425419240954
3808,7.00818181818182
3809,9.800037565740045
3810,8.241699999999996
3811,12.555085365853666
3812,12.151654624277459
3813,6.774912280701754
3814,6.881550802139039
3815,8.859631236442516
3816,13.895074276778733
3817,7.4339747634069395
3818,9.05036458333333
3819,9.05036458333333
3820,11.413716814159294
3821,15.163278787878792
3822,13.36653548002385
3823,15.565319946452473
3824,15.163278787878792
3825,17.770347368421053
3826,12.975114768297964
3827,12.8223738317757
3828,17.508295964125566
3829,16.11730496453901
3830,17.508295964125566
3831,14.538467874794069
3832,7.374538606403011
3833,17.173489361702124
3834,13.31698879551821
3835,10.778468578401467
3836,17.770347368421053
3837,11.413716814159294
3838,8.810793787748063
3839,15.565319946452473
3840,12.539651972157769
3841,14.88430037313433
3842,16.11730496453901
3843,9.630916830386383
3844,9.05036458333333
3845,16.69123076923077
3846,9.630916830386383
3847,7.7745785440613
3848,6.816209677419355
3849,11.698705953827462
3850,11.3001448321264
3851,13.31698879551821
3852,7.368581560283688
3853,17.988675400291118
3854,13.222034795763996
3855,9.630916830386383
3856,6.881550802139039
3857,7.543030674846632
3858,9.800037565740045
3859,9.630916830386383
3860,12.555085365853666
3861,17.988675400291118
3862,14.393431098696457
3863,16.54669789227166
3864,12.539651972157769
3865,17.93878260869565
3866,11.413716814159294
3867,12.539651972157769
3868,11.698705953827462
3869,11.613464163822528
3870,13.222034795763996
3871,12.555085365853666
3872,11.698705953827462
3873,9.490641399416907
3874,11.613464163822528
3875,14.538467874794069
3876,9.630916830386383
3877,10.778468578401467
3878,12.8223738317757
3879,16.833291139240504
3880,14.530675024107998
3881,15.37224832214765
3882,7.672343234323431
3883,13.222034795763996
3884,13.736605504587159
3885,16.833291139240504
3886,10.793328424153167
3887,7.952102376599635
3888,8.431576535288723
3889,17.13425419240954
3890,8.431576535288723
3891,15.565319946452473
3892,14.082031830238728
3893,12.159300699300704
3894,11.698705953827462
3895,14.530675024107998
3896,10.793328424153167
3897,8.63652841781874
3898,14.082031830238728
3899,9.800037565740045
3900,19.075095168374816
3901,15.163278787878792
3902,14.530675024107998
3903,12.539651972157769
3904,10.256025974025974
3905,17.508295964125566
3906,12.555085365853666
3907,10.780036231884058
3908,7.374538606403011
3909,7.046047297297298
3910,6.853055555555556
3911,15.565319946452473
3912,9.630916830386383
3913,18.8869944598338
3914,12.151654624277459
3915,11.698705953827462
3916,19.379576271186444
3917,11.852133995037224
3918,11.413716814159294
3919,15.565319946452473
3920,8.241699999999996
3921,12.652355371900828
3922,15.565319946452473
3923,9.630916830386383
3924,7.543030674846632
3925,12.975114768297964
3926,11.3001448321264
3927,6.979326923076924
3928,7.368581560283688
3929,6.853055555555556
3930,16.833291139240504
3931,9.05036458333333
3932,10.780036231884058
3933,15.565319946452473
3934,15.565319946452473
3935,15.163278787878792
3936,16.575650793650794
3937,14.082031830238728
3938,7.280905797101451
3939,11.698705953827462
3940,16.833291139240504
3941,8.428561151079139
3942,20.527879999999993
3943,12.975114768297964
3944,11.852133995037224
3945,7.374538606403011
3946,13.36653548002385
3947,8.859631236442516
3948,12.151654624277459
3949,17.770347368421053
3950,8.241699999999996
3951,12.539651972157769
3952,12.151654624277459
3953,15.824915865384613
3954,14.393431098696457
3955,9.07855633802817
3956,15.345915492957745
3957,8.431576535288723
3958,13.736605504587159
3959,7.543030674846632
3960,14.393431098696457
3961,17.84280839895013
3962,16.54669789227166
3963,7.543030674846632
3964,12.151654624277459
3965,14.082031830238728
3966,10.793328424153167
3967,11.613464163822528
3968,17.770347368421053
3969,12.539651972157769
3970,15.565319946452473
3971,8.810793787748063
3972,16.11730496453901
3973,14.88430037313433
3974,9.800037565740045
3975,10.780036231884058
3976,12.159300699300704
3977,11.413716814159294
3978,8.241699999999996
3979,15.565319946452473
3980,10.778468578401467
3981,7.374538606403011
3982,13.222034795763996
3983,12.652355371900828
3984,16.833291139240504
3985,10.778468578401467
3986,13.31698879551821
3987,13.222034795763996
3988,7.656209677419353
3989,11.413716814159294
3990,15.565319946452473
3991,8.431576535288723
3992,10.213392156862742
3993,18.8869944598338
3994,14.88430037313433
3995,7.7745785440613
3996,11.613464163822528
3997,18.8869944598338
3998,15.163278787878792
3999,13.222034795763996
4000,12.539651972157769
4001,12.975114768297964
4002,14.082031830238728
4003,11.3001448321264
4004,9.630916830386383
4005,10.213392156862742
4006,14.538467874794069
4007,13.36653548002385
4008,15.565319946452473
4009,12.539651972157769
4010,12.975114768297964
4011,11.413716814159294
4012,18.39394366197182
4013,11.698705953827462
4014,9.521029748283752
4015,15.565319946452473
4016,12.159300699300704
4017,8.241699999999996
4018,12.108703703703702
4019,12.539651972157769
4020,12.975114768297964
4021,7.873676662320731
4022,8.63652841781874
4023,11.852133995037224
4024,7.656209677419353
4025,12.087499999999999
4026,16.69123076923077
4027,15.851196172248807
4028,8.859631236442516
4029,14.082031830238728
4030,14.220190023752972
4031,15.565319946452473
4032,13.31698879551821
4033,7.7745785440613
4034,10.628407643312102
4035,9.31025974025974
4036,10.770308529945556
4037,7.374538606403011
4038,19.31568093385214
4039,13.895074276778733
4040,7.4339747634069395
4041,15.163278787878792
4042,14.082031830238728
4043,12.8223738317757
4044,9.05036458333333
4045,11.536211340206187
4046,14.082031830238728
4047,15.345915492957745
4048,14.530675024107998
4049,8.810793787748063
4050,7.374538606403011
4051,16.575650793650794
4052,9.630916830386383
4053,14.393431098696457
4054,14.530675024107998
4055,11.852133995037224
4056,14.220190023752972
4057,10.256025974025974
4058,7.046047297297298
4059,10.050641025641026
4060,10.213392156862742
4061,13.222034795763996
4062,17.84280839895013
4063,7.672343234323431
4064,15.565319946452473
4065,15.565319946452473
4066,11.413716814159294
4067,14.530675024107998
4068,7.952102376599635
4069,10.213392156862742
4070,9.630916830386383
4071,15.163278787878792
4072,8.431576535288723
4073,14.538467874794069
4074,16.575650793650794
4075,14.393431098696457
4076,11.698705953827462
4077,9.800037565740045
4078,8.810793787748063
4079,13.36653548002385
4080,15.565319946452473
4081,11.698705953827462
4082,8.241699999999996
4083,7.543030674846632
4084,9.800037565740045
4085,13.222034795763996
4086,11.3001448321264
4087,12.555085365853666
4088,10.256025974025974
4089,10.628407643312102
4090,18.436226115120427
4091,13.31698879551821
4092,7.672343234323431
4093,11.613464163822528
4094,11.698705953827462
4095,15.565319946452473
4096,15.163278787878792
4097,13.36653548002385
4098,14.88430037313433
4099,7.280905797101451
4100,20.527879999999993
4101,9.800037565740045
4102,12.975114768297964
4103,13.895074276778733
4104,12.539651972157769
4105,11.413716814159294
4106,15.565319946452473
4107,13.222034795763996
4108,11.3001448321264
4109,16.575650793650794
4110,15.824915865384613
4111,11.852133995037224
4112,10.770308529945556
4113,7.4339747634069395
4114,15.824915865384613
4115,14.393431098696457
4116,12.975114768297964
4117,10.766346153846152
4118,12.539651972157769
4119,14.082031830238728
4120,15.565319946452473
4121,14.393431098696457
4122,23.068030303030305
4123,15.163278787878792
4124,8.63652841781874
4125,7.046047297297298
4126,13.36653548002385
4127,13.31698879551821
4128,14.88430037313433
4129,11.852133995037224
4130,9.31025974025974
4131,11.613464163822528
4132,9.882864864864866
4133,20.527879999999993
4134,8.810793787748063
4135,13.895074276778733
4136,17.988675400291118
4137,13.31698879551821
4138,8.810793787748063
4139,11.413716814159294
4140,14.257084264851317
4141,15.565319946452473
4142,11.413716814159294
4143,11.413716814159294
4144,19.075095168374816
4145,9.800037565740045
4146,7.374538606403011
4147,7.368581560283688
4148,15.163278787878792
4149,10.213392156862742
4150,10.778468578401467
4151,7.4339747634069395
4152,15.163278787878792
4153,7.046047297297298
4154,11.698705953827462
4155,11.413716814159294
4156,11.852133995037224
4157,7.046047297297298
4158,14.393431098696457
4159,13.736605504587159
4160,11.3001448321264
4161,13.222034795763996
4162,15.565319946452473
4163,10.42751937984496
4164,10.213392156862742
4165,17.84280839895013
4166,14.393431098696457
4167,14.393431098696457
4168,15.824915865384613
4169,15.37224832214765
4170,13.36653548002385
4171,8.241699999999996
4172,9.800037565740045
4173,15.163278787878792
4174,11.413716814159294
4175,16.575650793650794
4176,15.565319946452473
4177,8.431576535288723
4178,10.42751937984496
4179,12.108703703703702
4180,15.163278787878792
4181,8.810793787748063
4182,9.630916830386383
4183,15.565319946452473
4184,11.698705953827462
4185,9.05036458333333
4186,13.736605504587159
4187,14.393431098696457
4188,15.565319946452473
4189,18.8869944598338
4190,9.521029748283752
4191,15.163278787878792
4192,10.213392156862742
4193,7.028257575757575
4194,14.082031830238728
4195,16.54669789227166
4196,13.31698879551821
4197,11.3001448321264
4198,9.800037565740045
4199,16.54669789227166
4200,15.163278787878792
4201,13.36653548002385
4202,16.833291139240504
4203,16.575650793650794
4204,13.222034795763996
4205,12.555085365853666
4206,15.37224832214765
4207,15.163278787878792
4208,10.778468578401467
4209,12.539651972157769
4210,8.241699999999996
4211,7.374538606403011
4212,8.859631236442516
4213,11.3001448321264
4214,18.39394366197182
4215,14.88430037313433
4216,8.859631236442516
4217,7.987341772151899
4218,10.213392156862742
4219,11.698705953827462
4220,14.530675024107998
4221,7.368581560283688
4222,17.770347368421053
4223,11.3001448321264
4224,13.36653548002385
4225,17.13425419240954
4226,8.241699999999996
4227,7.875555555555556
4228,11.3001448321264
4229,11.413716814159294
4230,15.565319946452473
4231,15.163278787878792
4232,16.575650793650794
4233,13.222034795763996
4234,13.36653548002385
4235,11.536211340206187
4236,12.975114768297964
4237,6.816209677419355
4238,17.508295964125566
4239,13.36653548002385
4240,12.151654624277459
4241,11.698705953827462
4242,9.521029748283752
4243,16.69123076923077
4244,11.852133995037224
4245,13.36653548002385
4246,12.159300699300704
4247,7.609999999999999
4248,11.3001448321264
4249,9.630916830386383
4250,12.8223738317757
4251,9.630916830386383
4252,11.3001448321264
4253,14.88430037313433
4254,10.213392156862742
4255,9.31025974025974
4256,16.833291139240504
4257,12.975114768297964
4258,14.082031830238728
4259,15.565319946452473
4260,8.428561151079139
4261,16.575650793650794
4262,10.256025974025974
4263,9.31025974025974
4264,13.849411764705883
4265,15.565319946452473
4266,11.852133995037224
4267,9.800037565740045
4268,10.213392156862742
4269,14.082031830238728
4270,14.530675024107998
4271,7.543030674846632
4272,10.793328424153167
4273,10.778468578401467
4274,7.187860465116277
4275,11.698705953827462
4276,12.555085365853666
4277,6.881550802139039
4278,13.36653548002385
4279,10.213392156862742
4280,16.69123076923077
4281,11.3001448321264
4282,9.800037565740045
4283,11.3001448321264
4284,14.530675024107998
4285,7.368581560283688
4286,11.3001448321264
4287,11.698705953827462
4288,9.521029748283752
4289,12.975114768297964
4290,12.555085365853666
4291,7.543030674846632
4292,9.05036458333333
4293,13.849411764705883
4294,16.69123076923077
4295,17.84280839895013
4296,13.222034795763996
4297,10.780036231884058
4298,9.521029748283752
4299,8.810793787748063
4300,13.895074276778733
4301,13.31698879551821
4302,12.151654624277459
4303,8.63652841781874
4304,10.213392156862742
4305,14.393431098696457
4306,19.075095168374816
4307,7.374538606403011
4308,15.565319946452473
4309,11.413716814159294
4310,11.3001448321264
4311,9.630916830386383
4312,16.833291139240504
4313,14.082031830238728
4314,9.490641399416907
4315,17.70805194805195
4316,16.54669789227166
4317,9.07855633802817
4318,15.163278787878792
4319,8.63652841781874
4320,8.63652841781874
4321,15.37224832214765
4322,13.895074276778733
4323,12.151654624277459
4324,13.849411764705883
4325,7.280905797101451
4326,7.952102376599635
4327,17.770347368421053
4328,9.31025974025974
4329,10.213392156862742
4330,13.36653548002385
4331,17.13425419240954
4332,17.508295964125566
4333,16.575650793650794
4334,12.555085365853666
4335,18.8869944598338
4336,11.3001448321264
4337,10.213392156862742
4338,9.521029748283752
4339,11.413716814159294
4340,8.859631236442516
4341,20.527879999999993
4342,13.31698879551821
4343,11.613464163822528
4344,13.36653548002385
4345,11.413716814159294
4346,14.082031830238728
4347,7.952102376599635
4348,7.00818181818182
4349,7.952102376599635
4350,19.075095168374816
4351,10.778468578401467
4352,17.770347368421053
4353,17.770347368421053
4354,13.222034795763996
4355,9.630916830386383
4356,14.538467874794069
4357,15.163278787878792
4358,17.508295964125566
4359,14.88430037313433
4360,8.431576535288723
4361,9.630916830386383
4362,11.413716814159294
4363,15.565319946452473
4364,12.555085365853666
4365,14.393431098696457
4366,11.413716814159294
4367,7.364117647058823
4368,17.84280839895013
4369,8.63652841781874
4370,15.565319946452473
4371,19.075095168374816
4372,7.543030674846632
4373,15.565319946452473
4374,9.630916830386383
4375,7.00818181818182
4376,17.13425419240954
4377,8.241699999999996
4378,12.159300699300704
4379,14.393431098696457
4380,8.63652841781874
4381,9.630916830386383
4382,11.698705953827462
4383,15.163278787878792
4384,13.222034795763996
4385,19.379576271186444
4386,9.521029748283752
4387,18.8869944598338
4388,9.31025974025974
4389,14.082031830238728
4390,14.393431098696457
4391,16.833291139240504
4392,9.05036458333333
4393,7.4339747634069395
4394,12.652355371900828
4395,9.304397905759162
4396,12.151654624277459
4397,15.565319946452473
4398,11.852133995037224
4399,13.36653548002385
4400,14.530675024107998
4401,13.736605504587159
4402,10.778468578401467
4403,9.882864864864866
4404,17.770347368421053
4405,13.736605504587159
4406,17.13425419240954
4407,14.530675024107998
4408,7.875555555555556
4409,19.40678688524591
4410,10.256025974025974
4411,11.3001448321264
4412,12.108703703703702
4413,9.800037565740045
4414,16.11730496453901
4415,9.630916830386383
4416,12.975114768297964
4417,16.69123076923077
4418,10.793328424153167
4419,11.852133995037224
4420,17.770347368421053
4421,14.082031830238728
4422,12.555085365853666
4423,17.93878260869565
4424,13.736605504587159
4425,14.393431098696457
4426,14.530675024107998
4427,15.37224832214765
4428,15.824915865384613
4429,15.163278787878792
4430,13.895074276778733
4431,12.539651972157769
4432,11.852133995037224
4433,15.37224832214765
4434,9.630916830386383
4435,14.082031830238728
4436,8.241699999999996
4437,8.810793787748063
4438,15.565319946452473
4439,13.222034795763996
4440,11.698705953827462
4441,14.220190023752972
4442,7.374538606403011
4443,7.7745785440613
4444,17.13425419240954
4445,7.875555555555556
4446,8.810793787748063
4447,11.413716814159294
4448,14.393431098696457
4449,14.530675024107998
4450,14.530675024107998
4451,13.31698879551821
4452,16.11730496453901
4453,12.539651972157769
4454,7.531249999999999
4455,8.241699999999996
4456,11.3001448321264
4457,7.672343234323431
4458,15.163278787878792
4459,19.40678688524591
4460,11.613464163822528
4461,11.852133995037224
4462,15.565319946452473
4463,9.630916830386383
4464,15.163278787878792
4465,9.630916830386383
4466,7.672343234323431
4467,14.393431098696457
4468,9.521029748283752
4469,12.975114768297964
4470,17.173489361702124
4471,8.810793787748063
4472,12.555085365853666
4473,13.222034795763996
4474,14.530675024107998
4475,17.770347368421053
4476,15.37224832214765
4477,12.8223738317757
4478,7.187860465116277
4479,14.709374999999998
4480,11.3001448321264
4481,19.075095168374816
4482,17.84280839895013
4483,15.163278787878792
4484,8.810793787748063
4485,8.63652841781874
4486,7.873676662320731
4487,12.539651972157769
4488,12.975114768297964
4489,11.536211340206187
4490,9.521029748283752
4491,7.873676662320731
4492,12.555085365853666
4493,15.163278787878792
4494,9.05036458333333
4495,13.31698879551821
4496,13.895074276778733
4497,9.490641399416907
4498,13.895074276778733
4499,12.539651972157769
4500,9.272481751824817
4501,16.54669789227166
4502,12.8223738317757
4503,7.952102376599635
4504,12.539651972157769
4505,16.575650793650794
4506,7.280905797101451
4507,14.393431098696457
4508,11.698705953827462
4509,11.852133995037224
4510,16.833291139240504
4511,6.816209677419355
4512,12.539651972157769
4513,13.31698879551821
4514,10.213392156862742
4515,19.075095168374816
4516,10.778468578401467
4517,11.698705953827462
4518,8.63652841781874
4519,12.151654624277459
4520,12.151654624277459
4521,14.393431098696457
4522,11.698705953827462
4523,15.565319946452473
4524,14.082031830238728
4525,10.770308529945556
4526,8.859631236442516
4527,15.565319946452473
4528,14.88430037313433
4529,20.41680397727272
4530,15.565319946452473
4531,17.770347368421053
4532,16.54669789227166
4533,7.368581560283688
4534,15.851196172248807
4535,12.555085365853666
4536,10.770308529945556
4537,10.770308529945556
4538,12.539651972157769
4539,7.952102376599635
4540,13.895074276778733
4541,13.895074276778733
4542,10.213392156862742
4543,9.882864864864866
4544,16.54669789227166
4545,7.046047297297298
4546,14.538467874794069
4547,20.527879999999993
4548,8.431576535288723
4549,17.70805194805195
4550,12.151654624277459
4551,11.3001448321264
4552,13.736605504587159
4553,15.565319946452473
4554,11.698705953827462
4555,12.539651972157769
4556,13.895074276778733
4557,16.833291139240504
4558,13.222034795763996
4559,9.800037565740045
4560,17.173489361702124
4561,8.810793787748063
4562,10.766346153846152
4563,15.565319946452473
4564,10.050641025641026
4565,10.050641025641026
4566,7.543030674846632
4567,16.54669789227166
4568,11.852133995037224
4569,10.213392156862742
4570,8.591650667638824
4571,6.853055555555556
4572,15.565319946452473
4573,12.151654624277459
4574,17.988675400291118
4575,9.272481751824817
4576,7.187860465116277
4577,7.873676662320731
4578,10.770308529945556
4579,10.778468578401467
4580,10.213392156862742
4581,12.151654624277459
4582,12.151654624277459
4583,18.39394366197182
4584,14.393431098696457
4585,9.31025974025974
4586,12.555085365853666
4587,12.159300699300704
4588,9.800037565740045
4589,11.3001448321264
4590,10.778468578401467
4591,9.521029748283752
4592,7.952102376599635
4593,11.413716814159294
4594,13.736605504587159
4595,16.575650793650794
4596,9.882864864864866
4597,15.565319946452473
4598,13.36653548002385
4599,9.490641399416907
4600,11.852133995037224
4601,11.413716814159294
4602,15.565319946452473
4603,11.698705953827462
4604,7.987341772151899
4605,11.413716814159294
4606,11.852133995037224
4607,13.36653548002385
4608,9.800037565740045
4609,7.4339747634069395
4610,14.393431098696457
4611,11.852133995037224
4612,10.42751937984496
4613,10.256025974025974
4614,11.413716814159294
4615,7.543030674846632
4616,9.304397905759162
4617,13.736605504587159
4618,16.575650793650794
4619,15.163278787878792
4620,9.630916830386383
4621,9.521029748283752
4622,7.00818181818182
4623,13.222034795763996
4624,7.1659770114942525
4625,11.852133995037224
4626,9.521029748283752
4627,15.565319946452473
4628,8.431576535288723
4629,10.770308529945556
4630,23.068030303030305
4631,13.895074276778733
4632,17.508295964125566
4633,11.63375
4634,19.40678688524591
4635,14.220190023752972
4636,16.54669789227166
4637,8.810793787748063
4638,12.159300699300704
4639,6.881550802139039
4640,12.151654624277459
4641,10.256025974025974
4642,12.975114768297964
4643,7.656209677419353
4644,11.698705953827462
4645,8.810793787748063
4646,8.859631236442516
4647,11.698705953827462
4648,16.54669789227166
4649,10.770308529945556
4650,15.565319946452473
4651,7.543030674846632
4652,15.37224832214765
4653,11.413716814159294
4654,8.241699999999996
4655,15.163278787878792
4656,13.36653548002385
4657,17.84280839895013
4658,14.082031830238728
4659,7.374538606403011
4660,9.272481751824817
4661,15.163278787878792
4662,9.304397905759162
4663,12.8223738317757
4664,16.575650793650794
4665,11.698705953827462
4666,11.3001448321264
4667,8.431576535288723
4668,6.853055555555556
4669,13.222034795763996
4670,7.028257575757575
4671,12.975114768297964
4672,15.565319946452473
4673,13.895074276778733
4674,11.413716814159294
4675,11.852133995037224
4676,17.13425419240954
4677,6.853055555555556
4678,11.413716814159294
4679,17.93878260869565
4680,12.975114768297964
4681,15.37224832214765
4682,15.163278787878792
4683,13.36653548002385
4684,17.508295964125566
4685,13.31698879551821
4686,8.431576535288723
4687,9.800037565740045
4688,11.3001448321264
4689,17.770347368421053
4690,11.852133995037224
4691,11.698705953827462
4692,11.613464163822528
4693,11.852133995037224
4694,12.975114768297964
4695,12.975114768297964
4696,11.852133995037224
4697,15.824915865384613
4698,9.800037565740045
4699,21.484347826086967
4700,8.859631236442516
4701,14.220190023752972
4702,11.852133995037224
4703,16.54669789227166
4704,9.630916830386383
4705,7.4339747634069395
4706,12.159300699300704
4707,13.222034795763996
4708,12.975114768297964
4709,8.428561151079139
4710,14.393431098696457
4711,8.810793787748063
4712,7.875555555555556
4713,11.698705953827462
4714,15.824915865384613
4715,6.881550802139039
4716,14.082031830238728
4717,17.508295964125566
4718,12.539651972157769
4719,10.050641025641026
4720,10.778468578401467
4721,7.952102376599635
4722,10.778468578401467
4723,18.39394366197182
4724,10.213392156862742
4725,12.151654624277459
4726,12.975114768297964
4727,11.413716814159294
4728,8.810793787748063
4729,12.975114768297964
4730,11.536211340206187
4731,11.3001448321264
4732,17.770347368421053
4733,10.778468578401467
4734,11.3001448321264
4735,11.3001448321264
4736,7.028257575757575
4737,7.672343234323431
4738,19.40678688524591
4739,13.222034795763996
4740,11.852133995037224
4741,11.852133995037224
4742,11.698705953827462
4743,14.88430037313433
4744,7.875555555555556
4745,14.393431098696457
4746,9.31025974025974
4747,8.810793787748063
4748,12.108703703703702
4749,15.565319946452473
4750,9.882864864864866
4751,12.975114768297964
4752,15.824915865384613
4753,7.952102376599635
4754,12.539651972157769
4755,7.028257575757575
4756,7.952102376599635
4757,9.630916830386383
4758,12.975114768297964
4759,7.543030674846632
4760,8.810793787748063
4761,16.575650793650794
4762,11.852133995037224
4763,13.31698879551821
4764,14.082031830238728
4765,16.11730496453901
4766,11.698705953827462
4767,12.975114768297964
4768,13.36653548002385
4769,11.3001448321264
4770,11.413716814159294
4771,14.88430037313433
4772,17.508295964125566
4773,10.42751937984496
4774,7.028257575757575
4775,12.8223738317757
4776,14.530675024107998
4777,16.11730496453901
4778,10.050641025641026
4779,12.652355371900828
4780,6.853055555555556
4781,12.975114768297964
4782,15.163278787878792
4783,13.222034795763996
4784,15.565319946452473
4785,12.539651972157769
4786,10.256025974025974
4787,17.70805194805195
4788,15.565319946452473
4789,9.630916830386383
4790,7.368581560283688
4791,15.565319946452473
4792,22.34918367346939
4793,11.613464163822528
4794,14.393431098696457
4795,15.565319946452473
4796,15.163278787878792
4797,9.630916830386383
4798,17.770347368421053
4799,15.163278787878792
4800,7.875555555555556
4801,19.379576271186444
4802,9.630916830386383
4803,7.374538606403011
4804,17.70805194805195
4805,6.853055555555556
4806,7.875555555555556
4807,9.630916830386383
4808,16.833291139240504
4809,13.756842105263157
4810,7.875555555555556
4811,16.575650793650794
4812,7.374538606403011
4813,10.628407643312102
4814,9.630916830386383
4815,16.54669789227166
4816,12.975114768297964
4817,13.222034795763996
4818,7.873676662320731
4819,7.046047297297298
4820,7.656209677419353
4821,14.393431098696457
4822,9.800037565740045
4823,7.873676662320731
4824,9.800037565740045
4825,13.895074276778733
4826,9.521029748283752
4827,9.05036458333333
4828,10.778468578401467
4829,13.222034795763996
4830,7.4339747634069395
4831,12.652355371900828
4832,13.36653548002385
4833,14.709374999999998
4834,7.374538606403011
4835,19.31568093385214
4836,15.824915865384613
4837,13.895074276778733
4838,13.31698879551821
4839,10.766346153846152
4840,12.975114768297964
4841,11.413716814159294
4842,20.41680397727272
4843,10.793328424153167
4844,11.698705953827462
4845,12.8223738317757
4846,9.800037565740045
4847,11.434800000000001
4848,11.698705953827462
4849,7.1659770114942525
4850,7.873676662320731
4851,12.159300699300704
4852,16.833291139240504
4853,8.241699999999996
4854,10.42751937984496
4855,17.93878260869565
4856,13.36653548002385
4857,14.393431098696457
4858,10.780036231884058
4859,7.046047297297298
4860,7.656209677419353
4861,17.173489361702124
4862,13.36653548002385
4863,7.187860465116277
4864,17.173489361702124
4865,14.082031830238728
4866,12.555085365853666
4867,10.213392156862742
4868,15.565319946452473
4869,10.050641025641026
4870,7.543030674846632
4871,13.36653548002385
4872,10.213392156862742
4873,12.555085365853666
4874,10.050641025641026
4875,10.778468578401467
4876,15.565319946452473
4877,11.413716814159294
4878,6.853055555555556
4879,16.54669789227166
4880,10.778468578401467
4881,12.151654624277459
4882,7.1659770114942525
4883,14.393431098696457
4884,10.050641025641026
4885,12.975114768297964
4886,7.368581560283688
4887,10.793328424153167
4888,20.527879999999993
4889,7.364117647058823
4890,8.810793787748063
4891,10.256025974025974
4892,12.539651972157769
4893,9.630916830386383
4894,17.93878260869565
4895,9.800037565740045
4896,14.393431098696457
4897,8.810793787748063
4898,10.778468578401467
4899,11.413716814159294
4900,11.413716814159294
4901,10.256025974025974
4902,11.413716814159294
4903,13.895074276778733
4904,15.163278787878792
4905,8.859631236442516
4906,11.413716814159294
4907,16.11730496453901
4908,7.952102376599635
4909,10.793328424153167
4910,9.31025974025974
4911,15.163278787878792
4912,9.630916830386383
4913,11.852133995037224
4914,9.630916830386383
4915,12.652355371900828
4916,11.3001448321264
4917,14.082031830238728
4918,17.13425419240954
4919,12.555085365853666
4920,17.770347368421053
4921,17.13425419240954
4922,15.565319946452473
4923,11.3001448321264
4924,15.565319946452473
4925,11.3001448321264
4926,12.975114768297964
4927,14.88430037313433
4928,14.530675024107998
4929,9.630916830386383
4930,16.833291139240504
4931,10.213392156862742
4932,14.082031830238728
4933,11.588796680497921
4934,16.575650793650794
4935,7.374538606403011
4936,10.256025974025974
4937,9.31025974025974
4938,7.873676662320731
4939,12.975114768297964
4940,16.54669789227166
4941,14.393431098696457
4942,15.824915865384613
4943,20.527879999999993
4944,13.736605504587159
4945,7.368581560283688
4946,9.521029748283752
4947,7.875555555555556
4948,7.028257575757575
4949,9.630916830386383
4950,12.975114768297964
4951,12.975114768297964
4952,10.42751937984496
4953,16.833291139240504
4954,13.222034795763996
4955,16.575650793650794
4956,8.810793787748063
4957,11.613464163822528
4958,11.698705953827462
4959,11.3001448321264
4960,15.163278787878792
4961,11.3001448321264
4962,12.975114768297964
4963,14.393431098696457
4964,15.565319946452473
4965,9.490641399416907
4966,8.63652841781874
4967,7.873676662320731
4968,8.810793787748063
4969,10.778468578401467
4970,11.3001448321264
4971,11.852133995037224
4972,7.4339747634069395
4973,15.565319946452473
4974,11.852133995037224
4975,17.508295964125566
4976,12.975114768297964
4977,13.36653548002385
4978,7.873676662320731
4979,9.490641399416907
4980,7.374538606403011
4981,12.539651972157769
4982,9.882864864864866
4983,14.393431098696457
4984,11.3001448321264
4985,9.800037565740045
4986,17.988675400291118
4987,19.379576271186444
4988,7.875555555555556
4989,14.88430037313433
4990,7.543030674846632
4991,10.213392156862742
4992,8.241699999999996
4993,10.213392156862742
4994,12.8223738317757
4995,10.778468578401467
4996,12.975114768297964
4997,12.975114768297964
4998,14.530675024107998
4999,11.3001448321264
5000,7.4339747634069395
5001,8.241699999999996
5002,10.780036231884058
5003,12.555085365853666
5004,9.800037565740045
5005,9.800037565740045
5006,15.163278787878792
5007,11.698705953827462
5008,9.800037565740045
5009,13.736605504587159
5010,15.565319946452473
5011,14.220190023752972
5012,14.082031830238728
5013,17.508295964125566
5014,11.852133995037224
5015,7.00818181818182
5016,11.413716814159294
5017,12.555085365853666
5018,11.413716814159294
5019,9.521029748283752
5020,15.565319946452473
5021,10.770308529945556
5022,14.538467874794069
5023,15.565319946452473
5024,6.881550802139039
5025,7.4339747634069395
5026,13.36653548002385
5027,12.555085365853666
5028,16.575650793650794
5029,13.36653548002385
5030,7.187860465116277
5031,14.393431098696457
5032,19.379576271186444
5033,15.37224832214765
5034,14.393431098696457
5035,8.658941176470588
5036,17.988675400291118
5037,9.31025974025974
5038,7.952102376599635
5039,13.36653548002385
5040,15.163278787878792
5041,9.521029748283752
5042,11.413716814159294
5043,10.793328424153167
5044,9.521029748283752
5045,17.84280839895013
5046,8.431576535288723
5047,10.778468578401467
5048,7.672343234323431
5049,13.895074276778733
5050,7.7745785440613
5051,14.530675024107998
5052,11.413716814159294
5053,15.565319946452473
5054,12.539651972157769
5055,7.4339747634069395
5056,11.852133995037224
5057,12.159300699300704
5058,14.393431098696457
5059,7.1659770114942525
5060,9.304397905759162
5061,7.368581560283688
5062,13.31698879551821
5063,17.93878260869565
5064,12.975114768297964
5065,15.37224832214765
5066,9.630916830386383
5067,10.213392156862742
5068,8.431576535288723
5069,10.766346153846152
5070,11.698705953827462
5071,11.698705953827462
5072,16.575650793650794
5073,12.975114768297964
5074,16.11730496453901
5075,16.54669789227166
5076,10.770308529945556
5077,7.1659770114942525
5078,14.88430037313433
5079,14.538467874794069
5080,15.824915865384613
5081,12.975114768297964
5082,14.082031830238728
5083,11.852133995037224
5084,15.824915865384613
5085,10.778468578401467
5086,20.41680397727272
5087,17.13425419240954
5088,12.539651972157769
5089,15.824915865384613
5090,7.873676662320731
5091,8.241699999999996
5092,8.590289855072461
5093,12.975114768297964
5094,7.280905797101451
5095,12.652355371900828
5096,7.875555555555556
5097,15.565319946452473
5098,13.36653548002385
5099,12.159300699300704
5100,15.163278787878792
5101,14.082031830238728
5102,23.068030303030305
5103,8.431576535288723
5104,9.304397905759162
5105,10.050641025641026
5106,15.824915865384613
5107,11.852133995037224
5108,12.975114768297964
5109,17.770347368421053
5110,18.532043010752684
5111,8.810793787748063
5112,7.374538606403011
5113,11.413716814159294
5114,8.810793787748063
5115,13.31698879551821
5116,10.793328424153167
5117,14.530675024107998
5118,7.368581560283688
5119,7.672343234323431
5120,12.127471264367813
5121,7.1659770114942525
5122,17.13425419240954
5123,14.88430037313433
5124,11.413716814159294
5125,17.173489361702124
5126,14.082031830238728
5127,19.40678688524591
5128,9.800037565740045
5129,17.173489361702124
5130,8.810793787748063
5131,7.4339747634069395
5132,15.565319946452473
5133,7.374538606403011
5134,15.565319946452473
5135,11.3001448321264
5136,10.778468578401467
5137,11.3001448321264
5138,10.770308529945556
5139,15.565319946452473
5140,7.4339747634069395
5141,13.222034795763996
5142,10.050641025641026
5143,9.800037565740045
5144,9.630916830386383
5145,15.565319946452473
5146,10.213392156862742
5147,13.736605504587159
5148,14.88430037313433
5149,13.895074276778733
5150,19.075095168374816
5151,7.656209677419353
5152,18.39394366197182
5153,8.241699999999996
5154,9.490641399416907
5155,13.895074276778733
5156,11.413716814159294
5157,11.413716814159294
5158,17.13425419240954
5159,14.530675024107998
5160,10.793328424153167
5161,9.630916830386383
5162,17.70805194805195
5163,10.050641025641026
5164,11.413716814159294
5165,15.565319946452473
5166,7.543030674846632
5167,17.84280839895013
5168,10.770308529945556
5169,8.428561151079139
5170,13.222034795763996
5171,11.413716814159294
5172,7.543030674846632
5173,10.780036231884058
5174,14.393431098696457
5175,11.3001448321264
5176,12.151654624277459
5177,8.431576535288723
5178,12.151654624277459
5179,9.31025974025974
5180,9.05036458333333
5181,14.393431098696457
5182,8.810793787748063
5183,9.490641399416907
5184,7.368581560283688
5185,11.413716814159294
5186,16.11730496453901
5187,9.31025974025974
5188,10.256025974025974
5189,7.873676662320731
5190,12.108703703703702
5191,9.521029748283752
5192,8.63652841781874
5193,9.630916830386383
5194,17.13425419240954
5195,15.824915865384613
5196,9.521029748283752
5197,12.555085365853666
5198,13.736605504587159
5199,11.413716814159294
5200,16.11730496453901
5201,17.70805194805195
5202,17.84280839895013
5203,9.882864864864866
5204,8.431576535288723
5205,11.698705953827462
5206,10.213392156862742
5207,12.539651972157769
5208,15.565319946452473
5209,16.11730496453901
5210,12.539651972157769
5211,8.859631236442516
5212,7.374538606403011
5213,7.656209677419353
5214,12.8223738317757
5215,18.532043010752684
5216,17.988675400291118
5217,15.565319946452473
5218,13.736605504587159
5219,7.672343234323431
5220,15.163278787878792
5221,11.698705953827462
5222,14.082031830238728
5223,14.538467874794069
5224,7.4339747634069395
5225,7.873676662320731
5226,9.800037565740045
5227,7.280905797101451
5228,17.173489361702124
5229,12.555085365853666
5230,12.539651972157769
5231,15.345915492957745
5232,12.555085365853666
5233,17.988675400291118
5234,10.770308529945556
5235,8.810793787748063
5236,12.975114768297964
5237,12.975114768297964
5238,17.93878260869565
5239,10.050641025641026
5240,15.163278787878792
5241,15.163278787878792
5242,10.793328424153167
5243,9.800037565740045
5244,12.555085365853666
5245,6.881550802139039
5246,11.613464163822528
5247,17.13425419240954
5248,10.778468578401467
5249,10.213392156862742
5250,14.082031830238728
5251,10.213392156862742
5252,10.256025974025974
5253,14.393431098696457
5254,13.222034795763996
5255,15.565319946452473
5256,8.241699999999996
5257,15.163278787878792
5258,17.508295964125566
5259,9.630916830386383
5260,12.555085365853666
5261,7.875555555555556
5262,17.508295964125566
5263,15.163278787878792
5264,8.859631236442516
5265,7.4339747634069395
5266,12.539651972157769
5267,14.082031830238728
5268,11.3001448321264
5269,12.539651972157769
5270,7.875555555555556
5271,13.31698879551821
5272,7.4339747634069395
5273,14.88430037313433
5274,9.630916830386383
5275,12.555085365853666
5276,10.213392156862742
5277,12.539651972157769
5278,12.975114768297964
5279,13.895074276778733
5280,13.895074276778733
5281,11.413716814159294
5282,9.490641399416907
5283,10.770308529945556
5284,10.770308529945556
5285,17.173489361702124
5286,10.793328424153167
5287,12.975114768297964
5288,17.13425419240954
5289,17.173489361702124
5290,14.082031830238728
5291,7.875555555555556
5292,10.050641025641026
5293,16.833291139240504
5294,11.852133995037224
5295,13.736605504587159
5296,10.778468578401467
5297,9.800037565740045
5298,17.988675400291118
5299,10.778468578401467
5300,11.613464163822528
5301,11.536211340206187
5302,12.652355371900828
5303,15.565319946452473
5304,9.630916830386383
5305,10.793328424153167
5306,9.31025974025974
5307,16.833291139240504
5308,9.800037565740045
5309,10.213392156862742
5310,9.800037565740045
5311,8.241699999999996
5312,14.530675024107998
5313,15.345915492957745
5314,7.7745785440613
5315,7.187860465116277
5316,8.241699999999996
5317,18.39394366197182
5318,14.393431098696457
5319,7.656209677419353
5320,11.698705953827462
5321,11.698705953827462
5322,15.163278787878792
5323,9.630916830386383
5324,14.393431098696457
5325,8.428561151079139
5326,10.42751937984496
5327,7.4339747634069395
5328,14.393431098696457
5329,14.393431098696457
5330,8.428561151079139
5331,14.393431098696457
5332,9.882864864864866
5333,7.368581560283688
5334,18.532043010752684
5335,14.88430037313433
5336,9.521029748283752
5337,13.36653548002385
5338,10.778468578401467
5339,6.774912280701754
5340,7.952102376599635
5341,11.852133995037224
5342,13.895074276778733
5343,12.555085365853666
5344,7.672343234323431
5345,11.413716814159294
5346,14.082031830238728
5347,6.853055555555556
5348,8.431576535288723
5349,7.873676662320731
5350,9.630916830386383
5351,11.852133995037224
5352,11.852133995037224
5353,9.630916830386383
5354,7.187860465116277
5355,17.770347368421053
5356,13.31698879551821
5357,12.539651972157769
5358,11.3001448321264
5359,9.630916830386383
5360,10.256025974025974
5361,14.082031830238728
5362,16.54669789227166
5363,9.304397905759162
5364,8.241699999999996
5365,12.555085365853666
5366,17.13425419240954
5367,12.975114768297964
5368,12.151654624277459
5369,16.11730496453901
5370,13.895074276778733
5371,11.698705953827462
5372,11.852133995037224
5373,13.895074276778733
5374,14.88430037313433
5375,19.379576271186444
5376,12.975114768297964
5377,8.810793787748063
5378,12.539651972157769
5379,9.800037565740045
5380,13.36653548002385
5381,11.3001448321264
5382,14.082031830238728
5383,13.222034795763996
5384,10.778468578401467
5385,9.882864864864866
5386,13.895074276778733
5387,12.108703703703702
5388,9.800037565740045
5389,9.800037565740045
5390,11.698705953827462
5391,13.222034795763996
5392,11.3001448321264
5393,15.565319946452473
5394,14.530675024107998
5395,17.770347368421053
5396,10.213392156862742
5397,14.082031830238728
5398,16.54669789227166
5399,6.853055555555556
5400,12.539651972157769
5401,6.979326923076924
5402,15.565319946452473
5403,9.05036458333333
5404,12.539651972157769
5405,15.565319946452473
5406,10.628407643312102
5407,11.852133995037224
5408,9.800037565740045
5409,7.364117647058823
5410,12.975114768297964
5411,9.882864864864866
5412,9.490641399416907
5413,15.565319946452473
5414,16.54669789227166
5415,6.774912280701754
5416,14.530675024107998
5417,12.151654624277459
5418,17.84280839895013
5419,9.05036458333333
5420,12.555085365853666
5421,7.873676662320731
5422,11.536211340206187
5423,10.213392156862742
5424,10.213392156862742
5425,16.54669789227166
5426,18.39394366197182
5427,7.543030674846632
5428,15.851196172248807
5429,12.539651972157769
5430,12.975114768297964
5431,11.413716814159294
5432,9.521029748283752
5433,17.84280839895013
5434,18.39394366197182
5435,9.800037565740045
5436,16.54669789227166
5437,8.810793787748063
5438,14.082031830238728
5439,7.543030674846632
5440,18.532043010752684
5441,7.374538606403011
5442,12.151654624277459
5443,11.852133995037224
5444,17.508295964125566
5445,14.88430037313433
5446,12.975114768297964
5447,15.565319946452473
5448,20.41680397727272
5449,7.00818181818182
5450,10.213392156862742
5451,9.31025974025974
5452,7.00818181818182
5453,10.213392156862742
5454,14.393431098696457
5455,7.543030674846632
5456,12.539651972157769
5457,7.873676662320731
5458,9.490641399416907
5459,23.068030303030305
5460,15.565319946452473
5461,14.530675024107998
5462,12.539651972157769
5463,10.213392156862742
5464,8.431576535288723
5465,11.536211340206187
5466,7.952102376599635
5467,7.873676662320731
5468,7.374538606403011
5469,16.54669789227166
5470,14.393431098696457
5471,12.975114768297964
5472,9.630916830386383
5473,14.709374999999998
5474,8.859631236442516
5475,11.413716814159294
5476,10.778468578401467
5477,10.778468578401467
5478,7.873676662320731
5479,11.413716814159294
5480,9.304397905759162
5481,11.3001448321264
5482,10.778468578401467
5483,13.222034795763996
5484,8.431576535288723
5485,10.778468578401467
5486,12.539651972157769
5487,11.413716814159294
5488,13.222034795763996
5489,11.588796680497921
5490,11.852133995037224
5491,15.565319946452473
5492,11.413716814159294
5493,9.630916830386383
5494,11.698705953827462
5495,14.082031830238728
5496,14.393431098696457
5497,12.539651972157769
5498,17.508295964125566
5499,10.213392156862742
5500,17.13425419240954
5501,12.555085365853666
5502,13.736605504587159
5503,6.774912280701754
5504,7.374538606403011
5505,15.824915865384613
5506,16.11730496453901
5507,13.31698879551821
5508,7.7745785440613
5509,15.163278787878792
5510,10.770308529945556
5511,9.630916830386383
5512,10.256025974025974
5513,7.280905797101451
5514,9.800037565740045
5515,13.222034795763996
5516,19.379576271186444
5517,7.374538606403011
5518,11.63375
5519,15.37224832214765
5520,13.222034795763996
5521,12.151654624277459
5522,10.213392156862742
5523,8.810793787748063
5524,7.00818181818182
5525,10.050641025641026
5526,7.4339747634069395
5527,14.082031830238728
5528,6.979326923076924
5529,15.824915865384613
5530,11.413716814159294
5531,10.778468578401467
5532,10.770308529945556
5533,14.393431098696457
5534,17.988675400291118
5535,15.565319946452473
5536,9.630916830386383
5537,13.736605504587159
5538,7.7745785440613
5539,12.151654624277459
5540,8.590289855072461
5541,7.875555555555556
5542,19.31568093385214
5543,11.852133995037224
5544,13.849411764705883
5545,7.00818181818182
5546,6.881550802139039
5547,17.508295964125566
5548,12.539651972157769
5549,16.11730496453901
5550,14.88430037313433
5551,7.543030674846632
5552,16.11730496453901
5553,14.220190023752972
5554,8.810793787748063
5555,10.213392156862742
5556,17.770347368421053
5557,13.849411764705883
5558,10.778468578401467
5559,9.630916830386383
5560,15.163278787878792
5561,13.895074276778733
5562,15.851196172248807
5563,6.881550802139039
5564,17.13425419240954
5565,7.7745785440613
5566,13.36653548002385
5567,7.672343234323431
5568,9.630916830386383
5569,15.163278787878792
5570,13.36653548002385
5571,7.656209677419353
5572,10.213392156862742
5573,15.565319946452473
5574,14.530675024107998
5575,14.393431098696457
5576,15.163278787878792
5577,11.698705953827462
5578,14.530675024107998
5579,15.163278787878792
5580,13.31698879551821
5581,12.975114768297964
5582,14.082031830238728
5583,14.393431098696457
5584,15.565319946452473
5585,9.630916830386383
5586,13.736605504587159
5587,13.36653548002385
5588,8.63652841781874
5589,9.521029748283752
5590,11.413716814159294
5591,9.882864864864866
5592,10.256025974025974
5593,11.3001448321264
5594,16.833291139240504
5595,10.793328424153167
5596,15.565319946452473
5597,15.163278787878792
5598,17.508295964125566
5599,9.521029748283752
5600,13.736605504587159
5601,10.628407643312102
5602,13.736605504587159
5603,6.853055555555556
5604,9.800037565740045
5605,13.222034795763996
5606,7.028257575757575
5607,11.588796680497921
5608,19.31568093385214
5609,18.8869944598338
5610,6.774912280701754
5611,10.770308529945556
5612,15.37224832214765
5613,12.539651972157769
5614,20.41680397727272
5615,14.220190023752972
5616,16.833291139240504
5617,20.527879999999993
5618,15.565319946452473
5619,15.824915865384613
5620,7.364117647058823
5621,7.028257575757575
5622,9.05036458333333
5623,10.050641025641026
5624,11.413716814159294
5625,17.173489361702124
5626,7.00818181818182
5627,14.88430037313433
5628,17.93878260869565
5629,11.3001448321264
5630,9.521029748283752
5631,17.770347368421053
5632,10.213392156862742
5633,13.36653548002385
5634,10.766346153846152
5635,12.555085365853666
5636,7.4339747634069395
5637,14.082031830238728
5638,10.770308529945556
5639,15.565319946452473
5640,8.810793787748063
5641,17.173489361702124
5642,6.853055555555556
5643,7.952102376599635
5644,12.555085365853666
5645,10.778468578401467
5646,14.220190023752972
5647,12.975114768297964
5648,15.565319946452473
5649,15.565319946452473
5650,7.374538606403011
5651,10.778468578401467
5652,13.849411764705883
5653,10.778468578401467
5654,12.151654624277459
5655,11.698705953827462
5656,10.778468578401467
5657,14.538467874794069
5658,10.050641025641026
5659,7.4339747634069395
5660,12.555085365853666
5661,16.575650793650794
5662,13.736605504587159
5663,11.698705953827462
5664,12.555085365853666
5665,15.345915492957745
5666,11.413716814159294
5667,9.521029748283752
5668,7.046047297297298
5669,12.159300699300704
5670,12.555085365853666
5671,7.368581560283688
5672,16.54669789227166
5673,20.527879999999993
5674,11.613464163822528
5675,15.565319946452473
5676,7.672343234323431
5677,12.539651972157769
5678,8.810793787748063
5679,17.13425419240954
5680,14.393431098696457
5681,12.539651972157769
5682,7.543030674846632
5683,15.565319946452473
5684,10.213392156862742
5685,10.778468578401467
5686,12.975114768297964
5687,10.213392156862742
5688,13.895074276778733
5689,11.698705953827462
5690,7.046047297297298
5691,17.988675400291118
5692,13.895074276778733
5693,7.875555555555556
5694,16.833291139240504
5695,9.630916830386383
5696,7.1659770114942525
5697,21.926842105263155
5698,12.8223738317757
5699,9.31025974025974
5700,9.07855633802817
5701,14.082031830238728
5702,17.770347368421053
5703,13.736605504587159
5704,18.39394366197182
5705,11.63375
5706,15.565319946452473
5707,7.543030674846632
5708,11.852133995037224
5709,9.31025974025974
5710,17.412066666666668
5711,15.163278787878792
5712,11.3001448321264
5713,10.778468578401467
5714,16.11730496453901
5715,9.630916830386383
5716,12.975114768297964
5717,10.778468578401467
5718,12.159300699300704
5719,15.565319946452473
5720,10.770308529945556
5721,11.852133995037224
5722,13.736605504587159
5723,13.736605504587159
5724,18.8869944598338
5725,15.163278787878792
5726,10.256025974025974
5727,14.88430037313433
5728,14.082031830238728
5729,11.3001448321264
5730,7.873676662320731
5731,19.40678688524591
5732,20.41680397727272
5733,14.393431098696457
5734,14.393431098696457
5735,15.851196172248807
5736,7.873676662320731
5737,12.159300699300704
5738,7.875555555555556
5739,14.530675024107998
5740,14.082031830238728
5741,15.565319946452473
5742,12.975114768297964
5743,9.31025974025974
5744,12.555085365853666
5745,8.658941176470588
5746,17.770347368421053
5747,12.151654624277459
5748,12.539651972157769
5749,6.816209677419355
5750,13.36653548002385
5751,9.521029748283752
5752,7.952102376599635
5753,8.590289855072461
5754,14.88430037313433
5755,9.630916830386383
5756,9.31025974025974
5757,10.628407643312102
5758,7.875555555555556
5759,11.413716814159294
5760,13.222034795763996
5761,14.082031830238728
5762,11.413716814159294
5763,14.709374999999998
5764,18.39394366197182
5765,8.63652841781874
5766,8.241699999999996
5767,7.873676662320731
5768,13.36653548002385
5769,15.565319946452473
5770,7.364117647058823
5771,7.873676662320731
5772,14.393431098696457
5773,13.736605504587159
5774,11.413716814159294
5775,17.93878260869565
5776,11.413716814159294
5777,15.565319946452473
5778,15.163278787878792
5779,12.652355371900828
5780,13.31698879551821
5781,7.987341772151899
5782,12.151654624277459
5783,10.778468578401467
5784,14.530675024107998
5785,17.508295964125566
5786,8.431576535288723
5787,8.810793787748063
5788,11.698705953827462
5789,12.975114768297964
5790,15.565319946452473
5791,11.852133995037224
5792,16.11730496453901
5793,7.7745785440613
5794,13.36653548002385
5795,15.565319946452473
5796,14.88430037313433
5797,9.521029748283752
5798,14.220190023752972
5799,11.536211340206187
5800,16.54669789227166
5801,8.63652841781874
5802,11.698705953827462
5803,7.046047297297298
5804,16.833291139240504
5805,11.413716814159294
5806,8.428561151079139
5807,10.256025974025974
5808,16.833291139240504
5809,6.853055555555556
5810,12.539651972157769
5811,13.895074276778733
5812,17.508295964125566
5813,8.810793787748063
5814,12.975114768297964
5815,15.163278787878792
5816,18.8869944598338
5817,15.345915492957745
5818,12.975114768297964
5819,9.630916830386383
5820,15.851196172248807
5821,11.3001448321264
5822,18.8869944598338
5823,10.766346153846152
5824,13.36653548002385
5825,15.565319946452473
5826,9.800037565740045
5827,15.163278787878792
5828,10.770308529945556
5829,11.698705953827462
5830,9.630916830386383
5831,7.187860465116277
5832,10.213392156862742
5833,15.565319946452473
5834,7.7745785440613
5835,14.393431098696457
5836,7.7745785440613
5837,13.736605504587159
5838,17.13425419240954
5839,7.374538606403011
5840,13.36653548002385
5841,9.05036458333333
5842,11.698705953827462
5843,10.778468578401467
5844,7.672343234323431
5845,15.565319946452473
5846,14.393431098696457
5847,10.628407643312102
5848,11.3001448321264
5849,14.530675024107998
5850,8.859631236442516
5851,14.082031830238728
5852,11.698705953827462
5853,9.630916830386383
5854,10.213392156862742
5855,12.975114768297964
5856,10.256025974025974
5857,16.54669789227166
5858,17.173489361702124
5859,13.736605504587159
5860,10.213392156862742
5861,12.539651972157769
5862,11.852133995037224
5863,9.31025974025974
5864,15.824915865384613
5865,10.766346153846152
5866,11.3001448321264
5867,14.082031830238728
5868,10.42751937984496
5869,9.304397905759162
5870,8.810793787748063
5871,7.7745785440613
5872,14.082031830238728
5873,14.530675024107998
5874,11.413716814159294
5875,16.54669789227166
5876,12.975114768297964
5877,8.63652841781874
5878,11.413716814159294
5879,10.213392156862742
5880,18.39394366197182
5881,10.050641025641026
5882,14.082031830238728
5883,8.241699999999996
5884,14.393431098696457
5885,10.778468578401467
5886,7.543030674846632
5887,11.698705953827462
5888,9.630916830386383
5889,15.565319946452473
5890,9.800037565740045
5891,7.875555555555556
5892,7.952102376599635
5893,11.852133995037224
5894,9.272481751824817
5895,18.39394366197182
5896,11.588796680497921
5897,15.565319946452473
5898,11.852133995037224
5899,7.875555555555556
5900,7.368581560283688
5901,7.531249999999999
5902,9.630916830386383
5903,11.3001448321264
5904,14.88430037313433
5905,18.8869944598338
5906,12.159300699300704
5907,10.213392156862742
5908,13.895074276778733
5909,12.975114768297964
5910,15.565319946452473
5911,13.736605504587159
5912,18.532043010752684
5913,17.173489361702124
5914,7.028257575757575
5915,15.163278787878792
5916,12.539651972157769
5917,12.975114768297964
5918,9.630916830386383
5919,9.630916830386383
5920,9.800037565740045
5921,13.736605504587159
5922,12.151654624277459
5923,14.082031830238728
5924,12.975114768297964
5925,7.952102376599635
5926,17.173489361702124
5927,8.431576535288723
5928,11.3001448321264
5929,7.543030674846632
5930,8.810793787748063
5931,20.41680397727272
5932,8.810793787748063
5933,11.3001448321264
5934,16.575650793650794
5935,16.833291139240504
5936,12.652355371900828
5937,11.852133995037224
5938,8.431576535288723
5939,16.54669789227166
5940,13.895074276778733
5941,15.565319946452473
5942,7.374538606403011
5943,9.521029748283752
5944,12.975114768297964
5945,12.555085365853666
5946,11.613464163822528
5947,14.538467874794069
5948,11.613464163822528
5949,9.521029748283752
5950,15.824915865384613
5951,7.280905797101451
5952,8.431576535288723
5953,11.698705953827462
5954,10.213392156862742
5955,13.895074276778733
5956,11.63375
5957,13.36653548002385
5958,12.555085365853666
5959,12.151654624277459
5960,7.280905797101451
5961,6.853055555555556
5962,10.256025974025974
5963,20.887989417989413
5964,13.31698879551821
5965,9.630916830386383
5966,6.816209677419355
5967,7.187860465116277
5968,7.543030674846632
5969,10.256025974025974
5970,17.988675400291118
5971,12.555085365853666
5972,19.075095168374816
5973,10.256025974025974
5974,12.539651972157769
5975,14.393431098696457
5976,11.3001448321264
5977,15.851196172248807
5978,11.413716814159294
5979,15.565319946452473
5980,9.521029748283752
5981,7.543030674846632
5982,9.630916830386383
5983,10.42751937984496
5984,8.810793787748063
5985,12.151654624277459
5986,7.952102376599635
5987,7.308779748820745
5988,8.241699999999996
5989,12.555085365853666
5990,14.082031830238728
5991,7.952102376599635
5992,9.490641399416907
5993,14.393431098696457
5994,14.530675024107998
5995,8.431576535288723
5996,13.222034795763996
5997,12.108703703703702
5998,7.873676662320731
5999,15.565319946452473
6000,22.34918367346939
6001,10.256025974025974
6002,6.853055555555556
6003,17.508295964125566
6004,9.31025974025974
6005,17.770347368421053
6006,11.3001448321264
6007,9.521029748283752
6008,17.13425419240954
6009,12.539651972157769
6010,13.222034795763996
6011,16.54669789227166
6012,7.543030674846632
6013,9.521029748283752
6014,11.852133995037224
6015,8.241699999999996
6016,11.413716814159294
6017,7.364117647058823
6018,7.543030674846632
6019,7.873676662320731
6020,17.13425419240954
6021,12.539651972157769
6022,7.1659770114942525
6023,7.368581560283688
6024,14.082031830238728
6025,15.565319946452473
6026,13.222034795763996
6027,8.431576535288723
6028,15.163278787878792
6029,14.88430037313433
6030,16.54669789227166
6031,15.565319946452473
6032,8.810793787748063
6033,7.374538606403011
6034,13.895074276778733
6035,7.7745785440613
6036,14.393431098696457
6037,10.628407643312102
6038,9.630916830386383
6039,14.393431098696457
6040,9.521029748283752
6041,12.159300699300704
6042,11.3001448321264
6043,9.521029748283752
6044,10.770308529945556
6045,13.895074276778733
6046,16.833291139240504
6047,10.778468578401467
6048,11.613464163822528
6049,10.213392156862742
6050,19.40678688524591
6051,11.413716814159294
6052,16.833291139240504
6053,15.565319946452473
6054,11.698705953827462
6055,16.11730496453901
6056,20.527879999999993
6057,18.39394366197182
6058,10.770308529945556
6059,9.882864864864866
6060,12.555085365853666
6061,13.222034795763996
6062,15.565319946452473
6063,13.36653548002385
6064,13.736605504587159
6065,17.13425419240954
6066,7.656209677419353
6067,19.40678688524591
6068,12.151654624277459
6069,12.539651972157769
6070,13.895074276778733
6071,15.163278787878792
6072,11.63375
6073,8.63652841781874
6074,17.508295964125566
6075,7.873676662320731
6076,6.881550802139039
6077,9.630916830386383
6078,7.00818181818182
6079,11.413716814159294
6080,14.88430037313433
6081,10.213392156862742
6082,10.780036231884058
6083,13.31698879551821
6084,15.163278787878792
6085,9.521029748283752
6086,11.852133995037224
6087,14.082031830238728
6088,6.853055555555556
6089,17.508295964125566
6090,7.543030674846632
6091,16.11730496453901
6092,8.431576535288723
6093,10.766346153846152
6094,12.555085365853666
6095,16.11730496453901
6096,19.40678688524591
6097,15.565319946452473
6098,10.213392156862742
6099,12.8223738317757
6100,9.521029748283752
6101,11.3001448321264
6102,12.539651972157769
6103,13.222034795763996
6104,11.852133995037224
6105,8.63652841781874
6106,11.413716814159294
6107,11.413716814159294
6108,14.530675024107998
6109,10.256025974025974
6110,7.987341772151899
6111,14.082031830238728
6112,13.895074276778733
6113,7.952102376599635
6114,12.975114768297964
6115,7.280905797101451
6116,17.988675400291118
6117,9.630916830386383
6118,9.630916830386383
6119,16.575650793650794
6120,15.565319946452473
6121,10.778468578401467
6122,17.93878260869565
6123,10.213392156862742
6124,7.873676662320731
6125,17.770347368421053
6126,9.630916830386383
6127,10.778468578401467
6128,9.882864864864866
6129,7.873676662320731
6130,12.555085365853666
6131,6.881550802139039
6132,12.539651972157769
6133,7.875555555555556
6134,12.159300699300704
6135,13.31698879551821
6136,7.364117647058823
6137,7.374538606403011
6138,12.555085365853666
6139,9.521029748283752
6140,11.852133995037224
6141,7.952102376599635
6142,13.895074276778733
6143,12.539651972157769
6144,12.975114768297964
6145,9.630916830386383
6146,14.082031830238728
6147,16.54669789227166
6148,18.39394366197182
6149,14.220190023752972
6150,6.881550802139039
6151,18.8869944598338
6152,13.222034795763996
6153,11.613464163822528
6154,15.565319946452473
6155,15.345915492957745
6156,12.555085365853666
6157,15.37224832214765
6158,12.975114768297964
6159,10.770308529945556
6160,12.555085365853666
6161,9.630916830386383
6162,10.050641025641026
6163,8.859631236442516
6164,12.151654624277459
6165,14.393431098696457
6166,12.539651972157769
6167,11.698705953827462
6168,9.630916830386383
6169,12.555085365853666
6170,17.412066666666668
6171,7.00818181818182
6172,9.31025974025974
6173,16.11730496453901
6174,9.630916830386383
6175,10.213392156862742
6176,10.050641025641026
6177,15.565319946452473
6178,12.975114768297964
6179,8.255526315789472
6180,14.082031830238728
6181,7.374538606403011
6182,7.952102376599635
6183,11.413716814159294
6184,7.046047297297298
6185,11.852133995037224
6186,15.565319946452473
6187,9.304397905759162
6188,7.952102376599635
6189,13.736605504587159
6190,11.852133995037224
6191,21.484347826086967
6192,12.975114768297964
6193,14.530675024107998
6194,8.63652841781874
6195,11.413716814159294
6196,10.213392156862742
6197,16.833291139240504
6198,16.833291139240504
6199,14.220190023752972
6200,15.565319946452473
6201,12.539651972157769
6202,13.736605504587159
6203,15.163278787878792
6204,12.555085365853666
6205,12.975114768297964
6206,21.484347826086967
6207,17.988675400291118
6208,10.778468578401467
6209,11.536211340206187
6210,11.698705953827462
6211,13.222034795763996
6212,16.833291139240504
6213,10.256025974025974
6214,10.770308529945556
6215,8.63652841781874
6216,12.555085365853666
6217,9.31025974025974
6218,8.241699999999996
6219,7.952102376599635
6220,11.413716814159294
6221,12.151654624277459
6222,17.770347368421053
6223,11.3001448321264
6224,9.05036458333333
6225,15.565319946452473
6226,11.698705953827462
6227,12.555085365853666
6228,10.213392156862742
6229,8.431576535288723
6230,16.11730496453901
6231,10.256025974025974
6232,9.800037565740045
6233,16.833291139240504
6234,9.800037565740045
6235,14.393431098696457
6236,12.555085365853666
6237,14.082031830238728
6238,11.413716814159294
6239,13.736605504587159
6240,17.93878260869565
6241,15.565319946452473
6242,17.770347368421053
6243,14.88430037313433
6244,20.527879999999993
6245,14.393431098696457
6246,12.975114768297964
6247,17.988675400291118
6248,7.4339747634069395
6249,6.853055555555556
6250,19.379576271186444
6251,15.565319946452473
6252,11.3001448321264
6253,15.163278787878792
6254,9.521029748283752
6255,8.810793787748063
6256,15.565319946452473
6257,9.630916830386383
6258,7.187860465116277
6259,12.539651972157769
6260,17.770347368421053
6261,16.833291139240504
6262,9.630916830386383
6263,10.213392156862742
6264,10.213392156862742
6265,11.852133995037224
6266,13.36653548002385
6267,18.39394366197182
6268,11.536211340206187
6269,11.698705953827462
6270,12.539651972157769
6271,17.13425419240954
6272,7.187860465116277
6273,10.628407643312102
6274,15.565319946452473
6275,7.374538606403011
6276,14.393431098696457
6277,17.508295964125566
6278,8.810793787748063
6279,9.800037565740045
6280,14.393431098696457
6281,11.413716814159294
6282,15.565319946452473
6283,11.588796680497921
6284,7.875555555555556
6285,14.393431098696457
6286,7.875555555555556
6287,8.859631236442516
6288,7.543030674846632
6289,13.736605504587159
6290,14.538467874794069
6291,14.530675024107998
6292,19.40678688524591
6293,9.800037565740045
6294,12.151654624277459
6295,7.873676662320731
6296,7.873676662320731
6297,15.824915865384613
6298,12.975114768297964
6299,17.70805194805195
6300,11.698705953827462
6301,9.630916830386383
6302,11.698705953827462
6303,12.975114768297964
6304,16.833291139240504
6305,13.222034795763996
6306,13.222034795763996
6307,10.050641025641026
6308,13.36653548002385
6309,7.7745785440613
6310,9.31025974025974
6311,10.778468578401467
6312,15.565319946452473
6313,7.543030674846632
6314,8.431576535288723
6315,12.151654624277459
6316,7.543030674846632
6317,7.873676662320731
6318,10.256025974025974
6319,11.852133995037224
6320,11.413716814159294
6321,9.31025974025974
6322,16.575650793650794
6323,9.521029748283752
6324,8.810793787748063
6325,13.36653548002385
6326,10.050641025641026
6327,9.07855633802817
6328,12.539651972157769
6329,9.800037565740045
6330,16.833291139240504
6331,10.778468578401467
6332,13.736605504587159
6333,8.859631236442516
6334,17.770347368421053
6335,7.187860465116277
6336,14.082031830238728
6337,15.824915865384613
6338,12.159300699300704
6339,9.521029748283752
6340,7.368581560283688
6341,14.082031830238728
6342,13.36653548002385
6343,19.075095168374816
6344,7.374538606403011
6345,13.36653548002385
6346,14.082031830238728
6347,19.31568093385214
6348,10.778468578401467
6349,10.213392156862742
6350,9.31025974025974
6351,8.431576535288723
6352,9.521029748283752
6353,11.413716814159294
6354,10.213392156862742
6355,9.490641399416907
6356,10.628407643312102
6357,17.13425419240954
6358,15.163278787878792
6359,6.979326923076924
6360,9.630916830386383
6361,13.222034795763996
6362,15.163278787878792
6363,11.852133995037224
6364,11.3001448321264
6365,17.770347368421053
6366,17.988675400291118
6367,18.8869944598338
6368,11.413716814159294
6369,12.8223738317757
6370,8.241699999999996
6371,8.63652841781874
6372,16.11730496453901
6373,13.736605504587159
6374,14.393431098696457
6375,8.905479452054795
6376,9.630916830386383
6377,6.853055555555556
6378,15.565319946452473
6379,11.63375
6380,9.490641399416907
6381,10.256025974025974
6382,10.778468578401467
6383,11.3001448321264
6384,8.431576535288723
6385,11.852133995037224
6386,14.393431098696457
6387,7.543030674846632
6388,6.816209677419355
6389,7.952102376599635
6390,12.151654624277459
6391,7.873676662320731
6392,16.54669789227166
6393,10.213392156862742
6394,7.187860465116277
6395,11.698705953827462
6396,11.413716814159294
6397,12.539651972157769
6398,17.988675400291118
6399,17.988675400291118
6400,9.800037565740045
6401,14.393431098696457
6402,13.222034795763996
6403,9.630916830386383
6404,8.241699999999996
6405,12.159300699300704
6406,11.852133995037224
6407,9.31025974025974
6408,16.54669789227166
6409,7.672343234323431
6410,15.37224832214765
6411,12.975114768297964
6412,16.575650793650794
6413,7.280905797101451
6414,12.555085365853666
6415,10.778468578401467
6416,15.163278787878792
6417,12.975114768297964
6418,14.393431098696457
6419,6.853055555555556
6420,8.810793787748063
6421,8.810793787748063
6422,8.431576535288723
6423,6.881550802139039
6424,15.163278787878792
6425,9.31025974025974
6426,13.222034795763996
6427,9.882864864864866
6428,8.241699999999996
6429,17.13425419240954
6430,10.778468578401467
6431,14.082031830238728
6432,11.3001448321264
6433,12.159300699300704
6434,18.532043010752684
6435,23.068030303030305
6436,8.810793787748063
6437,11.698705953827462
6438,18.39394366197182
6439,11.588796680497921
6440,9.800037565740045
6441,8.241699999999996
6442,9.882864864864866
6443,11.63375
6444,9.31025974025974
6445,7.374538606403011
6446,7.873676662320731
6447,11.698705953827462
6448,7.374538606403011
6449,15.824915865384613
6450,14.393431098696457
6451,17.13425419240954
6452,12.555085365853666
6453,15.565319946452473
6454,8.428561151079139
6455,10.213392156862742
6456,15.565319946452473
6457,17.412066666666668
6458,15.824915865384613
6459,7.7745785440613
6460,14.082031830238728
6461,13.736605504587159
6462,8.810793787748063
6463,13.36653548002385
6464,16.575650793650794
6465,13.36653548002385
6466,13.222034795763996
6467,16.575650793650794
6468,13.895074276778733
6469,7.875555555555556
6470,7.875555555555556
6471,9.800037565740045
6472,17.988675400291118
6473,13.31698879551821
6474,15.824915865384613
6475,8.431576535288723
6476,16.54669789227166
6477,7.7745785440613
6478,10.778468578401467
6479,11.852133995037224
6480,7.187860465116277
6481,10.628407643312102
6482,9.800037565740045
6483,11.698705953827462
6484,11.413716814159294
6485,13.36653548002385
6486,6.774912280701754
6487,8.810793787748063
6488,9.304397905759162
6489,10.778468578401467
6490,13.36653548002385
6491,12.975114768297964
6492,13.736605504587159
6493,7.028257575757575
6494,6.881550802139039
6495,9.630916830386383
6496,14.082031830238728
6497,12.975114768297964
6498,11.413716814159294
6499,14.88430037313433
6500,15.565319946452473
6501,7.952102376599635
6502,10.42751937984496
6503,8.810793787748063
6504,10.778468578401467
6505,7.364117647058823
6506,7.672343234323431
6507,7.873676662320731
6508,15.565319946452473
6509,7.280905797101451
6510,9.800037565740045
6511,8.241699999999996
6512,7.543030674846632
6513,16.575650793650794
6514,10.770308529945556
6515,14.393431098696457
6516,13.31698879551821
6517,12.975114768297964
6518,13.222034795763996
6519,13.222034795763996
6520,18.8869944598338
6521,12.539651972157769
6522,12.539651972157769
6523,14.538467874794069
6524,11.413716814159294
6525,13.222034795763996
6526,7.00818181818182
6527,8.241699999999996
6528,12.539651972157769
6529,9.05036458333333
6530,11.3001448321264
6531,18.8869944598338
6532,17.173489361702124
6533,11.698705953827462
6534,15.163278787878792
6535,16.833291139240504
6536,7.368581560283688
6537,14.393431098696457
6538,11.413716814159294
6539,11.852133995037224
6540,15.565319946452473
6541,10.778468578401467
6542,6.853055555555556
6543,10.256025974025974
6544,11.698705953827462
6545,11.698705953827462
6546,7.280905797101451
6547,17.70805194805195
6548,11.3001448321264
6549,17.93878260869565
6550,11.413716814159294
6551,11.613464163822528
6552,15.565319946452473
6553,8.241699999999996
6554,7.368581560283688
6555,8.63652841781874
6556,11.852133995037224
6557,7.4339747634069395
6558,15.37224832214765
6559,11.613464163822528
6560,11.413716814159294
6561,11.698705953827462
6562,9.304397905759162
6563,7.543030674846632
6564,11.413716814159294
6565,8.241699999999996
6566,15.565319946452473
6567,8.810793787748063
6568,14.082031830238728
6569,9.521029748283752
6570,11.413716814159294
6571,6.881550802139039
6572,10.256025974025974
6573,10.628407643312102
6574,7.374538606403011
6575,14.393431098696457
6576,7.00818181818182
6577,12.151654624277459
6578,9.800037565740045
6579,13.895074276778733
6580,13.31698879551821
6581,7.873676662320731
6582,16.69123076923077
6583,13.736605504587159
6584,9.05036458333333
6585,6.774912280701754
6586,7.368581560283688
6587,12.539651972157769
6588,12.539651972157769
6589,14.393431098696457
6590,9.800037565740045
6591,19.40678688524591
6592,17.412066666666668
6593,15.163278787878792
6594,7.543030674846632
6595,13.895074276778733
6596,14.393431098696457
6597,7.368581560283688
6598,13.222034795763996
6599,17.13425419240954
6600,15.565319946452473
6601,8.63652841781874
6602,13.895074276778733
6603,16.833291139240504
6604,15.565319946452473
6605,9.304397905759162
6606,10.213392156862742
6607,14.393431098696457
6608,12.975114768297964
6609,10.256025974025974
6610,12.975114768297964
6611,17.508295964125566
6612,14.530675024107998
6613,14.393431098696457
6614,10.213392156862742
6615,14.082031830238728
6616,10.778468578401467
6617,9.31025974025974
6618,14.88430037313433
6619,11.3001448321264
6620,9.800037565740045
6621,12.975114768297964
6622,17.508295964125566
6623,12.555085365853666
6624,16.833291139240504
6625,7.4339747634069395
6626,9.800037565740045
6627,7.952102376599635
6628,6.853055555555556
6629,11.698705953827462
6630,13.31698879551821
6631,7.374538606403011
6632,13.222034795763996
6633,7.4339747634069395
6634,11.3001448321264
6635,13.36653548002385
6636,8.63652841781874
6637,7.875555555555556
6638,10.213392156862742
6639,10.778468578401467
6640,9.882864864864866
6641,17.412066666666668
6642,14.082031830238728
6643,13.36653548002385
6644,12.151654624277459
6645,12.975114768297964
6646,17.988675400291118
6647,12.539651972157769
6648,14.538467874794069
6649,7.187860465116277
6650,8.63652841781874
6651,14.393431098696457
6652,10.256025974025974
6653,9.630916830386383
6654,7.7745785440613
6655,13.36653548002385
6656,20.41680397727272
6657,14.393431098696457
6658,12.555085365853666
6659,11.413716814159294
6660,10.213392156862742
6661,14.393431098696457
6662,16.54669789227166
6663,7.1659770114942525
6664,9.31025974025974
6665,14.082031830238728
6666,10.793328424153167
6667,9.304397905759162
6668,11.852133995037224
6669,15.163278787878792
6670,14.393431098696457
6671,15.565319946452473
6672,10.780036231884058
6673,6.816209677419355
6674,10.050641025641026
6675,7.00818181818182
6676,11.698705953827462
6677,16.833291139240504
6678,12.555085365853666
6679,19.40678688524591
6680,11.3001448321264
6681,8.431576535288723
6682,7.00818181818182
6683,10.628407643312102
6684,15.565319946452473
6685,12.151654624277459
6686,19.379576271186444
6687,16.11730496453901
6688,13.736605504587159
6689,12.975114768297964
6690,15.565319946452473
6691,12.975114768297964
6692,9.31025974025974
6693,14.88430037313433
6694,7.187860465116277
6695,13.36653548002385
6696,6.853055555555556
6697,7.873676662320731
6698,8.241699999999996
6699,7.368581560283688
6700,15.565319946452473
6701,19.075095168374816
6702,8.241699999999996
6703,9.31025974025974
6704,19.31568093385214
6705,11.3001448321264
6706,13.31698879551821
6707,7.368581560283688
6708,14.538467874794069
6709,14.393431098696457
6710,7.543030674846632
6711,11.3001448321264
6712,12.539651972157769
6713,11.852133995037224
6714,8.859631236442516
6715,11.413716814159294
6716,13.222034795763996
6717,12.151654624277459
6718,11.698705953827462
6719,11.536211340206187
6720,12.539651972157769
6721,7.7745785440613
6722,11.698705953827462
6723,12.555085365853666
6724,11.413716814159294
6725,9.630916830386383
6726,9.31025974025974
6727,16.11730496453901
6728,13.736605504587159
6729,12.108703703703702
6730,10.628407643312102
6731,16.54669789227166
6732,14.709374999999998
6733,11.698705953827462
6734,12.127471264367813
6735,15.163278787878792
6736,7.875555555555556
6737,7.7745785440613
6738,15.565319946452473
6739,11.852133995037224
6740,10.213392156862742
6741,9.521029748283752
6742,12.151654624277459
6743,11.852133995037224
6744,9.05036458333333
6745,18.39394366197182
6746,20.527879999999993
6747,17.13425419240954
6748,10.256025974025974
6749,11.413716814159294
6750,14.393431098696457
6751,9.630916830386383
6752,12.975114768297964
6753,15.565319946452473
6754,15.163278787878792
6755,7.7745785440613
6756,11.852133995037224
6757,15.824915865384613
6758,15.824915865384613
6759,9.521029748283752
6760,9.31025974025974
6761,10.050641025641026
6762,12.975114768297964
6763,16.833291139240504
6764,14.082031830238728
6765,13.895074276778733
6766,9.521029748283752
6767,10.766346153846152
6768,15.851196172248807
6769,10.793328424153167
6770,9.882864864864866
6771,11.413716814159294
6772,14.393431098696457
6773,12.159300699300704
6774,9.630916830386383
6775,15.565319946452473
6776,14.530675024107998
6777,7.364117647058823
6778,13.849411764705883
6779,15.565319946452473
6780,18.39394366197182
6781,9.630916830386383
6782,14.530675024107998
6783,6.853055555555556
6784,7.873676662320731
6785,13.222034795763996
6786,10.766346153846152
6787,7.280905797101451
6788,11.852133995037224
6789,6.816209677419355
6790,8.63652841781874
6791,10.213392156862742
6792,9.800037565740045
6793,16.575650793650794
6794,12.539651972157769
6795,17.508295964125566
6796,7.875555555555556
6797,8.810793787748063
6798,12.151654624277459
6799,14.538467874794069
6800,14.393431098696457
6801,12.539651972157769
6802,7.543030674846632
6803,7.543030674846632
6804,7.873676662320731
6805,15.163278787878792
6806,13.31698879551821
6807,10.213392156862742
6808,7.187860465116277
6809,17.770347368421053
6810,7.368581560283688
6811,15.163278787878792
6812,7.987341772151899
6813,12.539651972157769
6814,7.374538606403011
6815,13.31698879551821
6816,7.875555555555556
6817,11.698705953827462
6818,7.187860465116277
6819,14.082031830238728
6820,8.241699999999996
6821,9.304397905759162
6822,7.987341772151899
6823,13.895074276778733
6824,12.159300699300704
6825,10.778468578401467
6826,16.11730496453901
6827,10.256025974025974
6828,7.543030674846632
6829,10.213392156862742
6830,11.413716814159294
6831,14.538467874794069
6832,13.36653548002385
6833,12.8223738317757
6834,10.256025974025974
6835,12.159300699300704
6836,11.413716814159294
6837,15.565319946452473
6838,17.508295964125566
6839,15.824915865384613
6840,8.810793787748063
6841,12.151654624277459
6842,17.770347368421053
6843,11.3001448321264
6844,12.555085365853666
6845,15.565319946452473
6846,13.36653548002385
6847,16.69123076923077
6848,14.393431098696457
6849,12.539651972157769
6850,17.770347368421053
6851,8.810793787748063
6852,14.082031830238728
6853,18.532043010752684
6854,8.810793787748063
6855,7.280905797101451
6856,6.853055555555556
6857,12.555085365853666
6858,11.852133995037224
6859,20.41680397727272
6860,10.770308529945556
6861,9.05036458333333
6862,8.63652841781874
6863,7.873676662320731
6864,10.778468578401467
6865,9.800037565740045
6866,17.988675400291118
6867,17.508295964125566
6868,11.698705953827462
6869,13.736605504587159
6870,10.770308529945556
6871,7.7745785440613
6872,7.7745785440613
6873,11.3001448321264
6874,8.63652841781874
6875,19.31568093385214
6876,10.77209764281174
6877,10.778468578401467
6878,7.187860465116277
6879,14.082031830238728
6880,12.862333333333334
6881,11.852133995037224
6882,14.538467874794069
6883,11.413716814159294
6884,15.565319946452473
6885,8.241699999999996
6886,12.555085365853666
6887,16.575650793650794
6888,12.151654624277459
6889,15.565319946452473
6890,8.431576535288723
6891,9.31025974025974
6892,14.538467874794069
6893,14.082031830238728
6894,17.508295964125566
6895,14.393431098696457
6896,12.975114768297964
6897,8.810793787748063
6898,9.630916830386383
6899,10.213392156862742
6900,8.63652841781874
6901,11.3001448321264
6902,14.393431098696457
6903,16.833291139240504
6904,13.895074276778733
6905,12.555085365853666
6906,12.151654624277459
6907,9.630916830386383
6908,9.800037565740045
6909,13.736605504587159
6910,11.3001448321264
6911,13.895074276778733
6912,11.852133995037224
6913,14.393431098696457
6914,11.3001448321264
6915,12.555085365853666
6916,12.539651972157769
6917,7.531249999999999
6918,10.770308529945556
6919,7.543030674846632
6920,14.393431098696457
6921,8.810793787748063
6922,10.793328424153167
6923,16.833291139240504
6924,11.852133995037224
6925,17.770347368421053
6926,14.530675024107998
6927,9.272481751824817
6928,14.530675024107998
6929,11.698705953827462
6930,11.698705953827462
6931,8.810793787748063
6932,13.31698879551821
6933,12.151654624277459
6934,15.565319946452473
6935,7.543030674846632
6936,13.736605504587159
6937,7.672343234323431
6938,8.431576535288723
6939,7.7745785440613
6940,18.532043010752684
6941,9.05036458333333
6942,17.13425419240954
6943,15.565319946452473
6944,14.393431098696457
6945,9.800037565740045
6946,10.213392156862742
6947,13.895074276778733
6948,17.84280839895013
6949,20.887989417989413
6950,14.082031830238728
6951,12.151654624277459
6952,11.613464163822528
6953,12.539651972157769
6954,13.895074276778733
6955,11.073571428571428
6956,7.873676662320731
6957,12.159300699300704
6958,7.873676662320731
6959,15.565319946452473
6960,8.431576535288723
6961,17.988675400291118
6962,7.028257575757575
6963,12.539651972157769
6964,12.8223738317757
6965,10.213392156862742
6966,11.3001448321264
6967,14.538467874794069
6968,15.163278787878792
6969,8.241699999999996
6970,7.4339747634069395
6971,8.810793787748063
6972,10.778468578401467
6973,11.852133995037224
6974,14.88430037313433
6975,13.222034795763996
6976,16.11730496453901
6977,15.824915865384613
6978,13.222034795763996
6979,12.555085365853666
6980,16.69123076923077
6981,9.630916830386383
6982,11.3001448321264
6983,13.222034795763996
6984,12.159300699300704
6985,8.810793787748063
6986,7.368581560283688
6987,11.536211340206187
6988,7.024163931869186
6989,7.187860465116277
6990,15.565319946452473
6991,9.630916830386383
6992,10.213392156862742
6993,11.413716814159294
6994,14.082031830238728
6995,8.810793787748063
6996,9.304397905759162
6997,10.213392156862742
6998,8.859631236442516
6999,16.575650793650794
7000,8.241699999999996
7001,11.852133995037224
7002,15.163278787878792
7003,15.565319946452473
7004,9.630916830386383
7005,7.875555555555556
7006,10.213392156862742
7007,7.543030674846632
7008,9.05036458333333
7009,9.800037565740045
7010,10.778468578401467
7011,17.13425419240954
7012,14.530675024107998
7013,16.575650793650794
7014,8.810793787748063
7015,17.13425419240954
7016,14.393431098696457
7017,11.613464163822528
7018,14.393431098696457
7019,7.543030674846632
7020,7.046047297297298
7021,14.538467874794069
7022,9.882864864864866
7023,11.698705953827462
7024,11.413716814159294
7025,11.413716814159294
7026,15.565319946452473
7027,7.374538606403011
7028,19.40678688524591
7029,11.413716814159294
7030,12.975114768297964
7031,10.780036231884058
7032,10.770308529945556
7033,11.413716814159294
7034,10.42751937984496
7035,12.975114768297964
7036,11.852133995037224
7037,16.54669789227166
7038,8.859631236442516
7039,14.393431098696457
7040,7.543030674846632
7041,13.31698879551821
7042,15.565319946452473
7043,10.780036231884058
7044,16.833291139240504
7045,12.555085365853666
7046,16.833291139240504
7047,12.539651972157769
7048,7.543030674846632
7049,14.530675024107998
7050,9.521029748283752
7051,7.280905797101451
7052,7.00818181818182
7053,17.508295964125566
7054,11.413716814159294
7055,9.800037565740045
7056,15.565319946452473
7057,6.853055555555556
7058,8.859631236442516
7059,15.851196172248807
7060,15.163278787878792
7061,12.862333333333334
7062,9.31025974025974
7063,9.304397905759162
7064,9.05036458333333
7065,10.42751937984496
7066,8.905479452054795
7067,10.770308529945556
7068,13.222034795763996
7069,10.256025974025974
7070,9.31025974025974
7071,12.975114768297964
7072,18.39394366197182
7073,17.13425419240954
7074,11.3001448321264
7075,9.630916830386383
7076,12.555085365853666
7077,17.508295964125566
7078,14.530675024107998
7079,9.800037565740045
7080,15.565319946452473
7081,15.824915865384613
7082,14.530675024107998
7083,7.187860465116277
7084,7.187860465116277
7085,8.63652841781874
7086,14.082031830238728
7087,17.84280839895013
7088,11.852133995037224
7089,8.859631236442516
7090,7.00818181818182
7091,16.54669789227166
7092,13.36653548002385
7093,11.852133995037224
7094,10.770308529945556
7095,9.630916830386383
7096,8.810793787748063
7097,16.575650793650794
7098,11.413716814159294
7099,10.256025974025974
7100,15.565319946452473
7101,15.163278787878792
7102,11.413716814159294
7103,8.810793787748063
7104,12.555085365853666
7105,8.241699999999996
7106,7.543030674846632
7107,12.8223738317757
7108,11.3001448321264
7109,10.778468578401467
7110,7.875555555555556
7111,10.766346153846152
7112,11.852133995037224
7113,8.431576535288723
7114,8.810793787748063
7115,14.393431098696457
7116,10.793328424153167
7117,12.539651972157769
7118,8.810793787748063
7119,15.565319946452473
7120,7.873676662320731
7121,10.778468578401467
7122,11.852133995037224
7123,9.630916830386383
7124,8.658941176470588
7125,9.521029748283752
7126,8.431576535288723
7127,12.975114768297964
7128,11.852133995037224
7129,15.824915865384613
7130,16.54669789227166
7131,9.31025974025974
7132,14.082031830238728
7133,11.588796680497921
7134,13.36653548002385
7135,15.565319946452473
7136,11.29793357910797
7137,9.630916830386383
7138,9.304397905759162
7139,9.630916830386383
7140,15.565319946452473
7141,12.555085365853666
7142,13.222034795763996
7143,7.374538606403011
7144,10.42751937984496
7145,18.8869944598338
7146,12.539651972157769
7147,15.163278787878792
7148,7.368581560283688
7149,9.630916830386383
7150,15.565319946452473
7151,11.3001448321264
7152,14.082031830238728
7153,7.875555555555556
7154,14.88430037313433
7155,16.69123076923077
7156,16.833291139240504
7157,14.393431098696457
7158,11.413716814159294
7159,13.31698879551821
7160,10.793328424153167
7161,12.975114768297964
7162,15.345915492957745
7163,9.07855633802817
7164,9.800037565740045
7165,10.256025974025974
7166,13.222034795763996
7167,12.539651972157769
7168,14.082031830238728
7169,15.851196172248807
7170,7.028257575757575
7171,16.11730496453901
7172,12.151654624277459
7173,8.63652841781874
7174,8.431576535288723
7175,12.975114768297964
7176,15.565319946452473
7177,7.656209677419353
7178,7.280905797101451
7179,11.698705953827462
7180,7.280905797101451
7181,13.736605504587159
7182,10.793328424153167
7183,12.652355371900828
7184,19.075095168374816
7185,13.895074276778733
7186,7.875555555555556
7187,11.852133995037224
7188,16.833291139240504
7189,16.54669789227166
7190,14.393431098696457
7191,12.975114768297964
7192,14.709374999999998
7193,15.163278787878792
7194,15.565319946452473
7195,17.173489361702124
7196,14.393431098696457
7197,7.00818181818182
7198,12.975114768297964
7199,13.36653548002385
7200,11.3001448321264
7201,7.7745785440613
7202,9.630916830386383
7203,6.881550802139039
7204,9.630916830386383
7205,16.69123076923077
7206,20.527879999999993
7207,13.222034795763996
7208,9.31025974025974
7209,19.40678688524591
7210,11.3001448321264
7211,8.241699999999996
7212,6.881550802139039
7213,8.810793787748063
7214,9.304397905759162
7215,16.575650793650794
7216,6.853055555555556
7217,6.816209677419355
7218,17.988675400291118
7219,17.173489361702124
7220,19.40678688524591
7221,14.082031830238728
7222,10.778468578401467
7223,17.412066666666668
7224,7.531249999999999
7225,9.800037565740045
7226,15.851196172248807
7227,14.530675024107998
7228,16.54669789227166
7229,9.882864864864866
7230,14.530675024107998
7231,14.082031830238728
7232,10.770308529945556
7233,10.628407643312102
7234,17.508295964125566
7235,17.173489361702124
7236,13.895074276778733
7237,10.793328424153167
7238,15.163278787878792
7239,7.280905797101451
7240,13.736605504587159
7241,10.778468578401467
7242,17.988675400291118
7243,10.778468578401467
7244,10.778468578401467
7245,8.859631236442516
7246,9.304397905759162
7247,10.628407643312102
7248,7.7745785440613
7249,11.413716814159294
7250,8.63652841781874
7251,15.565319946452473
7252,6.881550802139039
7253,10.770308529945556
7254,7.952102376599635
7255,13.736605504587159
7256,15.565319946452473
7257,6.816209677419355
7258,12.539651972157769
7259,9.05036458333333
7260,11.413716814159294
7261,14.082031830238728
7262,10.793328424153167
7263,17.13425419240954
7264,7.374538606403011
7265,11.413716814159294
7266,14.082031830238728
7267,6.853055555555556
7268,8.63652841781874
7269,12.151654624277459
7270,9.31025974025974
7271,15.565319946452473
7272,8.241699999999996
7273,18.8869944598338
7274,12.975114768297964
7275,12.539651972157769
7276,13.222034795763996
7277,14.393431098696457
7278,9.630916830386383
7279,10.628407643312102
7280,14.88430037313433
7281,7.280905797101451
7282,15.565319946452473
7283,17.988675400291118
7284,7.7745785440613
7285,20.41680397727272
7286,11.852133995037224
7287,10.213392156862742
7288,14.082031830238728
7289,12.8223738317757
7290,11.852133995037224
7291,12.555085365853666
7292,17.173489361702124
7293,8.431576535288723
7294,16.54669789227166
7295,14.393431098696457
7296,7.368581560283688
7297,8.810793787748063
7298,13.36653548002385
7299,16.833291139240504
7300,15.565319946452473
7301,9.630916830386383
7302,12.159300699300704
7303,13.36653548002385
7304,9.800037565740045
7305,13.895074276778733
7306,12.159300699300704
7307,11.852133995037224
7308,18.717000000000002
7309,12.652355371900828
7310,13.36653548002385
7311,14.530675024107998
7312,11.852133995037224
7313,12.975114768297964
7314,9.882864864864866
7315,17.93878260869565
7316,11.698705953827462
7317,6.853055555555556
7318,17.770347368421053
7319,12.159300699300704
7320,16.833291139240504
7321,9.800037565740045
7322,9.490641399416907
7323,11.852133995037224
7324,10.793328424153167
7325,9.630916830386383
7326,14.220190023752972
7327,8.431576535288723
7328,16.54669789227166
7329,13.36653548002385
7330,14.538467874794069
7331,14.393431098696457
7332,7.7745785440613
7333,17.70805194805195
7334,8.905479452054795
7335,12.555085365853666
7336,9.630916830386383
7337,14.393431098696457
7338,8.810793787748063
7339,7.368581560283688
7340,18.532043010752684
7341,9.800037565740045
7342,11.852133995037224
7343,8.431576535288723
7344,18.8869944598338
7345,10.793328424153167
7346,10.213392156862742
7347,7.00818181818182
7348,16.575650793650794
7349,10.766346153846152
7350,14.082031830238728
7351,16.833291139240504
7352,14.082031830238728
7353,16.575650793650794
7354,16.833291139240504
7355,11.413716814159294
7356,12.151654624277459
7357,11.536211340206187
7358,14.082031830238728
7359,12.159300699300704
7360,13.895074276778733
7361,14.530675024107998
7362,16.575650793650794
7363,8.63652841781874
7364,15.163278787878792
7365,16.11730496453901
7366,8.431576535288723
7367,12.975114768297964
7368,11.413716814159294
7369,8.810793787748063
7370,12.8223738317757
7371,12.159300699300704
7372,7.4339747634069395
7373,7.00818181818182
7374,9.800037565740045
7375,15.565319946452473
7376,10.256025974025974
7377,13.31698879551821
7378,10.770308529945556
7379,14.393431098696457
7380,19.075095168374816
7381,9.630916830386383
7382,7.00818181818182
7383,12.159300699300704
7384,16.575650793650794
7385,8.241699999999996
7386,14.393431098696457
7387,8.428561151079139
7388,7.364117647058823
7389,17.412066666666668
7390,13.31698879551821
7391,15.163278787878792
7392,10.770308529945556
7393,10.050641025641026
7394,8.63652841781874
7395,7.875555555555556
7396,9.31025974025974
7397,11.852133995037224
7398,8.859631236442516
7399,11.698705953827462
7400,8.241699999999996
7401,15.565319946452473
7402,9.304397905759162
7403,8.241699999999996
7404,7.873676662320731
7405,10.778468578401467
7406,9.800037565740045
7407,9.800037565740045
7408,16.69123076923077
7409,17.412066666666668
7410,12.539651972157769
7411,8.241699999999996
7412,16.54669789227166
7413,12.8223738317757
7414,9.31025974025974
7415,9.630916830386383
7416,10.770308529945556
7417,7.046047297297298
7418,15.565319946452473
7419,7.656209677419353
7420,10.793328424153167
7421,14.393431098696457
7422,7.374538606403011
7423,17.770347368421053
7424,18.532043010752684
7425,10.213392156862742
7426,17.70805194805195
7427,15.565319946452473
7428,14.393431098696457
7429,13.849411764705883
7430,18.39394366197182
7431,12.555085365853666
7432,14.393431098696457
7433,8.431576535288723
7434,7.368581560283688
7435,11.852133995037224
7436,13.36653548002385
7437,16.833291139240504
7438,7.952102376599635
7439,7.875555555555556
7440,14.082031830238728
7441,15.565319946452473
7442,11.852133995037224
7443,14.393431098696457
7444,11.852133995037224
7445,9.05036458333333
7446,15.565319946452473
7447,6.816209677419355
7448,15.565319946452473
7449,9.31025974025974
7450,12.975114768297964
7451,8.241699999999996
7452,9.31025974025974
7453,13.222034795763996
7454,10.42751937984496
7455,17.13425419240954
7456,10.793328424153167
7457,11.536211340206187
7458,7.873676662320731
7459,15.37224832214765
7460,7.046047297297298
7461,19.31568093385214
7462,14.393431098696457
7463,17.13425419240954
7464,12.539651972157769
7465,13.736605504587159
7466,17.508295964125566
7467,15.565319946452473
7468,12.975114768297964
7469,7.672343234323431
7470,15.565319946452473
7471,11.3001448321264
7472,10.780036231884058
7473,17.508295964125566
7474,12.159300699300704
7475,11.852133995037224
7476,15.565319946452473
7477,12.151654624277459
7478,11.3001448321264
7479,15.565319946452473
7480,15.565319946452473
7481,7.873676662320731
7482,8.431576535288723
7483,11.613464163822528
7484,19.72933628318584
7485,7.1659770114942525
7486,14.393431098696457
7487,13.895074276778733
7488,9.521029748283752
7489,9.800037565740045
7490,7.543030674846632
7491,12.555085365853666
7492,9.630916830386383
7493,12.159300699300704
7494,10.628407643312102
7495,9.882864864864866
7496,19.31568093385214
7497,9.05036458333333
7498,16.575650793650794
7499,13.736605504587159
7500,10.42751937984496
7501,8.431576535288723
7502,14.530675024107998
7503,13.31698879551821
7504,11.852133995037224
7505,13.895074276778733
7506,18.39394366197182
7507,7.543030674846632
7508,16.54669789227166
7509,8.241699999999996
7510,14.220190023752972
7511,17.13425419240954
7512,13.31698879551821
7513,17.770347368421053
7514,13.222034795763996
7515,8.431576535288723
7516,12.539651972157769
7517,14.393431098696457
7518,12.151654624277459
7519,8.810793787748063
7520,7.7745785440613
7521,12.652355371900828
7522,12.8223738317757
7523,16.833291139240504
7524,11.413716814159294
7525,7.364117647058823
7526,14.393431098696457
7527,11.073571428571428
7528,7.543030674846632
7529,10.213392156862742
7530,7.374538606403011
7531,12.555085365853666
7532,20.41680397727272
7533,10.213392156862742
7534,8.810793787748063
7535,8.905479452054795
7536,8.431576535288723
7537,9.490641399416907
7538,14.393431098696457
7539,9.630916830386383
7540,9.521029748283752
7541,15.824915865384613
7542,13.222034795763996
7543,10.770308529945556
7544,14.082031830238728
7545,17.412066666666668
7546,11.63375
7547,6.853055555555556
7548,14.393431098696457
7549,17.13425419240954
7550,14.88430037313433
7551,14.082031830238728
7552,11.413716814159294
7553,15.565319946452473
7554,12.8223738317757
7555,7.00818181818182
7556,18.39394366197182
7557,14.082031830238728
7558,7.028257575757575
7559,12.151654624277459
7560,16.54669789227166
7561,7.4339747634069395
7562,8.431576535288723
7563,13.36653548002385
7564,7.875555555555556
7565,10.256025974025974
7566,9.31025974025974
7567,11.434800000000001
7568,12.8223738317757
7569,11.3001448321264
7570,9.630916830386383
7571,9.521029748283752
7572,14.88430037313433
7573,7.1659770114942525
7574,15.565319946452473
7575,12.151654624277459
7576,11.413716814159294
7577,7.7745785440613
7578,9.31025974025974
7579,9.31025974025974
7580,12.539651972157769
7581,7.543030674846632
7582,10.213392156862742
7583,14.88430037313433
7584,13.736605504587159
7585,13.736605504587159
7586,12.159300699300704
7587,7.4339747634069395
7588,10.213392156862742
7589,11.413716814159294
7590,16.575650793650794
7591,14.88430037313433
7592,7.952102376599635
7593,13.895074276778733
7594,11.3001448321264
7595,10.766346153846152
7596,12.652355371900828
7597,10.793328424153167
7598,13.36653548002385
7599,9.800037565740045
7600,7.364117647058823
7601,16.54669789227166
7602,17.988675400291118
7603,15.565319946452473
7604,10.778468578401467
7605,9.304397905759162
7606,15.565319946452473
7607,9.800037565740045
7608,8.241699999999996
7609,12.539651972157769
7610,8.241699999999996
7611,13.36653548002385
7612,15.824915865384613
7613,11.413716814159294
7614,11.698705953827462
7615,9.630916830386383
7616,13.36653548002385
7617,12.555085365853666
7618,7.672343234323431
7619,16.54669789227166
7620,15.565319946452473
7621,12.975114768297964
7622,13.31698879551821
7623,7.374538606403011
7624,7.873676662320731
7625,14.220190023752972
7626,16.11730496453901
7627,13.895074276778733
7628,17.84280839895013
7629,9.800037565740045
7630,8.859631236442516
7631,15.565319946452473
7632,10.770308529945556
7633,12.975114768297964
7634,7.873676662320731
7635,17.508295964125566
7636,7.672343234323431
7637,19.40678688524591
7638,15.565319946452473
7639,17.70805194805195
7640,18.532043010752684
7641,10.770308529945556
7642,7.046047297297298
7643,13.36653548002385
7644,9.07855633802817
7645,6.816209677419355
7646,17.508295964125566
7647,15.565319946452473
7648,20.41680397727272
7649,12.539651972157769
7650,15.163278787878792
7651,7.1659770114942525
7652,12.159300699300704
7653,7.875555555555556
7654,10.778468578401467
7655,14.082031830238728
7656,11.3001448321264
7657,20.41680397727272
7658,10.766346153846152
7659,9.630916830386383
7660,16.54669789227166
7661,8.63652841781874
7662,11.698705953827462
7663,7.046047297297298
7664,7.374538606403011
7665,15.163278787878792
7666,16.833291139240504
7667,8.431576535288723
7668,16.833291139240504
7669,7.374538606403011
7670,15.824915865384613
7671,8.63652841781874
7672,7.4339747634069395
7673,11.63375
7674,18.39394366197182
7675,7.364117647058823
7676,17.173489361702124
7677,7.875555555555556
7678,12.975114768297964
7679,17.13425419240954
7680,8.241699999999996
7681,12.975114768297964
7682,15.565319946452473
7683,12.975114768297964
7684,13.736605504587159
7685,11.413716814159294
7686,9.630916830386383
7687,11.698705953827462
7688,13.222034795763996
7689,11.698705953827462
7690,9.31025974025974
7691,8.431576535288723
7692,8.241699999999996
7693,8.859631236442516
7694,7.187860465116277
7695,14.88430037313433
7696,13.222034795763996
7697,12.151654624277459
7698,9.630916830386383
7699,8.431576535288723
7700,7.543030674846632
7701,11.698705953827462
7702,12.975114768297964
7703,16.54669789227166
7704,8.241699999999996
7705,10.213392156862742
7706,11.698705953827462
7707,18.8869944598338
7708,10.778468578401467
7709,13.222034795763996
7710,9.521029748283752
7711,19.40678688524591
7712,7.531249999999999
7713,12.555085365853666
7714,7.00818181818182
7715,6.816209677419355
7716,12.159300699300704
7717,20.41680397727272
7718,7.522499999999999
7719,10.213392156862742
7720,14.393431098696457
7721,14.082031830238728
7722,12.8223738317757
7723,7.368581560283688
7724,13.895074276778733
7725,16.11730496453901
7726,9.07855633802817
7727,7.028257575757575
7728,7.374538606403011
7729,18.39394366197182
7730,15.824915865384613
7731,9.800037565740045
7732,6.853055555555556
7733,13.222034795763996
7734,12.652355371900828
7735,7.368581560283688
7736,9.521029748283752
7737,6.853055555555556
7738,17.988675400291118
7739,7.873676662320731
7740,16.575650793650794
7741,16.11730496453901
7742,7.543030674846632
7743,12.555085365853666
7744,9.800037565740045
7745,11.3001448321264
7746,7.873676662320731
7747,11.413716814159294
7748,14.530675024107998
7749,8.810793787748063
7750,9.05036458333333
7751,17.13425419240954
7752,7.875555555555556
7753,12.151654624277459
7754,12.862333333333334
7755,8.810793787748063
7756,7.00818181818182
7757,7.368581560283688
7758,16.69123076923077
7759,8.241699999999996
7760,17.770347368421053
7761,7.374538606403011
7762,8.859631236442516
7763,9.272481751824817
7764,14.082031830238728
7765,13.36653548002385
7766,10.778468578401467
7767,10.780036231884058
7768,8.431576535288723
7769,7.00818181818182
7770,16.575650793650794
7771,9.630916830386383
7772,7.00818181818182
7773,9.521029748283752
7774,9.521029748283752
7775,11.413716814159294
7776,13.36653548002385
7777,16.575650793650794
7778,13.36653548002385
7779,11.852133995037224
7780,16.833291139240504
7781,8.810793787748063
7782,10.628407643312102
7783,15.851196172248807
7784,7.543030674846632
7785,12.108703703703702
7786,12.539651972157769
7787,9.07855633802817
7788,7.873676662320731
7789,10.793328424153167
7790,7.028257575757575
7791,11.3001448321264
7792,11.3001448321264
7793,8.810793787748063
7794,13.222034795763996
7795,7.280905797101451
7796,16.833291139240504
7797,7.952102376599635
7798,17.508295964125566
7799,9.630916830386383
7800,11.698705953827462
7801,17.13425419240954
7802,15.824915865384613
7803,15.851196172248807
7804,14.538467874794069
7805,12.539651972157769
7806,11.3001448321264
7807,15.565319946452473
7808,7.368581560283688
7809,7.952102376599635
7810,10.770308529945556
7811,12.159300699300704
7812,17.508295964125566
7813,6.979326923076924
7814,14.220190023752972
7815,11.698705953827462
7816,7.952102376599635
7817,14.393431098696457
7818,11.3001448321264
7819,17.508295964125566
7820,11.852133995037224
7821,14.709374999999998
7822,10.780036231884058
7823,10.770308529945556
7824,13.736605504587159
7825,10.778468578401467
7826,14.530675024107998
7827,13.36653548002385
7828,23.068030303030305
7829,13.36653548002385
7830,9.05036458333333
7831,20.41680397727272
7832,14.082031830238728
7833,7.875555555555556
7834,8.905479452054795
7835,13.36653548002385
7836,10.770308529945556
7837,8.63652841781874
7838,15.824915865384613
7839,17.508295964125566
7840,11.536211340206187
7841,7.672343234323431
7842,9.05036458333333
7843,12.555085365853666
7844,17.93878260869565
7845,8.859631236442516
7846,11.413716814159294
7847,8.810793787748063
7848,16.833291139240504
7849,12.151654624277459
7850,7.4339747634069395
7851,13.895074276778733
7852,10.793328424153167
7853,8.905479452054795
7854,15.565319946452473
7855,7.046047297297298
7856,7.672343234323431
7857,6.816209677419355
7858,11.536211340206187
7859,9.630916830386383
7860,12.8223738317757
7861,12.555085365853666
7862,7.374538606403011
7863,11.413716814159294
7864,9.304397905759162
7865,7.873676662320731
7866,12.539651972157769
7867,13.222034795763996
7868,9.630916830386383
7869,10.778468578401467
7870,11.3001448321264
7871,8.431576535288723
7872,8.63652841781874
7873,18.8869944598338
7874,6.816209677419355
7875,14.88430037313433
7876,11.698705953827462
7877,10.793328424153167
7878,8.658941176470588
7879,12.555085365853666
7880,7.028257575757575
7881,15.565319946452473
7882,16.69123076923077
7883,13.31698879551821
7884,12.8223738317757
7885,13.36653548002385
7886,8.63652841781874
7887,12.975114768297964
7888,8.810793787748063
7889,12.555085365853666
7890,12.8223738317757
7891,14.393431098696457
7892,7.873676662320731
7893,7.873676662320731
7894,7.368581560283688
7895,10.766346153846152
7896,13.222034795763996
7897,8.810793787748063
7898,13.222034795763996
7899,12.555085365853666
7900,15.163278787878792
7901,7.7745785440613
7902,7.952102376599635
7903,18.8869944598338
7904,12.8223738317757
7905,11.3001448321264
7906,14.082031830238728
7907,12.151654624277459
7908,12.975114768297964
7909,6.774912280701754
7910,10.256025974025974
7911,7.364117647058823
7912,8.241699999999996
7913,13.31698879551821
7914,9.31025974025974
7915,8.810793787748063
7916,10.778468578401467
7917,7.873676662320731
7918,7.4339747634069395
7919,6.853055555555556
7920,9.31025974025974
7921,14.082031830238728
7922,17.988675400291118
7923,15.565319946452473
7924,11.698705953827462
7925,13.31698879551821
7926,14.393431098696457
7927,9.490641399416907
7928,7.374538606403011
7929,8.810793787748063
7930,8.241699999999996
7931,10.778468578401467
7932,12.975114768297964
7933,19.40678688524591
7934,11.413716814159294
7935,17.412066666666668
7936,10.778468578401467
7937,8.241699999999996
7938,14.082031830238728
7939,14.082031830238728
7940,7.543030674846632
7941,6.853055555555556
7942,14.538467874794069
7943,7.543030674846632
7944,15.824915865384613
7945,11.852133995037224
7946,15.163278787878792
7947,16.575650793650794
7948,7.046047297297298
7949,15.163278787878792
7950,9.304397905759162
7951,12.539651972157769
7952,12.539651972157769
7953,17.988675400291118
7954,14.393431098696457
7955,14.082031830238728
7956,15.565319946452473
7957,13.36653548002385
7958,9.05036458333333
7959,12.539651972157769
7960,11.852133995037224
7961,12.108703703703702
7962,17.508295964125566
7963,7.987341772151899
7964,14.393431098696457
7965,6.881550802139039
7966,10.256025974025974
7967,15.565319946452473
7968,10.793328424153167
7969,7.368581560283688
7970,18.532043010752684
7971,7.7745785440613
7972,11.852133995037224
7973,10.628407643312102
7974,13.736605504587159
7975,7.672343234323431
7976,7.1659770114942525
7977,9.521029748283752
7978,13.895074276778733
7979,7.873676662320731
7980,7.873676662320731
7981,11.698705953827462
7982,14.082031830238728
7983,9.490641399416907
7984,12.159300699300704
7985,11.413716814159294
7986,6.774912280701754
7987,17.93878260869565
7988,11.3001448321264
7989,12.555085365853666
7990,13.895074276778733
7991,7.368581560283688
7992,11.852133995037224
7993,17.13425419240954
7994,8.431576535288723
7995,12.539651972157769
7996,12.652355371900828
7997,14.393431098696457
7998,12.975114768297964
7999,7.374538606403011
8000,7.7745785440613
8001,7.873676662320731
8002,7.187860465116277
8003,14.88430037313433
8004,15.824915865384613
8005,7.1659770114942525
8006,7.187860465116277
8007,14.393431098696457
8008,12.652355371900828
8009,12.151654624277459
8010,7.368581560283688
8011,13.222034795763996
8012,8.241699999999996
8013,8.63652841781874
8014,15.565319946452473
8015,8.810793787748063
8016,11.613464163822528
8017,8.431576535288723
8018,9.800037565740045
8019,10.770308529945556
8020,11.413716814159294
8021,15.163278787878792
8022,11.852133995037224
8023,9.800037565740045
8024,12.555085365853666
8025,7.7745785440613
8026,7.046047297297298
8027,13.736605504587159
8028,13.222034795763996
8029,11.63375
8030,14.393431098696457
8031,16.575650793650794
8032,19.075095168374816
8033,14.538467874794069
8034,15.565319946452473
8035,9.630916830386383
8036,11.3001448321264
8037,7.374538606403011
8038,9.630916830386383
8039,7.374538606403011
8040,8.241699999999996
8041,14.082031830238728
8042,14.538467874794069
8043,10.793328424153167
8044,9.630916830386383
8045,11.3001448321264
8046,10.778468578401467
8047,15.565319946452473
8048,7.7745785440613
8049,16.575650793650794
8050,13.222034795763996
8051,12.539651972157769
8052,15.565319946452473
8053,9.630916830386383
8054,8.431576535288723
8055,10.256025974025974
8056,10.778468578401467
8057,17.84280839895013
8058,8.810793787748063
8059,17.770347368421053
8060,10.778468578401467
8061,10.256025974025974
8062,8.859631236442516
8063,6.881550802139039
8064,8.63652841781874
8065,13.36653548002385
8066,7.952102376599635
8067,17.84280839895013
8068,11.698705953827462
8069,9.31025974025974
8070,14.709374999999998
8071,14.393431098696457
8072,9.521029748283752
8073,8.255526315789472
8074,11.852133995037224
8075,15.565319946452473
8076,9.630916830386383
8077,16.11730496453901
8078,12.539651972157769
8079,12.159300699300704
8080,8.658941176470588
8081,16.11730496453901
8082,19.379576271186444
8083,8.241699999999996
8084,7.952102376599635
8085,13.36653548002385
8086,7.543030674846632
8087,14.530675024107998
8088,7.873676662320731
8089,18.39394366197182
8090,9.521029748283752
8091,14.530675024107998
8092,12.539651972157769
8093,13.36653548002385
8094,8.859631236442516
8095,14.082031830238728
8096,12.975114768297964
8097,10.770308529945556
8098,17.508295964125566
8099,11.413716814159294
8100,19.40678688524591
8101,7.368581560283688
8102,19.075095168374816
8103,7.187860465116277
8104,12.539651972157769
8105,11.3001448321264
8106,15.163278787878792
8107,14.082031830238728
8108,13.736605504587159
8109,7.543030674846632
8110,17.508295964125566
8111,12.555085365853666
8112,9.05036458333333
8113,8.431576535288723
8114,14.220190023752972
8115,10.628407643312102
8116,8.859631236442516
8117,9.800037565740045
8118,13.736605504587159
8119,10.213392156862742
8120,7.374538606403011
8121,9.800037565740045
8122,13.222034795763996
8123,16.833291139240504
8124,7.374538606403011
8125,13.36653548002385
8126,15.565319946452473
8127,11.698705953827462
8128,16.69123076923077
8129,7.873676662320731
8130,12.151654624277459
8131,14.393431098696457
8132,12.975114768297964
8133,8.431576535288723
8134,14.530675024107998
8135,12.539651972157769
8136,7.543030674846632
8137,12.555085365853666
8138,14.393431098696457
8139,13.736605504587159
8140,10.780036231884058
8141,14.530675024107998
8142,11.698705953827462
8143,14.082031830238728
8144,17.508295964125566
8145,12.539651972157769
8146,11.3001448321264
8147,7.028257575757575
8148,7.4339747634069395
8149,8.431576535288723
8150,7.952102376599635
8151,14.082031830238728
8152,12.555085365853666
8153,12.539651972157769
8154,11.536211340206187
8155,12.539651972157769
8156,7.368581560283688
8157,10.770308529945556
8158,14.393431098696457
8159,12.8223738317757
8160,10.778468578401467
8161,14.88430037313433
8162,11.613464163822528
8163,12.555085365853666
8164,10.050641025641026
8165,12.555085365853666
8166,14.393431098696457
8167,15.824915865384613
8168,16.833291139240504
8169,7.952102376599635
8170,15.163278787878792
8171,8.63652841781874
8172,16.54669789227166
8173,14.88430037313433
8174,7.952102376599635
8175,10.778468578401467
8176,7.364117647058823
8177,12.151654624277459
8178,12.159300699300704
8179,11.852133995037224
8180,11.3001448321264
8181,8.431576535288723
8182,12.555085365853666
8183,8.859631236442516
8184,15.565319946452473
8185,16.833291139240504
8186,8.431576535288723
8187,15.163278787878792
8188,14.88430037313433
8189,15.163278787878792
8190,15.824915865384613
8191,10.050641025641026
8192,9.304397905759162
8193,12.8223738317757
8194,8.810793787748063
8195,12.539651972157769
8196,10.778468578401467
8197,17.508295964125566
8198,15.565319946452473
8199,7.1659770114942525
8200,17.770347368421053
8201,11.413716814159294
8202,7.873676662320731
8203,12.151654624277459
8204,14.393431098696457
8205,12.159300699300704
8206,14.393431098696457
8207,12.975114768297964
8208,8.431576535288723
8209,16.54669789227166
8210,13.895074276778733
8211,9.882864864864866
8212,14.530675024107998
8213,7.374538606403011
8214,7.4339747634069395
8215,9.31025974025974
8216,14.530675024107998
8217,15.565319946452473
8218,22.34918367346939
8219,8.810793787748063
8220,16.54669789227166
8221,10.256025974025974
8222,16.69123076923077
8223,7.873676662320731
8224,11.698705953827462
8225,17.770347368421053
8226,8.810793787748063
8227,7.875555555555556
8228,9.31025974025974
8229,8.810793787748063
8230,14.082031830238728
8231,14.082031830238728
8232,18.8869944598338
8233,10.050641025641026
8234,11.613464163822528
8235,8.810793787748063
8236,10.778468578401467
8237,11.63375
8238,9.304397905759162
8239,13.895074276778733
8240,7.873676662320731
8241,10.778468578401467
8242,15.163278787878792
8243,9.05036458333333
8244,7.4339747634069395
8245,12.151654624277459
8246,13.736605504587159
8247,16.69123076923077
8248,12.555085365853666
8249,11.413716814159294
8250,8.241699999999996
8251,12.555085365853666
8252,11.3001448321264
8253,8.241699999999996
8254,10.778468578401467
8255,18.532043010752684
8256,12.539651972157769
8257,6.881550802139039
8258,10.213392156862742
8259,10.42751937984496
8260,10.766346153846152
8261,16.54669789227166
8262,14.530675024107998
8263,10.780036231884058
8264,11.852133995037224
8265,7.00818181818182
8266,15.565319946452473
8267,15.565319946452473
8268,12.539651972157769
8269,16.575650793650794
8270,9.31025974025974
8271,12.555085365853666
8272,13.895074276778733
8273,10.050641025641026
8274,8.241699999999996
8275,8.810793787748063
8276,12.975114768297964
8277,12.555085365853666
8278,11.413716814159294
8279,17.508295964125566
8280,9.31025974025974
8281,9.800037565740045
8282,11.3001448321264
8283,15.565319946452473
8284,13.895074276778733
8285,8.810793787748063
8286,8.859631236442516
8287,9.800037565740045
8288,14.393431098696457
8289,16.69123076923077
8290,8.859631236442516
8291,17.508295964125566
8292,13.222034795763996
8293,15.163278787878792
8294,13.222034795763996
8295,10.793328424153167
8296,7.873676662320731
8297,7.187860465116277
8298,17.13425419240954
8299,19.40678688524591
8300,11.3001448321264
8301,12.8223738317757
8302,14.220190023752972
8303,13.36653548002385
8304,13.36653548002385
8305,15.565319946452473
8306,15.163278787878792
8307,14.88430037313433
8308,17.173489361702124
8309,10.050641025641026
8310,11.613464163822528
8311,12.127471264367813
8312,7.873676662320731
8313,11.3001448321264
8314,10.213392156862742
8315,16.11730496453901
8316,14.082031830238728
8317,18.8869944598338
8318,13.31698879551821
8319,18.8869944598338
8320,7.028257575757575
8321,13.36653548002385
8322,7.046047297297298
8323,10.766346153846152
8324,9.630916830386383
8325,14.082031830238728
8326,9.304397905759162
8327,11.413716814159294
8328,10.770308529945556
8329,9.630916830386383
8330,8.810793787748063
8331,11.413716814159294
8332,15.565319946452473
8333,11.852133995037224
8334,15.565319946452473
8335,10.778468578401467
8336,7.1659770114942525
8337,16.54669789227166
8338,7.873676662320731
8339,7.873676662320731
8340,10.780036231884058
8341,7.7745785440613
8342,8.810793787748063
8343,9.630916830386383
8344,7.543030674846632
8345,12.8223738317757
8346,11.073571428571428
8347,10.256025974025974
8348,12.151654624277459
8349,6.774912280701754
8350,12.539651972157769
8351,10.766346153846152
8352,16.833291139240504
8353,8.810793787748063
8354,14.082031830238728
8355,14.393431098696457
8356,8.431576535288723
8357,9.800037565740045
8358,9.05036458333333
8359,7.368581560283688
8360,16.54669789227166
8361,13.36653548002385
8362,11.3001448321264
8363,7.873676662320731
8364,17.84280839895013
8365,12.159300699300704
8366,13.736605504587159
8367,7.672343234323431
8368,9.800037565740045
8369,14.538467874794069
8370,14.393431098696457
8371,9.490641399416907
8372,14.393431098696457
8373,7.364117647058823
8374,11.613464163822528
8375,19.40678688524591
8376,6.881550802139039
8377,19.40678688524591
8378,6.816209677419355
8379,7.875555555555556
8380,15.565319946452473
8381,13.222034795763996
8382,10.793328424153167
8383,9.490641399416907
8384,18.532043010752684
8385,8.63652841781874
8386,20.41680397727272
8387,9.521029748283752
8388,10.770308529945556
8389,11.413716814159294
8390,9.630916830386383
8391,8.431576535288723
8392,7.187860465116277
8393,12.539651972157769
8394,7.873676662320731
8395,8.63652841781874
8396,14.538467874794069
8397,7.543030674846632
8398,11.852133995037224
8399,10.793328424153167
8400,12.555085365853666
8401,7.672343234323431
8402,17.412066666666668
8403,23.068030303030305
8404,7.873676662320731
8405,11.852133995037224
8406,11.852133995037224
8407,11.413716814159294
8408,11.413716814159294
8409,13.736605504587159
8410,9.521029748283752
8411,10.778468578401467
8412,10.778468578401467
8413,19.075095168374816
8414,9.304397905759162
8415,12.539651972157769
8416,12.8223738317757
8417,7.00818181818182
8418,7.364117647058823
8419,16.575650793650794
8420,13.36653548002385
8421,19.40678688524591
8422,12.975114768297964
8423,9.490641399416907
8424,15.565319946452473
8425,17.173489361702124
8426,15.565319946452473
8427,11.852133995037224
8428,8.431576535288723
8429,12.539651972157769
8430,15.824915865384613
8431,9.31025974025974
8432,15.824915865384613
8433,11.852133995037224
8434,17.770347368421053
8435,20.887989417989413
8436,13.222034795763996
8437,12.555085365853666
8438,12.975114768297964
8439,14.393431098696457
8440,16.54669789227166
8441,12.159300699300704
8442,16.833291139240504
8443,11.698705953827462
8444,16.54669789227166
8445,10.213392156862742
8446,9.630916830386383
8447,12.151654624277459
8448,7.543030674846632
8449,15.565319946452473
8450,6.881550802139039
8451,17.508295964125566
8452,8.810793787748063
8453,12.151654624277459
8454,14.530675024107998
8455,7.543030674846632
8456,19.379576271186444
8457,12.975114768297964
8458,11.852133995037224
8459,19.40678688524591
8460,15.851196172248807
8461,16.11730496453901
8462,15.163278787878792
8463,19.075095168374816
8464,11.413716814159294
8465,12.8223738317757
8466,9.304397905759162
8467,14.393431098696457
8468,16.833291139240504
8469,15.565319946452473
8470,13.895074276778733
8471,13.222034795763996
8472,14.88430037313433
8473,12.539651972157769
8474,7.543030674846632
8475,15.565319946452473
8476,8.431576535288723
8477,11.852133995037224
8478,10.793328424153167
8479,6.816209677419355
8480,17.13425419240954
8481,10.793328424153167
8482,7.873676662320731
8483,12.975114768297964
8484,10.778468578401467
8485,12.555085365853666
8486,14.393431098696457
8487,10.256025974025974
8488,16.575650793650794
8489,10.213392156862742
8490,9.31025974025974
8491,16.54669789227166
8492,11.698705953827462
8493,15.163278787878792
8494,11.698705953827462
8495,12.552289442530554
8496,16.54669789227166
8497,16.833291139240504
8498,12.539651972157769
8499,13.36653548002385
8500,11.63375
8501,8.241699999999996
8502,13.895074276778733
8503,12.8223738317757
8504,16.833291139240504
8505,14.082031830238728
8506,13.222034795763996
8507,6.979326923076924
8508,14.393431098696457
8509,16.575650793650794
8510,9.630916830386383
8511,12.975114768297964
8512,14.393431098696457
8513,17.988675400291118
8514,12.555085365853666
8515,11.413716814159294
8516,12.159300699300704
8517,15.163278787878792
8518,17.412066666666668
8519,19.075095168374816
8520,7.1659770114942525
8521,15.565319946452473
8522,11.613464163822528
8523,11.852133995037224
8524,13.31698879551821
8525,14.538467874794069
8526,11.3001448321264
8527,9.800037565740045
8528,18.39394366197182
8529,16.54669789227166
8530,9.05036458333333
8531,16.54669789227166
8532,7.707407407407407
8533,23.068030303030305
8534,12.555085365853666
8535,11.413716814159294
8536,13.222034795763996
8537,10.778468578401467
8538,7.374538606403011
8539,15.565319946452473
8540,7.543030674846632
8541,17.70805194805195
8542,8.63652841781874
8543,11.3001448321264
8544,16.833291139240504
8545,19.075095168374816
8546,15.163278787878792
8547,9.521029748283752
8548,11.613464163822528
8549,10.213392156862742
8550,10.256025974025974
8551,12.539651972157769
8552,11.852133995037224
8553,10.213392156862742
8554,12.8223738317757
8555,9.521029748283752
8556,10.050641025641026
8557,19.075095168374816
8558,9.630916830386383
8559,7.531249999999999
8560,13.31698879551821
8561,12.159300699300704
8562,11.63375
8563,9.521029748283752
8564,15.163278787878792
8565,13.36653548002385
8566,9.31025974025974
8567,7.952102376599635
8568,13.895074276778733
8569,7.7745785440613
8570,11.536211340206187
8571,13.36653548002385
8572,10.42751937984496
8573,10.793328424153167
8574,20.41680397727272
8575,9.31025974025974
8576,7.046047297297298
8577,15.565319946452473
8578,10.256025974025974
8579,9.630916830386383
8580,13.736605504587159
8581,11.698705953827462
8582,7.875555555555556
8583,19.40678688524591
8584,14.393431098696457
8585,13.895074276778733
8586,15.163278787878792
8587,14.393431098696457
8588,9.490641399416907
8589,9.521029748283752
8590,15.565319946452473
8591,11.852133995037224
8592,10.213392156862742
8593,16.833291139240504
8594,14.538467874794069
8595,19.72933628318584
8596,11.588796680497921
8597,11.852133995037224
8598,10.628407643312102
8599,11.3001448321264
8600,7.374538606403011
8601,7.368581560283688
8602,12.151654624277459
8603,11.413716814159294
8604,9.304397905759162
8605,9.800037565740045
8606,6.881550802139039
8607,16.54669789227166
8608,11.3001448321264
8609,8.241699999999996
8610,15.824915865384613
8611,12.151654624277459
8612,11.413716814159294
8613,7.00818181818182
8614,11.852133995037224
8615,13.849411764705883
8616,17.173489361702124
8617,14.530675024107998
8618,7.952102376599635
8619,17.13425419240954
8620,7.364117647058823
8621,13.222034795763996
8622,18.8869944598338
8623,12.539651972157769
8624,13.36653548002385
8625,11.852133995037224
8626,10.050641025641026
8627,19.40678688524591
8628,16.833291139240504
8629,13.895074276778733
8630,14.88430037313433
8631,12.539651972157769
8632,17.770347368421053
8633,7.7745785440613
8634,15.824915865384613
8635,12.555085365853666
8636,9.630916830386383
8637,12.8223738317757
8638,13.36653548002385
8639,13.895074276778733
8640,9.800037565740045
8641,16.54669789227166
8642,9.882864864864866
8643,9.521029748283752
8644,14.393431098696457
8645,15.565319946452473
8646,10.770308529945556
8647,7.672343234323431
8648,8.241699999999996
8649,10.778468578401467
8650,14.082031830238728
8651,11.413716814159294
8652,7.873676662320731
8653,11.613464163822528
8654,7.543030674846632
8655,15.565319946452473
8656,11.413716814159294
8657,14.220190023752972
8658,7.952102376599635
8659,9.490641399416907
8660,12.555085365853666
8661,7.7745785440613
8662,14.88430037313433
8663,9.07855633802817
8664,17.988675400291118
8665,11.413716814159294
8666,17.84280839895013
8667,11.698705953827462
8668,10.256025974025974
8669,9.630916830386383
8670,8.840519446338869
8671,9.800037565740045
8672,8.63652841781874
8673,9.490641399416907
8674,9.630916830386383
8675,10.778468578401467
8676,17.508295964125566
8677,11.413716814159294
8678,12.8223738317757
8679,13.736605504587159
8680,16.833291139240504
8681,14.393431098696457
8682,17.770347368421053
8683,9.521029748283752
8684,15.163278787878792
8685,6.853055555555556
8686,17.173489361702124
8687,10.780036231884058
8688,16.833291139240504
8689,7.374538606403011
8690,10.778468578401467
8691,13.36653548002385
8692,15.565319946452473
8693,18.39394366197182
8694,17.13425419240954
8695,9.630916830386383
8696,17.13425419240954
8697,7.368581560283688
8698,12.539651972157769
8699,6.881550802139039
8700,9.882864864864866
8701,12.539651972157769
8702,9.882864864864866
8703,16.575650793650794
8704,13.736605504587159
8705,12.159300699300704
8706,17.770347368421053
8707,12.555085365853666
8708,9.05036458333333
8709,12.159300699300704
8710,11.698705953827462
8711,11.852133995037224
8712,13.31698879551821
8713,8.859631236442516
8714,8.431576535288723
8715,9.05036458333333
8716,9.882864864864866
8717,14.082031830238728
8718,14.530675024107998
8719,12.151654624277459
8720,18.8869944598338
8721,14.393431098696457
8722,13.36653548002385
8723,10.213392156862742
8724,14.530675024107998
8725,14.530675024107998
8726,8.810793787748063
8727,9.304397905759162
8728,15.565319946452473
8729,17.770347368421053
8730,7.707407407407407
8731,18.8869944598338
8732,9.521029748283752
8733,7.873676662320731
8734,7.364117647058823
8735,10.628407643312102
8736,17.770347368421053
8737,14.538467874794069
8738,15.37224832214765
8739,8.431576535288723
8740,9.07855633802817
8741,9.800037565740045
8742,16.54669789227166
8743,9.521029748283752
8744,12.8223738317757
8745,11.413716814159294
8746,8.431576535288723
8747,15.565319946452473
8748,10.770308529945556
8749,11.698705953827462
8750,12.151654624277459
8751,9.31025974025974
8752,12.975114768297964
8753,7.00818181818182
8754,11.63375
8755,10.766346153846152
8756,13.736605504587159
8757,11.852133995037224
8758,12.975114768297964
8759,12.159300699300704
8760,13.36653548002385
8761,10.213392156862742
8762,13.36653548002385
8763,12.539651972157769
8764,12.555085365853666
8765,14.530675024107998
8766,7.046047297297298
8767,13.31698879551821
8768,19.40678688524591
8769,11.698705953827462
8770,14.393431098696457
8771,12.555085365853666
8772,12.555085365853666
8773,15.565319946452473
8774,16.54669789227166
8775,17.93878260869565
8776,10.213392156862742
8777,9.630916830386383
8778,16.54669789227166
8779,8.431576535288723
8780,11.413716814159294
8781,13.31698879551821
8782,7.364117647058823
8783,9.800037565740045
8784,12.975114768297964
8785,12.151654624277459
8786,8.431576535288723
8787,13.36653548002385
8788,15.824915865384613
8789,16.54669789227166
8790,15.163278787878792
8791,11.413716814159294
8792,7.543030674846632
8793,7.4339747634069395
8794,15.163278787878792
8795,12.151654624277459
8796,9.800037565740045
8797,7.028257575757575
8798,10.778468578401467
8799,16.833291139240504
8800,17.13425419240954
8801,15.345915492957745
8802,6.816209677419355
8803,9.630916830386383
8804,10.793328424153167
8805,10.770308529945556
8806,12.652355371900828
8807,13.222034795763996
8808,9.05036458333333
8809,13.736605504587159
8810,12.539651972157769
8811,12.555085365853666
8812,10.778468578401467
8813,8.241699999999996
8814,8.431576535288723
8815,7.187860465116277
8816,20.527879999999993
8817,10.213392156862742
8818,9.304397905759162
8819,13.36653548002385
8820,15.565319946452473
8821,14.393431098696457
8822,17.93878260869565
8823,15.565319946452473
8824,18.39394366197182
8825,15.565319946452473
8826,12.8223738317757
8827,8.63652841781874
8828,11.698705953827462
8829,9.521029748283752
8830,6.853055555555556
8831,7.952102376599635
8832,19.075095168374816
8833,9.31025974025974
8834,10.213392156862742
8835,11.613464163822528
8836,11.413716814159294
8837,12.539651972157769
8838,8.255526315789472
8839,14.082031830238728
8840,10.766346153846152
8841,13.895074276778733
8842,10.213392156862742
8843,16.833291139240504
8844,10.050641025641026
8845,7.7745785440613
8846,11.698705953827462
8847,10.213392156862742
8848,7.875555555555556
8849,11.413716814159294
8850,9.800037565740045
8851,12.159300699300704
8852,11.413716814159294
8853,9.05036458333333
8854,7.00818181818182
8855,13.36653548002385
8856,11.3001448321264
8857,7.7745785440613
8858,8.431576535288723
8859,15.163278787878792
8860,8.810793787748063
8861,13.895074276778733
8862,8.810793787748063
8863,7.4339747634069395
8864,7.873676662320731
8865,8.241699999999996
8866,10.780036231884058
8867,10.793328424153167
8868,13.31698879551821
8869,14.393431098696457
8870,9.490641399416907
8871,8.859631236442516
8872,13.31698879551821
8873,11.852133995037224
8874,8.431576535288723
8875,8.431576535288723
8876,13.222034795763996
8877,9.304397905759162
8878,16.833291139240504
8879,16.833291139240504
8880,10.793328424153167
8881,13.222034795763996
8882,9.800037565740045
8883,6.816209677419355
8884,9.521029748283752
8885,7.7745785440613
8886,7.952102376599635
8887,9.800037565740045
8888,14.082031830238728
8889,7.672343234323431
8890,20.41680397727272
8891,8.431576535288723
8892,15.565319946452473
8893,12.159300699300704
8894,14.88430037313433
8895,20.527879999999993
8896,9.800037565740045
8897,15.565319946452473
8898,15.163278787878792
8899,7.543030674846632
8900,9.521029748283752
8901,6.853055555555556
8902,7.543030674846632
8903,19.72933628318584
8904,11.3001448321264
8905,15.565319946452473
8906,13.895074276778733
8907,17.93878260869565
8908,16.833291139240504
8909,8.431576535288723
8910,15.163278787878792
8911,13.36653548002385
8912,14.082031830238728
8913,16.54669789227166
8914,15.163278787878792
8915,14.393431098696457
8916,8.810793787748063
8917,10.213392156862742
8918,10.213392156862742
8919,16.54669789227166
8920,6.853055555555556
8921,10.793328424153167
8922,19.075095168374816
8923,6.881550802139039
8924,15.163278787878792
8925,12.975114768297964
8926,9.800037565740045
8927,15.565319946452473
8928,18.39394366197182
8929,18.39394366197182
8930,9.800037565740045
8931,10.213392156862742
8932,16.11730496453901
8933,15.565319946452473
8934,13.222034795763996
8935,15.163278787878792
8936,10.213392156862742
8937,11.613464163822528
8938,11.852133995037224
8939,7.543030674846632
8940,16.54669789227166
8941,12.151654624277459
8942,7.7745785440613
8943,16.575650793650794
8944,17.770347368421053
8945,8.810793787748063
8946,15.163278787878792
8947,14.082031830238728
8948,11.698705953827462
8949,11.413716814159294
8950,13.736605504587159
8951,8.241699999999996
8952,17.770347368421053
8953,19.075095168374816
8954,10.793328424153167
8955,12.555085365853666
8956,13.895074276778733
8957,14.082031830238728
8958,11.413716814159294
8959,11.536211340206187
8960,17.508295964125566
8961,7.543030674846632
8962,9.05036458333333
8963,15.824915865384613
8964,10.050641025641026
8965,13.895074276778733
8966,9.31025974025974
8967,12.151654624277459
8968,7.543030674846632
8969,10.778468578401467
8970,9.800037565740045
8971,14.082031830238728
8972,7.00818181818182
8973,13.31698879551821
8974,8.431576535288723
8975,8.431576535288723
8976,12.151654624277459
8977,12.276923076923074
8978,9.630916830386383
8979,12.975114768297964
8980,7.543030674846632
8981,9.800037565740045
8982,10.778468578401467
8983,15.163278787878792
8984,15.824915865384613
8985,7.873676662320731
8986,17.770347368421053
8987,11.3001448321264
8988,16.833291139240504
8989,13.222034795763996
8990,14.530675024107998
8991,7.00818181818182
8992,12.975114768297964
8993,16.54669789227166
8994,14.393431098696457
8995,11.698705953827462
8996,16.575650793650794
8997,8.241699999999996
8998,8.431576535288723
8999,14.082031830238728
9000,15.851196172248807
9001,14.88430037313433
9002,8.810793787748063
9003,13.849411764705883
9004,7.280905797101451
9005,9.800037565740045
9006,13.895074276778733
9007,14.530675024107998
9008,14.082031830238728
9009,9.31025974025974
9010,9.07855633802817
9011,17.13425419240954
9012,7.280905797101451
9013,8.810793787748063
9014,12.539651972157769
9015,16.54669789227166
9016,11.698705953827462
9017,7.672343234323431
9018,14.88430037313433
9019,12.151654624277459
9020,16.11730496453901
9021,14.393431098696457
9022,7.7745785440613
9023,13.36653548002385
9024,7.280905797101451
9025,17.508295964125566
9026,7.543030674846632
9027,8.431576535288723
9028,9.304397905759162
9029,17.93878260869565
9030,12.975114768297964
9031,16.833291139240504
9032,12.151654624277459
9033,8.431576535288723
9034,12.151654624277459
9035,7.374538606403011
9036,18.8869944598338
9037,10.770308529945556
9038,16.11730496453901
9039,9.304397905759162
9040,13.895074276778733
9041,11.413716814159294
9042,12.8223738317757
9043,18.39394366197182
9044,12.151654624277459
9045,13.736605504587159
9046,11.852133995037224
9047,7.7745785440613
9048,15.163278787878792
9049,15.37224832214765
9050,10.42751937984496
9051,15.163278787878792
9052,7.7745785440613
9053,10.770308529945556
9054,11.698705953827462
9055,12.159300699300704
9056,7.280905797101451
9057,10.42751937984496
9058,9.882864864864866
9059,10.256025974025974
9060,10.256025974025974
9061,14.530675024107998
9062,11.413716814159294
9063,7.364117647058823
9064,9.490641399416907
9065,17.988675400291118
9066,9.272481751824817
9067,6.881550802139039
9068,12.151654624277459
9069,10.793328424153167
9070,10.778468578401467
9071,7.875555555555556
9072,11.852133995037224
9073,14.082031830238728
9074,9.521029748283752
9075,15.565319946452473
9076,9.304397905759162
9077,13.222034795763996
9078,7.543030674846632
9079,8.241699999999996
9080,6.816209677419355
9081,9.490641399416907
9082,12.555085365853666
9083,14.530675024107998
9084,13.36653548002385
9085,11.698705953827462
9086,7.374538606403011
9087,17.412066666666668
9088,7.00818181818182
9089,7.028257575757575
9090,9.630916830386383
9091,9.304397905759162
9092,13.849411764705883
9093,8.810793787748063
9094,13.736605504587159
9095,16.11730496453901
9096,17.173489361702124
9097,11.588796680497921
9098,11.698705953827462
9099,10.256025974025974
9100,14.082031830238728
9101,12.8223738317757
9102,9.05036458333333
9103,10.780036231884058
9104,8.810793787748063
9105,10.778468578401467
9106,14.082031830238728
9107,9.630916830386383
9108,9.800037565740045
9109,17.508295964125566
9110,9.800037565740045
9111,17.13425419240954
9112,6.774912280701754
9113,13.222034795763996
9114,11.698705953827462
9115,7.4339747634069395
9116,7.374538606403011
9117,11.413716814159294
9118,10.778468578401467
9119,19.31568093385214
9120,11.3001448321264
9121,9.630916830386383
9122,9.800037565740045
9123,19.075095168374816
9124,8.810793787748063
9125,14.538467874794069
9126,13.222034795763996
9127,14.530675024107998
9128,20.41680397727272
9129,13.736605504587159
9130,7.028257575757575
9131,15.565319946452473
9132,7.873676662320731
9133,16.54669789227166
9134,8.431576535288723
9135,9.05036458333333
9136,12.539651972157769
9137,11.413716814159294
9138,11.852133995037224
9139,13.31698879551821
9140,13.222034795763996
9141,12.652355371900828
9142,12.975114768297964
9143,8.431576535288723
9144,7.543030674846632
9145,12.975114768297964
9146,8.428561151079139
9147,17.13425419240954
9148,16.11730496453901
9149,11.413716814159294
9150,6.853055555555556
9151,8.241699999999996
9152,15.565319946452473
9153,15.565319946452473
9154,19.40678688524591
9155,11.613464163822528
9156,9.07855633802817
9157,10.213392156862742
9158,12.975114768297964
9159,9.31025974025974
9160,8.810793787748063
9161,10.780036231884058
9162,18.39394366197182
9163,19.075095168374816
9164,13.31698879551821
9165,10.793328424153167
9166,14.88430037313433
9167,13.31698879551821
9168,11.536211340206187
9169,19.075095168374816
9170,9.31025974025974
9171,11.852133995037224
9172,9.800037565740045
9173,11.852133995037224
9174,11.852133995037224
9175,14.393431098696457
9176,12.151654624277459
9177,12.151654624277459
9178,12.975114768297964
9179,12.652355371900828
9180,12.555085365853666
9181,16.54669789227166
9182,17.13425419240954
9183,13.36653548002385
9184,6.881550802139039
9185,13.736605504587159
9186,9.31025974025974
9187,11.413716814159294
9188,17.93878260869565
9189,11.698705953827462
9190,17.13425419240954
9191,10.256025974025974
9192,7.368581560283688
9193,8.859631236442516
9194,11.852133995037224
9195,9.882864864864866
9196,10.050641025641026
9197,12.555085365853666
9198,15.565319946452473
9199,19.31568093385214
9200,15.565319946452473
9201,9.882864864864866
9202,7.873676662320731
9203,15.565319946452473
9204,16.575650793650794
9205,10.050641025641026
9206,18.532043010752684
9207,13.222034795763996
9208,10.793328424153167
9209,14.88430037313433
9210,12.555085365853666
9211,7.543030674846632
9212,12.539651972157769
9213,8.810793787748063
9214,14.082031830238728
9215,14.082031830238728
9216,7.672343234323431
9217,15.565319946452473
9218,10.778468578401467
9219,11.852133995037224
9220,11.852133995037224
9221,10.213392156862742
9222,12.8223738317757
9223,7.4339747634069395
9224,10.778468578401467
9225,12.8223738317757
9226,7.374538606403011
9227,7.00818181818182
9228,11.3001448321264
9229,12.539651972157769
9230,14.538467874794069
9231,14.530675024107998
9232,10.778468578401467
9233,11.852133995037224
9234,12.159300699300704
9235,11.698705953827462
9236,16.833291139240504
9237,11.698705953827462
9238,13.895074276778733
9239,10.766346153846152
9240,8.431576535288723
9241,12.555085365853666
9242,11.698705953827462
9243,14.88430037313433
9244,7.187860465116277
9245,19.72933628318584
9246,16.833291139240504
9247,17.988675400291118
9248,8.810793787748063
9249,8.810793787748063
9250,14.530675024107998
9251,12.539651972157769
9252,8.859631236442516
9253,12.555085365853666
9254,11.698705953827462
9255,11.413716814159294
9256,17.508295964125566
9257,9.521029748283752
9258,15.565319946452473
9259,10.213392156862742
9260,7.952102376599635
9261,7.875555555555556
9262,20.41680397727272
9263,11.698705953827462
9264,11.698705953827462
9265,15.565319946452473
9266,11.413716814159294
9267,7.873676662320731
9268,12.975114768297964
9269,15.163278787878792
9270,12.539651972157769
9271,17.84280839895013
9272,15.565319946452473
9273,20.527879999999993
9274,12.539651972157769
9275,8.810793787748063
9276,9.05036458333333
9277,12.555085365853666
9278,11.413716814159294
9279,16.54669789227166
9280,17.988675400291118
9281,12.555085365853666
9282,13.36653548002385
9283,8.810793787748063
9284,12.555085365853666
9285,14.220190023752972
9286,15.163278787878792
9287,14.082031830238728
9288,13.736605504587159
9289,13.895074276778733
9290,14.393431098696457
9291,7.374538606403011
9292,7.873676662320731
9293,12.955701525780535
9294,11.413716814159294
9295,13.736605504587159
9296,13.36653548002385
9297,8.905479452054795
9298,10.766346153846152
9299,14.530675024107998
9300,6.881550802139039
9301,10.213392156862742
9302,12.159300699300704
9303,9.05036458333333
9304,7.875555555555556
9305,7.046047297297298
9306,11.63375
9307,7.368581560283688
9308,14.88430037313433
9309,9.630916830386383
9310,9.630916830386383
9311,10.213392156862742
9312,14.88430037313433
9313,7.374538606403011
9314,7.374538606403011
9315,8.241699999999996
9316,9.630916830386383
9317,12.151654624277459
9318,8.859631236442516
9319,12.975114768297964
9320,7.543030674846632
9321,11.3001448321264
9322,10.778468578401467
9323,10.778468578401467
9324,10.770308529945556
9325,15.565319946452473
9326,11.613464163822528
9327,16.575650793650794
9328,11.413716814159294
9329,7.374538606403011
9330,12.975114768297964
9331,6.816209677419355
9332,7.7745785440613
9333,10.778468578401467
9334,9.521029748283752
9335,7.875555555555556
9336,11.434800000000001
9337,10.256025974025974
9338,16.833291139240504
9339,9.800037565740045
9340,15.824915865384613
9341,7.187860465116277
9342,14.393431098696457
9343,11.613464163822528
9344,7.374538606403011
9345,9.630916830386383
9346,12.652355371900828
9347,14.220190023752972
9348,7.952102376599635
9349,7.543030674846632
9350,7.7745785440613
9351,14.88430037313433
9352,8.810793787748063
9353,11.413716814159294
9354,15.565319946452473
9355,17.13425419240954
9356,12.975114768297964
9357,7.00818181818182
9358,10.780036231884058
9359,12.151654624277459
9360,10.213392156862742
9361,12.975114768297964
9362,12.159300699300704
9363,8.241699999999996
9364,12.539651972157769
9365,7.364117647058823
9366,8.431576535288723
9367,11.3001448321264
9368,13.222034795763996
9369,10.778468578401467
9370,8.63652841781874
9371,9.521029748283752
9372,11.613464163822528
9373,10.628407643312102
9374,9.630916830386383
9375,16.54669789227166
9376,10.256025974025974
9377,6.816209677419355
9378,12.975114768297964
9379,7.1659770114942525
9380,17.13425419240954
9381,7.4339747634069395
9382,17.173489361702124
9383,15.565319946452473
9384,7.875555555555556
9385,17.412066666666668
9386,13.736605504587159
9387,16.54669789227166
9388,6.979326923076924
9389,11.698705953827462
9390,15.565319946452473
9391,15.565319946452473
9392,7.374538606403011
9393,7.00818181818182
9394,9.31025974025974
9395,13.895074276778733
9396,8.810793787748063
9397,15.824915865384613
9398,10.256025974025974
9399,16.833291139240504
9400,11.536211340206187
9401,7.368581560283688
9402,10.256025974025974
9403,14.88430037313433
9404,13.736605504587159
9405,8.590289855072461
9406,15.565319946452473
9407,9.05036458333333
9408,7.873676662320731
9409,9.31025974025974
9410,8.431576535288723
9411,12.555085365853666
9412,13.736605504587159
9413,7.00818181818182
9414,10.770308529945556
9415,12.555085365853666
9416,8.241699999999996
9417,7.7745785440613
9418,9.800037565740045
9419,18.39394366197182
9420,13.736605504587159
9421,7.364117647058823
9422,13.31698879551821
9423,14.88430037313433
9424,11.852133995037224
9425,7.875555555555556
9426,11.852133995037224
9427,11.413716814159294
9428,18.532043010752684
9429,12.539651972157769
9430,7.672343234323431
9431,15.565319946452473
9432,6.979326923076924
9433,13.36653548002385
9434,12.975114768297964
9435,13.895074276778733
9436,16.833291139240504
9437,13.736605504587159
9438,7.7745785440613
9439,15.565319946452473
9440,13.222034795763996
9441,12.539651972157769
9442,15.565319946452473
9443,7.672343234323431
9444,14.082031830238728
9445,14.082031830238728
9446,17.93878260869565
9447,9.800037565740045
9448,9.304397905759162
9449,7.028257575757575
9450,10.213392156862742
9451,7.368581560283688
9452,17.770347368421053
9453,10.778468578401467
9454,7.873676662320731
9455,11.3001448321264
9456,15.565319946452473
9457,7.368581560283688
9458,12.555085365853666
9459,9.630916830386383
9460,13.736605504587159
9461,10.770308529945556
9462,9.31025974025974
9463,16.54669789227166
9464,16.54669789227166
9465,15.163278787878792
9466,7.374538606403011
9467,9.31025974025974
9468,12.159300699300704
9469,12.555085365853666
9470,11.588796680497921
9471,11.3001448321264
9472,16.833291139240504
9473,14.393431098696457
9474,9.800037565740045
9475,8.241699999999996
9476,10.778468578401467
9477,7.875555555555556
9478,12.159300699300704
9479,7.368581560283688
9480,9.31025974025974
9481,11.613464163822528
9482,12.975114768297964
9483,19.379576271186444
9484,21.484347826086967
9485,11.63375
9486,22.124117647058824
9487,20.41680397727272
9488,13.895074276778733
9489,12.108703703703702
9490,12.159300699300704
9491,9.490641399416907
9492,11.3001448321264
9493,15.565319946452473
9494,14.393431098696457
9495,11.3001448321264
9496,7.4339747634069395
9497,10.213392156862742
9498,8.431576535288723
9499,8.255526315789472
9500,12.151654624277459
9501,9.800037565740045
9502,11.613464163822528
9503,11.413716814159294
9504,14.082031830238728
9505,17.70805194805195
9506,8.658941176470588
9507,12.555085365853666
9508,8.63652841781874
9509,10.256025974025974
9510,17.13425419240954
9511,10.778468578401467
9512,7.364117647058823
9513,10.628407643312102
9514,7.374538606403011
9515,12.151654624277459
9516,7.873676662320731
9517,9.800037565740045
9518,17.93878260869565
9519,8.810793787748063
9520,12.555085365853666
9521,12.539651972157769
9522,9.521029748283752
9523,16.54669789227166
9524,13.736605504587159
9525,17.13425419240954
9526,15.565319946452473
9527,16.54669789227166
9528,10.766346153846152
9529,7.280905797101451
9530,9.630916830386383
9531,10.770308529945556
9532,10.42751937984496
9533,11.413716814159294
9534,15.345915492957745
9535,12.539651972157769
9536,14.530675024107998
9537,11.613464163822528
9538,7.672343234323431
9539,18.8869944598338
9540,7.368581560283688
9541,8.241699999999996
9542,9.521029748283752
9543,9.800037565740045
9544,9.800037565740045
9545,10.793328424153167
9546,13.36653548002385
9547,10.213392156862742
9548,6.979326923076924
9549,17.93878260869565
9550,14.082031830238728
9551,14.393431098696457
9552,7.873676662320731
9553,13.895074276778733
9554,9.800037565740045
9555,7.543030674846632
9556,10.778468578401467
9557,10.256025974025974
9558,8.431576535288723
9559,14.082031830238728
9560,10.793328424153167
9561,11.413716814159294
9562,14.88430037313433
9563,7.952102376599635
9564,10.778468578401467
9565,7.873676662320731
9566,7.531249999999999
9567,8.241699999999996
9568,7.046047297297298
9569,12.975114768297964
9570,10.793328424153167
9571,17.13425419240954
9572,16.575650793650794
9573,14.530675024107998
9574,16.575650793650794
9575,13.31698879551821
9576,15.565319946452473
9577,8.810793787748063
9578,15.565319946452473
9579,9.304397905759162
9580,19.379576271186444
9581,7.543030674846632
9582,12.975114768297964
9583,7.873676662320731
9584,13.222034795763996
9585,9.630916830386383
9586,11.613464163822528
9587,8.658941176470588
9588,15.37224832214765
9589,7.1659770114942525
9590,9.521029748283752
9591,12.539651972157769
9592,9.05036458333333
9593,8.428561151079139
9594,13.736605504587159
9595,7.543030674846632
9596,17.13425419240954
9597,16.54669789227166
9598,12.652355371900828
9599,17.412066666666668
9600,11.698705953827462
9601,8.810793787748063
9602,13.36653548002385
9603,15.824915865384613
9604,8.431576535288723
9605,9.521029748283752
9606,7.00818181818182
9607,12.975114768297964
9608,12.975114768297964
9609,6.853055555555556
9610,9.31025974025974
9611,14.393431098696457
9612,9.630916830386383
9613,14.082031830238728
9614,12.151654624277459
9615,8.241699999999996
9616,19.379576271186444
9617,8.431576535288723
9618,13.222034795763996
9619,17.173489361702124
9620,9.304397905759162
9621,12.151654624277459
9622,15.163278787878792
9623,11.413716814159294
9624,12.555085365853666
9625,9.800037565740045
9626,8.241699999999996
9627,8.63652841781874
9628,11.63375
9629,11.413716814159294
9630,9.800037565740045
9631,13.895074276778733
9632,16.11730496453901
9633,8.859631236442516
9634,7.00818181818182
9635,7.416714681846479
9636,14.082031830238728
9637,15.565319946452473
9638,12.555085365853666
9639,7.374538606403011
9640,13.36653548002385
9641,8.241699999999996
9642,10.778468578401467
9643,14.220190023752972
9644,13.31698879551821
9645,8.810793787748063
9646,13.222034795763996
9647,8.810793787748063
9648,8.810793787748063
9649,12.555085365853666
9650,12.975114768297964
9651,7.028257575757575
9652,9.630916830386383
9653,8.63652841781874
9654,15.770467835639502
9655,9.31025974025974
9656,9.630916830386383
9657,13.895074276778733
9658,7.873676662320731
9659,9.521029748283752
9660,16.833291139240504
9661,17.13425419240954
9662,14.709374999999998
9663,17.770347368421053
9664,9.882864864864866
9665,8.590289855072461
9666,10.778468578401467
9667,12.151654624277459
9668,13.222034795763996
9669,11.852133995037224
9670,7.368581560283688
9671,11.413716814159294
9672,7.873676662320731
9673,15.565319946452473
9674,14.393431098696457
9675,7.00818181818182
9676,11.3001448321264
9677,12.975114768297964
9678,13.36653548002385
9679,16.833291139240504
9680,8.658941176470588
9681,11.3001448321264
9682,11.698705953827462
9683,10.213392156862742
9684,12.555085365853666
9685,15.565319946452473
9686,10.778468578401467
9687,11.413716814159294
9688,10.213392156862742
9689,12.539651972157769
9690,14.530675024107998
9691,9.521029748283752
9692,11.698705953827462
9693,9.490641399416907
9694,8.590289855072461
9695,7.374538606403011
9696,10.256025974025974
9697,6.979326923076924
9698,9.800037565740045
9699,6.853055555555556
9700,8.810793787748063
9701,15.565319946452473
9702,12.555085365853666
9703,13.222034795763996
9704,10.793328424153167
9705,14.709374999999998
9706,15.565319946452473
9707,12.8223738317757
9708,14.082031830238728
9709,8.431576535288723
9710,13.36653548002385
9711,12.159300699300704
9712,7.00818181818182
9713,7.280905797101451
9714,14.393431098696457
9715,9.630916830386383
9716,12.151654624277459
9717,10.778468578401467
9718,7.1659770114942525
9719,10.213392156862742
9720,8.431576535288723
9721,10.778468578401467
9722,12.159300699300704
9723,8.810793787748063
9724,10.778468578401467
9725,8.63652841781874
9726,13.36653548002385
9727,7.1659770114942525
9728,10.628407643312102
9729,11.413716814159294
9730,15.824915865384613
9731,15.565319946452473
9732,12.151654624277459
9733,14.530675024107998
9734,13.31698879551821
9735,12.8223738317757
9736,12.8223738317757
9737,11.413716814159294
9738,11.413716814159294
9739,12.975114768297964
9740,8.63652841781874
9741,11.413716814159294
9742,17.508295964125566
9743,9.07855633802817
9744,7.187860465116277
9745,13.222034795763996
9746,11.3001448321264
9747,8.431576535288723
9748,13.736605504587159
9749,8.255526315789472
9750,11.3001448321264
9751,9.521029748283752
9752,13.736605504587159
9753,7.280905797101451
9754,12.539651972157769
9755,17.13425419240954
9756,9.490641399416907
9757,8.241699999999996
9758,9.630916830386383
9759,15.163278787878792
9760,12.539651972157769
9761,16.833291139240504
9762,14.082031830238728
9763,7.046047297297298
9764,14.393431098696457
9765,10.256025974025974
9766,17.412066666666668
9767,15.565319946452473
9768,8.63652841781874
9769,11.613464163822528
9770,16.833291139240504
9771,14.220190023752972
9772,9.630916830386383
9773,7.046047297297298
9774,12.539651972157769
9775,11.073571428571428
9776,12.539651972157769
9777,14.393431098696457
9778,11.63375
9779,16.833291139240504
9780,9.304397905759162
9781,12.108703703703702
9782,10.770308529945556
9783,12.555085365853666
9784,15.565319946452473
9785,16.833291139240504
9786,7.187860465116277
9787,11.698705953827462
9788,14.393431098696457
9789,12.975114768297964
9790,17.70805194805195
9791,16.575650793650794
9792,11.413716814159294
9793,10.256025974025974
9794,13.36653548002385
9795,7.00818181818182
9796,13.36653548002385
9797,7.4339747634069395
9798,14.393431098696457
9799,7.187860465116277
9800,14.082031830238728
9801,9.05036458333333
9802,6.816209677419355
9803,14.393431098696457
9804,11.698705953827462
9805,14.393431098696457
9806,11.852133995037224
9807,15.824915865384613
9808,13.736605504587159
9809,9.31025974025974
9810,20.527879999999993
9811,19.72933628318584
9812,11.413716814159294
9813,7.7745785440613
9814,13.895074276778733
9815,11.413716814159294
9816,14.393431098696457
9817,11.698705953827462
9818,15.163278787878792
9819,8.241699999999996
9820,12.539651972157769
9821,14.88430037313433
9822,10.213392156862742
9823,6.816209677419355
9824,14.88430037313433
9825,7.543030674846632
9826,11.613464163822528
9827,12.555085365853666
9828,12.151654624277459
9829,7.368581560283688
9830,10.256025974025974
9831,8.431576535288723
9832,14.88430037313433
9833,13.222034795763996
9834,13.736605504587159
9835,12.975114768297964
9836,12.108703703703702
9837,7.00818181818182
9838,9.800037565740045
9839,15.565319946452473
9840,7.1659770114942525
9841,12.8223738317757
9842,13.222034795763996
9843,7.875555555555556
9844,18.39394366197182
9845,11.413716814159294
9846,7.952102376599635
9847,14.082031830238728
9848,12.975114768297964
9849,10.256025974025974
9850,11.3001448321264
9851,9.800037565740045
9852,7.952102376599635
9853,7.543030674846632
9854,11.852133995037224
9855,15.565319946452473
9856,12.151654624277459
9857,11.413716814159294
9858,14.530675024107998
9859,8.810793787748063
9860,14.393431098696457
9861,17.988675400291118
9862,8.431576535288723
9863,15.565319946452473
9864,7.280905797101451
9865,19.31568093385214
9866,16.833291139240504
9867,7.952102376599635
9868,20.41680397727272
9869,10.793328424153167
9870,14.220190023752972
9871,18.39394366197182
9872,15.565319946452473
9873,17.770347368421053
9874,14.530675024107998
9875,8.431576535288723
9876,10.778468578401467
9877,15.163278787878792
9878,10.256025974025974
9879,20.41680397727272
9880,7.952102376599635
9881,8.431576535288723
9882,18.8869944598338
9883,10.793328424153167
9884,10.778468578401467
9885,8.810793787748063
9886,17.93878260869565
9887,12.539651972157769
9888,10.628407643312102
9889,12.539651972157769
9890,17.770347368421053
9891,10.256025974025974
9892,7.873676662320731
9893,10.793328424153167
9894,15.565319946452473
9895,12.539651972157769
9896,11.413716814159294
9897,12.975114768297964
9898,7.187860465116277
9899,12.975114768297964
9900,12.159300699300704
9901,9.05036458333333
9902,15.163278787878792
9903,11.852133995037224
9904,9.630916830386383
9905,12.975114768297964
9906,17.770347368421053
9907,12.555085365853666
9908,9.800037565740045
9909,8.241699999999996
9910,12.539651972157769
9911,16.575650793650794
9912,7.1659770114942525
9913,16.833291139240504
9914,13.31698879551821
9915,12.151654624277459
9916,10.766346153846152
9917,7.952102376599635
9918,9.630916830386383
9919,12.539651972157769
9920,9.630916830386383
9921,9.800037565740045
9922,19.075095168374816
9923,14.393431098696457
9924,20.527879999999993
9925,15.824915865384613
9926,16.833291139240504
9927,7.543030674846632
9928,11.698705953827462
9929,12.555085365853666
9930,9.521029748283752
9931,13.736605504587159
9932,13.895074276778733
9933,11.613464163822528
9934,12.539651972157769
9935,7.873676662320731
9936,12.975114768297964
9937,15.565319946452473
9938,12.555085365853666
9939,18.8869944598338
9940,12.151654624277459
9941,13.736605504587159
9942,12.539651972157769
9943,14.88430037313433
9944,12.151654624277459
9945,11.3001448321264
9946,12.151654624277459
9947,19.075095168374816
9948,17.93878260869565
9949,7.543030674846632
9950,17.770347368421053
9951,12.555085365853666
9952,17.770347368421053
9953,10.778468578401467
9954,15.163278787878792
9955,10.213392156862742
9956,13.736605504587159
9957,17.770347368421053
9958,12.652355371900828
9959,15.163278787878792
9960,17.770347368421053
9961,12.539651972157769
9962,10.770308529945556
9963,14.393431098696457
9964,11.413716814159294
9965,14.393431098696457
9966,10.256025974025974
9967,15.565319946452473
9968,14.393431098696457
9969,10.778468578401467
9970,16.54669789227166
9971,16.11730496453901
9972,14.082031830238728
9973,11.852133995037224
9974,12.975114768297964
9975,14.88430037313433
9976,7.952102376599635
9977,8.810793787748063
9978,14.530675024107998
9979,14.393431098696457
9980,9.31025974025974
9981,9.630916830386383
9982,10.256025974025974
9983,7.873676662320731
9984,12.159300699300704
9985,8.658941176470588
9986,8.810793787748063
9987,7.1659770114942525
9988,12.975114768297964
9989,17.173489361702124
9990,8.63652841781874
9991,17.13425419240954
9992,9.630916830386383
9993,15.565319946452473
9994,10.050641025641026
9995,9.31025974025974
9996,7.187860465116277
9997,12.555085365853666
9998,7.952102376599635
9999,14.220190023752972
10000,7.00818181818182
