ID,int_rate
1,13.089728850325379
2,15.137219701879456
3,8.332462235649544
4,16.624679399727153
5,15.17777054108217
6,7.137491638795986
7,12.495679442508713
8,8.949145569620255
9,14.317375000000004
10,20.406768189509307
11,6.732375
12,16.064618689581092
13,12.25993808049536
14,17.368251121076224
15,15.137219701879456
16,10.202038567493119
17,14.317375000000004
18,13.697248062015499
19,9.538186915887849
20,16.754647975077887
21,9.719000000000001
22,17.41025862068966
23,10.068816793893133
24,14.317375000000004
25,13.089728850325379
26,7.768954344624459
27,19.01675159235668
28,18.595190995907224
29,15.137219701879456
30,18.17878281622912
31,9.333402777777787
32,7.768954344624459
33,11.901854338842975
34,17.41025862068966
35,11.737134445534837
36,13.697248062015499
37,13.162633136094689
38,8.08785874439462
39,9.69248701298701
40,15.17777054108217
41,11.735271739130434
42,16.624679399727153
43,8.914171122994652
44,16.064618689581092
45,14.590107584722968
46,14.590107584722968
47,22.076980198019804
48,17.41025862068966
49,7.257543103448275
50,8.332462235649544
51,11.29717917675545
52,19.01675159235668
53,9.154460163812363
54,9.154460163812363
55,10.202038567493119
56,14.317375000000004
57,7.768954344624459
58,12.912076023391814
59,13.089728850325379
60,11.737134445534837
61,17.448429256594718
62,11.156032013479361
63,19.01675159235668
64,12.25993808049536
65,14.318376963350786
66,10.980837166513338
67,7.722065573770493
68,6.90375
69,8.537731092436973
70,15.908327974276528
71,14.317375000000004
72,13.239805292061902
73,10.328130081300808
74,11.408000000000003
75,12.912076023391814
76,14.58139303482587
77,14.317375000000004
78,9.538186915887849
79,9.538186915887849
80,7.4015292353823074
81,11.156032013479361
82,10.328130081300808
83,14.318376963350786
84,8.08785874439462
85,15.908327974276528
86,9.538186915887849
87,7.722065573770493
88,7.768954344624459
89,6.967724620770126
90,12.912076023391814
91,7.5511111111111076
92,12.25993808049536
93,9.538186915887849
94,8.332462235649544
95,12.703969732246799
96,11.901854338842975
97,7.722065573770493
98,14.590107584722968
99,8.08785874439462
100,8.325785440613027
101,12.912076023391814
102,11.555817727840203
103,8.962835820895522
104,6.90375
105,8.325785440613027
106,19.98764331210191
107,12.25993808049536
108,17.448429256594718
109,8.914171122994652
110,7.26248407643312
111,11.29717917675545
112,12.25993808049536
113,13.089728850325379
114,10.310117416829744
115,13.239805292061902
116,11.737134445534837
117,13.896364779874208
118,6.90375
119,8.724696673189824
120,14.317375000000004
121,14.318376963350786
122,13.607716049382715
123,6.967724620770126
124,12.093545454545454
125,16.624679399727153
126,6.967724620770126
127,6.90375
128,15.17777054108217
129,10.242045454545456
130,8.325785440613027
131,8.962835820895522
132,14.318376963350786
133,8.12669398907104
134,13.56477434679335
135,7.768954344624459
136,15.17777054108217
137,8.08785874439462
138,16.23481927710843
139,9.154460163812363
140,11.901854338842975
141,19.01675159235668
142,11.408000000000003
143,8.962835820895522
144,17.867651515151515
145,11.555817727840203
146,18.595190995907224
147,12.912076023391814
148,7.768954344624459
149,12.697039800995025
150,7.4015292353823074
151,11.555817727840203
152,7.981873589164787
153,9.333402777777787
154,7.5242913385826755
155,7.428943396226415
156,14.58139303482587
157,8.241811594202899
158,6.967724620770126
159,9.154460163812363
160,9.538186915887849
161,7.981873589164787
162,10.242045454545456
163,18.24270833333333
164,15.003126684636115
165,7.4015292353823074
166,9.891134969325153
167,7.227697368421052
168,11.901854338842975
169,13.896364779874208
170,8.724696673189824
171,16.148066875653086
172,6.967724620770126
173,10.502102564102561
174,9.697206572769952
175,18.08647985989493
176,16.754647975077887
177,6.967724620770126
178,8.914171122994652
179,8.08785874439462
180,10.728773690078041
181,16.754647975077887
182,12.703969732246799
183,13.896364779874208
184,9.69248701298701
185,8.12669398907104
186,16.624679399727153
187,11.612484472049687
188,15.652043868394813
189,8.12669398907104
190,14.317375000000004
191,9.333402777777787
192,9.538186915887849
193,9.333402777777787
194,7.26248407643312
195,7.981873589164787
196,12.17458904109589
197,10.980837166513338
198,13.896364779874208
199,10.728773690078041
200,10.502102564102561
201,14.58139303482587
202,15.137219701879456
203,11.555817727840203
204,12.912076023391814
205,9.154460163812363
206,7.768954344624459
207,10.310117416829744
208,18.08647985989493
209,8.914171122994652
210,12.697039800995025
211,13.697248062015499
212,6.90375
213,10.502102564102561
214,9.891134969325153
215,8.984031413612563
216,8.325785440613027
217,7.4015292353823074
218,8.724696673189824
219,11.156032013479361
220,9.154460163812363
221,15.137219701879456
222,16.148066875653086
223,7.137491638795986
224,9.154460163812363
225,17.698899082568808
226,9.333402777777787
227,18.595190995907224
228,11.901854338842975
229,18.595190995907224
230,11.555817727840203
231,8.659595469255665
232,12.703969732246799
233,6.967724620770126
234,13.896364779874208
235,7.5242913385826755
236,17.41025862068966
237,9.538186915887849
238,12.697039800995025
239,11.156032013479361
240,7.137491638795986
241,8.724696673189824
242,13.697248062015499
243,8.12669398907104
244,19.98764331210191
245,17.326132075471698
246,17.368251121076224
247,14.318376963350786
248,16.754647975077887
249,12.427647058823528
250,13.239805292061902
251,9.333402777777787
252,8.962835820895522
253,10.068816793893133
254,10.728773690078041
255,14.58139303482587
256,8.12669398907104
257,15.137219701879456
258,16.148066875653086
259,7.768954344624459
260,14.128181818181819
261,13.607716049382715
262,9.333402777777787
263,10.201882352941178
264,11.29717917675545
265,8.241811594202899
266,14.590107584722968
267,11.408000000000003
268,16.754647975077887
269,11.555817727840203
270,12.093545454545454
271,7.227697368421052
272,7.137491638795986
273,14.798441558441558
274,11.555817727840203
275,15.17777054108217
276,11.408000000000003
277,11.735271739130434
278,13.607716049382715
279,7.227697368421052
280,14.590107584722968
281,13.239805292061902
282,9.891134969325153
283,8.962835820895522
284,7.981873589164787
285,8.724696673189824
286,8.08785874439462
287,11.555817727840203
288,13.903099415204682
289,11.735271739130434
290,7.33142156862745
291,7.981873589164787
292,6.967724620770126
293,8.914171122994652
294,7.33142156862745
295,16.754647975077887
296,7.722065573770493
297,12.703969732246799
298,7.722065573770493
299,15.17777054108217
300,8.914171122994652
301,12.25993808049536
302,8.08785874439462
303,7.33142156862745
304,14.318376963350786
305,10.728773690078041
306,10.980837166513338
307,7.33142156862745
308,7.5511111111111076
309,10.391755395683457
310,8.949145569620255
311,14.317375000000004
312,7.722065573770493
313,15.137219701879456
314,11.901854338842975
315,9.154460163812363
316,8.541441441441442
317,12.25993808049536
318,11.555817727840203
319,9.154460163812363
320,14.590107584722968
321,16.547633587786265
322,15.908327974276528
323,13.239805292061902
324,16.754647975077887
325,8.949145569620255
326,13.903099415204682
327,9.891134969325153
328,7.722065573770493
329,10.55167832167832
330,9.333402777777787
331,14.58139303482587
332,12.697039800995025
333,12.703969732246799
334,8.962835820895522
335,11.901854338842975
336,8.325785440613027
337,14.317375000000004
338,14.590107584722968
339,7.33142156862745
340,7.137491638795986
341,15.17777054108217
342,9.154460163812363
343,7.137491638795986
344,7.981873589164787
345,12.912076023391814
346,7.768954344624459
347,11.901854338842975
348,8.659595469255665
349,11.555817727840203
350,11.156032013479361
351,7.33142156862745
352,18.08647985989493
353,11.901854338842975
354,16.624679399727153
355,12.25993808049536
356,12.25993808049536
357,13.697248062015499
358,11.735271739130434
359,18.595190995907224
360,17.41025862068966
361,8.325785440613027
362,12.25993808049536
363,15.17777054108217
364,10.310117416829744
365,7.611739130434781
366,11.555817727840203
367,7.137491638795986
368,13.089728850325379
369,11.555817727840203
370,6.967724620770126
371,12.17458904109589
372,12.495679442508713
373,12.17458904109589
374,14.590107584722968
375,17.41025862068966
376,18.08647985989493
377,14.108114374034004
378,9.154460163812363
379,13.697248062015499
380,8.914171122994652
381,17.326132075471698
382,7.33142156862745
383,8.724696673189824
384,13.896364779874208
385,17.41025862068966
386,14.58139303482587
387,13.089728850325379
388,12.25993808049536
389,12.912076023391814
390,8.659595469255665
391,11.735271739130434
392,8.541441441441442
393,7.7825
394,7.722065573770493
395,8.724696673189824
396,14.590107584722968
397,9.546543209876543
398,11.555817727840203
399,9.154460163812363
400,10.502102564102561
401,11.555817727840203
402,11.555817727840203
403,9.154460163812363
404,18.08647985989493
405,7.768954344624459
406,10.202038567493119
407,12.17458904109589
408,12.697039800995025
409,16.754647975077887
410,13.165902777777776
411,13.239805292061902
412,7.722065573770493
413,9.69248701298701
414,9.333402777777787
415,7.33142156862745
416,8.724696673189824
417,10.068816793893133
418,8.984031413612563
419,14.108114374034004
420,7.768954344624459
421,13.162633136094689
422,14.317375000000004
423,7.428943396226415
424,15.652043868394813
425,6.967724620770126
426,9.154460163812363
427,15.17777054108217
428,6.967724620770126
429,9.826612021857922
430,11.612484472049687
431,8.241811594202899
432,8.914171122994652
433,7.5242913385826755
434,8.08785874439462
435,13.162633136094689
436,9.154460163812363
437,8.667929240579607
438,6.967724620770126
439,13.903099415204682
440,16.754647975077887
441,16.148066875653086
442,13.162633136094689
443,9.538186915887849
444,7.722065573770493
445,14.590107584722968
446,14.317375000000004
447,15.652043868394813
448,8.984031413612563
449,8.962835820895522
450,18.17878281622912
451,11.29717917675545
452,14.318376963350786
453,10.242045454545456
454,12.703969732246799
455,16.064618689581092
456,9.154460163812363
457,13.697248062015499
458,8.537731092436973
459,15.003126684636115
460,11.29717917675545
461,9.538186915887849
462,10.328130081300808
463,10.201882352941178
464,13.239805292061902
465,13.239805292061902
466,13.089728850325379
467,10.502102564102561
468,12.912076023391814
469,11.29717917675545
470,14.318376963350786
471,7.33142156862745
472,11.555817727840203
473,12.912076023391814
474,14.590107584722968
475,9.69248701298701
476,9.69248701298701
477,13.239805292061902
478,7.611739130434781
479,15.003126684636115
480,9.154460163812363
481,13.162633136094689
482,11.737134445534837
483,7.768954344624459
484,9.154460163812363
485,11.156032013479361
486,8.659595469255665
487,9.69248701298701
488,7.428943396226415
489,12.912076023391814
490,7.428943396226415
491,11.901854338842975
492,11.901854338842975
493,6.90375
494,12.697039800995025
495,7.428943396226415
496,19.69543624161074
497,7.4015292353823074
498,7.33142156862745
499,11.612484472049687
500,10.391755395683457
501,7.257543103448275
502,13.162633136094689
503,9.69248701298701
504,8.724696673189824
505,9.69248701298701
506,7.33142156862745
507,8.08785874439462
508,10.980837166513338
509,11.29717917675545
510,7.137491638795986
511,11.555817727840203
512,12.697039800995025
513,7.5511111111111076
514,13.697248062015499
515,10.328130081300808
516,15.17777054108217
517,6.90375
518,11.555817727840203
519,8.325785440613027
520,12.912076023391814
521,16.23481927710843
522,9.69248701298701
523,6.967724620770126
524,7.257543103448275
525,9.891134969325153
526,7.5242913385826755
527,10.502102564102561
528,6.967724620770126
529,11.735271739130434
530,9.69248701298701
531,7.428943396226415
532,18.17878281622912
533,11.555817727840203
534,11.29717917675545
535,10.980837166513338
536,6.967724620770126
537,11.555817727840203
538,8.949145569620255
539,7.611739130434781
540,14.317375000000004
541,7.9525
542,13.162633136094689
543,15.137219701879456
544,11.156032013479361
545,7.981873589164787
546,6.967724620770126
547,9.538186915887849
548,16.064618689581092
549,15.908327974276528
550,7.5511111111111076
551,9.538186915887849
552,10.068816793893133
553,14.317375000000004
554,12.25993808049536
555,11.735271739130434
556,12.703969732246799
557,13.162633136094689
558,9.546543209876543
559,10.242045454545456
560,8.08785874439462
561,10.585015673981195
562,11.735271739130434
563,7.4015292353823074
564,9.154460163812363
565,11.156032013479361
566,8.08785874439462
567,10.502102564102561
568,11.901854338842975
569,11.901854338842975
570,11.735271739130434
571,10.980837166513338
572,12.697039800995025
573,14.108114374034004
574,6.967724620770126
575,14.317375000000004
576,11.901854338842975
577,13.697248062015499
578,16.148066875653086
579,14.317375000000004
580,12.912076023391814
581,11.555817727840203
582,8.962835820895522
583,6.967724620770126
584,12.427647058823528
585,7.768954344624459
586,6.967724620770126
587,11.555817727840203
588,6.90375
589,8.962835820895522
590,10.242045454545456
591,7.722065573770493
592,6.967724620770126
593,8.400995475113126
594,11.737134445534837
595,8.984031413612563
596,16.078649999999993
597,8.914171122994652
598,13.162633136094689
599,14.58139303482587
600,9.546543209876543
601,9.333402777777787
602,16.754647975077887
603,12.912076023391814
604,13.697248062015499
605,11.156032013479361
606,13.896364779874208
607,14.590107584722968
608,13.697248062015499
609,15.137219701879456
610,11.555817727840203
611,7.257543103448275
612,7.722065573770493
613,7.5511111111111076
614,7.722065573770493
615,11.901854338842975
616,7.722065573770493
617,9.154460163812363
618,6.90375
619,14.317375000000004
620,7.722065573770493
621,8.724696673189824
622,12.703969732246799
623,9.69248701298701
624,15.652043868394813
625,9.333402777777787
626,9.333402777777787
627,9.69248701298701
628,8.08785874439462
629,11.735271739130434
630,12.495679442508713
631,6.967724620770126
632,8.332462235649544
633,12.697039800995025
634,8.914171122994652
635,11.901854338842975
636,20.139813084112145
637,7.428943396226415
638,11.555817727840203
639,13.896364779874208
640,6.967724620770126
641,10.502102564102561
642,14.108114374034004
643,11.408000000000003
644,11.555817727840203
645,8.724696673189824
646,9.538186915887849
647,13.903099415204682
648,12.819113924050631
649,8.962835820895522
650,12.703969732246799
651,6.931935483870967
652,7.981873589164787
653,11.555817727840203
654,8.659595469255665
655,16.754647975077887
656,8.325785440613027
657,12.25993808049536
658,9.538186915887849
659,7.33142156862745
660,7.768954344624459
661,20.956815286624188
662,6.967724620770126
663,12.093545454545454
664,17.41025862068966
665,14.798441558441558
666,8.08785874439462
667,14.108114374034004
668,10.391755395683457
669,7.722065573770493
670,13.089728850325379
671,17.41025862068966
672,12.912076023391814
673,8.541441441441442
674,13.239805292061902
675,9.69248701298701
676,8.541441441441442
677,13.239805292061902
678,11.901854338842975
679,8.949145569620255
680,11.555817727840203
681,9.538186915887849
682,12.25993808049536
683,7.722065573770493
684,11.555817727840203
685,7.768954344624459
686,13.896364779874208
687,7.33142156862745
688,10.585015673981195
689,9.826612021857922
690,11.29717917675545
691,13.089728850325379
692,8.984031413612563
693,6.967724620770126
694,8.12669398907104
695,12.25993808049536
696,9.826612021857922
697,11.901854338842975
698,15.908327974276528
699,13.896364779874208
700,9.538186915887849
701,11.156032013479361
702,13.239805292061902
703,9.69248701298701
704,10.391755395683457
705,9.154460163812363
706,7.4015292353823074
707,7.722065573770493
708,14.590107584722968
709,10.328130081300808
710,6.967724620770126
711,18.595190995907224
712,13.162633136094689
713,7.611739130434781
714,13.162633136094689
715,7.722065573770493
716,7.33142156862745
717,7.4015292353823074
718,7.257543103448275
719,14.590107584722968
720,7.33142156862745
721,9.538186915887849
722,15.137219701879456
723,12.25993808049536
724,10.980837166513338
725,17.038244680851058
726,9.538186915887849
727,11.612484472049687
728,8.949145569620255
729,12.25993808049536
730,14.317375000000004
731,6.90375
732,7.33142156862745
733,7.722065573770493
734,8.332462235649544
735,8.332462235649544
736,8.325785440613027
737,14.318376963350786
738,12.697039800995025
739,8.659595469255665
740,10.201882352941178
741,18.08647985989493
742,9.333402777777787
743,8.724696673189824
744,16.078649999999993
745,12.697039800995025
746,8.724696673189824
747,6.732375
748,9.154460163812363
749,12.316610169491522
750,10.502102564102561
751,7.981873589164787
752,11.29717917675545
753,7.981873589164787
754,9.69248701298701
755,9.154460163812363
756,12.093545454545454
757,11.156032013479361
758,14.318376963350786
759,13.089728850325379
760,6.967724620770126
761,10.068816793893133
762,12.703969732246799
763,8.332462235649544
764,13.903099415204682
765,8.08785874439462
766,12.093545454545454
767,8.332462235649544
768,10.328130081300808
769,10.202038567493119
770,10.502102564102561
771,7.26248407643312
772,10.310117416829744
773,10.502102564102561
774,14.108114374034004
775,6.967724620770126
776,10.068816793893133
777,9.69248701298701
778,6.732375
779,14.108114374034004
780,10.328130081300808
781,15.137219701879456
782,7.4015292353823074
783,12.912076023391814
784,7.227697368421052
785,7.5511111111111076
786,11.555817727840203
787,7.33142156862745
788,7.4015292353823074
789,7.768954344624459
790,12.697039800995025
791,10.585015673981195
792,6.90375
793,10.502102564102561
794,11.901854338842975
795,7.9525
796,7.5511111111111076
797,10.502102564102561
798,7.4015292353823074
799,6.90375
800,8.962835820895522
801,10.502102564102561
802,11.901854338842975
803,11.737134445534837
804,11.901854338842975
805,9.333402777777787
806,13.239805292061902
807,10.502102564102561
808,13.239805292061902
809,9.333402777777787
810,14.317375000000004
811,11.156032013479361
812,7.5511111111111076
813,12.25993808049536
814,14.590107584722968
815,14.590107584722968
816,11.156032013479361
817,8.914171122994652
818,7.611739130434781
819,14.798441558441558
820,14.108114374034004
821,9.538186915887849
822,9.154460163812363
823,17.368251121076224
824,7.9525
825,7.26248407643312
826,9.69248701298701
827,10.242045454545456
828,9.538186915887849
829,7.768954344624459
830,11.737134445534837
831,12.093545454545454
832,11.555817727840203
833,11.408000000000003
834,8.659595469255665
835,12.316610169491522
836,10.980837166513338
837,11.901854338842975
838,17.038244680851058
839,8.962835820895522
840,8.325785440613027
841,10.328130081300808
842,8.724696673189824
843,8.400995475113126
844,8.541441441441442
845,13.903099415204682
846,10.242045454545456
847,7.9525
848,10.201882352941178
849,7.768954344624459
850,8.325785440613027
851,10.310117416829744
852,8.12669398907104
853,7.722065573770493
854,11.901854338842975
855,13.239805292061902
856,14.590107584722968
857,8.241811594202899
858,14.590107584722968
859,8.08785874439462
860,9.538186915887849
861,6.732375
862,10.310117416829744
863,11.735271739130434
864,12.912076023391814
865,8.400995475113126
866,10.55167832167832
867,10.728773690078041
868,11.735271739130434
869,12.25993808049536
870,7.981873589164787
871,14.58139303482587
872,8.08785874439462
873,6.967724620770126
874,11.555817727840203
875,7.768954344624459
876,8.12669398907104
877,10.728773690078041
878,8.724696673189824
879,8.962835820895522
880,9.333402777777787
881,11.901854338842975
882,11.737134445534837
883,9.154460163812363
884,14.590107584722968
885,16.078649999999993
886,12.25993808049536
887,8.332462235649544
888,12.316610169491522
889,16.754647975077887
890,8.332462235649544
891,8.08785874439462
892,12.25993808049536
893,12.25993808049536
894,12.25993808049536
895,17.368251121076224
896,10.728773690078041
897,8.659595469255665
898,7.4015292353823074
899,8.400995475113126
900,9.154460163812363
901,11.737134445534837
902,12.697039800995025
903,7.981873589164787
904,7.768954344624459
905,10.55167832167832
906,11.735271739130434
907,7.33142156862745
908,8.08785874439462
909,12.25993808049536
910,14.58139303482587
911,11.735271739130434
912,9.154460163812363
913,14.318376963350786
914,12.25993808049536
915,9.538186915887849
916,7.722065573770493
917,6.967724620770126
918,8.984031413612563
919,15.17777054108217
920,7.611739130434781
921,8.325785440613027
922,10.980837166513338
923,9.538186915887849
924,7.137491638795986
925,7.5242913385826755
926,7.4015292353823074
927,6.90375
928,7.137491638795986
929,6.90375
930,12.25993808049536
931,8.08785874439462
932,7.33142156862745
933,15.908327974276528
934,9.538186915887849
935,10.728773690078041
936,10.502102564102561
937,10.328130081300808
938,7.428943396226415
939,8.241811594202899
940,9.333402777777787
941,8.871031843956766
942,9.538186915887849
943,9.69248701298701
944,7.4015292353823074
945,15.137219701879456
946,12.697039800995025
947,9.69248701298701
948,9.333402777777787
949,8.724696673189824
950,11.901854338842975
951,11.901854338842975
952,7.26248407643312
953,15.137219701879456
954,11.901854338842975
955,11.901854338842975
956,7.137491638795986
957,7.768954344624459
958,13.896364779874208
959,13.089728850325379
960,11.901854338842975
961,9.69248701298701
962,12.25993808049536
963,11.555817727840203
964,7.4015292353823074
965,14.317375000000004
966,6.967724620770126
967,7.137491638795986
968,7.33142156862745
969,8.537731092436973
970,9.154460163812363
971,11.408000000000003
972,15.652043868394813
973,13.903099415204682
974,12.316610169491522
975,9.697206572769952
976,18.595190995907224
977,8.914171122994652
978,14.128181818181819
979,11.737134445534837
980,12.703969732246799
981,9.154460163812363
982,12.703969732246799
983,15.908327974276528
984,7.768954344624459
985,9.538186915887849
986,8.949145569620255
987,10.502102564102561
988,11.735271739130434
989,8.914171122994652
990,15.003126684636115
991,11.735271739130434
992,7.768954344624459
993,10.502102564102561
994,9.891134969325153
995,7.33142156862745
996,8.08785874439462
997,14.58139303482587
998,12.703969732246799
999,10.201882352941178
1000,6.90375
1001,18.595190995907224
1002,11.29717917675545
1003,12.25993808049536
1004,13.089728850325379
1005,13.239805292061902
1006,17.326132075471698
1007,12.495679442508713
1008,7.9525
1009,14.317375000000004
1010,7.26248407643312
1011,15.137219701879456
1012,10.391755395683457
1013,10.55167832167832
1014,15.908327974276528
1015,11.156032013479361
1016,7.257543103448275
1017,10.728773690078041
1018,12.316610169491522
1019,11.612484472049687
1020,11.555817727840203
1021,8.914171122994652
1022,10.728773690078041
1023,9.69248701298701
1024,10.980837166513338
1025,8.984031413612563
1026,7.5511111111111076
1027,8.332462235649544
1028,17.448429256594718
1029,7.428943396226415
1030,10.728773690078041
1031,11.408000000000003
1032,7.26248407643312
1033,9.154460163812363
1034,12.912076023391814
1035,8.12669398907104
1036,7.5511111111111076
1037,8.914171122994652
1038,12.912076023391814
1039,8.659595469255665
1040,14.317375000000004
1041,15.17777054108217
1042,12.819113924050631
1043,11.156032013479361
1044,7.33142156862745
1045,7.981873589164787
1046,8.400995475113126
1047,7.5511111111111076
1048,14.590107584722968
1049,15.908327974276528
1050,13.162633136094689
1051,7.428943396226415
1052,15.17777054108217
1053,13.239805292061902
1054,14.108114374034004
1055,15.137219701879456
1056,16.95768707482993
1057,8.949145569620255
1058,11.901854338842975
1059,13.089728850325379
1060,11.901854338842975
1061,15.137219701879456
1062,13.239805292061902
1063,7.981873589164787
1064,8.962835820895522
1065,8.08785874439462
1066,10.585015673981195
1067,11.408000000000003
1068,12.912076023391814
1069,9.154460163812363
1070,10.502102564102561
1071,12.912076023391814
1072,18.08647985989493
1073,13.239805292061902
1074,11.555817727840203
1075,8.08785874439462
1076,14.108114374034004
1077,8.08785874439462
1078,7.768954344624459
1079,11.156032013479361
1080,16.754647975077887
1081,13.239805292061902
1082,8.914171122994652
1083,14.108114374034004
1084,11.29717917675545
1085,13.239805292061902
1086,9.154460163812363
1087,12.316610169491522
1088,9.333402777777787
1089,14.317375000000004
1090,12.912076023391814
1091,12.427647058823528
1092,7.981873589164787
1093,7.33142156862745
1094,7.33142156862745
1095,14.108114374034004
1096,10.391755395683457
1097,10.310117416829744
1098,7.4015292353823074
1099,14.590107584722968
1100,17.448429256594718
1101,15.652043868394813
1102,8.332462235649544
1103,15.003126684636115
1104,10.502102564102561
1105,7.227697368421052
1106,16.754647975077887
1107,9.154460163812363
1108,12.427647058823528
1109,11.555817727840203
1110,14.798441558441558
1111,18.08647985989493
1112,13.239805292061902
1113,11.901854338842975
1114,19.98764331210191
1115,14.590107584722968
1116,10.728773690078041
1117,14.590107584722968
1118,14.128181818181819
1119,17.41025862068966
1120,14.317375000000004
1121,8.332462235649544
1122,7.33142156862745
1123,11.901854338842975
1124,12.25993808049536
1125,7.296124752492474
1126,15.137219701879456
1127,18.08647985989493
1128,12.25993808049536
1129,14.318376963350786
1130,14.590107584722968
1131,15.137219701879456
1132,6.967724620770126
1133,15.908327974276528
1134,17.41025862068966
1135,7.428943396226415
1136,13.239805292061902
1137,10.728773690078041
1138,13.607716049382715
1139,10.980837166513338
1140,13.903099415204682
1141,16.754647975077887
1142,11.156032013479361
1143,9.154460163812363
1144,8.659595469255665
1145,18.595190995907224
1146,12.25993808049536
1147,12.912076023391814
1148,15.137219701879456
1149,12.703969732246799
1150,12.912076023391814
1151,7.26248407643312
1152,16.754647975077887
1153,9.69248701298701
1154,8.949145569620255
1155,14.590107584722968
1156,7.981873589164787
1157,7.611739130434781
1158,7.137491638795986
1159,11.29717917675545
1160,13.162633136094689
1161,8.332462235649544
1162,6.967724620770126
1163,6.967724620770126
1164,6.967724620770126
1165,11.408000000000003
1166,11.555817727840203
1167,21.994786324786325
1168,11.735271739130434
1169,9.697206572769952
1170,9.538186915887849
1171,10.068816793893133
1172,13.165902777777776
1173,7.4015292353823074
1174,7.137491638795986
1175,13.896364779874208
1176,17.368251121076224
1177,13.162633136094689
1178,6.967724620770126
1179,7.33142156862745
1180,12.25993808049536
1181,10.502102564102561
1182,9.154460163812363
1183,8.724696673189824
1184,8.400995475113126
1185,14.58139303482587
1186,8.659595469255665
1187,12.25993808049536
1188,13.56477434679335
1189,15.652043868394813
1190,15.137219701879456
1191,11.901854338842975
1192,8.332462235649544
1193,7.4015292353823074
1194,10.728773690078041
1195,8.914171122994652
1196,11.735271739130434
1197,10.242045454545456
1198,18.08647985989493
1199,8.914171122994652
1200,10.728773690078041
1201,8.08785874439462
1202,14.317375000000004
1203,14.318376963350786
1204,12.703969732246799
1205,10.502102564102561
1206,12.912076023391814
1207,6.967724620770126
1208,15.17777054108217
1209,11.555817727840203
1210,10.980837166513338
1211,13.089728850325379
1212,10.502102564102561
1213,16.064618689581092
1214,8.400995475113126
1215,6.967724620770126
1216,9.079761904761906
1217,17.698899082568808
1218,9.333402777777787
1219,8.12669398907104
1220,9.697206572769952
1221,17.368251121076224
1222,16.754647975077887
1223,8.541441441441442
1224,8.914171122994652
1225,9.154460163812363
1226,13.089728850325379
1227,11.555817727840203
1228,14.590107584722968
1229,9.333402777777787
1230,12.25993808049536
1231,18.595190995907224
1232,7.33142156862745
1233,12.912076023391814
1234,8.08785874439462
1235,14.798441558441558
1236,11.156032013479361
1237,8.541441441441442
1238,11.737134445534837
1239,6.732375
1240,7.981873589164787
1241,6.967724620770126
1242,11.29717917675545
1243,13.896364779874208
1244,15.137219701879456
1245,15.17777054108217
1246,18.595190995907224
1247,14.590107584722968
1248,7.428943396226415
1249,7.4015292353823074
1250,14.590107584722968
1251,9.826612021857922
1252,15.17777054108217
1253,6.967724620770126
1254,14.108114374034004
1255,12.316610169491522
1256,11.735271739130434
1257,9.538186915887849
1258,14.317375000000004
1259,7.722065573770493
1260,8.332462235649544
1261,8.949145569620255
1262,10.502102564102561
1263,13.162633136094689
1264,12.703969732246799
1265,10.068816793893133
1266,13.239805292061902
1267,14.590107584722968
1268,18.595190995907224
1269,12.697039800995025
1270,11.555817727840203
1271,10.585015673981195
1272,11.408000000000003
1273,15.908327974276528
1274,7.722065573770493
1275,15.908327974276528
1276,14.798441558441558
1277,7.722065573770493
1278,15.137219701879456
1279,13.089728850325379
1280,11.555817727840203
1281,8.12669398907104
1282,13.697248062015499
1283,17.867651515151515
1284,6.732375
1285,8.962835820895522
1286,6.732375
1287,9.891134969325153
1288,8.541441441441442
1289,7.4015292353823074
1290,11.156032013479361
1291,13.162633136094689
1292,16.754647975077887
1293,6.967724620770126
1294,13.239805292061902
1295,16.95768707482993
1296,14.798441558441558
1297,7.137491638795986
1298,12.703969732246799
1299,12.912076023391814
1300,17.41025862068966
1301,8.08785874439462
1302,10.728773690078041
1303,12.427647058823528
1304,10.242045454545456
1305,11.29717917675545
1306,13.089728850325379
1307,8.914171122994652
1308,9.697206572769952
1309,10.980837166513338
1310,15.17777054108217
1311,9.697206572769952
1312,10.242045454545456
1313,6.732375
1314,8.724696673189824
1315,10.391755395683457
1316,13.239805292061902
1317,9.538186915887849
1318,9.69248701298701
1319,10.585015673981195
1320,13.162633136094689
1321,15.771099744245523
1322,10.728773690078041
1323,7.257543103448275
1324,19.01675159235668
1325,11.29717917675545
1326,9.154460163812363
1327,14.318376963350786
1328,15.17777054108217
1329,12.912076023391814
1330,12.697039800995025
1331,7.428943396226415
1332,11.737134445534837
1333,11.901854338842975
1334,13.903099415204682
1335,13.162633136094689
1336,11.901854338842975
1337,8.332462235649544
1338,8.659595469255665
1339,12.703969732246799
1340,11.901854338842975
1341,16.754647975077887
1342,11.29717917675545
1343,9.154460163812363
1344,8.332462235649544
1345,13.239805292061902
1346,11.555817727840203
1347,9.538186915887849
1348,8.962835820895522
1349,10.980837166513338
1350,7.137491638795986
1351,14.317375000000004
1352,9.546543209876543
1353,9.538186915887849
1354,14.798441558441558
1355,11.555817727840203
1356,13.903099415204682
1357,7.33142156862745
1358,13.239805292061902
1359,16.754647975077887
1360,11.555817727840203
1361,10.391755395683457
1362,12.25993808049536
1363,13.089728850325379
1364,7.981873589164787
1365,16.624679399727153
1366,9.538186915887849
1367,14.590107584722968
1368,9.154460163812363
1369,16.624679399727153
1370,17.326132075471698
1371,14.108114374034004
1372,10.728773690078041
1373,9.69248701298701
1374,12.25993808049536
1375,7.722065573770493
1376,12.697039800995025
1377,19.69543624161074
1378,16.148066875653086
1379,10.980837166513338
1380,15.17777054108217
1381,9.69248701298701
1382,13.896364779874208
1383,17.448429256594718
1384,12.703969732246799
1385,13.162633136094689
1386,12.912076023391814
1387,19.01675159235668
1388,10.202038567493119
1389,11.555817727840203
1390,9.154460163812363
1391,17.41025862068966
1392,12.703969732246799
1393,9.697206572769952
1394,9.538186915887849
1395,16.754647975077887
1396,17.448429256594718
1397,11.29717917675545
1398,11.901854338842975
1399,19.902641509433966
1400,10.502102564102561
1401,10.728773690078041
1402,16.078649999999993
1403,11.901854338842975
1404,11.735271739130434
1405,14.317375000000004
1406,6.90375
1407,13.239805292061902
1408,17.41025862068966
1409,9.154460163812363
1410,16.624679399727153
1411,12.697039800995025
1412,11.737134445534837
1413,14.108114374034004
1414,12.912076023391814
1415,12.25993808049536
1416,12.697039800995025
1417,14.317375000000004
1418,7.5511111111111076
1419,8.325785440613027
1420,14.317375000000004
1421,11.555817727840203
1422,13.239805292061902
1423,19.98764331210191
1424,6.967724620770126
1425,16.148066875653086
1426,10.55167832167832
1427,9.546543209876543
1428,20.406768189509307
1429,16.754647975077887
1430,11.29717917675545
1431,17.326132075471698
1432,10.55167832167832
1433,10.585015673981195
1434,6.967724620770126
1435,18.24270833333333
1436,8.724696673189824
1437,13.162633136094689
1438,16.148066875653086
1439,12.316610169491522
1440,10.502102564102561
1441,6.732375
1442,8.962835820895522
1443,9.891134969325153
1444,7.722065573770493
1445,13.896364779874208
1446,12.912076023391814
1447,6.967724620770126
1448,14.590107584722968
1449,8.12669398907104
1450,13.239805292061902
1451,12.093545454545454
1452,14.58139303482587
1453,12.912076023391814
1454,15.17777054108217
1455,10.980837166513338
1456,14.590107584722968
1457,10.980837166513338
1458,15.137219701879456
1459,7.722065573770493
1460,12.912076023391814
1461,16.148066875653086
1462,13.162633136094689
1463,16.148066875653086
1464,15.908327974276528
1465,13.239805292061902
1466,16.078649999999993
1467,8.724696673189824
1468,15.652043868394813
1469,8.984031413612563
1470,15.908327974276528
1471,7.4015292353823074
1472,18.08647985989493
1473,10.202038567493119
1474,10.242045454545456
1475,12.25993808049536
1476,13.903099415204682
1477,15.17777054108217
1478,10.068816793893133
1479,10.980837166513338
1480,10.391755395683457
1481,16.624679399727153
1482,13.162633136094689
1483,15.652043868394813
1484,8.962835820895522
1485,10.980837166513338
1486,10.202038567493119
1487,20.406768189509307
1488,12.25993808049536
1489,13.239805292061902
1490,10.391755395683457
1491,15.17777054108217
1492,14.58139303482587
1493,12.427647058823528
1494,10.980837166513338
1495,9.154460163812363
1496,11.156032013479361
1497,13.239805292061902
1498,16.754647975077887
1499,15.652043868394813
1500,17.41025862068966
1501,10.391755395683457
1502,11.555817727840203
1503,13.089728850325379
1504,11.737134445534837
1505,16.754647975077887
1506,15.771099744245523
1507,11.156032013479361
1508,11.156032013479361
1509,11.555817727840203
1510,8.08785874439462
1511,12.25993808049536
1512,8.984031413612563
1513,15.137219701879456
1514,15.652043868394813
1515,14.590107584722968
1516,14.590107584722968
1517,15.003126684636115
1518,13.239805292061902
1519,14.317375000000004
1520,13.239805292061902
1521,15.908327974276528
1522,11.735271739130434
1523,13.239805292061902
1524,8.914171122994652
1525,15.137219701879456
1526,8.984031413612563
1527,14.318376963350786
1528,12.25993808049536
1529,10.502102564102561
1530,8.332462235649544
1531,15.652043868394813
1532,7.4015292353823074
1533,10.310117416829744
1534,9.538186915887849
1535,13.697248062015499
1536,9.69248701298701
1537,9.154460163812363
1538,17.326132075471698
1539,11.612484472049687
1540,15.771099744245523
1541,12.912076023391814
1542,15.17777054108217
1543,11.737134445534837
1544,13.089728850325379
1545,10.391755395683457
1546,12.25993808049536
1547,7.611739130434781
1548,17.368251121076224
1549,9.154460163812363
1550,11.555817727840203
1551,9.538186915887849
1552,12.25993808049536
1553,14.317375000000004
1554,19.01675159235668
1555,8.724696673189824
1556,8.724696673189824
1557,13.239805292061902
1558,7.4015292353823074
1559,14.590107584722968
1560,11.156032013479361
1561,9.69248701298701
1562,13.162633136094689
1563,13.162633136094689
1564,10.068816793893133
1565,14.318376963350786
1566,7.5511111111111076
1567,9.538186915887849
1568,11.408000000000003
1569,12.25993808049536
1570,14.798441558441558
1571,12.697039800995025
1572,13.239805292061902
1573,9.69248701298701
1574,12.25993808049536
1575,6.90375
1576,8.659595469255665
1577,14.590107584722968
1578,9.154460163812363
1579,11.555817727840203
1580,7.768954344624459
1581,16.23481927710843
1582,11.901854338842975
1583,7.9525
1584,19.01675159235668
1585,6.967724620770126
1586,10.242045454545456
1587,18.595190995907224
1588,15.003126684636115
1589,15.771099744245523
1590,15.17777054108217
1591,10.980837166513338
1592,17.448429256594718
1593,8.08785874439462
1594,14.108114374034004
1595,10.328130081300808
1596,9.538186915887849
1597,10.242045454545456
1598,9.333402777777787
1599,12.093545454545454
1600,16.148066875653086
1601,7.33142156862745
1602,12.912076023391814
1603,19.01675159235668
1604,10.502102564102561
1605,9.69248701298701
1606,16.064618689581092
1607,9.333402777777787
1608,10.328130081300808
1609,8.537731092436973
1610,13.799649122807018
1611,7.33142156862745
1612,14.590107584722968
1613,10.328130081300808
1614,9.333402777777787
1615,15.137219701879456
1616,8.08785874439462
1617,8.962835820895522
1618,11.901854338842975
1619,7.5511111111111076
1620,6.926351351351352
1621,7.5511111111111076
1622,8.949145569620255
1623,12.703969732246799
1624,15.908327974276528
1625,6.967724620770126
1626,10.328130081300808
1627,9.69248701298701
1628,14.318376963350786
1629,10.068816793893133
1630,16.95768707482993
1631,13.239805292061902
1632,11.737134445534837
1633,6.732375
1634,7.33142156862745
1635,11.156032013479361
1636,7.4015292353823074
1637,9.154460163812363
1638,7.33142156862745
1639,14.317375000000004
1640,18.08647985989493
1641,9.69248701298701
1642,9.154460163812363
1643,6.967724620770126
1644,13.697248062015499
1645,8.962835820895522
1646,10.202038567493119
1647,12.912076023391814
1648,14.58139303482587
1649,19.69543624161074
1650,11.901854338842975
1651,7.722065573770493
1652,11.555817727840203
1653,6.967724620770126
1654,11.901854338842975
1655,13.239805292061902
1656,10.242045454545456
1657,7.33142156862745
1658,11.156032013479361
1659,7.981873589164787
1660,13.239805292061902
1661,7.768954344624459
1662,9.538186915887849
1663,17.368251121076224
1664,12.25993808049536
1665,9.891134969325153
1666,13.239805292061902
1667,14.590107584722968
1668,14.318376963350786
1669,10.310117416829744
1670,10.242045454545456
1671,8.724696673189824
1672,9.546543209876543
1673,8.12669398907104
1674,11.555817727840203
1675,7.722065573770493
1676,8.949145569620255
1677,9.69248701298701
1678,7.981873589164787
1679,9.154460163812363
1680,13.239805292061902
1681,8.659595469255665
1682,9.891134969325153
1683,12.703969732246799
1684,14.590107584722968
1685,12.25993808049536
1686,10.980837166513338
1687,6.90375
1688,10.980837166513338
1689,9.154460163812363
1690,19.01675159235668
1691,12.912076023391814
1692,10.502102564102561
1693,12.697039800995025
1694,19.01675159235668
1695,12.697039800995025
1696,8.12669398907104
1697,16.754647975077887
1698,9.69248701298701
1699,9.538186915887849
1700,8.724696673189824
1701,9.69248701298701
1702,9.538186915887849
1703,13.896364779874208
1704,17.326132075471698
1705,15.908327974276528
1706,14.317375000000004
1707,14.590107584722968
1708,12.819113924050631
1709,7.981873589164787
1710,9.333402777777787
1711,15.652043868394813
1712,9.333402777777787
1713,10.202038567493119
1714,9.333402777777787
1715,13.162633136094689
1716,14.317375000000004
1717,12.912076023391814
1718,11.29717917675545
1719,9.154460163812363
1720,19.01675159235668
1721,9.538186915887849
1722,10.585015673981195
1723,11.408000000000003
1724,8.659595469255665
1725,20.406768189509307
1726,14.58139303482587
1727,10.502102564102561
1728,19.292636815920396
1729,11.156032013479361
1730,8.08785874439462
1731,8.962835820895522
1732,18.595190995907224
1733,15.17777054108217
1734,11.156032013479361
1735,10.502102564102561
1736,11.737134445534837
1737,12.25993808049536
1738,17.448429256594718
1739,9.154460163812363
1740,9.333402777777787
1741,17.41025862068966
1742,6.967724620770126
1743,9.154460163812363
1744,10.068816793893133
1745,17.698899082568808
1746,12.316610169491522
1747,7.722065573770493
1748,9.891134969325153
1749,9.891134969325153
1750,17.326132075471698
1751,11.555817727840203
1752,7.722065573770493
1753,19.01675159235668
1754,11.735271739130434
1755,19.69543624161074
1756,14.318376963350786
1757,10.310117416829744
1758,12.703969732246799
1759,12.25993808049536
1760,11.901854338842975
1761,12.25993808049536
1762,11.612484472049687
1763,7.722065573770493
1764,16.148066875653086
1765,8.914171122994652
1766,16.754647975077887
1767,7.257543103448275
1768,16.754647975077887
1769,13.089728850325379
1770,19.01675159235668
1771,16.754647975077887
1772,7.33142156862745
1773,10.728773690078041
1774,8.724696673189824
1775,12.25993808049536
1776,8.984031413612563
1777,11.737134445534837
1778,8.659595469255665
1779,14.317375000000004
1780,10.242045454545456
1781,6.967724620770126
1782,7.33142156862745
1783,9.697206572769952
1784,13.239805292061902
1785,7.722065573770493
1786,7.768954344624459
1787,9.923030303030304
1788,11.737134445534837
1789,12.25993808049536
1790,7.9525
1791,10.980837166513338
1792,10.728773690078041
1793,13.239805292061902
1794,14.590107584722968
1795,8.537731092436973
1796,6.926351351351352
1797,11.555817727840203
1798,7.4015292353823074
1799,12.25993808049536
1800,12.25993808049536
1801,15.17777054108217
1802,15.17777054108217
1803,7.722065573770493
1804,9.154460163812363
1805,15.137219701879456
1806,6.967724620770126
1807,11.408000000000003
1808,12.703969732246799
1809,11.555817727840203
1810,7.981873589164787
1811,10.728773690078041
1812,8.08785874439462
1813,7.257543103448275
1814,16.148066875653086
1815,15.003126684636115
1816,16.547633587786265
1817,12.495679442508713
1818,9.69248701298701
1819,18.08647985989493
1820,14.317375000000004
1821,12.25993808049536
1822,9.333402777777787
1823,12.25993808049536
1824,15.908327974276528
1825,11.901854338842975
1826,13.896364779874208
1827,11.901854338842975
1828,12.25993808049536
1829,9.697206572769952
1830,9.891134969325153
1831,11.735271739130434
1832,6.967724620770126
1833,9.697206572769952
1834,7.5242913385826755
1835,7.611739130434781
1836,7.137491638795986
1837,9.333402777777787
1838,7.981873589164787
1839,7.981873589164787
1840,15.652043868394813
1841,8.984031413612563
1842,11.735271739130434
1843,18.08647985989493
1844,14.318376963350786
1845,8.949145569620255
1846,13.697248062015499
1847,6.967724620770126
1848,8.332462235649544
1849,14.317375000000004
1850,8.332462235649544
1851,7.768954344624459
1852,6.90375
1853,13.896364779874208
1854,14.317375000000004
1855,19.01675159235668
1856,9.69248701298701
1857,9.538186915887849
1858,9.154460163812363
1859,6.732375
1860,8.12669398907104
1861,10.728773690078041
1862,14.590107584722968
1863,9.69248701298701
1864,18.595190995907224
1865,9.891134969325153
1866,11.29717917675545
1867,10.310117416829744
1868,16.624679399727153
1869,14.798441558441558
1870,11.555817727840203
1871,11.156032013479361
1872,10.728773690078041
1873,7.227697368421052
1874,11.555817727840203
1875,9.154460163812363
1876,17.368251121076224
1877,9.154460163812363
1878,8.914171122994652
1879,6.90375
1880,7.768954344624459
1881,6.967724620770126
1882,13.162633136094689
1883,12.912076023391814
1884,12.697039800995025
1885,16.547633587786265
1886,8.537731092436973
1887,18.17878281622912
1888,9.154460163812363
1889,9.333402777777787
1890,13.896364779874208
1891,12.703969732246799
1892,10.728773690078041
1893,19.98764331210191
1894,8.659595469255665
1895,7.981873589164787
1896,10.980837166513338
1897,12.697039800995025
1898,18.595190995907224
1899,10.728773690078041
1900,11.29717917675545
1901,13.239805292061902
1902,7.768954344624459
1903,8.914171122994652
1904,11.737134445534837
1905,12.17458904109589
1906,15.17777054108217
1907,15.137219701879456
1908,11.408000000000003
1909,9.546543209876543
1910,12.697039800995025
1911,9.826612021857922
1912,19.01675159235668
1913,15.652043868394813
1914,13.239805292061902
1915,11.901854338842975
1916,11.555817727840203
1917,7.768954344624459
1918,15.17777054108217
1919,11.901854338842975
1920,10.391755395683457
1921,8.12669398907104
1922,8.659595469255665
1923,10.728773690078041
1924,12.912076023391814
1925,10.55167832167832
1926,11.901854338842975
1927,7.137491638795986
1928,12.912076023391814
1929,7.722065573770493
1930,7.981873589164787
1931,12.25993808049536
1932,7.137491638795986
1933,15.908327974276528
1934,13.239805292061902
1935,15.137219701879456
1936,14.318376963350786
1937,15.137219701879456
1938,15.652043868394813
1939,10.980837166513338
1940,14.590107584722968
1941,10.328130081300808
1942,9.538186915887849
1943,10.202038567493119
1944,11.156032013479361
1945,6.967724620770126
1946,12.703969732246799
1947,12.912076023391814
1948,9.538186915887849
1949,6.967724620770126
1950,7.768954344624459
1951,14.108114374034004
1952,10.068816793893133
1953,13.239805292061902
1954,8.332462235649544
1955,8.400995475113126
1956,8.962835820895522
1957,9.333402777777787
1958,11.29717917675545
1959,11.612484472049687
1960,7.4015292353823074
1961,9.538186915887849
1962,12.697039800995025
1963,19.98764331210191
1964,7.4015292353823074
1965,12.17458904109589
1966,10.202038567493119
1967,14.108114374034004
1968,10.502102564102561
1969,6.967724620770126
1970,8.08785874439462
1971,12.25993808049536
1972,15.003126684636115
1973,13.239805292061902
1974,10.55167832167832
1975,11.29717917675545
1976,11.156032013479361
1977,10.980837166513338
1978,11.408000000000003
1979,11.735271739130434
1980,13.239805292061902
1981,11.901854338842975
1982,13.089728850325379
1983,8.537731092436973
1984,13.607716049382715
1985,7.5242913385826755
1986,6.967724620770126
1987,12.25993808049536
1988,8.08785874439462
1989,10.728773690078041
1990,14.108114374034004
1991,8.08785874439462
1992,12.819113924050631
1993,11.555817727840203
1994,8.12669398907104
1995,17.41025862068966
1996,10.242045454545456
1997,10.980837166513338
1998,10.328130081300808
1999,13.239805292061902
2000,12.25993808049536
2001,16.11794187828508
2002,9.69248701298701
2003,11.737134445534837
2004,14.317375000000004
2005,7.4015292353823074
2006,8.541441441441442
2007,10.980837166513338
2008,16.754647975077887
2009,18.595190995907224
2010,10.502102564102561
2011,18.26211956521739
2012,9.538186915887849
2013,12.819113924050631
2014,7.5242913385826755
2015,13.697248062015499
2016,15.908327974276528
2017,7.137491638795986
2018,12.17458904109589
2019,8.724696673189824
2020,10.585015673981195
2021,7.137491638795986
2022,9.69248701298701
2023,17.448429256594718
2024,12.25993808049536
2025,11.735271739130434
2026,12.427647058823528
2027,13.162633136094689
2028,15.652043868394813
2029,12.703969732246799
2030,10.202038567493119
2031,12.25993808049536
2032,12.697039800995025
2033,9.333402777777787
2034,17.41025862068966
2035,15.17777054108217
2036,11.29717917675545
2037,17.326132075471698
2038,8.659595469255665
2039,13.697248062015499
2040,12.912076023391814
2041,12.25993808049536
2042,15.003126684636115
2043,15.003126684636115
2044,17.368251121076224
2045,11.735271739130434
2046,7.722065573770493
2047,8.914171122994652
2048,7.722065573770493
2049,13.896364779874208
2050,11.156032013479361
2051,18.08647985989493
2052,13.896364779874208
2053,18.08647985989493
2054,14.318376963350786
2055,20.406768189509307
2056,15.908327974276528
2057,15.908327974276528
2058,7.4015292353823074
2059,18.24270833333333
2060,6.90375
2061,10.502102564102561
2062,13.239805292061902
2063,13.162633136094689
2064,10.328130081300808
2065,6.90375
2066,14.317375000000004
2067,10.980837166513338
2068,19.01675159235668
2069,8.08785874439462
2070,10.391755395683457
2071,8.332462235649544
2072,11.29717917675545
2073,15.17777054108217
2074,15.771099744245523
2075,6.90375
2076,11.737134445534837
2077,14.317375000000004
2078,17.41025862068966
2079,17.41025862068966
2080,18.595190995907224
2081,13.697248062015499
2082,13.239805292061902
2083,15.771099744245523
2084,9.154460163812363
2085,11.29717917675545
2086,13.896364779874208
2087,8.949145569620255
2088,8.984031413612563
2089,15.137219701879456
2090,7.4015292353823074
2091,12.25993808049536
2092,11.735271739130434
2093,13.089728850325379
2094,8.962835820895522
2095,11.901854338842975
2096,14.798441558441558
2097,18.17878281622912
2098,16.624679399727153
2099,6.967724620770126
2100,19.01675159235668
2101,14.590107584722968
2102,10.242045454545456
2103,14.318376963350786
2104,11.555817727840203
2105,12.25993808049536
2106,13.896364779874208
2107,19.01675159235668
2108,17.41025862068966
2109,18.08647985989493
2110,9.333402777777787
2111,8.914171122994652
2112,15.137219701879456
2113,14.798441558441558
2114,13.089728850325379
2115,10.328130081300808
2116,8.08785874439462
2117,16.148066875653086
2118,12.25993808049536
2119,6.967724620770126
2120,12.25993808049536
2121,7.768954344624459
2122,15.17777054108217
2123,18.595190995907224
2124,15.771099744245523
2125,17.368251121076224
2126,14.590107584722968
2127,7.257543103448275
2128,14.318376963350786
2129,12.912076023391814
2130,8.914171122994652
2131,7.5511111111111076
2132,11.555817727840203
2133,14.590107584722968
2134,6.967724620770126
2135,6.967724620770126
2136,11.901854338842975
2137,6.90375
2138,8.659595469255665
2139,9.333402777777787
2140,14.318376963350786
2141,14.58139303482587
2142,7.33142156862745
2143,13.239805292061902
2144,14.590107584722968
2145,12.25993808049536
2146,10.502102564102561
2147,14.58139303482587
2148,12.697039800995025
2149,7.611739130434781
2150,10.502102564102561
2151,14.58139303482587
2152,6.926351351351352
2153,7.981873589164787
2154,6.967724620770126
2155,15.17777054108217
2156,7.5242913385826755
2157,13.239805292061902
2158,7.4015292353823074
2159,8.08785874439462
2160,11.901854338842975
2161,7.33142156862745
2162,14.798441558441558
2163,8.12669398907104
2164,11.29717917675545
2165,14.318376963350786
2166,11.555817727840203
2167,8.325785440613027
2168,17.41025862068966
2169,13.089728850325379
2170,10.310117416829744
2171,17.368251121076224
2172,9.154460163812363
2173,11.901854338842975
2174,15.137219701879456
2175,8.962835820895522
2176,9.079761904761906
2177,10.502102564102561
2178,12.25993808049536
2179,7.768954344624459
2180,17.368251121076224
2181,8.659595469255665
2182,19.01675159235668
2183,12.912076023391814
2184,12.25993808049536
2185,16.064618689581092
2186,6.967724620770126
2187,15.17777054108217
2188,8.08785874439462
2189,8.08785874439462
2190,10.502102564102561
2191,8.659595469255665
2192,12.697039800995025
2193,11.29717917675545
2194,11.901854338842975
2195,16.624679399727153
2196,12.819113924050631
2197,7.33142156862745
2198,8.914171122994652
2199,12.093545454545454
2200,7.4015292353823074
2201,16.754647975077887
2202,13.697248062015499
2203,10.328130081300808
2204,8.08785874439462
2205,15.137219701879456
2206,12.25993808049536
2207,16.754647975077887
2208,7.722065573770493
2209,9.538186915887849
2210,8.325785440613027
2211,7.981873589164787
2212,8.241811594202899
2213,8.724696673189824
2214,11.901854338842975
2215,10.980837166513338
2216,8.400995475113126
2217,14.317375000000004
2218,12.25993808049536
2219,15.652043868394813
2220,11.408000000000003
2221,9.154460163812363
2222,8.325785440613027
2223,14.318376963350786
2224,8.724696673189824
2225,6.967724620770126
2226,6.732375
2227,15.908327974276528
2228,18.595190995907224
2229,15.137219701879456
2230,7.768954344624459
2231,7.981873589164787
2232,9.333402777777787
2233,17.368251121076224
2234,6.967724620770126
2235,19.01675159235668
2236,8.08785874439462
2237,15.908327974276528
2238,13.239805292061902
2239,7.428943396226415
2240,10.068816793893133
2241,14.58139303482587
2242,13.697248062015499
2243,11.29717917675545
2244,18.08647985989493
2245,19.292636815920396
2246,8.241811594202899
2247,14.317375000000004
2248,15.908327974276528
2249,19.69543624161074
2250,14.590107584722968
2251,11.29717917675545
2252,14.317375000000004
2253,11.408000000000003
2254,8.724696673189824
2255,15.17777054108217
2256,15.003126684636115
2257,18.595190995907224
2258,8.325785440613027
2259,16.148066875653086
2260,15.137219701879456
2261,8.659595469255665
2262,15.137219701879456
2263,12.912076023391814
2264,17.448429256594718
2265,6.90375
2266,16.754647975077887
2267,13.799649122807018
2268,15.137219701879456
2269,10.310117416829744
2270,16.547633587786265
2271,13.089728850325379
2272,9.538186915887849
2273,17.448429256594718
2274,15.17777054108217
2275,15.137219701879456
2276,12.25993808049536
2277,10.502102564102561
2278,12.25993808049536
2279,14.317375000000004
2280,11.735271739130434
2281,9.333402777777787
2282,12.697039800995025
2283,12.912076023391814
2284,11.901854338842975
2285,8.332462235649544
2286,11.555817727840203
2287,17.448429256594718
2288,10.328130081300808
2289,13.239805292061902
2290,13.162633136094689
2291,7.4015292353823074
2292,10.728773690078041
2293,11.735271739130434
2294,11.555817727840203
2295,9.154460163812363
2296,12.819113924050631
2297,13.239805292061902
2298,14.798441558441558
2299,9.538186915887849
2300,12.912076023391814
2301,6.967724620770126
2302,12.25993808049536
2303,12.316610169491522
2304,7.5511111111111076
2305,9.697206572769952
2306,11.901854338842975
2307,16.148066875653086
2308,9.891134969325153
2309,8.659595469255665
2310,10.728773690078041
2311,14.318376963350786
2312,8.949145569620255
2313,9.891134969325153
2314,14.590107584722968
2315,15.137219701879456
2316,13.56477434679335
2317,14.58139303482587
2318,11.737134445534837
2319,19.01675159235668
2320,13.239805292061902
2321,13.697248062015499
2322,8.659595469255665
2323,12.25993808049536
2324,14.58139303482587
2325,15.17777054108217
2326,10.502102564102561
2327,12.703969732246799
2328,13.903099415204682
2329,13.089728850325379
2330,14.318376963350786
2331,12.703969732246799
2332,12.25993808049536
2333,11.901854338842975
2334,11.156032013479361
2335,9.69248701298701
2336,15.17777054108217
2337,15.17777054108217
2338,14.318376963350786
2339,13.162633136094689
2340,10.310117416829744
2341,10.585015673981195
2342,10.728773690078041
2343,11.612484472049687
2344,12.25993808049536
2345,12.25993808049536
2346,9.333402777777787
2347,10.242045454545456
2348,8.659595469255665
2349,15.137219701879456
2350,13.239805292061902
2351,11.408000000000003
2352,9.69248701298701
2353,16.754647975077887
2354,14.590107584722968
2355,15.908327974276528
2356,12.703969732246799
2357,9.538186915887849
2358,12.912076023391814
2359,7.9525
2360,7.722065573770493
2361,9.154460163812363
2362,7.722065573770493
2363,12.912076023391814
2364,14.58139303482587
2365,8.12669398907104
2366,12.25993808049536
2367,11.735271739130434
2368,9.826612021857922
2369,16.754647975077887
2370,10.310117416829744
2371,9.69248701298701
2372,17.326132075471698
2373,11.735271739130434
2374,11.555817727840203
2375,6.926351351351352
2376,20.406768189509307
2377,11.156032013479361
2378,14.590107584722968
2379,7.4015292353823074
2380,7.137491638795986
2381,12.093545454545454
2382,8.08785874439462
2383,12.912076023391814
2384,17.368251121076224
2385,10.202038567493119
2386,12.703969732246799
2387,10.242045454545456
2388,12.25993808049536
2389,12.697039800995025
2390,19.01675159235668
2391,17.448429256594718
2392,7.4015292353823074
2393,17.326132075471698
2394,12.703969732246799
2395,9.538186915887849
2396,12.25993808049536
2397,12.093545454545454
2398,17.368251121076224
2399,11.735271739130434
2400,10.242045454545456
2401,8.962835820895522
2402,19.01675159235668
2403,14.590107584722968
2404,7.722065573770493
2405,14.590107584722968
2406,20.406768189509307
2407,14.317375000000004
2408,12.697039800995025
2409,7.4015292353823074
2410,17.326132075471698
2411,7.5511111111111076
2412,12.25993808049536
2413,7.611739130434781
2414,7.9525
2415,14.317375000000004
2416,15.908327974276528
2417,13.165902777777776
2418,9.69248701298701
2419,11.555817727840203
2420,13.239805292061902
2421,15.137219701879456
2422,16.754647975077887
2423,7.137491638795986
2424,7.611739130434781
2425,9.333402777777787
2426,12.427647058823528
2427,13.162633136094689
2428,11.408000000000003
2429,15.908327974276528
2430,10.310117416829744
2431,16.754647975077887
2432,12.697039800995025
2433,20.956815286624188
2434,13.239805292061902
2435,8.08785874439462
2436,15.771099744245523
2437,8.332462235649544
2438,10.980837166513338
2439,18.08647985989493
2440,9.538186915887849
2441,7.428943396226415
2442,12.25993808049536
2443,11.29717917675545
2444,12.703969732246799
2445,13.089728850325379
2446,8.08785874439462
2447,15.17777054108217
2448,6.967724620770126
2449,15.908327974276528
2450,10.980837166513338
2451,15.137219701879456
2452,11.901854338842975
2453,13.239805292061902
2454,10.502102564102561
2455,7.33142156862745
2456,12.703969732246799
2457,14.318376963350786
2458,13.162633136094689
2459,14.317375000000004
2460,14.590107584722968
2461,16.148066875653086
2462,12.427647058823528
2463,11.408000000000003
2464,15.908327974276528
2465,9.333402777777787
2466,13.607716049382715
2467,12.697039800995025
2468,9.333402777777787
2469,10.980837166513338
2470,15.908327974276528
2471,6.967724620770126
2472,13.903099415204682
2473,13.239805292061902
2474,9.891134969325153
2475,14.318376963350786
2476,7.722065573770493
2477,10.202038567493119
2478,10.391755395683457
2479,12.697039800995025
2480,13.089728850325379
2481,17.41025862068966
2482,11.156032013479361
2483,15.652043868394813
2484,8.962835820895522
2485,17.326132075471698
2486,14.317375000000004
2487,14.317375000000004
2488,12.912076023391814
2489,11.735271739130434
2490,9.538186915887849
2491,10.068816793893133
2492,8.12669398907104
2493,7.137491638795986
2494,11.735271739130434
2495,9.154460163812363
2496,12.697039800995025
2497,13.162633136094689
2498,8.962835820895522
2499,11.408000000000003
2500,15.908327974276528
2501,15.137219701879456
2502,18.17878281622912
2503,14.108114374034004
2504,8.949145569620255
2505,10.728773690078041
2506,12.912076023391814
2507,10.202038567493119
2508,13.089728850325379
2509,15.17777054108217
2510,15.003126684636115
2511,9.154460163812363
2512,12.697039800995025
2513,7.722065573770493
2514,9.538186915887849
2515,9.538186915887849
2516,19.69543624161074
2517,12.912076023391814
2518,19.98764331210191
2519,18.26211956521739
2520,11.555817727840203
2521,14.590107584722968
2522,14.590107584722968
2523,12.495679442508713
2524,7.26248407643312
2525,9.154460163812363
2526,15.137219701879456
2527,10.391755395683457
2528,15.771099744245523
2529,11.408000000000003
2530,12.25993808049536
2531,6.967724620770126
2532,12.316610169491522
2533,9.69248701298701
2534,13.239805292061902
2535,12.703969732246799
2536,9.891134969325153
2537,7.722065573770493
2538,12.25993808049536
2539,12.697039800995025
2540,11.156032013479361
2541,11.156032013479361
2542,11.901854338842975
2543,12.703969732246799
2544,8.332462235649544
2545,12.25993808049536
2546,13.089728850325379
2547,7.33142156862745
2548,11.29717917675545
2549,16.148066875653086
2550,10.728773690078041
2551,16.148066875653086
2552,12.25993808049536
2553,15.771099744245523
2554,7.26248407643312
2555,9.538186915887849
2556,8.949145569620255
2557,14.318376963350786
2558,9.69248701298701
2559,14.317375000000004
2560,8.914171122994652
2561,8.332462235649544
2562,6.967724620770126
2563,9.538186915887849
2564,13.239805292061902
2565,6.967724620770126
2566,8.962835820895522
2567,15.908327974276528
2568,10.242045454545456
2569,7.722065573770493
2570,14.58139303482587
2571,16.148066875653086
2572,9.538186915887849
2573,8.537731092436973
2574,12.25993808049536
2575,11.156032013479361
2576,7.5511111111111076
2577,13.239805292061902
2578,12.093545454545454
2579,10.502102564102561
2580,8.325785440613027
2581,11.555817727840203
2582,11.735271739130434
2583,9.538186915887849
2584,11.901854338842975
2585,18.595190995907224
2586,8.241811594202899
2587,16.064618689581092
2588,6.732375
2589,15.652043868394813
2590,9.69248701298701
2591,8.949145569620255
2592,13.697248062015499
2593,12.697039800995025
2594,7.33142156862745
2595,16.547633587786265
2596,13.089728850325379
2597,12.25993808049536
2598,11.901854338842975
2599,17.41025862068966
2600,12.912076023391814
2601,10.585015673981195
2602,9.538186915887849
2603,10.728773690078041
2604,12.697039800995025
2605,10.55167832167832
2606,12.25993808049536
2607,12.316610169491522
2608,12.912076023391814
2609,10.728773690078041
2610,15.17777054108217
2611,11.555817727840203
2612,16.148066875653086
2613,16.148066875653086
2614,15.17777054108217
2615,10.728773690078041
2616,6.967724620770126
2617,13.239805292061902
2618,8.724696673189824
2619,15.003126684636115
2620,16.148066875653086
2621,15.137219701879456
2622,13.162633136094689
2623,16.148066875653086
2624,9.826612021857922
2625,12.697039800995025
2626,18.595190995907224
2627,15.652043868394813
2628,6.967724620770126
2629,14.318376963350786
2630,8.984031413612563
2631,8.724696673189824
2632,7.722065573770493
2633,11.735271739130434
2634,16.064618689581092
2635,7.611739130434781
2636,13.162633136094689
2637,8.659595469255665
2638,7.981873589164787
2639,6.732375
2640,14.317375000000004
2641,12.912076023391814
2642,8.914171122994652
2643,15.17777054108217
2644,10.980837166513338
2645,17.326132075471698
2646,13.239805292061902
2647,13.089728850325379
2648,11.735271739130434
2649,13.56477434679335
2650,8.949145569620255
2651,12.427647058823528
2652,19.292636815920396
2653,8.12669398907104
2654,12.093545454545454
2655,11.156032013479361
2656,8.08785874439462
2657,14.318376963350786
2658,9.154460163812363
2659,9.546543209876543
2660,13.697248062015499
2661,6.90375
2662,11.555817727840203
2663,7.4015292353823074
2664,9.69248701298701
2665,11.555817727840203
2666,7.4015292353823074
2667,17.41025862068966
2668,12.316610169491522
2669,13.089728850325379
2670,8.659595469255665
2671,11.735271739130434
2672,17.326132075471698
2673,17.41025862068966
2674,8.325785440613027
2675,16.754647975077887
2676,10.068816793893133
2677,14.317375000000004
2678,14.317375000000004
2679,14.317375000000004
2680,14.318376963350786
2681,11.156032013479361
2682,10.502102564102561
2683,15.17777054108217
2684,10.202038567493119
2685,7.137491638795986
2686,12.912076023391814
2687,7.5511111111111076
2688,11.156032013479361
2689,6.90375
2690,13.697248062015499
2691,7.257543103448275
2692,9.333402777777787
2693,10.502102564102561
2694,13.56477434679335
2695,12.25993808049536
2696,10.310117416829744
2697,18.08647985989493
2698,16.078649999999993
2699,14.108114374034004
2700,15.908327974276528
2701,18.26211956521739
2702,12.25993808049536
2703,9.697206572769952
2704,10.068816793893133
2705,11.408000000000003
2706,7.33142156862745
2707,13.697248062015499
2708,8.241811594202899
2709,14.318376963350786
2710,10.980837166513338
2711,11.901854338842975
2712,10.202038567493119
2713,7.722065573770493
2714,18.26211956521739
2715,10.502102564102561
2716,10.391755395683457
2717,8.724696673189824
2718,11.29717917675545
2719,9.333402777777787
2720,10.242045454545456
2721,14.318376963350786
2722,14.58139303482587
2723,17.41025862068966
2724,17.326132075471698
2725,15.652043868394813
2726,16.624679399727153
2727,6.90375
2728,12.912076023391814
2729,15.652043868394813
2730,11.408000000000003
2731,17.41025862068966
2732,11.735271739130434
2733,15.137219701879456
2734,10.728773690078041
2735,14.317375000000004
2736,9.154460163812363
2737,14.317375000000004
2738,8.12669398907104
2739,8.984031413612563
2740,9.697206572769952
2741,7.4015292353823074
2742,14.590107584722968
2743,7.722065573770493
2744,8.12669398907104
2745,11.901854338842975
2746,12.912076023391814
2747,6.967724620770126
2748,7.428943396226415
2749,13.239805292061902
2750,12.697039800995025
2751,17.41025862068966
2752,11.408000000000003
2753,8.724696673189824
2754,13.239805292061902
2755,12.316610169491522
2756,12.912076023391814
2757,7.722065573770493
2758,7.33142156862745
2759,6.967724620770126
2760,15.652043868394813
2761,18.595190995907224
2762,8.332462235649544
2763,12.093545454545454
2764,7.5511111111111076
2765,15.17777054108217
2766,8.724696673189824
2767,8.724696673189824
2768,17.448429256594718
2769,19.98764331210191
2770,12.25993808049536
2771,6.732375
2772,13.697248062015499
2773,12.819113924050631
2774,6.967724620770126
2775,13.162633136094689
2776,15.17777054108217
2777,15.17777054108217
2778,8.949145569620255
2779,11.901854338842975
2780,7.5242913385826755
2781,7.611739130434781
2782,15.771099744245523
2783,12.912076023391814
2784,9.538186915887849
2785,14.58139303482587
2786,15.652043868394813
2787,8.332462235649544
2788,14.590107584722968
2789,13.089728850325379
2790,7.4015292353823074
2791,20.406768189509307
2792,10.068816793893133
2793,9.333402777777787
2794,18.17878281622912
2795,7.428943396226415
2796,12.427647058823528
2797,11.737134445534837
2798,9.69248701298701
2799,6.90375
2800,14.108114374034004
2801,10.728773690078041
2802,10.728773690078041
2803,10.980837166513338
2804,7.5242913385826755
2805,15.17777054108217
2806,12.703969732246799
2807,10.980837166513338
2808,17.368251121076224
2809,9.333402777777787
2810,8.724696673189824
2811,9.69248701298701
2812,19.902641509433966
2813,19.69543624161074
2814,8.724696673189824
2815,15.908327974276528
2816,16.148066875653086
2817,12.093545454545454
2818,15.908327974276528
2819,10.502102564102561
2820,9.154460163812363
2821,12.25993808049536
2822,14.128181818181819
2823,11.29717917675545
2824,10.310117416829744
2825,9.538186915887849
2826,11.156032013479361
2827,9.69248701298701
2828,11.555817727840203
2829,11.555817727840203
2830,16.064618689581092
2831,9.69248701298701
2832,13.697248062015499
2833,12.912076023391814
2834,14.318376963350786
2835,9.69248701298701
2836,14.58139303482587
2837,7.33142156862745
2838,14.590107584722968
2839,6.967724620770126
2840,11.555817727840203
2841,15.908327974276528
2842,14.590107584722968
2843,18.08647985989493
2844,10.391755395683457
2845,15.908327974276528
2846,19.69543624161074
2847,12.25993808049536
2848,7.428943396226415
2849,6.967724620770126
2850,16.624679399727153
2851,7.722065573770493
2852,11.901854338842975
2853,15.137219701879456
2854,13.239805292061902
2855,15.908327974276528
2856,7.722065573770493
2857,12.25993808049536
2858,14.317375000000004
2859,7.768954344624459
2860,17.41025862068966
2861,16.624679399727153
2862,15.17777054108217
2863,11.901854338842975
2864,14.58139303482587
2865,6.967724620770126
2866,12.703969732246799
2867,12.316610169491522
2868,11.408000000000003
2869,9.154460163812363
2870,9.154460163812363
2871,10.980837166513338
2872,13.903099415204682
2873,9.69248701298701
2874,12.25993808049536
2875,7.139696969696969
2876,11.156032013479361
2877,8.659595469255665
2878,7.768954344624459
2879,14.317375000000004
2880,8.400995475113126
2881,17.41025862068966
2882,18.595190995907224
2883,18.08647985989493
2884,10.391755395683457
2885,14.590107584722968
2886,21.994786324786325
2887,15.17777054108217
2888,11.29717917675545
2889,20.139813084112145
2890,13.162633136094689
2891,10.728773690078041
2892,8.12669398907104
2893,9.154460163812363
2894,19.01675159235668
2895,7.981873589164787
2896,13.089728850325379
2897,13.896364779874208
2898,17.368251121076224
2899,13.896364779874208
2900,11.156032013479361
2901,10.502102564102561
2902,13.239805292061902
2903,8.08785874439462
2904,15.17777054108217
2905,10.980837166513338
2906,10.728773690078041
2907,10.502102564102561
2908,11.735271739130434
2909,18.595190995907224
2910,7.137491638795986
2911,19.01675159235668
2912,7.722065573770493
2913,14.590107584722968
2914,14.58139303482587
2915,13.162633136094689
2916,11.901854338842975
2917,14.317375000000004
2918,8.332462235649544
2919,12.25993808049536
2920,11.555817727840203
2921,10.502102564102561
2922,17.41025862068966
2923,9.154460163812363
2924,14.590107584722968
2925,7.227697368421052
2926,8.914171122994652
2927,14.108114374034004
2928,17.368251121076224
2929,13.162633136094689
2930,8.914171122994652
2931,14.318376963350786
2932,13.697248062015499
2933,10.201882352941178
2934,12.697039800995025
2935,7.4015292353823074
2936,12.25993808049536
2937,10.502102564102561
2938,12.703969732246799
2939,19.98764331210191
2940,13.896364779874208
2941,9.697206572769952
2942,15.003126684636115
2943,18.595190995907224
2944,11.29717917675545
2945,7.768954344624459
2946,10.728773690078041
2947,11.555817727840203
2948,16.754647975077887
2949,7.5242913385826755
2950,10.242045454545456
2951,17.448429256594718
2952,13.089728850325379
2953,6.90375
2954,7.611739130434781
2955,12.093545454545454
2956,8.08785874439462
2957,11.156032013479361
2958,7.768954344624459
2959,14.317375000000004
2960,16.064618689581092
2961,13.239805292061902
2962,13.089728850325379
2963,7.722065573770493
2964,8.08785874439462
2965,12.703969732246799
2966,11.737134445534837
2967,13.162633136094689
2968,6.732375
2969,8.984031413612563
2970,11.408000000000003
2971,10.728773690078041
2972,8.08785874439462
2973,11.737134445534837
2974,11.901854338842975
2975,8.332462235649544
2976,12.703969732246799
2977,9.689314510715336
2978,10.55167832167832
2979,7.981873589164787
2980,15.771099744245523
2981,12.25993808049536
2982,12.697039800995025
2983,6.90375
2984,11.737134445534837
2985,7.9525
2986,17.368251121076224
2987,12.25993808049536
2988,14.590107584722968
2989,14.318376963350786
2990,7.4015292353823074
2991,17.038244680851058
2992,15.17777054108217
2993,13.162633136094689
2994,8.08785874439462
2995,13.165902777777776
2996,6.926351351351352
2997,9.333402777777787
2998,9.69248701298701
2999,6.732375
3000,12.25993808049536
3001,12.093545454545454
3002,8.984031413612563
3003,6.732375
3004,11.156032013479361
3005,11.555817727840203
3006,11.901854338842975
3007,18.08647985989493
3008,7.137491638795986
3009,9.538186915887849
3010,15.17777054108217
3011,11.737134445534837
3012,19.01675159235668
3013,9.333402777777787
3014,7.722065573770493
3015,8.241811594202899
3016,14.590107584722968
3017,11.555817727840203
3018,18.595190995907224
3019,7.768954344624459
3020,6.967724620770126
3021,8.08785874439462
3022,8.949145569620255
3023,9.69248701298701
3024,15.17777054108217
3025,7.722065573770493
3026,7.33142156862745
3027,10.502102564102561
3028,13.239805292061902
3029,9.697206572769952
3030,18.17878281622912
3031,18.17878281622912
3032,10.242045454545456
3033,7.722065573770493
3034,10.502102564102561
3035,8.332462235649544
3036,6.967724620770126
3037,11.901854338842975
3038,17.448429256594718
3039,11.901854338842975
3040,7.981873589164787
3041,15.137219701879456
3042,7.981873589164787
3043,10.502102564102561
3044,9.69248701298701
3045,7.722065573770493
3046,9.154460163812363
3047,14.318376963350786
3048,10.391755395683457
3049,7.9525
3050,17.41025862068966
3051,9.538186915887849
3052,10.502102564102561
3053,15.17777054108217
3054,8.914171122994652
3055,11.735271739130434
3056,15.17777054108217
3057,15.771099744245523
3058,12.25993808049536
3059,7.722065573770493
3060,14.58139303482587
3061,13.697248062015499
3062,9.69248701298701
3063,11.156032013479361
3064,11.156032013479361
3065,9.333402777777787
3066,10.502102564102561
3067,15.137219701879456
3068,9.333402777777787
3069,12.25993808049536
3070,10.068816793893133
3071,14.318376963350786
3072,17.368251121076224
3073,14.317375000000004
3074,11.156032013479361
3075,9.546543209876543
3076,14.108114374034004
3077,18.26211956521739
3078,13.162633136094689
3079,12.427647058823528
3080,13.896364779874208
3081,6.732375
3082,18.595190995907224
3083,12.25993808049536
3084,11.29717917675545
3085,15.17777054108217
3086,12.25993808049536
3087,13.162633136094689
3088,12.912076023391814
3089,9.538186915887849
3090,15.908327974276528
3091,20.956815286624188
3092,12.25993808049536
3093,17.368251121076224
3094,16.078649999999993
3095,12.25993808049536
3096,15.908327974276528
3097,9.69248701298701
3098,19.01675159235668
3099,13.896364779874208
3100,11.29717917675545
3101,7.722065573770493
3102,14.317375000000004
3103,11.735271739130434
3104,13.162633136094689
3105,16.148066875653086
3106,18.08647985989493
3107,9.826612021857922
3108,10.980837166513338
3109,12.25993808049536
3110,14.108114374034004
3111,13.896364779874208
3112,15.652043868394813
3113,15.003126684636115
3114,12.25993808049536
3115,7.4015292353823074
3116,8.724696673189824
3117,9.69248701298701
3118,22.076980198019804
3119,16.064618689581092
3120,10.980837166513338
3121,11.737134445534837
3122,7.981873589164787
3123,14.58139303482587
3124,11.901854338842975
3125,17.368251121076224
3126,12.316610169491522
3127,16.624679399727153
3128,14.317375000000004
3129,8.332462235649544
3130,19.01675159235668
3131,14.317375000000004
3132,13.239805292061902
3133,19.98764331210191
3134,11.555817727840203
3135,11.156032013479361
3136,18.08647985989493
3137,9.69248701298701
3138,7.722065573770493
3139,14.317375000000004
3140,11.156032013479361
3141,17.038244680851058
3142,12.912076023391814
3143,17.326132075471698
3144,14.590107584722968
3145,12.25993808049536
3146,11.735271739130434
3147,20.956815286624188
3148,6.926351351351352
3149,7.768954344624459
3150,14.318376963350786
3151,8.914171122994652
3152,16.064618689581092
3153,6.90375
3154,19.01675159235668
3155,8.984031413612563
3156,9.333402777777787
3157,13.607716049382715
3158,8.332462235649544
3159,12.25993808049536
3160,15.17777054108217
3161,13.56477434679335
3162,9.69248701298701
3163,9.538186915887849
3164,6.90375
3165,13.896364779874208
3166,16.754647975077887
3167,9.333402777777787
3168,18.595190995907224
3169,12.093545454545454
3170,11.901854338842975
3171,17.448429256594718
3172,14.318376963350786
3173,16.148066875653086
3174,12.912076023391814
3175,15.908327974276528
3176,8.949145569620255
3177,15.17777054108217
3178,13.239805292061902
3179,13.239805292061902
3180,14.590107584722968
3181,15.771099744245523
3182,8.332462235649544
3183,10.391755395683457
3184,8.659595469255665
3185,16.624679399727153
3186,6.90375
3187,14.58139303482587
3188,8.914171122994652
3189,13.162633136094689
3190,11.555817727840203
3191,6.926351351351352
3192,18.595190995907224
3193,10.502102564102561
3194,11.408000000000003
3195,10.980837166513338
3196,11.156032013479361
3197,10.328130081300808
3198,13.239805292061902
3199,14.317375000000004
3200,8.914171122994652
3201,13.896364779874208
3202,13.697248062015499
3203,7.722065573770493
3204,20.139813084112145
3205,14.590107584722968
3206,16.148066875653086
3207,8.962835820895522
3208,11.408000000000003
3209,11.901854338842975
3210,9.154460163812363
3211,7.428943396226415
3212,14.590107584722968
3213,11.156032013479361
3214,14.590107584722968
3215,7.722065573770493
3216,13.239805292061902
3217,15.137219701879456
3218,6.967724620770126
3219,15.137219701879456
3220,12.912076023391814
3221,10.242045454545456
3222,12.495679442508713
3223,11.735271739130434
3224,9.154460163812363
3225,12.912076023391814
3226,8.12669398907104
3227,17.326132075471698
3228,9.333402777777787
3229,12.697039800995025
3230,15.771099744245523
3231,6.967724620770126
3232,14.590107584722968
3233,11.555817727840203
3234,17.41025862068966
3235,8.332462235649544
3236,14.798441558441558
3237,14.317375000000004
3238,9.69248701298701
3239,16.064618689581092
3240,7.768954344624459
3241,18.24270833333333
3242,8.08785874439462
3243,8.914171122994652
3244,9.69248701298701
3245,16.23481927710843
3246,10.242045454545456
3247,12.316610169491522
3248,11.555817727840203
3249,15.137219701879456
3250,11.156032013479361
3251,11.29717917675545
3252,11.901854338842975
3253,6.732375
3254,13.697248062015499
3255,13.162633136094689
3256,7.4015292353823074
3257,18.08647985989493
3258,11.737134445534837
3259,7.4015292353823074
3260,13.239805292061902
3261,8.724696673189824
3262,11.737134445534837
3263,13.165902777777776
3264,14.58139303482587
3265,15.908327974276528
3266,19.01675159235668
3267,18.08647985989493
3268,6.90375
3269,17.41025862068966
3270,7.722065573770493
3271,14.590107584722968
3272,7.768954344624459
3273,7.5242913385826755
3274,14.318376963350786
3275,6.967724620770126
3276,11.555817727840203
3277,8.984031413612563
3278,10.202038567493119
3279,12.25993808049536
3280,10.328130081300808
3281,14.317375000000004
3282,11.408000000000003
3283,13.239805292061902
3284,12.912076023391814
3285,12.697039800995025
3286,6.967724620770126
3287,16.624679399727153
3288,15.652043868394813
3289,9.154460163812363
3290,13.697248062015499
3291,7.768954344624459
3292,17.41025862068966
3293,7.722065573770493
3294,14.590107584722968
3295,8.325785440613027
3296,11.737134445534837
3297,7.26248407643312
3298,14.317375000000004
3299,10.980837166513338
3300,12.25993808049536
3301,9.69248701298701
3302,10.202038567493119
3303,13.165902777777776
3304,7.768954344624459
3305,9.154460163812363
3306,10.728773690078041
3307,11.901854338842975
3308,13.896364779874208
3309,13.089728850325379
3310,13.089728850325379
3311,9.333402777777787
3312,11.156032013479361
3313,14.590107584722968
3314,13.089728850325379
3315,13.239805292061902
3316,14.798441558441558
3317,11.737134445534837
3318,9.333402777777787
3319,13.239805292061902
3320,9.333402777777787
3321,18.08647985989493
3322,17.448429256594718
3323,7.768954344624459
3324,9.69248701298701
3325,13.903099415204682
3326,8.537731092436973
3327,16.754647975077887
3328,16.624679399727153
3329,15.17777054108217
3330,15.137219701879456
3331,13.239805292061902
3332,13.162633136094689
3333,13.239805292061902
3334,15.908327974276528
3335,14.108114374034004
3336,10.502102564102561
3337,10.202038567493119
3338,10.202038567493119
3339,10.202038567493119
3340,17.41025862068966
3341,7.9525
3342,9.719000000000001
3343,9.923030303030304
3344,8.332462235649544
3345,16.624679399727153
3346,6.967724620770126
3347,14.590107584722968
3348,8.724696673189824
3349,12.25993808049536
3350,7.981873589164787
3351,9.891134969325153
3352,9.69248701298701
3353,17.41025862068966
3354,11.555817727840203
3355,13.56477434679335
3356,15.137219701879456
3357,13.896364779874208
3358,8.659595469255665
3359,11.901854338842975
3360,16.23481927710843
3361,8.332462235649544
3362,7.33142156862745
3363,14.108114374034004
3364,16.624679399727153
3365,19.01675159235668
3366,15.908327974276528
3367,14.108114374034004
3368,15.652043868394813
3369,7.33142156862745
3370,16.064618689581092
3371,15.17777054108217
3372,14.590107584722968
3373,9.538186915887849
3374,13.239805292061902
3375,14.108114374034004
3376,11.901854338842975
3377,13.896364779874208
3378,9.826612021857922
3379,21.994786324786325
3380,9.154460163812363
3381,12.703969732246799
3382,10.502102564102561
3383,7.722065573770493
3384,14.590107584722968
3385,16.148066875653086
3386,7.4015292353823074
3387,13.162633136094689
3388,10.585015673981195
3389,10.980837166513338
3390,9.69248701298701
3391,9.697206572769952
3392,9.538186915887849
3393,7.5242913385826755
3394,7.33142156862745
3395,13.089728850325379
3396,6.967724620770126
3397,14.317375000000004
3398,13.239805292061902
3399,10.242045454545456
3400,13.607716049382715
3401,7.5511111111111076
3402,11.29717917675545
3403,14.318376963350786
3404,13.903099415204682
3405,8.724696673189824
3406,11.737134445534837
3407,8.659595469255665
3408,12.25993808049536
3409,7.4015292353823074
3410,10.328130081300808
3411,6.967724620770126
3412,11.29717917675545
3413,6.732375
3414,10.310117416829744
3415,18.08647985989493
3416,11.737134445534837
3417,17.698899082568808
3418,10.980837166513338
3419,10.502102564102561
3420,9.538186915887849
3421,13.162633136094689
3422,11.29717917675545
3423,15.137219701879456
3424,13.239805292061902
3425,14.590107584722968
3426,9.538186915887849
3427,15.17777054108217
3428,12.093545454545454
3429,8.400995475113126
3430,7.981873589164787
3431,9.538186915887849
3432,7.4015292353823074
3433,10.728773690078041
3434,11.901854338842975
3435,15.137219701879456
3436,9.154460163812363
3437,15.003126684636115
3438,7.428943396226415
3439,10.242045454545456
3440,13.903099415204682
3441,14.318376963350786
3442,13.162633136094689
3443,18.17878281622912
3444,8.659595469255665
3445,12.25993808049536
3446,15.652043868394813
3447,15.908327974276528
3448,8.962835820895522
3449,15.17777054108217
3450,13.903099415204682
3451,18.08647985989493
3452,8.08785874439462
3453,8.914171122994652
3454,14.108114374034004
3455,8.914171122994652
3456,7.768954344624459
3457,15.137219701879456
3458,17.326132075471698
3459,7.768954344624459
3460,13.903099415204682
3461,18.595190995907224
3462,12.912076023391814
3463,7.768954344624459
3464,8.914171122994652
3465,12.912076023391814
3466,7.137491638795986
3467,10.242045454545456
3468,11.901854338842975
3469,9.697206572769952
3470,13.697248062015499
3471,12.912076023391814
3472,11.737134445534837
3473,13.165902777777776
3474,13.896364779874208
3475,10.502102564102561
3476,6.90375
3477,12.697039800995025
3478,8.12669398907104
3479,12.912076023391814
3480,18.08647985989493
3481,14.590107584722968
3482,17.448429256594718
3483,6.967724620770126
3484,7.722065573770493
3485,8.400995475113126
3486,6.732375
3487,12.25993808049536
3488,8.400995475113126
3489,7.981873589164787
3490,18.17878281622912
3491,6.967724620770126
3492,11.901854338842975
3493,7.722065573770493
3494,14.317375000000004
3495,11.156032013479361
3496,11.156032013479361
3497,6.967724620770126
3498,8.914171122994652
3499,15.652043868394813
3500,13.56477434679335
3501,14.58139303482587
3502,11.735271739130434
3503,10.391755395683457
3504,12.427647058823528
3505,11.555817727840203
3506,14.317375000000004
3507,7.5242913385826755
3508,9.69248701298701
3509,11.408000000000003
3510,19.292636815920396
3511,12.316610169491522
3512,11.555817727840203
3513,14.317375000000004
3514,11.901854338842975
3515,13.896364779874208
3516,13.697248062015499
3517,7.4015292353823074
3518,12.912076023391814
3519,8.659595469255665
3520,9.697206572769952
3521,16.148066875653086
3522,13.697248062015499
3523,11.408000000000003
3524,17.448429256594718
3525,10.728773690078041
3526,15.17777054108217
3527,8.08785874439462
3528,11.901854338842975
3529,16.754647975077887
3530,11.735271739130434
3531,15.137219701879456
3532,17.368251121076224
3533,16.754647975077887
3534,13.896364779874208
3535,12.697039800995025
3536,17.368251121076224
3537,8.914171122994652
3538,13.903099415204682
3539,9.538186915887849
3540,9.538186915887849
3541,10.980837166513338
3542,11.901854338842975
3543,16.148066875653086
3544,15.137219701879456
3545,11.901854338842975
3546,14.58139303482587
3547,17.448429256594718
3548,18.17878281622912
3549,11.408000000000003
3550,8.400995475113126
3551,7.9525
3552,7.33142156862745
3553,10.391755395683457
3554,7.4015292353823074
3555,7.4015292353823074
3556,9.538186915887849
3557,8.659595469255665
3558,7.33142156862745
3559,14.317375000000004
3560,7.981873589164787
3561,11.555817727840203
3562,13.903099415204682
3563,9.154460163812363
3564,15.908327974276528
3565,15.908327974276528
3566,14.318376963350786
3567,11.555817727840203
3568,16.754647975077887
3569,16.754647975077887
3570,9.69248701298701
3571,11.156032013479361
3572,12.697039800995025
3573,17.41025862068966
3574,9.154460163812363
3575,11.555817727840203
3576,7.4015292353823074
3577,12.427647058823528
3578,7.722065573770493
3579,14.317375000000004
3580,13.697248062015499
3581,12.25993808049536
3582,9.826612021857922
3583,18.595190995907224
3584,14.590107584722968
3585,13.239805292061902
3586,7.768954344624459
3587,8.537731092436973
3588,10.502102564102561
3589,12.703969732246799
3590,10.980837166513338
3591,11.901854338842975
3592,7.5511111111111076
3593,10.242045454545456
3594,14.590107584722968
3595,10.391755395683457
3596,16.064618689581092
3597,11.735271739130434
3598,12.25993808049536
3599,16.064618689581092
3600,8.332462235649544
3601,10.328130081300808
3602,8.962835820895522
3603,7.137491638795986
3604,9.69248701298701
3605,8.12669398907104
3606,14.317375000000004
3607,11.737134445534837
3608,16.624679399727153
3609,10.242045454545456
3610,10.585015673981195
3611,14.317375000000004
3612,12.25993808049536
3613,10.242045454545456
3614,13.239805292061902
3615,13.162633136094689
3616,13.903099415204682
3617,16.754647975077887
3618,12.25993808049536
3619,14.590107584722968
3620,12.316610169491522
3621,14.58139303482587
3622,6.90375
3623,12.703969732246799
3624,11.555817727840203
3625,10.55167832167832
3626,12.697039800995025
3627,7.5511111111111076
3628,15.17777054108217
3629,13.903099415204682
3630,8.12669398907104
3631,11.555817727840203
3632,18.595190995907224
3633,11.901854338842975
3634,14.317375000000004
3635,11.156032013479361
3636,16.064618689581092
3637,15.137219701879456
3638,9.154460163812363
3639,14.590107584722968
3640,8.659595469255665
3641,16.754647975077887
3642,7.428943396226415
3643,14.318376963350786
3644,17.368251121076224
3645,8.332462235649544
3646,7.722065573770493
3647,12.697039800995025
3648,10.502102564102561
3649,9.538186915887849
3650,11.408000000000003
3651,8.537731092436973
3652,18.08647985989493
3653,9.69248701298701
3654,9.154460163812363
3655,10.502102564102561
3656,13.239805292061902
3657,11.737134445534837
3658,17.368251121076224
3659,16.148066875653086
3660,11.901854338842975
3661,7.611739130434781
3662,12.703969732246799
3663,7.428943396226415
3664,19.01675159235668
3665,9.69248701298701
3666,15.17777054108217
3667,19.01675159235668
3668,6.90375
3669,7.4015292353823074
3670,20.406768189509307
3671,15.137219701879456
3672,11.555817727840203
3673,18.17878281622912
3674,14.108114374034004
3675,8.08785874439462
3676,7.9525
3677,10.728773690078041
3678,12.912076023391814
3679,11.901854338842975
3680,15.137219701879456
3681,12.316610169491522
3682,11.735271739130434
3683,11.555817727840203
3684,22.12789189136813
3685,8.914171122994652
3686,12.819113924050631
3687,9.154460163812363
3688,14.590107584722968
3689,7.33142156862745
3690,9.333402777777787
3691,6.967724620770126
3692,16.754647975077887
3693,10.202038567493119
3694,11.156032013479361
3695,10.242045454545456
3696,17.448429256594718
3697,16.148066875653086
3698,9.538186915887849
3699,8.08785874439462
3700,11.735271739130434
3701,8.332462235649544
3702,14.590107584722968
3703,17.326132075471698
3704,14.108114374034004
3705,15.137219701879456
3706,6.90375
3707,7.26248407643312
3708,14.318376963350786
3709,8.659595469255665
3710,15.137219701879456
3711,10.391755395683457
3712,11.901854338842975
3713,12.912076023391814
3714,12.495679442508713
3715,16.754647975077887
3716,7.722065573770493
3717,9.538186915887849
3718,16.754647975077887
3719,13.697248062015499
3720,15.137219701879456
3721,13.799649122807018
3722,19.98764331210191
3723,10.585015673981195
3724,19.292636815920396
3725,7.768954344624459
3726,11.408000000000003
3727,8.332462235649544
3728,11.735271739130434
3729,11.901854338842975
3730,11.901854338842975
3731,16.754647975077887
3732,17.368251121076224
3733,12.912076023391814
3734,13.56477434679335
3735,10.55167832167832
3736,16.95768707482993
3737,13.896364779874208
3738,9.891134969325153
3739,8.724696673189824
3740,19.902641509433966
3741,19.69543624161074
3742,14.58139303482587
3743,9.69248701298701
3744,13.239805292061902
3745,7.722065573770493
3746,11.901854338842975
3747,13.697248062015499
3748,11.737134445534837
3749,16.624679399727153
3750,13.896364779874208
3751,11.555817727840203
3752,10.585015673981195
3753,12.25993808049536
3754,16.754647975077887
3755,12.25993808049536
3756,10.391755395683457
3757,8.332462235649544
3758,11.408000000000003
3759,14.318376963350786
3760,12.093545454545454
3761,13.697248062015499
3762,8.325785440613027
3763,9.333402777777787
3764,13.903099415204682
3765,11.735271739130434
3766,15.137219701879456
3767,16.754647975077887
3768,12.697039800995025
3769,6.967724620770126
3770,10.728773690078041
3771,13.239805292061902
3772,12.093545454545454
3773,11.735271739130434
3774,14.318376963350786
3775,10.242045454545456
3776,13.903099415204682
3777,14.58139303482587
3778,10.502102564102561
3779,10.328130081300808
3780,9.69248701298701
3781,14.798441558441558
3782,10.328130081300808
3783,14.58139303482587
3784,7.33142156862745
3785,17.326132075471698
3786,13.697248062015499
3787,11.735271739130434
3788,9.154460163812363
3789,14.128181818181819
3790,16.078649999999993
3791,11.555817727840203
3792,14.318376963350786
3793,15.652043868394813
3794,7.768954344624459
3795,9.333402777777787
3796,13.896364779874208
3797,14.590107584722968
3798,7.722065573770493
3799,15.17777054108217
3800,12.25993808049536
3801,10.585015673981195
3802,12.427647058823528
3803,22.076980198019804
3804,14.317375000000004
3805,11.735271739130434
3806,8.541441441441442
3807,16.754647975077887
3808,6.967724620770126
3809,10.242045454545456
3810,7.768954344624459
3811,12.316610169491522
3812,12.25993808049536
3813,6.584444444444445
3814,7.137491638795986
3815,8.724696673189824
3816,13.903099415204682
3817,7.33142156862745
3818,8.12669398907104
3819,8.724696673189824
3820,10.728773690078041
3821,14.798441558441558
3822,13.903099415204682
3823,14.590107584722968
3824,15.17777054108217
3825,16.064618689581092
3826,13.162633136094689
3827,13.089728850325379
3828,17.368251121076224
3829,16.148066875653086
3830,17.41025862068966
3831,14.317375000000004
3832,7.722065573770493
3833,16.624679399727153
3834,13.607716049382715
3835,10.391755395683457
3836,17.867651515151515
3837,11.735271739130434
3838,8.659595469255665
3839,15.652043868394813
3840,13.089728850325379
3841,15.17777054108217
3842,15.652043868394813
3843,9.69248701298701
3844,8.914171122994652
3845,16.624679399727153
3846,9.538186915887849
3847,8.08785874439462
3848,6.732375
3849,12.25993808049536
3850,11.408000000000003
3851,13.896364779874208
3852,7.4015292353823074
3853,17.41025862068966
3854,13.903099415204682
3855,9.154460163812363
3856,7.227697368421052
3857,7.722065573770493
3858,9.69248701298701
3859,9.69248701298701
3860,13.089728850325379
3861,18.595190995907224
3862,13.697248062015499
3863,15.908327974276528
3864,12.697039800995025
3865,18.17878281622912
3866,11.901854338842975
3867,12.25993808049536
3868,11.901854338842975
3869,11.735271739130434
3870,13.239805292061902
3871,13.165902777777776
3872,11.408000000000003
3873,9.538186915887849
3874,11.156032013479361
3875,13.56477434679335
3876,10.328130081300808
3877,10.55167832167832
3878,12.316610169491522
3879,15.952628914534037
3880,13.903099415204682
3881,14.590107584722968
3882,7.768954344624459
3883,13.165902777777776
3884,13.162633136094689
3885,16.624679399727153
3886,11.408000000000003
3887,7.981873589164787
3888,9.154460163812363
3889,17.41025862068966
3890,8.724696673189824
3891,15.137219701879456
3892,14.317375000000004
3893,12.697039800995025
3894,12.912076023391814
3895,15.003126684636115
3896,11.156032013479361
3897,8.914171122994652
3898,12.25993808049536
3899,9.69248701298701
3900,19.01675159235668
3901,15.17777054108217
3902,14.318376963350786
3903,12.697039800995025
3904,10.502102564102561
3905,18.595190995907224
3906,13.165902777777776
3907,10.728773690078041
3908,7.5511111111111076
3909,6.967724620770126
3910,6.732375
3911,15.771099744245523
3912,9.69248701298701
3913,19.01675159235668
3914,12.703969732246799
3915,11.737134445534837
3916,19.01675159235668
3917,12.912076023391814
3918,10.310117416829744
3919,14.318376963350786
3920,8.325785440613027
3921,13.089728850325379
3922,15.17777054108217
3923,9.538186915887849
3924,7.5511111111111076
3925,12.912076023391814
3926,11.555817727840203
3927,6.967724620770126
3928,7.33142156862745
3929,6.90375
3930,17.368251121076224
3931,8.962835820895522
3932,10.980837166513338
3933,16.624679399727153
3934,15.908327974276528
3935,14.590107584722968
3936,16.064618689581092
3937,14.58139303482587
3938,7.227697368421052
3939,11.901854338842975
3940,17.41025862068966
3941,8.325785440613027
3942,20.956815286624188
3943,13.089728850325379
3944,11.901854338842975
3945,7.428943396226415
3946,14.108114374034004
3947,8.724696673189824
3948,12.25993808049536
3949,17.41025862068966
3950,8.914171122994652
3951,12.316610169491522
3952,13.162633136094689
3953,15.652043868394813
3954,14.590107584722968
3955,8.949145569620255
3956,15.17777054108217
3957,8.332462235649544
3958,13.903099415204682
3959,7.5242913385826755
3960,14.590107584722968
3961,18.595190995907224
3962,17.41025862068966
3963,7.428943396226415
3964,11.901854338842975
3965,13.903099415204682
3966,11.555817727840203
3967,11.29717917675545
3968,17.326132075471698
3969,11.901854338842975
3970,16.148066875653086
3971,8.914171122994652
3972,15.908327974276528
3973,15.137219701879456
3974,9.697206572769952
3975,10.728773690078041
3976,12.912076023391814
3977,11.408000000000003
3978,7.722065573770493
3979,15.17777054108217
3980,10.728773690078041
3981,7.428943396226415
3982,13.165902777777776
3983,11.737134445534837
3984,17.368251121076224
3985,10.980837166513338
3986,12.703969732246799
3987,13.089728850325379
3988,7.5511111111111076
3989,10.980837166513338
3990,15.003126684636115
3991,8.332462235649544
3992,11.408000000000003
3993,18.595190995907224
3994,15.003126684636115
3995,7.722065573770493
3996,11.737134445534837
3997,18.595190995907224
3998,15.652043868394813
3999,13.162633136094689
4000,12.697039800995025
4001,12.316610169491522
4002,13.896364779874208
4003,10.728773690078041
4004,9.333402777777787
4005,10.328130081300808
4006,14.108114374034004
4007,13.089728850325379
4008,16.624679399727153
4009,11.901854338842975
4010,12.25993808049536
4011,10.502102564102561
4012,17.368251121076224
4013,10.585015673981195
4014,9.538186915887849
4015,15.003126684636115
4016,12.495679442508713
4017,7.773792975457367
4018,12.25993808049536
4019,12.25993808049536
4020,12.912076023391814
4021,7.4015292353823074
4022,8.914171122994652
4023,12.697039800995025
4024,7.722065573770493
4025,12.25993808049536
4026,16.078649999999993
4027,16.064618689581092
4028,8.724696673189824
4029,14.590107584722968
4030,13.903099415204682
4031,15.908327974276528
4032,13.239805292061902
4033,7.722065573770493
4034,10.502102564102561
4035,8.949145569620255
4036,10.585015673981195
4037,7.4015292353823074
4038,19.01675159235668
4039,13.162633136094689
4040,7.4015292353823074
4041,15.652043868394813
4042,14.317375000000004
4043,11.901854338842975
4044,9.333402777777787
4045,11.156032013479361
4046,13.896364779874208
4047,15.003126684636115
4048,14.798441558441558
4049,8.949145569620255
4050,7.4015292353823074
4051,16.23481927710843
4052,9.538186915887849
4053,14.317375000000004
4054,14.590107584722968
4055,11.901854338842975
4056,14.590107584722968
4057,10.502102564102561
4058,6.967724620770126
4059,10.391755395683457
4060,10.310117416829744
4061,12.316610169491522
4062,17.448429256594718
4063,7.722065573770493
4064,15.908327974276528
4065,16.148066875653086
4066,11.29717917675545
4067,14.317375000000004
4068,7.981873589164787
4069,9.826612021857922
4070,10.202038567493119
4071,15.137219701879456
4072,8.08785874439462
4073,15.137219701879456
4074,15.908327974276528
4075,15.17777054108217
4076,11.29717917675545
4077,10.502102564102561
4078,8.537731092436973
4079,13.903099415204682
4080,16.064618689581092
4081,11.735271739130434
4082,8.08785874439462
4083,7.5242913385826755
4084,10.242045454545456
4085,13.089728850325379
4086,10.980837166513338
4087,11.901854338842975
4088,9.69248701298701
4089,11.156032013479361
4090,18.595190995907224
4091,12.703969732246799
4092,7.4015292353823074
4093,11.737134445534837
4094,11.735271739130434
4095,14.590107584722968
4096,15.908327974276528
4097,13.896364779874208
4098,15.17777054108217
4099,7.257543103448275
4100,20.956815286624188
4101,9.69248701298701
4102,13.697248062015499
4103,13.162633136094689
4104,12.703969732246799
4105,11.612484472049687
4106,15.908327974276528
4107,13.799649122807018
4108,10.585015673981195
4109,15.908327974276528
4110,15.652043868394813
4111,12.703969732246799
4112,11.29717917675545
4113,7.4015292353823074
4114,16.064618689581092
4115,14.108114374034004
4116,13.089728850325379
4117,10.502102564102561
4118,12.495679442508713
4119,13.903099415204682
4120,14.318376963350786
4121,14.317375000000004
4122,23.23038461538461
4123,14.317375000000004
4124,8.08785874439462
4125,6.967724620770126
4126,12.316610169491522
4127,14.318376963350786
4128,14.590107584722968
4129,11.901854338842975
4130,9.154460163812363
4131,10.728773690078041
4132,9.154460163812363
4133,19.98764331210191
4134,8.400995475113126
4135,13.162633136094689
4136,18.595190995907224
4137,13.697248062015499
4138,8.332462235649544
4139,11.901854338842975
4140,13.896364779874208
4141,15.17777054108217
4142,11.408000000000003
4143,11.156032013479361
4144,18.08647985989493
4145,10.391755395683457
4146,7.4015292353823074
4147,7.33142156862745
4148,15.652043868394813
4149,10.502102564102561
4150,11.156032013479361
4151,7.5242913385826755
4152,15.17777054108217
4153,6.967724620770126
4154,11.735271739130434
4155,10.55167832167832
4156,11.901854338842975
4157,7.428943396226415
4158,13.697248062015499
4159,14.317375000000004
4160,11.156032013479361
4161,13.089728850325379
4162,15.17777054108217
4163,10.980837166513338
4164,10.310117416829744
4165,17.867651515151515
4166,14.318376963350786
4167,14.58139303482587
4168,16.064618689581092
4169,14.590107584722968
4170,13.089728850325379
4171,7.768954344624459
4172,9.69248701298701
4173,15.137219701879456
4174,11.901854338842975
4175,16.754647975077887
4176,14.798441558441558
4177,8.332462235649544
4178,10.728773690078041
4179,11.735271739130434
4180,14.317375000000004
4181,8.724696673189824
4182,9.69248701298701
4183,15.17777054108217
4184,10.585015673981195
4185,8.949145569620255
4186,13.239805292061902
4187,14.58139303482587
4188,16.148066875653086
4189,18.595190995907224
4190,10.502102564102561
4191,15.137219701879456
4192,9.697206572769952
4193,7.137491638795986
4194,13.896364779874208
4195,16.23481927710843
4196,12.697039800995025
4197,11.156032013479361
4198,9.69248701298701
4199,16.624679399727153
4200,15.652043868394813
4201,13.896364779874208
4202,15.908327974276528
4203,16.547633587786265
4204,12.697039800995025
4205,12.697039800995025
4206,14.108114374034004
4207,14.590107584722968
4208,11.735271739130434
4209,12.25993808049536
4210,7.981873589164787
4211,7.4015292353823074
4212,8.659595469255665
4213,11.29717917675545
4214,17.867651515151515
4215,15.137219701879456
4216,9.154460163812363
4217,8.332462235649544
4218,10.502102564102561
4219,12.703969732246799
4220,14.318376963350786
4221,7.257543103448275
4222,18.08647985989493
4223,10.328130081300808
4224,13.239805292061902
4225,16.754647975077887
4226,8.325785440613027
4227,8.12669398907104
4228,11.408000000000003
4229,11.156032013479361
4230,15.908327974276528
4231,15.137219701879456
4232,17.368251121076224
4233,12.697039800995025
4234,13.697248062015499
4235,11.555817727840203
4236,13.903099415204682
4237,6.732375
4238,17.41025862068966
4239,14.318376963350786
4240,12.703969732246799
4241,10.391755395683457
4242,9.538186915887849
4243,17.326132075471698
4244,12.25993808049536
4245,13.903099415204682
4246,12.25993808049536
4247,7.981873589164787
4248,10.502102564102561
4249,9.538186915887849
4250,13.162633136094689
4251,10.242045454545456
4252,11.555817727840203
4253,14.317375000000004
4254,11.156032013479361
4255,9.333402777777787
4256,16.624679399727153
4257,12.697039800995025
4258,14.590107584722968
4259,15.17777054108217
4260,8.332462235649544
4261,16.754647975077887
4262,11.420075525084712
4263,9.333402777777787
4264,13.239805292061902
4265,15.17777054108217
4266,11.737134445534837
4267,9.69248701298701
4268,10.310117416829744
4269,14.318376963350786
4270,15.652043868394813
4271,7.26248407643312
4272,11.612484472049687
4273,10.310117416829744
4274,7.227697368421052
4275,11.735271739130434
4276,12.25993808049536
4277,6.90375
4278,13.089728850325379
4279,10.55167832167832
4280,16.754647975077887
4281,12.25993808049536
4282,10.502102564102561
4283,11.29717917675545
4284,15.17777054108217
4285,6.967724620770126
4286,11.156032013479361
4287,11.901854338842975
4288,9.333402777777787
4289,13.162633136094689
4290,12.703969732246799
4291,7.611739130434781
4292,9.538186915887849
4293,14.317375000000004
4294,16.754647975077887
4295,17.867651515151515
4296,12.495679442508713
4297,10.242045454545456
4298,9.69248701298701
4299,9.154460163812363
4300,14.58139303482587
4301,13.089728850325379
4302,11.901854338842975
4303,8.724696673189824
4304,10.502102564102561
4305,14.590107584722968
4306,18.17878281622912
4307,7.722065573770493
4308,15.908327974276528
4309,11.737134445534837
4310,11.901854338842975
4311,9.69248701298701
4312,16.23481927710843
4313,14.317375000000004
4314,9.69248701298701
4315,17.41025862068966
4316,16.078649999999993
4317,8.914171122994652
4318,15.137219701879456
4319,8.332462235649544
4320,7.768954344624459
4321,15.652043868394813
4322,13.56477434679335
4323,12.25993808049536
4324,14.590107584722968
4325,7.33142156862745
4326,8.659595469255665
4327,18.17878281622912
4328,9.69248701298701
4329,9.891134969325153
4330,12.912076023391814
4331,15.908327974276528
4332,17.41025862068966
4333,16.148066875653086
4334,12.703969732246799
4335,18.595190995907224
4336,10.980837166513338
4337,9.697206572769952
4338,9.69248701298701
4339,10.502102564102561
4340,9.154460163812363
4341,20.406768189509307
4342,13.162633136094689
4343,11.555817727840203
4344,13.239805292061902
4345,11.29717917675545
4346,13.896364779874208
4347,8.08785874439462
4348,6.967724620770126
4349,8.08785874439462
4350,18.595190995907224
4351,10.980837166513338
4352,17.41025862068966
4353,17.41025862068966
4354,14.317375000000004
4355,8.902894463145554
4356,14.590107584722968
4357,15.137219701879456
4358,16.148066875653086
4359,14.798441558441558
4360,8.08785874439462
4361,9.538186915887849
4362,11.612484472049687
4363,15.652043868394813
4364,12.093545454545454
4365,14.590107584722968
4366,10.728773690078041
4367,7.722065573770493
4368,17.41025862068966
4369,8.914171122994652
4370,16.148066875653086
4371,19.01675159235668
4372,7.768954344624459
4373,15.908327974276528
4374,9.538186915887849
4375,6.90375
4376,16.754647975077887
4377,7.768954344624459
4378,12.25993808049536
4379,14.128181818181819
4380,8.984031413612563
4381,10.502102564102561
4382,12.25993808049536
4383,15.908327974276528
4384,13.697248062015499
4385,19.98764331210191
4386,9.333402777777787
4387,19.01675159235668
4388,9.69248701298701
4389,15.003126684636115
4390,14.317375000000004
4391,15.17777054108217
4392,8.962835820895522
4393,7.227697368421052
4394,13.162633136094689
4395,9.154460163812363
4396,12.25993808049536
4397,15.652043868394813
4398,11.901854338842975
4399,13.903099415204682
4400,14.590107584722968
4401,13.239805292061902
4402,11.156032013479361
4403,10.728773690078041
4404,17.368251121076224
4405,13.697248062015499
4406,16.754647975077887
4407,14.798441558441558
4408,8.08785874439462
4409,19.98764331210191
4410,10.242045454545456
4411,11.408000000000003
4412,12.25993808049536
4413,9.697206572769952
4414,17.41025862068966
4415,9.154460163812363
4416,12.703969732246799
4417,16.148066875653086
4418,11.29717917675545
4419,12.697039800995025
4420,17.41025862068966
4421,12.703969732246799
4422,12.25993808049536
4423,17.41025862068966
4424,13.56477434679335
4425,14.590107584722968
4426,13.903099415204682
4427,15.17777054108217
4428,14.590107584722968
4429,14.318376963350786
4430,13.896364779874208
4431,11.901854338842975
4432,11.737134445534837
4433,15.137219701879456
4434,8.724696673189824
4435,14.317375000000004
4436,8.332462235649544
4437,8.949145569620255
4438,15.652043868394813
4439,12.697039800995025
4440,12.25993808049536
4441,14.317375000000004
4442,7.611739130434781
4443,7.722065573770493
4444,16.148066875653086
4445,8.12669398907104
4446,8.984031413612563
4447,11.408000000000003
4448,15.003126684636115
4449,15.137219701879456
4450,14.318376963350786
4451,12.703969732246799
4452,15.908327974276528
4453,12.427647058823528
4454,7.4015292353823074
4455,8.332462235649544
4456,10.980837166513338
4457,7.5242913385826755
4458,15.17777054108217
4459,19.01675159235668
4460,11.901854338842975
4461,11.901854338842975
4462,15.908327974276528
4463,9.69248701298701
4464,15.137219701879456
4465,9.69248701298701
4466,7.722065573770493
4467,15.137219701879456
4468,10.202038567493119
4469,13.162633136094689
4470,16.624679399727153
4471,8.724696673189824
4472,12.495679442508713
4473,13.239805292061902
4474,14.590107584722968
4475,17.41025862068966
4476,14.317375000000004
4477,12.25993808049536
4478,7.137491638795986
4479,16.064618689581092
4480,11.156032013479361
4481,19.01675159235668
4482,18.08647985989493
4483,15.17777054108217
4484,8.984031413612563
4485,8.984031413612563
4486,7.981873589164787
4487,12.697039800995025
4488,13.089728850325379
4489,11.555817727840203
4490,9.154460163812363
4491,8.08785874439462
4492,13.089728850325379
4493,15.137219701879456
4494,8.724696673189824
4495,12.912076023391814
4496,14.317375000000004
4497,10.202038567493119
4498,14.317375000000004
4499,12.912076023391814
4500,9.538186915887849
4501,16.148066875653086
4502,12.25993808049536
4503,8.12669398907104
4504,12.25993808049536
4505,16.148066875653086
4506,6.967724620770126
4507,14.318376963350786
4508,10.202038567493119
4509,12.25993808049536
4510,17.326132075471698
4511,6.732375
4512,13.239805292061902
4513,12.703969732246799
4514,11.156032013479361
4515,19.01675159235668
4516,10.980837166513338
4517,12.25993808049536
4518,8.724696673189824
4519,12.25993808049536
4520,12.697039800995025
4521,14.590107584722968
4522,11.901854338842975
4523,17.326132075471698
4524,14.317375000000004
4525,9.333402777777787
4526,9.333402777777787
4527,15.17777054108217
4528,15.17777054108217
4529,19.98764331210191
4530,15.908327974276528
4531,17.326132075471698
4532,16.754647975077887
4533,7.33142156862745
4534,15.137219701879456
4535,12.912076023391814
4536,9.69248701298701
4537,10.242045454545456
4538,13.162633136094689
4539,7.722065573770493
4540,13.089728850325379
4541,13.896364779874208
4542,10.328130081300808
4543,8.962835820895522
4544,15.17777054108217
4545,6.967724620770126
4546,15.003126684636115
4547,19.69543624161074
4548,8.241811594202899
4549,17.448429256594718
4550,11.737134445534837
4551,10.980837166513338
4552,12.316610169491522
4553,15.17777054108217
4554,11.901854338842975
4555,12.697039800995025
4556,13.799649122807018
4557,16.624679399727153
4558,12.25993808049536
4559,9.69248701298701
4560,17.448429256594718
4561,8.914171122994652
4562,10.55167832167832
4563,15.137219701879456
4564,10.55167832167832
4565,10.242045454545456
4566,7.768954344624459
4567,16.624679399727153
4568,10.391755395683457
4569,9.891134969325153
4570,8.914171122994652
4571,6.87361308880493
4572,16.064618689581092
4573,12.495679442508713
4574,18.595190995907224
4575,9.154460163812363
4576,7.227697368421052
4577,7.7825
4578,10.391755395683457
4579,10.728773690078041
4580,10.391755395683457
4581,11.555817727840203
4582,12.703969732246799
4583,17.448429256594718
4584,14.590107584722968
4585,8.949145569620255
4586,12.912076023391814
4587,11.735271739130434
4588,9.333402777777787
4589,11.555817727840203
4590,10.728773690078041
4591,9.538186915887849
4592,7.768954344624459
4593,11.901854338842975
4594,13.239805292061902
4595,16.148066875653086
4596,9.333402777777787
4597,16.078649999999993
4598,13.697248062015499
4599,9.333402777777787
4600,11.408000000000003
4601,11.156032013479361
4602,15.137219701879456
4603,12.25993808049536
4604,7.4015292353823074
4605,10.55167832167832
4606,11.901854338842975
4607,13.162633136094689
4608,11.156032013479361
4609,7.428943396226415
4610,14.58139303482587
4611,11.901854338842975
4612,10.728773690078041
4613,11.156032013479361
4614,11.901854338842975
4615,7.722065573770493
4616,9.538186915887849
4617,13.162633136094689
4618,16.624679399727153
4619,15.652043868394813
4620,9.69248701298701
4621,8.914171122994652
4622,6.90375
4623,12.912076023391814
4624,7.257543103448275
4625,12.25993808049536
4626,9.538186915887849
4627,16.064618689581092
4628,8.08785874439462
4629,10.310117416829744
4630,21.994786324786325
4631,14.317375000000004
4632,17.41025862068966
4633,11.156032013479361
4634,19.292636815920396
4635,14.590107584722968
4636,16.547633587786265
4637,8.724696673189824
4638,11.901854338842975
4639,6.90375
4640,11.901854338842975
4641,10.502102564102561
4642,13.607716049382715
4643,7.722065573770493
4644,11.29717917675545
4645,9.154460163812363
4646,9.154460163812363
4647,11.737134445534837
4648,16.754647975077887
4649,10.728773690078041
4650,14.318376963350786
4651,7.5511111111111076
4652,14.590107584722968
4653,11.29717917675545
4654,8.325785440613027
4655,13.239805292061902
4656,13.239805292061902
4657,18.17878281622912
4658,14.590107584722968
4659,7.4015292353823074
4660,8.914171122994652
4661,15.652043868394813
4662,9.154460163812363
4663,12.912076023391814
4664,16.23481927710843
4665,11.555817727840203
4666,11.156032013479361
4667,8.241811594202899
4668,6.90375
4669,12.912076023391814
4670,6.967724620770126
4671,13.162633136094689
4672,16.23481927710843
4673,12.697039800995025
4674,10.502102564102561
4675,11.737134445534837
4676,16.754647975077887
4677,6.732375
4678,11.901854338842975
4679,18.08647985989493
4680,14.317375000000004
4681,15.17777054108217
4682,14.590107584722968
4683,13.903099415204682
4684,18.26211956521739
4685,13.089728850325379
4686,8.400995475113126
4687,9.69248701298701
4688,10.502102564102561
4689,18.08647985989493
4690,12.912076023391814
4691,12.093545454545454
4692,12.25993808049536
4693,12.912076023391814
4694,12.697039800995025
4695,12.912076023391814
4696,12.703969732246799
4697,16.148066875653086
4698,10.242045454545456
4699,21.994786324786325
4700,9.154460163812363
4701,14.317375000000004
4702,11.555817727840203
4703,15.908327974276528
4704,10.202038567493119
4705,7.5511111111111076
4706,13.239805292061902
4707,12.912076023391814
4708,12.703969732246799
4709,8.984031413612563
4710,14.318376963350786
4711,8.400995475113126
4712,7.768954344624459
4713,11.555817727840203
4714,16.148066875653086
4715,6.90375
4716,13.903099415204682
4717,17.368251121076224
4718,12.697039800995025
4719,10.728773690078041
4720,9.891134969325153
4721,8.332462235649544
4722,10.728773690078041
4723,18.595190995907224
4724,10.242045454545456
4725,12.495679442508713
4726,13.607716049382715
4727,11.735271739130434
4728,8.962835820895522
4729,13.239805292061902
4730,12.093545454545454
4731,12.25993808049536
4732,17.368251121076224
4733,11.156032013479361
4734,10.980837166513338
4735,11.156032013479361
4736,7.227697368421052
4737,7.768954344624459
4738,19.69543624161074
4739,12.912076023391814
4740,11.901854338842975
4741,12.697039800995025
4742,11.735271739130434
4743,14.58139303482587
4744,7.981873589164787
4745,14.590107584722968
4746,9.154460163812363
4747,8.949145569620255
4748,11.737134445534837
4749,15.908327974276528
4750,9.891134969325153
4751,12.703969732246799
4752,15.137219701879456
4753,8.08785874439462
4754,12.703969732246799
4755,6.967724620770126
4756,8.325785440613027
4757,9.69248701298701
4758,12.697039800995025
4759,8.12669398907104
4760,8.949145569620255
4761,16.23481927710843
4762,12.912076023391814
4763,13.697248062015499
4764,13.903099415204682
4765,16.148066875653086
4766,11.408000000000003
4767,13.089728850325379
4768,14.317375000000004
4769,12.25993808049536
4770,11.156032013479361
4771,14.590107584722968
4772,17.368251121076224
4773,10.502102564102561
4774,7.137491638795986
4775,13.239805292061902
4776,14.318376963350786
4777,15.771099744245523
4778,10.242045454545456
4779,13.089728850325379
4780,6.732375
4781,13.089728850325379
4782,14.798441558441558
4783,12.25993808049536
4784,15.137219701879456
4785,12.912076023391814
4786,11.156032013479361
4787,17.41025862068966
4788,15.137219701879456
4789,8.724696673189824
4790,7.33142156862745
4791,16.148066875653086
4792,21.994786324786325
4793,11.29717917675545
4794,14.318376963350786
4795,16.624679399727153
4796,15.17777054108217
4797,9.697206572769952
4798,18.08647985989493
4799,15.17777054108217
4800,7.9525
4801,19.98764331210191
4802,9.538186915887849
4803,7.4015292353823074
4804,17.41025862068966
4805,6.732375
4806,8.08785874439462
4807,7.981873589164787
4808,16.547633587786265
4809,14.318376963350786
4810,7.981873589164787
4811,16.064618689581092
4812,7.611739130434781
4813,10.328130081300808
4814,10.728773690078041
4815,15.908327974276528
4816,12.703969732246799
4817,13.162633136094689
4818,7.722065573770493
4819,6.967724620770126
4820,7.768954344624459
4821,14.590107584722968
4822,9.538186915887849
4823,7.722065573770493
4824,10.242045454545456
4825,13.697248062015499
4826,8.724696673189824
4827,8.962835820895522
4828,10.980837166513338
4829,13.165902777777776
4830,7.5242913385826755
4831,12.912076023391814
4832,14.317375000000004
4833,14.318376963350786
4834,7.611739130434781
4835,19.69543624161074
4836,16.064618689581092
4837,14.590107584722968
4838,13.089728850325379
4839,10.728773690078041
4840,13.089728850325379
4841,11.735271739130434
4842,19.98764331210191
4843,10.328130081300808
4844,12.703969732246799
4845,12.912076023391814
4846,10.728773690078041
4847,11.735271739130434
4848,10.728773690078041
4849,7.4015292353823074
4850,7.768954344624459
4851,12.703969732246799
4852,16.064618689581092
4853,8.332462235649544
4854,10.391755395683457
4855,18.08647985989493
4856,14.128181818181819
4857,15.137219701879456
4858,11.29717917675545
4859,6.967724620770126
4860,7.4015292353823074
4861,17.368251121076224
4862,12.912076023391814
4863,7.33142156862745
4864,16.754647975077887
4865,13.239805292061902
4866,12.25993808049536
4867,10.391755395683457
4868,15.137219701879456
4869,10.202038567493119
4870,7.5242913385826755
4871,12.912076023391814
4872,9.69248701298701
4873,11.892470588235293
4874,9.891134969325153
4875,11.408000000000003
4876,16.148066875653086
4877,11.156032013479361
4878,6.90375
4879,16.392727272727274
4880,10.585015673981195
4881,12.093545454545454
4882,6.967724620770126
4883,14.317375000000004
4884,10.310117416829744
4885,13.165902777777776
4886,7.428943396226415
4887,11.612484472049687
4888,21.994786324786325
4889,7.428943396226415
4890,8.08785874439462
4891,9.891134969325153
4892,12.316610169491522
4893,10.201882352941178
4894,18.595190995907224
4895,9.891134969325153
4896,14.128181818181819
4897,9.154460163812363
4898,11.29717917675545
4899,10.728773690078041
4900,11.408000000000003
4901,10.980837166513338
4902,11.735271739130434
4903,13.896364779874208
4904,15.17777054108217
4905,8.332462235649544
4906,10.980837166513338
4907,15.908327974276528
4908,7.981873589164787
4909,9.333402777777787
4910,9.538186915887849
4911,15.137219701879456
4912,9.697206572769952
4913,11.737134445534837
4914,10.980837166513338
4915,12.25993808049536
4916,11.408000000000003
4917,13.896364779874208
4918,17.368251121076224
4919,13.896364779874208
4920,18.08647985989493
4921,17.326132075471698
4922,15.908327974276528
4923,11.737134445534837
4924,15.137219701879456
4925,11.29717917675545
4926,13.162633136094689
4927,14.590107584722968
4928,13.903099415204682
4929,10.310117416829744
4930,16.148066875653086
4931,10.502102564102561
4932,13.239805292061902
4933,11.735271739130434
4934,16.148066875653086
4935,7.4015292353823074
4936,10.068816793893133
4937,9.538186915887849
4938,7.768954344624459
4939,12.912076023391814
4940,16.148066875653086
4941,13.903099415204682
4942,15.652043868394813
4943,20.406768189509307
4944,13.903099415204682
4945,7.137491638795986
4946,9.69248701298701
4947,8.08785874439462
4948,7.137491638795986
4949,10.242045454545456
4950,13.162633136094689
4951,12.25993808049536
4952,10.980837166513338
4953,16.754647975077887
4954,13.239805292061902
4955,16.95768707482993
4956,8.724696673189824
4957,11.555817727840203
4958,11.156032013479361
4959,11.156032013479361
4960,14.590107584722968
4961,11.408000000000003
4962,13.239805292061902
4963,13.162633136094689
4964,15.137219701879456
4965,9.538186915887849
4966,8.962835820895522
4967,7.9525
4968,8.914171122994652
4969,10.980837166513338
4970,11.156032013479361
4971,12.25993808049536
4972,7.722065573770493
4973,15.137219701879456
4974,12.25993808049536
4975,16.148066875653086
4976,13.162633136094689
4977,13.239805292061902
4978,7.722065573770493
4979,8.962835820895522
4980,7.4015292353823074
4981,12.697039800995025
4982,9.333402777777787
4983,15.17777054108217
4984,10.728773690078041
4985,9.538186915887849
4986,18.595190995907224
4987,18.595190995907224
4988,8.241811594202899
4989,15.137219701879456
4990,7.33142156862745
4991,10.310117416829744
4992,8.659595469255665
4993,10.328130081300808
4994,14.108114374034004
4995,10.55167832167832
4996,12.697039800995025
4997,12.25993808049536
4998,14.318376963350786
4999,11.555817727840203
5000,7.428943396226415
5001,8.659595469255665
5002,11.156032013479361
5003,12.427647058823528
5004,10.391755395683457
5005,9.69248701298701
5006,16.148066875653086
5007,11.735271739130434
5008,10.328130081300808
5009,13.903099415204682
5010,15.17777054108217
5011,14.318376963350786
5012,13.896364779874208
5013,17.326132075471698
5014,11.901854338842975
5015,6.967724620770126
5016,11.901854338842975
5017,12.703969732246799
5018,10.728773690078041
5019,9.69248701298701
5020,15.908327974276528
5021,11.156032013479361
5022,15.17777054108217
5023,15.652043868394813
5024,6.926351351351352
5025,7.4015292353823074
5026,13.799649122807018
5027,12.495679442508713
5028,16.064618689581092
5029,13.165902777777776
5030,7.26248407643312
5031,14.108114374034004
5032,19.01675159235668
5033,15.908327974276528
5034,15.17777054108217
5035,8.659595469255665
5036,18.17878281622912
5037,9.154460163812363
5038,7.9525
5039,13.162633136094689
5040,14.590107584722968
5041,9.69248701298701
5042,10.391755395683457
5043,10.980837166513338
5044,8.12669398907104
5045,18.595190995907224
5046,8.914171122994652
5047,11.156032013479361
5048,7.5511111111111076
5049,14.317375000000004
5050,7.5511111111111076
5051,12.912076023391814
5052,10.980837166513338
5053,15.17777054108217
5054,12.25993808049536
5055,7.4015292353823074
5056,11.901854338842975
5057,12.25993808049536
5058,15.137219701879456
5059,6.967724620770126
5060,9.154460163812363
5061,7.33142156862745
5062,12.912076023391814
5063,18.08647985989493
5064,13.089728850325379
5065,14.590107584722968
5066,10.391755395683457
5067,11.408000000000003
5068,8.724696673189824
5069,9.154460163812363
5070,11.901854338842975
5071,11.737134445534837
5072,17.326132075471698
5073,12.25993808049536
5074,15.17777054108217
5075,16.148066875653086
5076,10.55167832167832
5077,7.33142156862745
5078,14.318376963350786
5079,14.108114374034004
5080,15.652043868394813
5081,12.703969732246799
5082,14.798441558441558
5083,12.495679442508713
5084,15.908327974276528
5085,10.728773690078041
5086,20.406768189509307
5087,17.368251121076224
5088,12.316610169491522
5089,16.624679399727153
5090,7.768954344624459
5091,8.332462235649544
5092,8.541441441441442
5093,12.703969732246799
5094,7.257543103448275
5095,13.162633136094689
5096,7.768954344624459
5097,15.17777054108217
5098,13.239805292061902
5099,11.901854338842975
5100,15.137219701879456
5101,14.317375000000004
5102,22.076980198019804
5103,8.325785440613027
5104,9.154460163812363
5105,10.242045454545456
5106,16.148066875653086
5107,11.735271739130434
5108,12.25993808049536
5109,18.24270833333333
5110,17.41025862068966
5111,8.949145569620255
5112,7.33142156862745
5113,11.156032013479361
5114,8.962835820895522
5115,13.896364779874208
5116,11.408000000000003
5117,14.590107584722968
5118,7.428943396226415
5119,7.981873589164787
5120,11.555817727840203
5121,6.967724620770126
5122,16.754647975077887
5123,15.17777054108217
5124,10.585015673981195
5125,17.368251121076224
5126,14.318376963350786
5127,18.595190995907224
5128,9.333402777777787
5129,18.08647985989493
5130,9.154460163812363
5131,7.4015292353823074
5132,15.137219701879456
5133,7.33142156862745
5134,16.064618689581092
5135,10.980837166513338
5136,10.728773690078041
5137,11.555817727840203
5138,11.29717917675545
5139,15.17777054108217
5140,7.408702036098165
5141,13.239805292061902
5142,10.310117416829744
5143,9.697206572769952
5144,9.69248701298701
5145,15.17777054108217
5146,10.242045454545456
5147,13.162633136094689
5148,14.58139303482587
5149,13.162633136094689
5150,18.08647985989493
5151,7.5511111111111076
5152,18.08647985989493
5153,8.12669398907104
5154,9.154460163812363
5155,14.590107584722968
5156,11.892470588235293
5157,11.555817727840203
5158,16.754647975077887
5159,15.137219701879456
5160,11.156032013479361
5161,10.391755395683457
5162,18.17878281622912
5163,9.69248701298701
5164,11.737134445534837
5165,15.17777054108217
5166,7.4015292353823074
5167,17.448429256594718
5168,10.728773690078041
5169,8.12669398907104
5170,13.697248062015499
5171,11.901854338842975
5172,7.26248407643312
5173,10.728773690078041
5174,14.590107584722968
5175,10.980837166513338
5176,11.901854338842975
5177,8.332462235649544
5178,11.408000000000003
5179,8.962835820895522
5180,8.241811594202899
5181,13.697248062015499
5182,8.659595469255665
5183,9.546543209876543
5184,7.33142156862745
5185,11.156032013479361
5186,16.547633587786265
5187,9.69248701298701
5188,10.502102564102561
5189,7.722065573770493
5190,12.17458904109589
5191,9.154460163812363
5192,8.400995475113126
5193,9.826612021857922
5194,16.754647975077887
5195,14.590107584722968
5196,9.69248701298701
5197,13.162633136094689
5198,13.162633136094689
5199,10.728773690078041
5200,16.148066875653086
5201,17.41025862068966
5202,18.08647985989493
5203,9.891134969325153
5204,8.537731092436973
5205,11.901854338842975
5206,9.69248701298701
5207,12.703969732246799
5208,15.17777054108217
5209,15.908327974276528
5210,13.089728850325379
5211,8.332462235649544
5212,7.4015292353823074
5213,7.428943396226415
5214,12.912076023391814
5215,18.595190995907224
5216,19.01675159235668
5217,13.896364779874208
5218,14.318376963350786
5219,7.611739130434781
5220,14.798441558441558
5221,11.737134445534837
5222,15.003126684636115
5223,15.137219701879456
5224,7.722065573770493
5225,7.722065573770493
5226,10.502102564102561
5227,7.139696969696969
5228,17.368251121076224
5229,12.25993808049536
5230,12.25993808049536
5231,15.17777054108217
5232,12.697039800995025
5233,18.08647985989493
5234,11.29717917675545
5235,9.333402777777787
5236,12.25993808049536
5237,12.703969732246799
5238,17.448429256594718
5239,10.310117416829744
5240,15.17777054108217
5241,14.318376963350786
5242,11.408000000000003
5243,9.891134969325153
5244,11.901854338842975
5245,6.926351351351352
5246,11.408000000000003
5247,16.754647975077887
5248,11.156032013479361
5249,10.391755395683457
5250,14.317375000000004
5251,9.826612021857922
5252,10.728773690078041
5253,13.896364779874208
5254,12.912076023391814
5255,15.17777054108217
5256,8.332462235649544
5257,14.108114374034004
5258,17.41025862068966
5259,9.697206572769952
5260,12.427647058823528
5261,7.768954344624459
5262,17.326132075471698
5263,15.003126684636115
5264,9.154460163812363
5265,7.4015292353823074
5266,12.25993808049536
5267,14.317375000000004
5268,11.901854338842975
5269,12.25993808049536
5270,7.768954344624459
5271,13.162633136094689
5272,7.5242913385826755
5273,15.17777054108217
5274,10.202038567493119
5275,12.697039800995025
5276,10.068816793893133
5277,12.697039800995025
5278,12.912076023391814
5279,13.239805292061902
5280,13.697248062015499
5281,11.901854338842975
5282,8.724696673189824
5283,10.202038567493119
5284,10.728773690078041
5285,17.41025862068966
5286,10.980837166513338
5287,12.25993808049536
5288,17.368251121076224
5289,17.368251121076224
5290,13.697248062015499
5291,7.768954344624459
5292,9.69248701298701
5293,17.368251121076224
5294,12.093545454545454
5295,13.697248062015499
5296,10.728773690078041
5297,9.697206572769952
5298,17.448429256594718
5299,10.980837166513338
5300,11.408000000000003
5301,11.735271739130434
5302,12.316610169491522
5303,15.771099744245523
5304,9.826612021857922
5305,11.29717917675545
5306,8.659595469255665
5307,17.326132075471698
5308,9.891134969325153
5309,10.242045454545456
5310,9.69248701298701
5311,7.981873589164787
5312,14.590107584722968
5313,16.064618689581092
5314,7.722065573770493
5315,7.257543103448275
5316,8.12669398907104
5317,18.08647985989493
5318,14.590107584722968
5319,7.5242913385826755
5320,11.901854338842975
5321,12.25993808049536
5322,13.903099415204682
5323,9.69248701298701
5324,15.003126684636115
5325,8.12669398907104
5326,10.502102564102561
5327,7.722065573770493
5328,14.317375000000004
5329,13.239805292061902
5330,8.962835820895522
5331,15.137219701879456
5332,9.333402777777787
5333,7.428943396226415
5334,17.368251121076224
5335,14.317375000000004
5336,10.328130081300808
5337,12.697039800995025
5338,11.156032013479361
5339,6.732375
5340,8.08785874439462
5341,13.239805292061902
5342,13.896364779874208
5343,12.25993808049536
5344,7.611739130434781
5345,10.585015673981195
5346,13.697248062015499
5347,6.90375
5348,8.724696673189824
5349,7.768954344624459
5350,9.891134969325153
5351,11.901854338842975
5352,11.555817727840203
5353,10.242045454545456
5354,7.428943396226415
5355,17.448429256594718
5356,13.162633136094689
5357,12.912076023391814
5358,11.555817727840203
5359,9.538186915887849
5360,10.502102564102561
5361,13.903099415204682
5362,17.326132075471698
5363,9.154460163812363
5364,8.541441441441442
5365,12.703969732246799
5366,16.624679399727153
5367,12.25993808049536
5368,12.25993808049536
5369,15.771099744245523
5370,13.697248062015499
5371,12.25993808049536
5372,12.25993808049536
5373,14.590107584722968
5374,12.703969732246799
5375,19.69543624161074
5376,12.912076023391814
5377,8.962835820895522
5378,12.25993808049536
5379,9.538186915887849
5380,14.317375000000004
5381,11.29717917675545
5382,14.317375000000004
5383,11.735271739130434
5384,10.728773690078041
5385,9.538186915887849
5386,13.162633136094689
5387,12.25993808049536
5388,10.391755395683457
5389,10.068816793893133
5390,12.25993808049536
5391,13.239805292061902
5392,10.502102564102561
5393,15.003126684636115
5394,14.590107584722968
5395,17.368251121076224
5396,10.242045454545456
5397,14.317375000000004
5398,16.078649999999993
5399,6.732375
5400,12.427647058823528
5401,6.967724620770126
5402,16.148066875653086
5403,9.333402777777787
5404,12.25993808049536
5405,15.652043868394813
5406,10.502102564102561
5407,12.697039800995025
5408,9.69248701298701
5409,7.4015292353823074
5410,12.25993808049536
5411,10.328130081300808
5412,9.697206572769952
5413,15.17777054108217
5414,16.754647975077887
5415,6.732375
5416,13.903099415204682
5417,11.612484472049687
5418,18.17878281622912
5419,8.914171122994652
5420,12.703969732246799
5421,7.722065573770493
5422,11.555817727840203
5423,10.310117416829744
5424,10.391755395683457
5425,15.908327974276528
5426,16.148066875653086
5427,7.7825
5428,16.148066875653086
5429,12.819113924050631
5430,12.25993808049536
5431,11.555817727840203
5432,9.538186915887849
5433,18.595190995907224
5434,17.448429256594718
5435,9.333402777777787
5436,16.148066875653086
5437,8.659595469255665
5438,13.896364779874208
5439,7.722065573770493
5440,18.08647985989493
5441,7.722065573770493
5442,12.25993808049536
5443,12.25993808049536
5444,16.078649999999993
5445,15.652043868394813
5446,12.912076023391814
5447,17.368251121076224
5448,20.956815286624188
5449,6.967724620770126
5450,9.69248701298701
5451,9.538186915887849
5452,6.732375
5453,9.697206572769952
5454,14.798441558441558
5455,7.428943396226415
5456,12.697039800995025
5457,7.981873589164787
5458,9.69248701298701
5459,22.076980198019804
5460,15.908327974276528
5461,14.317375000000004
5462,12.25993808049536
5463,10.202038567493119
5464,8.08785874439462
5465,11.555817727840203
5466,8.659595469255665
5467,8.08785874439462
5468,7.4015292353823074
5469,15.17777054108217
5470,14.590107584722968
5471,13.162633136094689
5472,9.546543209876543
5473,14.318376963350786
5474,8.724696673189824
5475,11.408000000000003
5476,11.156032013479361
5477,10.502102564102561
5478,8.325785440613027
5479,11.735271739130434
5480,9.69248701298701
5481,10.585015673981195
5482,10.980837166513338
5483,13.239805292061902
5484,8.332462235649544
5485,10.242045454545456
5486,12.25993808049536
5487,11.555817727840203
5488,14.318376963350786
5489,11.29717917675545
5490,11.901854338842975
5491,15.17777054108217
5492,12.25993808049536
5493,10.242045454545456
5494,11.901854338842975
5495,12.912076023391814
5496,15.137219701879456
5497,12.495679442508713
5498,17.368251121076224
5499,11.29717917675545
5500,17.368251121076224
5501,12.697039800995025
5502,13.162633136094689
5503,6.967724620770126
5504,7.5242913385826755
5505,16.064618689581092
5506,16.547633587786265
5507,13.896364779874208
5508,7.4015292353823074
5509,15.17777054108217
5510,10.202038567493119
5511,9.333402777777787
5512,10.242045454545456
5513,7.26248407643312
5514,10.068816793893133
5515,12.093545454545454
5516,18.595190995907224
5517,7.257543103448275
5518,12.093545454545454
5519,15.17777054108217
5520,13.239805292061902
5521,13.089728850325379
5522,10.502102564102561
5523,9.69248701298701
5524,6.967724620770126
5525,10.980837166513338
5526,7.611739130434781
5527,15.137219701879456
5528,6.926351351351352
5529,14.590107584722968
5530,10.980837166513338
5531,10.980837166513338
5532,11.156032013479361
5533,14.317375000000004
5534,18.08647985989493
5535,15.17777054108217
5536,9.826612021857922
5537,14.318376963350786
5538,7.722065573770493
5539,12.668701406594689
5540,8.241811594202899
5541,7.722065573770493
5542,18.24270833333333
5543,11.901854338842975
5544,13.193120286479465
5545,6.90375
5546,6.90375
5547,17.698899082568808
5548,12.703969732246799
5549,16.624679399727153
5550,13.896364779874208
5551,7.33142156862745
5552,16.078649999999993
5553,14.58139303482587
5554,8.962835820895522
5555,10.310117416829744
5556,18.08647985989493
5557,13.162633136094689
5558,10.310117416829744
5559,9.69248701298701
5560,15.17777054108217
5561,13.56477434679335
5562,14.798441558441558
5563,6.967724620770126
5564,16.95768707482993
5565,7.5511111111111076
5566,13.239805292061902
5567,7.722065573770493
5568,11.735271739130434
5569,14.590107584722968
5570,12.912076023391814
5571,7.33142156862745
5572,10.391755395683457
5573,16.064618689581092
5574,14.317375000000004
5575,14.318376963350786
5576,15.17777054108217
5577,11.901854338842975
5578,15.003126684636115
5579,15.771099744245523
5580,14.317375000000004
5581,12.912076023391814
5582,14.317375000000004
5583,14.317375000000004
5584,15.652043868394813
5585,9.826612021857922
5586,13.162633136094689
5587,13.697248062015499
5588,8.724696673189824
5589,9.538186915887849
5590,10.502102564102561
5591,9.891134969325153
5592,10.585015673981195
5593,11.408000000000003
5594,17.326132075471698
5595,11.555817727840203
5596,15.908327974276528
5597,15.003126684636115
5598,17.41025862068966
5599,9.69248701298701
5600,14.318376963350786
5601,9.69248701298701
5602,13.239805292061902
5603,6.90375
5604,10.202038567493119
5605,13.239805292061902
5606,7.257543103448275
5607,11.156032013479361
5608,19.01675159235668
5609,18.595190995907224
5610,6.90375
5611,10.502102564102561
5612,16.148066875653086
5613,11.555817727840203
5614,19.01675159235668
5615,14.798441558441558
5616,16.148066875653086
5617,20.406768189509307
5618,15.652043868394813
5619,14.590107584722968
5620,7.227697368421052
5621,6.967724620770126
5622,9.154460163812363
5623,10.328130081300808
5624,11.156032013479361
5625,17.326132075471698
5626,7.227697368421052
5627,15.137219701879456
5628,18.08647985989493
5629,11.156032013479361
5630,10.391755395683457
5631,18.08647985989493
5632,9.891134969325153
5633,11.901854338842975
5634,11.408000000000003
5635,13.162633136094689
5636,7.722065573770493
5637,14.318376963350786
5638,10.328130081300808
5639,15.908327974276528
5640,8.962835820895522
5641,16.754647975077887
5642,6.732375
5643,7.722065573770493
5644,12.25993808049536
5645,9.69248701298701
5646,14.317375000000004
5647,12.912076023391814
5648,15.17777054108217
5649,15.137219701879456
5650,7.4015292353823074
5651,10.502102564102561
5652,13.896364779874208
5653,11.408000000000003
5654,12.703969732246799
5655,11.901854338842975
5656,11.29717917675545
5657,14.590107584722968
5658,9.697206572769952
5659,7.4015292353823074
5660,12.703969732246799
5661,17.368251121076224
5662,14.108114374034004
5663,11.555817727840203
5664,12.25993808049536
5665,15.17777054108217
5666,10.980837166513338
5667,9.538186915887849
5668,6.967724620770126
5669,12.912076023391814
5670,12.697039800995025
5671,7.33142156862745
5672,16.078649999999993
5673,19.69543624161074
5674,11.735271739130434
5675,15.137219701879456
5676,7.722065573770493
5677,13.896364779874208
5678,8.724696673189824
5679,16.148066875653086
5680,15.003126684636115
5681,12.316610169491522
5682,7.5511111111111076
5683,16.148066875653086
5684,10.242045454545456
5685,11.156032013479361
5686,12.912076023391814
5687,10.585015673981195
5688,13.239805292061902
5689,10.980837166513338
5690,6.90375
5691,18.26211956521739
5692,14.318376963350786
5693,8.332462235649544
5694,16.064618689581092
5695,9.69248701298701
5696,7.257543103448275
5697,21.994786324786325
5698,13.162633136094689
5699,9.154460163812363
5700,9.538186915887849
5701,14.590107584722968
5702,18.08647985989493
5703,14.318376963350786
5704,17.41025862068966
5705,12.25993808049536
5706,15.771099744245523
5707,7.4015292353823074
5708,12.093545454545454
5709,9.891134969325153
5710,17.326132075471698
5711,15.652043868394813
5712,10.502102564102561
5713,10.55167832167832
5714,16.148066875653086
5715,9.69248701298701
5716,13.089728850325379
5717,10.502102564102561
5718,11.901854338842975
5719,15.652043868394813
5720,10.585015673981195
5721,12.25993808049536
5722,11.901854338842975
5723,14.108114374034004
5724,18.595190995907224
5725,15.17777054108217
5726,10.328130081300808
5727,15.137219701879456
5728,14.317375000000004
5729,11.735271739130434
5730,7.768954344624459
5731,19.98764331210191
5732,20.956815286624188
5733,14.58139303482587
5734,14.317375000000004
5735,16.064618689581092
5736,7.722065573770493
5737,12.912076023391814
5738,7.981873589164787
5739,12.427647058823528
5740,14.318376963350786
5741,15.908327974276528
5742,13.903099415204682
5743,9.333402777777787
5744,12.697039800995025
5745,9.154460163812363
5746,17.448429256594718
5747,12.25993808049536
5748,11.901854338842975
5749,6.732375
5750,12.912076023391814
5751,9.538186915887849
5752,7.9525
5753,8.332462235649544
5754,15.137219701879456
5755,8.914171122994652
5756,9.333402777777787
5757,11.156032013479361
5758,7.9525
5759,11.737134445534837
5760,13.162633136094689
5761,14.318376963350786
5762,11.29717917675545
5763,14.58139303482587
5764,18.17878281622912
5765,8.332462235649544
5766,8.12669398907104
5767,7.5511111111111076
5768,13.239805292061902
5769,15.17777054108217
5770,7.137491638795986
5771,7.981873589164787
5772,14.798441558441558
5773,14.318376963350786
5774,11.901854338842975
5775,18.595190995907224
5776,12.093545454545454
5777,14.590107584722968
5778,15.17777054108217
5779,12.912076023391814
5780,13.239805292061902
5781,8.12669398907104
5782,11.737134445534837
5783,10.242045454545456
5784,15.137219701879456
5785,16.754647975077887
5786,8.724696673189824
5787,8.949145569620255
5788,11.735271739130434
5789,12.495679442508713
5790,15.137219701879456
5791,11.555817727840203
5792,16.064618689581092
5793,7.722065573770493
5794,13.56477434679335
5795,15.908327974276528
5796,13.903099415204682
5797,9.69248701298701
5798,15.137219701879456
5799,12.25993808049536
5800,16.064618689581092
5801,8.659595469255665
5802,11.901854338842975
5803,6.967724620770126
5804,16.064618689581092
5805,11.555817727840203
5806,8.332462235649544
5807,10.502102564102561
5808,17.038244680851058
5809,6.90375
5810,12.316610169491522
5811,11.29717917675545
5812,17.41025862068966
5813,8.724696673189824
5814,12.25993808049536
5815,14.798441558441558
5816,18.595190995907224
5817,15.652043868394813
5818,12.697039800995025
5819,9.69248701298701
5820,15.137219701879456
5821,10.728773690078041
5822,18.595190995907224
5823,10.728773690078041
5824,12.912076023391814
5825,15.17777054108217
5826,10.242045454545456
5827,14.108114374034004
5828,10.502102564102561
5829,11.737134445534837
5830,9.69248701298701
5831,7.33142156862745
5832,10.502102564102561
5833,15.908327974276528
5834,7.4015292353823074
5835,15.137219701879456
5836,7.722065573770493
5837,14.317375000000004
5838,16.754647975077887
5839,7.33142156862745
5840,14.108114374034004
5841,8.962835820895522
5842,11.555817727840203
5843,10.502102564102561
5844,7.611739130434781
5845,15.17777054108217
5846,14.590107584722968
5847,10.55167832167832
5848,10.728773690078041
5849,14.317375000000004
5850,9.154460163812363
5851,13.162633136094689
5852,11.555817727840203
5853,9.538186915887849
5854,9.69248701298701
5855,13.162633136094689
5856,9.546543209876543
5857,15.908327974276528
5858,16.754647975077887
5859,13.239805292061902
5860,9.697206572769952
5861,11.737134445534837
5862,11.29717917675545
5863,9.154460163812363
5864,16.064618689581092
5865,10.585015673981195
5866,11.555817727840203
5867,13.239805292061902
5868,10.502102564102561
5869,9.333402777777787
5870,8.724696673189824
5871,8.332462235649544
5872,13.239805292061902
5873,13.903099415204682
5874,11.555817727840203
5875,16.064618689581092
5876,13.089728850325379
5877,8.962835820895522
5878,10.980837166513338
5879,10.391755395683457
5880,18.595190995907224
5881,9.154460163812363
5882,15.137219701879456
5883,8.08785874439462
5884,15.137219701879456
5885,10.55167832167832
5886,7.5511111111111076
5887,11.737134445534837
5888,9.69248701298701
5889,15.137219701879456
5890,11.156032013479361
5891,7.768954344624459
5892,7.722065573770493
5893,12.25993808049536
5894,9.154460163812363
5895,18.08647985989493
5896,11.735271739130434
5897,15.17777054108217
5898,12.25993808049536
5899,7.981873589164787
5900,7.33142156862745
5901,7.722065573770493
5902,9.697206572769952
5903,11.29717917675545
5904,14.318376963350786
5905,18.26211956521739
5906,12.25993808049536
5907,11.156032013479361
5908,14.318376963350786
5909,12.912076023391814
5910,15.652043868394813
5911,14.108114374034004
5912,18.17878281622912
5913,17.448429256594718
5914,6.967724620770126
5915,15.137219701879456
5916,13.239805292061902
5917,12.703969732246799
5918,9.538186915887849
5919,9.69248701298701
5920,8.724696673189824
5921,13.089728850325379
5922,12.25993808049536
5923,13.239805292061902
5924,12.912076023391814
5925,7.9525
5926,17.41025862068966
5927,8.724696673189824
5928,11.408000000000003
5929,7.4015292353823074
5930,8.541441441441442
5931,19.902641509433966
5932,8.949145569620255
5933,10.328130081300808
5934,16.624679399727153
5935,16.754647975077887
5936,13.162633136094689
5937,11.29717917675545
5938,8.332462235649544
5939,16.148066875653086
5940,13.896364779874208
5941,15.908327974276528
5942,7.4015292353823074
5943,10.242045454545456
5944,13.162633136094689
5945,13.162633136094689
5946,11.735271739130434
5947,14.590107584722968
5948,11.901854338842975
5949,9.538186915887849
5950,16.078649999999993
5951,7.33142156862745
5952,8.914171122994652
5953,12.25993808049536
5954,11.408000000000003
5955,14.58139303482587
5956,11.735271739130434
5957,13.239805292061902
5958,12.703969732246799
5959,11.901854338842975
5960,7.33142156862745
5961,6.90375
5962,10.391755395683457
5963,20.956815286624188
5964,12.912076023391814
5965,9.538186915887849
5966,6.732375
5967,7.428943396226415
5968,7.428943396226415
5969,10.502102564102561
5970,18.08647985989493
5971,12.912076023391814
5972,19.01675159235668
5973,10.728773690078041
5974,11.901854338842975
5975,13.239805292061902
5976,11.901854338842975
5977,15.652043868394813
5978,11.735271739130434
5979,15.17777054108217
5980,9.69248701298701
5981,7.722065573770493
5982,9.69248701298701
5983,10.502102564102561
5984,8.962835820895522
5985,12.093545454545454
5986,8.332462235649544
5987,7.4015292353823074
5988,8.08785874439462
5989,12.697039800995025
5990,13.239805292061902
5991,7.722065573770493
5992,9.154460163812363
5993,14.58139303482587
5994,15.17777054108217
5995,8.325785440613027
5996,12.703969732246799
5997,11.901854338842975
5998,7.981873589164787
5999,15.908327974276528
6000,21.994786324786325
6001,10.202038567493119
6002,6.90375
6003,17.41025862068966
6004,9.154460163812363
6005,17.41025862068966
6006,11.555817727840203
6007,9.333402777777787
6008,16.95768707482993
6009,11.901854338842975
6010,13.089728850325379
6011,16.754647975077887
6012,7.722065573770493
6013,9.69248701298701
6014,12.25993808049536
6015,8.08785874439462
6016,10.328130081300808
6017,7.33142156862745
6018,7.611739130434781
6019,7.768954344624459
6020,16.624679399727153
6021,12.495679442508713
6022,7.137491638795986
6023,7.33142156862745
6024,13.239805292061902
6025,15.908327974276528
6026,13.162633136094689
6027,8.332462235649544
6028,14.798441558441558
6029,14.318376963350786
6030,15.908327974276528
6031,15.17777054108217
6032,8.659595469255665
6033,7.4015292353823074
6034,13.896364779874208
6035,7.7825
6036,13.697248062015499
6037,9.69248701298701
6038,9.333402777777787
6039,13.896364779874208
6040,9.69248701298701
6041,12.25993808049536
6042,10.980837166513338
6043,9.69248701298701
6044,11.156032013479361
6045,13.56477434679335
6046,17.368251121076224
6047,11.156032013479361
6048,11.555817727840203
6049,10.391755395683457
6050,19.292636815920396
6051,11.156032013479361
6052,16.064618689581092
6053,16.624679399727153
6054,11.555817727840203
6055,15.17777054108217
6056,20.956815286624188
6057,18.595190995907224
6058,10.242045454545456
6059,10.328130081300808
6060,12.912076023391814
6061,13.089728850325379
6062,15.908327974276528
6063,13.896364779874208
6064,13.697248062015499
6065,16.148066875653086
6066,7.428943396226415
6067,19.01675159235668
6068,12.17458904109589
6069,12.912076023391814
6070,13.903099415204682
6071,14.590107584722968
6072,11.892470588235293
6073,8.332462235649544
6074,18.08647985989493
6075,7.722065573770493
6076,6.926351351351352
6077,9.546543209876543
6078,6.967724620770126
6079,11.735271739130434
6080,14.317375000000004
6081,10.585015673981195
6082,10.242045454545456
6083,13.162633136094689
6084,15.137219701879456
6085,9.69248701298701
6086,11.735271739130434
6087,13.697248062015499
6088,6.90375
6089,18.08647985989493
6090,7.428943396226415
6091,15.17777054108217
6092,8.659595469255665
6093,10.502102564102561
6094,12.912076023391814
6095,16.064618689581092
6096,19.98764331210191
6097,16.547633587786265
6098,10.502102564102561
6099,13.697248062015499
6100,9.538186915887849
6101,11.408000000000003
6102,13.239805292061902
6103,13.903099415204682
6104,12.17458904109589
6105,8.724696673189824
6106,11.408000000000003
6107,11.737134445534837
6108,15.003126684636115
6109,10.391755395683457
6110,8.332462235649544
6111,14.317375000000004
6112,13.56477434679335
6113,8.08785874439462
6114,12.912076023391814
6115,7.137491638795986
6116,18.595190995907224
6117,10.328130081300808
6118,9.69248701298701
6119,17.326132075471698
6120,15.17777054108217
6121,10.980837166513338
6122,17.448429256594718
6123,9.891134969325153
6124,8.08785874439462
6125,17.448429256594718
6126,10.242045454545456
6127,11.156032013479361
6128,10.202038567493119
6129,7.722065573770493
6130,12.427647058823528
6131,6.967724620770126
6132,11.901854338842975
6133,7.722065573770493
6134,12.25993808049536
6135,13.089728850325379
6136,6.967724620770126
6137,7.4015292353823074
6138,13.089728850325379
6139,9.69248701298701
6140,11.735271739130434
6141,7.981873589164787
6142,14.317375000000004
6143,12.495679442508713
6144,13.162633136094689
6145,10.201882352941178
6146,13.239805292061902
6147,15.908327974276528
6148,18.595190995907224
6149,14.590107584722968
6150,6.732375
6151,18.17878281622912
6152,12.427647058823528
6153,11.29717917675545
6154,14.590107584722968
6155,14.590107584722968
6156,12.697039800995025
6157,15.652043868394813
6158,12.495679442508713
6159,10.728773690078041
6160,12.697039800995025
6161,9.697206572769952
6162,9.69248701298701
6163,9.538186915887849
6164,12.912076023391814
6165,15.137219701879456
6166,12.912076023391814
6167,11.555817727840203
6168,9.546543209876543
6169,12.25993808049536
6170,16.754647975077887
6171,6.967724620770126
6172,7.768954344624459
6173,16.148066875653086
6174,9.69248701298701
6175,10.585015673981195
6176,10.202038567493119
6177,16.624679399727153
6178,13.799649122807018
6179,8.12669398907104
6180,13.903099415204682
6181,7.33142156862745
6182,8.08785874439462
6183,11.735271739130434
6184,6.967724620770126
6185,11.901854338842975
6186,15.17777054108217
6187,8.984031413612563
6188,7.722065573770493
6189,13.239805292061902
6190,11.901854338842975
6191,21.994786324786325
6192,13.162633136094689
6193,14.317375000000004
6194,8.949145569620255
6195,10.728773690078041
6196,10.310117416829744
6197,16.148066875653086
6198,17.038244680851058
6199,13.903099415204682
6200,15.17777054108217
6201,12.697039800995025
6202,13.239805292061902
6203,15.652043868394813
6204,11.901854338842975
6205,13.239805292061902
6206,20.956815286624188
6207,18.595190995907224
6208,10.502102564102561
6209,11.29717917675545
6210,12.25993808049536
6211,13.239805292061902
6212,16.754647975077887
6213,10.391755395683457
6214,10.980837166513338
6215,8.678737343829189
6216,11.735271739130434
6217,9.69248701298701
6218,8.08785874439462
6219,7.9525
6220,10.980837166513338
6221,12.697039800995025
6222,17.41025862068966
6223,11.156032013479361
6224,9.154460163812363
6225,15.652043868394813
6226,11.555817727840203
6227,12.427647058823528
6228,9.923030303030304
6229,8.659595469255665
6230,16.064618689581092
6231,10.728773690078041
6232,9.697206572769952
6233,16.624679399727153
6234,9.697206572769952
6235,14.58139303482587
6236,12.697039800995025
6237,14.317375000000004
6238,11.29717917675545
6239,13.896364779874208
6240,18.595190995907224
6241,15.908327974276528
6242,17.448429256594718
6243,15.17777054108217
6244,20.406768189509307
6245,14.590107584722968
6246,13.162633136094689
6247,17.41025862068966
6248,7.4015292353823074
6249,6.732375
6250,19.69543624161074
6251,14.590107584722968
6252,10.728773690078041
6253,14.590107584722968
6254,9.538186915887849
6255,8.659595469255665
6256,16.064618689581092
6257,9.891134969325153
6258,7.33142156862745
6259,12.703969732246799
6260,17.41025862068966
6261,16.624679399727153
6262,9.69248701298701
6263,10.980837166513338
6264,9.826612021857922
6265,12.495679442508713
6266,13.903099415204682
6267,19.01675159235668
6268,11.156032013479361
6269,11.29717917675545
6270,11.901854338842975
6271,17.326132075471698
6272,7.4015292353823074
6273,10.328130081300808
6274,15.17777054108217
6275,7.33142156862745
6276,14.317375000000004
6277,17.448429256594718
6278,8.962835820895522
6279,10.310117416829744
6280,13.903099415204682
6281,12.17458904109589
6282,16.148066875653086
6283,11.29717917675545
6284,7.981873589164787
6285,13.089728850325379
6286,8.332462235649544
6287,8.332462235649544
6288,7.722065573770493
6289,12.912076023391814
6290,15.771099744245523
6291,14.318376963350786
6292,19.01675159235668
6293,10.55167832167832
6294,12.427647058823528
6295,7.768954344624459
6296,7.722065573770493
6297,15.652043868394813
6298,13.697248062015499
6299,18.08647985989493
6300,11.555817727840203
6301,9.154460163812363
6302,12.25993808049536
6303,12.697039800995025
6304,17.41025862068966
6305,13.162633136094689
6306,13.239805292061902
6307,11.156032013479361
6308,14.317375000000004
6309,7.722065573770493
6310,9.154460163812363
6311,10.502102564102561
6312,15.771099744245523
6313,7.5511111111111076
6314,8.659595469255665
6315,12.25993808049536
6316,7.768954344624459
6317,8.400995475113126
6318,10.55167832167832
6319,12.25993808049536
6320,11.555817727840203
6321,9.079761904761906
6322,16.754647975077887
6323,9.69248701298701
6324,8.08785874439462
6325,13.697248062015499
6326,10.585015673981195
6327,9.538186915887849
6328,13.162633136094689
6329,9.538186915887849
6330,15.652043868394813
6331,10.502102564102561
6332,13.697248062015499
6333,9.079761904761906
6334,18.17878281622912
6335,7.33142156862745
6336,14.317375000000004
6337,16.078649999999993
6338,11.408000000000003
6339,9.538186915887849
6340,6.967724620770126
6341,15.137219701879456
6342,13.896364779874208
6343,18.595190995907224
6344,7.5242913385826755
6345,14.590107584722968
6346,13.697248062015499
6347,19.69543624161074
6348,10.55167832167832
6349,9.891134969325153
6350,9.333402777777787
6351,8.949145569620255
6352,9.333402777777787
6353,11.737134445534837
6354,9.697206572769952
6355,9.69248701298701
6356,10.585015673981195
6357,16.95768707482993
6358,16.148066875653086
6359,7.4015292353823074
6360,10.242045454545456
6361,13.56477434679335
6362,15.17777054108217
6363,11.737134445534837
6364,11.156032013479361
6365,18.08647985989493
6366,18.595190995907224
6367,18.595190995907224
6368,10.328130081300808
6369,12.495679442508713
6370,7.981873589164787
6371,8.914171122994652
6372,16.148066875653086
6373,13.239805292061902
6374,14.590107584722968
6375,9.538186915887849
6376,10.328130081300808
6377,6.90375
6378,15.652043868394813
6379,12.25993808049536
6380,10.242045454545456
6381,10.502102564102561
6382,11.555817727840203
6383,11.555817727840203
6384,8.332462235649544
6385,12.25993808049536
6386,13.896364779874208
6387,8.08785874439462
6388,6.90375
6389,7.768954344624459
6390,12.703969732246799
6391,7.768954344624459
6392,16.754647975077887
6393,10.502102564102561
6394,7.33142156862745
6395,12.25993808049536
6396,10.980837166513338
6397,12.25993808049536
6398,17.41025862068966
6399,19.01675159235668
6400,10.242045454545456
6401,14.108114374034004
6402,14.108114374034004
6403,9.333402777777787
6404,8.332462235649544
6405,11.735271739130434
6406,11.737134445534837
6407,8.949145569620255
6408,16.754647975077887
6409,7.4015292353823074
6410,15.17777054108217
6411,13.089728850325379
6412,17.41025862068966
6413,6.967724620770126
6414,13.089728850325379
6415,10.502102564102561
6416,14.58139303482587
6417,13.239805292061902
6418,13.799649122807018
6419,6.90375
6420,9.079761904761906
6421,8.724696673189824
6422,8.332462235649544
6423,6.926351351351352
6424,15.17777054108217
6425,9.154460163812363
6426,12.25993808049536
6427,9.891134969325153
6428,8.325785440613027
6429,16.754647975077887
6430,11.156032013479361
6431,14.317375000000004
6432,11.408000000000003
6433,11.901854338842975
6434,18.08647985989493
6435,22.076980198019804
6436,8.659595469255665
6437,11.901854338842975
6438,18.08647985989493
6439,11.901854338842975
6440,10.242045454545456
6441,8.08785874439462
6442,10.242045454545456
6443,11.555817727840203
6444,9.69248701298701
6445,7.5242913385826755
6446,7.611739130434781
6447,11.737134445534837
6448,7.257543103448275
6449,17.326132075471698
6450,15.137219701879456
6451,17.326132075471698
6452,12.703969732246799
6453,15.908327974276528
6454,8.659595469255665
6455,11.156032013479361
6456,15.908327974276528
6457,17.41025862068966
6458,16.148066875653086
6459,7.5511111111111076
6460,13.607716049382715
6461,13.239805292061902
6462,9.154460163812363
6463,13.697248062015499
6464,15.137219701879456
6465,13.239805292061902
6466,13.56477434679335
6467,15.652043868394813
6468,12.495679442508713
6469,8.325785440613027
6470,7.981873589164787
6471,9.697206572769952
6472,17.368251121076224
6473,12.703969732246799
6474,16.148066875653086
6475,8.08785874439462
6476,15.17777054108217
6477,7.981873589164787
6478,10.391755395683457
6479,11.901854338842975
6480,7.5242913385826755
6481,10.391755395683457
6482,10.202038567493119
6483,11.555817727840203
6484,11.555817727840203
6485,12.697039800995025
6486,6.584444444444445
6487,8.984031413612563
6488,8.659595469255665
6489,11.408000000000003
6490,12.697039800995025
6491,13.903099415204682
6492,13.239805292061902
6493,6.967724620770126
6494,6.926351351351352
6495,9.69248701298701
6496,14.590107584722968
6497,13.162633136094689
6498,10.728773690078041
6499,14.590107584722968
6500,15.17777054108217
6501,7.768954344624459
6502,10.728773690078041
6503,8.724696673189824
6504,11.555817727840203
6505,7.227697368421052
6506,7.722065573770493
6507,7.981873589164787
6508,15.17777054108217
6509,6.967724620770126
6510,10.202038567493119
6511,8.08785874439462
6512,7.428943396226415
6513,16.754647975077887
6514,10.391755395683457
6515,14.128181818181819
6516,13.162633136094689
6517,12.912076023391814
6518,13.162633136094689
6519,13.162633136094689
6520,18.595190995907224
6521,12.697039800995025
6522,12.25993808049536
6523,14.317375000000004
6524,11.555817727840203
6525,13.896364779874208
6526,6.967724620770126
6527,8.08785874439462
6528,12.703969732246799
6529,9.154460163812363
6530,11.555817727840203
6531,18.24270833333333
6532,17.41025862068966
6533,11.737134445534837
6534,15.17777054108217
6535,15.652043868394813
6536,7.428943396226415
6537,14.317375000000004
6538,10.55167832167832
6539,12.093545454545454
6540,15.652043868394813
6541,10.980837166513338
6542,6.732375
6543,10.242045454545456
6544,11.737134445534837
6545,11.408000000000003
6546,7.5511111111111076
6547,17.448429256594718
6548,10.980837166513338
6549,18.24270833333333
6550,10.980837166513338
6551,10.502102564102561
6552,15.137219701879456
6553,8.325785440613027
6554,7.33142156862745
6555,8.659595469255665
6556,11.901854338842975
6557,7.428943396226415
6558,15.908327974276528
6559,11.901854338842975
6560,11.29717917675545
6561,11.901854338842975
6562,8.984031413612563
6563,7.722065573770493
6564,11.555817727840203
6565,8.332462235649544
6566,15.908327974276528
6567,8.659595469255665
6568,15.17777054108217
6569,9.546543209876543
6570,11.555817727840203
6571,6.967724620770126
6572,10.202038567493119
6573,10.502102564102561
6574,7.4015292353823074
6575,15.003126684636115
6576,7.257543103448275
6577,11.901854338842975
6578,10.310117416829744
6579,14.108114374034004
6580,13.239805292061902
6581,7.981873589164787
6582,17.41025862068966
6583,13.239805292061902
6584,9.333402777777787
6585,6.732375
6586,7.257543103448275
6587,11.555817727840203
6588,12.697039800995025
6589,14.318376963350786
6590,10.328130081300808
6591,19.01675159235668
6592,18.08647985989493
6593,15.137219701879456
6594,7.722065573770493
6595,13.162633136094689
6596,14.317375000000004
6597,7.4015292353823074
6598,13.903099415204682
6599,16.754647975077887
6600,15.17777054108217
6601,8.962835820895522
6602,12.697039800995025
6603,16.95768707482993
6604,15.17777054108217
6605,9.333402777777787
6606,9.69248701298701
6607,15.003126684636115
6608,13.089728850325379
6609,10.728773690078041
6610,13.239805292061902
6611,16.754647975077887
6612,15.17777054108217
6613,13.896364779874208
6614,10.202038567493119
6615,13.697248062015499
6616,10.728773690078041
6617,8.914171122994652
6618,14.590107584722968
6619,10.980837166513338
6620,9.69248701298701
6621,12.912076023391814
6622,18.08647985989493
6623,13.162633136094689
6624,16.624679399727153
6625,7.5511111111111076
6626,10.328130081300808
6627,8.08785874439462
6628,6.967724620770126
6629,11.735271739130434
6630,13.089728850325379
6631,7.137491638795986
6632,13.56477434679335
6633,7.4015292353823074
6634,11.555817727840203
6635,13.697248062015499
6636,8.332462235649544
6637,7.981873589164787
6638,10.202038567493119
6639,10.242045454545456
6640,9.891134969325153
6641,17.448429256594718
6642,13.697248062015499
6643,13.162633136094689
6644,11.901854338842975
6645,13.239805292061902
6646,17.41025862068966
6647,12.25993808049536
6648,14.590107584722968
6649,6.967724620770126
6650,8.241811594202899
6651,15.17777054108217
6652,10.55167832167832
6653,9.69248701298701
6654,7.5242913385826755
6655,13.896364779874208
6656,20.139813084112145
6657,15.908327974276528
6658,12.25993808049536
6659,10.55167832167832
6660,10.310117416829744
6661,13.903099415204682
6662,15.908327974276528
6663,7.33142156862745
6664,8.984031413612563
6665,13.607716049382715
6666,11.612484472049687
6667,9.154460163812363
6668,11.901854338842975
6669,14.590107584722968
6670,15.003126684636115
6671,15.17777054108217
6672,10.980837166513338
6673,6.90375
6674,10.242045454545456
6675,6.967724620770126
6676,11.901854338842975
6677,17.038244680851058
6678,13.089728850325379
6679,19.01675159235668
6680,10.502102564102561
6681,8.332462235649544
6682,6.90375
6683,10.502102564102561
6684,15.908327974276528
6685,12.495679442508713
6686,19.98764331210191
6687,15.908327974276528
6688,13.56477434679335
6689,12.819113924050631
6690,14.590107584722968
6691,13.697248062015499
6692,9.69248701298701
6693,14.318376963350786
6694,7.137491638795986
6695,13.239805292061902
6696,6.967724620770126
6697,7.981873589164787
6698,7.9525
6699,7.227697368421052
6700,14.317375000000004
6701,19.292636815920396
6702,8.08785874439462
6703,9.697206572769952
6704,19.01675159235668
6705,11.735271739130434
6706,13.697248062015499
6707,7.33142156862745
6708,14.590107584722968
6709,14.318376963350786
6710,7.4015292353823074
6711,10.585015673981195
6712,13.089728850325379
6713,11.901854338842975
6714,8.724696673189824
6715,11.737134445534837
6716,13.165902777777776
6717,12.495679442508713
6718,12.25993808049536
6719,11.737134445534837
6720,12.819113924050631
6721,7.722065573770493
6722,11.156032013479361
6723,12.427647058823528
6724,11.901854338842975
6725,9.891134969325153
6726,9.154460163812363
6727,16.754647975077887
6728,13.239805292061902
6729,11.901854338842975
6730,10.391755395683457
6731,15.908327974276528
6732,15.652043868394813
6733,12.093545454545454
6734,10.310117416829744
6735,14.590107584722968
6736,7.981873589164787
6737,7.981873589164787
6738,15.137219701879456
6739,11.555817727840203
6740,10.728773690078041
6741,9.69248701298701
6742,12.17458904109589
6743,12.25993808049536
6744,9.154460163812363
6745,18.26211956521739
6746,20.956815286624188
6747,17.326132075471698
6748,10.391755395683457
6749,11.29717917675545
6750,14.318376963350786
6751,9.154460163812363
6752,13.162633136094689
6753,15.652043868394813
6754,15.137219701879456
6755,7.722065573770493
6756,11.901854338842975
6757,16.064618689581092
6758,14.590107584722968
6759,10.068816793893133
6760,9.546543209876543
6761,10.502102564102561
6762,12.25993808049536
6763,17.698899082568808
6764,13.896364779874208
6765,14.108114374034004
6766,9.333402777777787
6767,10.502102564102561
6768,16.148066875653086
6769,10.202038567493119
6770,10.202038567493119
6771,11.735271739130434
6772,14.590107584722968
6773,12.495679442508713
6774,9.697206572769952
6775,15.17777054108217
6776,14.590107584722968
6777,7.33142156862745
6778,13.799649122807018
6779,14.590107584722968
6780,18.595190995907224
6781,10.202038567493119
6782,14.58139303482587
6783,6.90375
6784,8.12669398907104
6785,13.162633136094689
6786,9.697206572769952
6787,7.227697368421052
6788,12.316610169491522
6789,6.732375
6790,8.659595469255665
6791,10.202038567493119
6792,9.697206572769952
6793,16.064618689581092
6794,12.697039800995025
6795,17.448429256594718
6796,8.08785874439462
6797,9.154460163812363
6798,12.25993808049536
6799,14.317375000000004
6800,14.798441558441558
6801,12.697039800995025
6802,7.722065573770493
6803,7.5511111111111076
6804,7.611739130434781
6805,14.590107584722968
6806,13.903099415204682
6807,10.328130081300808
6808,7.5511111111111076
6809,17.41025862068966
6810,7.428943396226415
6811,15.17777054108217
6812,7.722065573770493
6813,12.25993808049536
6814,7.4015292353823074
6815,13.239805292061902
6816,8.12669398907104
6817,11.735271739130434
6818,7.26248407643312
6819,13.903099415204682
6820,8.659595469255665
6821,9.333402777777787
6822,8.332462235649544
6823,13.162633136094689
6824,12.25993808049536
6825,11.555817727840203
6826,15.17777054108217
6827,10.242045454545456
6828,7.722065573770493
6829,10.328130081300808
6830,10.328130081300808
6831,14.317375000000004
6832,13.239805292061902
6833,13.162633136094689
6834,10.980837166513338
6835,10.980837166513338
6836,11.29717917675545
6837,15.137219701879456
6838,17.41025862068966
6839,16.148066875653086
6840,9.333402777777787
6841,12.25993808049536
6842,17.41025862068966
6843,11.901854338842975
6844,12.697039800995025
6845,15.908327974276528
6846,14.317375000000004
6847,17.038244680851058
6848,14.317375000000004
6849,12.427647058823528
6850,17.41025862068966
6851,8.400995475113126
6852,14.317375000000004
6853,18.24270833333333
6854,8.659595469255665
6855,7.227697368421052
6856,6.931935483870967
6857,12.25993808049536
6858,11.735271739130434
6859,19.01675159235668
6860,10.585015673981195
6861,8.962835820895522
6862,8.914171122994652
6863,7.9525
6864,10.391755395683457
6865,9.69248701298701
6866,18.595190995907224
6867,17.448429256594718
6868,11.735271739130434
6869,13.165902777777776
6870,11.555817727840203
6871,7.428943396226415
6872,7.722065573770493
6873,11.901854338842975
6874,9.333402777777787
6875,19.69543624161074
6876,10.585015673981195
6877,11.29717917675545
6878,7.33142156862745
6879,13.239805292061902
6880,14.318376963350786
6881,12.25993808049536
6882,14.58139303482587
6883,11.737134445534837
6884,15.137219701879456
6885,8.659595469255665
6886,12.912076023391814
6887,16.624679399727153
6888,11.901854338842975
6889,15.908327974276528
6890,8.914171122994652
6891,8.949145569620255
6892,14.108114374034004
6893,13.239805292061902
6894,18.08647985989493
6895,13.896364779874208
6896,12.703969732246799
6897,8.914171122994652
6898,9.333402777777787
6899,10.242045454545456
6900,8.724696673189824
6901,11.156032013479361
6902,14.318376963350786
6903,17.326132075471698
6904,13.239805292061902
6905,12.495679442508713
6906,11.892470588235293
6907,10.201882352941178
6908,10.242045454545456
6909,14.108114374034004
6910,11.737134445534837
6911,14.317375000000004
6912,11.555817727840203
6913,13.239805292061902
6914,10.980837166513338
6915,12.912076023391814
6916,11.555817727840203
6917,7.428943396226415
6918,11.29717917675545
6919,7.5511111111111076
6920,14.590107584722968
6921,8.949145569620255
6922,10.201882352941178
6923,16.754647975077887
6924,10.202038567493119
6925,18.08647985989493
6926,14.590107584722968
6927,9.154460163812363
6928,14.590107584722968
6929,11.555817727840203
6930,11.735271739130434
6931,9.154460163812363
6932,14.58139303482587
6933,12.093545454545454
6934,15.17777054108217
6935,7.4015292353823074
6936,14.108114374034004
6937,7.722065573770493
6938,8.537731092436973
6939,7.722065573770493
6940,18.595190995907224
6941,9.891134969325153
6942,18.595190995907224
6943,14.590107584722968
6944,15.003126684636115
6945,9.69248701298701
6946,10.242045454545456
6947,14.317375000000004
6948,17.368251121076224
6949,20.406768189509307
6950,13.903099415204682
6951,11.555817727840203
6952,11.555817727840203
6953,12.25993808049536
6954,13.697248062015499
6955,10.728773690078041
6956,7.981873589164787
6957,12.697039800995025
6958,8.08785874439462
6959,15.17777054108217
6960,8.949145569620255
6961,19.01675159235668
6962,7.33142156862745
6963,12.427647058823528
6964,12.25993808049536
6965,10.391755395683457
6966,11.156032013479361
6967,14.590107584722968
6968,14.590107584722968
6969,8.541441441441442
6970,7.611739130434781
6971,8.724696673189824
6972,10.728773690078041
6973,12.495679442508713
6974,14.590107584722968
6975,12.912076023391814
6976,16.148066875653086
6977,16.064618689581092
6978,13.162633136094689
6979,12.495679442508713
6980,17.368251121076224
6981,9.538186915887849
6982,11.737134445534837
6983,14.317375000000004
6984,13.089728850325379
6985,9.333402777777787
6986,7.33142156862745
6987,12.093545454545454
6988,6.967724620770126
6989,7.137491638795986
6990,15.137219701879456
6991,9.697206572769952
6992,10.502102564102561
6993,10.980837166513338
6994,14.317375000000004
6995,8.914171122994652
6996,9.333402777777787
6997,8.984031413612563
6998,8.724696673189824
6999,16.064618689581092
7000,7.981873589164787
7001,10.980837166513338
7002,14.590107584722968
7003,15.652043868394813
7004,9.69248701298701
7005,7.981873589164787
7006,10.980837166513338
7007,8.08785874439462
7008,9.333402777777787
7009,9.69248701298701
7010,10.585015673981195
7011,16.148066875653086
7012,14.798441558441558
7013,16.064618689581092
7014,8.537731092436973
7015,16.754647975077887
7016,14.590107584722968
7017,11.555817727840203
7018,14.317375000000004
7019,7.4015292353823074
7020,6.967724620770126
7021,15.003126684636115
7022,10.328130081300808
7023,11.901854338842975
7024,11.735271739130434
7025,10.585015673981195
7026,15.652043868394813
7027,7.4015292353823074
7028,19.01675159235668
7029,10.502102564102561
7030,13.089728850325379
7031,10.391755395683457
7032,10.502102564102561
7033,11.555817727840203
7034,11.156032013479361
7035,13.162633136094689
7036,11.737134445534837
7037,16.064618689581092
7038,8.962835820895522
7039,14.590107584722968
7040,7.722065573770493
7041,12.912076023391814
7042,15.652043868394813
7043,10.728773690078041
7044,17.448429256594718
7045,11.735271739130434
7046,15.908327974276528
7047,13.089728850325379
7048,7.4015292353823074
7049,15.137219701879456
7050,9.538186915887849
7051,7.33142156862745
7052,6.90375
7053,16.754647975077887
7054,11.156032013479361
7055,10.391755395683457
7056,14.590107584722968
7057,6.90375
7058,8.949145569620255
7059,14.590107584722968
7060,15.652043868394813
7061,12.697039800995025
7062,10.242045454545456
7063,9.333402777777787
7064,9.538186915887849
7065,10.585015673981195
7066,8.659595469255665
7067,10.980837166513338
7068,13.239805292061902
7069,10.328130081300808
7070,9.333402777777787
7071,13.089728850325379
7072,18.08647985989493
7073,16.754647975077887
7074,11.408000000000003
7075,10.068816793893133
7076,12.25993808049536
7077,16.95768707482993
7078,15.003126684636115
7079,10.728773690078041
7080,16.754647975077887
7081,16.624679399727153
7082,14.798441558441558
7083,7.137491638795986
7084,7.5242913385826755
7085,8.724696673189824
7086,13.239805292061902
7087,18.08647985989493
7088,12.912076023391814
7089,9.333402777777787
7090,7.171442686371774
7091,17.326132075471698
7092,13.162633136094689
7093,12.703969732246799
7094,10.502102564102561
7095,9.333402777777787
7096,8.914171122994652
7097,16.064618689581092
7098,11.156032013479361
7099,10.728773690078041
7100,14.318376963350786
7101,14.58139303482587
7102,11.555817727840203
7103,9.154460163812363
7104,12.912076023391814
7105,7.768954344624459
7106,7.5242913385826755
7107,12.703969732246799
7108,11.408000000000003
7109,10.728773690078041
7110,7.9525
7111,10.391755395683457
7112,12.703969732246799
7113,8.962835820895522
7114,8.914171122994652
7115,14.318376963350786
7116,11.555817727840203
7117,12.25993808049536
7118,8.984031413612563
7119,15.003126684636115
7120,7.981873589164787
7121,10.502102564102561
7122,12.25993808049536
7123,9.69248701298701
7124,8.659595469255665
7125,9.69248701298701
7126,8.400995475113126
7127,12.697039800995025
7128,12.316610169491522
7129,15.908327974276528
7130,15.652043868394813
7131,9.333402777777787
7132,14.590107584722968
7133,11.600893283995578
7134,13.896364779874208
7135,15.17777054108217
7136,10.728773690078041
7137,10.242045454545456
7138,8.914171122994652
7139,9.333402777777787
7140,14.318376963350786
7141,12.703969732246799
7142,13.239805292061902
7143,7.4015292353823074
7144,10.502102564102561
7145,19.69543624161074
7146,13.089728850325379
7147,15.003126684636115
7148,7.33142156862745
7149,9.697206572769952
7150,15.137219701879456
7151,11.555817727840203
7152,13.089728850325379
7153,8.08785874439462
7154,15.652043868394813
7155,17.038244680851058
7156,17.41025862068966
7157,14.318376963350786
7158,11.156032013479361
7159,12.697039800995025
7160,10.980837166513338
7161,13.239805292061902
7162,15.652043868394813
7163,8.962835820895522
7164,10.502102564102561
7165,10.242045454545456
7166,12.703969732246799
7167,11.901854338842975
7168,14.317375000000004
7169,15.17777054108217
7170,6.967724620770126
7171,15.137219701879456
7172,11.735271739130434
7173,8.332462235649544
7174,8.08785874439462
7175,13.162633136094689
7176,15.771099744245523
7177,7.5242913385826755
7178,7.257543103448275
7179,11.735271739130434
7180,6.967724620770126
7181,13.896364779874208
7182,11.901854338842975
7183,12.703969732246799
7184,18.17878281622912
7185,15.137219701879456
7186,7.722065573770493
7187,11.735271739130434
7188,17.41025862068966
7189,16.148066875653086
7190,13.697248062015499
7191,12.25993808049536
7192,15.17777054108217
7193,15.137219701879456
7194,16.23481927710843
7195,16.148066875653086
7196,14.108114374034004
7197,7.33142156862745
7198,12.912076023391814
7199,12.912076023391814
7200,10.980837166513338
7201,7.4015292353823074
7202,9.697206572769952
7203,6.967724620770126
7204,10.068816793893133
7205,17.448429256594718
7206,20.406768189509307
7207,12.801201164855014
7208,9.538186915887849
7209,19.01675159235668
7210,10.502102564102561
7211,8.659595469255665
7212,6.967724620770126
7213,8.659595469255665
7214,9.333402777777787
7215,15.908327974276528
7216,6.90375
7217,6.732375
7218,17.448429256594718
7219,16.754647975077887
7220,19.01675159235668
7221,13.799649122807018
7222,10.980837166513338
7223,17.368251121076224
7224,7.5511111111111076
7225,9.69248701298701
7226,16.064618689581092
7227,14.590107584722968
7228,16.078649999999993
7229,10.202038567493119
7230,15.17777054108217
7231,14.317375000000004
7232,11.156032013479361
7233,11.29717917675545
7234,16.064618689581092
7235,16.624679399727153
7236,13.165902777777776
7237,11.156032013479361
7238,13.903099415204682
7239,6.967724620770126
7240,13.697248062015499
7241,10.728773690078041
7242,18.08647985989493
7243,10.980837166513338
7244,11.735271739130434
7245,8.962835820895522
7246,8.914171122994652
7247,10.391755395683457
7248,7.722065573770493
7249,11.156032013479361
7250,8.400995475113126
7251,15.771099744245523
7252,6.967724620770126
7253,10.391755395683457
7254,7.722065573770493
7255,14.108114374034004
7256,15.908327974276528
7257,6.732375
7258,12.25993808049536
7259,8.962835820895522
7260,11.612484472049687
7261,14.317375000000004
7262,11.156032013479361
7263,16.754647975077887
7264,7.4015292353823074
7265,11.156032013479361
7266,14.317375000000004
7267,6.967724620770126
7268,8.724696673189824
7269,12.427647058823528
7270,9.69248701298701
7271,15.908327974276528
7272,8.332462235649544
7273,18.595190995907224
7274,13.089728850325379
7275,12.25993808049536
7276,13.697248062015499
7277,14.590107584722968
7278,9.69248701298701
7279,10.585015673981195
7280,14.318376963350786
7281,7.33142156862745
7282,16.148066875653086
7283,18.08647985989493
7284,7.5511111111111076
7285,20.139813084112145
7286,10.980837166513338
7287,10.328130081300808
7288,14.108114374034004
7289,12.25993808049536
7290,11.737134445534837
7291,12.25993808049536
7292,16.754647975077887
7293,8.332462235649544
7294,16.078649999999993
7295,14.58139303482587
7296,7.33142156862745
7297,9.154460163812363
7298,12.912076023391814
7299,16.754647975077887
7300,13.903099415204682
7301,10.068816793893133
7302,12.912076023391814
7303,13.607716049382715
7304,9.891134969325153
7305,14.318376963350786
7306,11.555817727840203
7307,12.25993808049536
7308,19.01675159235668
7309,12.427647058823528
7310,13.56477434679335
7311,13.239805292061902
7312,11.892470588235293
7313,13.697248062015499
7314,10.391755395683457
7315,18.08647985989493
7316,12.093545454545454
7317,6.967724620770126
7318,17.326132075471698
7319,11.901854338842975
7320,16.23481927710843
7321,10.391755395683457
7322,9.891134969325153
7323,12.25993808049536
7324,11.156032013479361
7325,9.538186915887849
7326,13.896364779874208
7327,8.241811594202899
7328,16.064618689581092
7329,13.089728850325379
7330,14.108114374034004
7331,14.108114374034004
7332,7.722065573770493
7333,17.867651515151515
7334,9.154460163812363
7335,12.25993808049536
7336,9.538186915887849
7337,14.128181818181819
7338,9.333402777777787
7339,7.4015292353823074
7340,18.595190995907224
7341,10.391755395683457
7342,12.25993808049536
7343,8.332462235649544
7344,19.01675159235668
7345,11.555817727840203
7346,10.328130081300808
7347,6.90375
7348,16.148066875653086
7349,10.502102564102561
7350,13.697248062015499
7351,17.41025862068966
7352,13.239805292061902
7353,16.624679399727153
7354,16.754647975077887
7355,11.156032013479361
7356,12.25993808049536
7357,11.555817727840203
7358,14.318376963350786
7359,12.25993808049536
7360,14.58139303482587
7361,14.318376963350786
7362,16.754647975077887
7363,8.914171122994652
7364,14.590107584722968
7365,16.148066875653086
7366,8.400995475113126
7367,12.912076023391814
7368,11.29717917675545
7369,8.984031413612563
7370,13.239805292061902
7371,11.901854338842975
7372,7.5511111111111076
7373,6.967724620770126
7374,10.502102564102561
7375,15.908327974276528
7376,10.502102564102561
7377,12.316610169491522
7378,11.555817727840203
7379,14.317375000000004
7380,19.01675159235668
7381,9.546543209876543
7382,6.90375
7383,11.737134445534837
7384,15.908327974276528
7385,7.5242913385826755
7386,14.590107584722968
7387,8.332462235649544
7388,7.33142156862745
7389,17.41025862068966
7390,13.896364779874208
7391,15.137219701879456
7392,11.156032013479361
7393,9.826612021857922
7394,9.154460163812363
7395,7.9525
7396,9.538186915887849
7397,12.093545454545454
7398,9.69248701298701
7399,12.697039800995025
7400,7.981873589164787
7401,15.652043868394813
7402,9.154460163812363
7403,8.325785440613027
7404,8.12669398907104
7405,10.328130081300808
7406,10.391755395683457
7407,9.923030303030304
7408,16.148066875653086
7409,16.95768707482993
7410,12.25993808049536
7411,7.981873589164787
7412,16.754647975077887
7413,12.697039800995025
7414,9.538186915887849
7415,9.69248701298701
7416,10.728773690078041
7417,7.33142156862745
7418,15.137219701879456
7419,7.611739130434781
7420,10.502102564102561
7421,15.137219701879456
7422,7.33142156862745
7423,18.08647985989493
7424,18.595190995907224
7425,10.391755395683457
7426,18.08647985989493
7427,15.908327974276528
7428,14.590107584722968
7429,13.607716049382715
7430,18.595190995907224
7431,12.25993808049536
7432,14.318376963350786
7433,8.659595469255665
7434,7.4015292353823074
7435,11.901854338842975
7436,12.703969732246799
7437,16.064618689581092
7438,7.9525
7439,7.768954344624459
7440,14.318376963350786
7441,15.17777054108217
7442,11.901854338842975
7443,14.317375000000004
7444,11.901854338842975
7445,8.724696673189824
7446,15.908327974276528
7447,6.90375
7448,15.652043868394813
7449,9.154460163812363
7450,13.089728850325379
7451,8.659595469255665
7452,9.154460163812363
7453,12.912076023391814
7454,10.242045454545456
7455,17.038244680851058
7456,11.156032013479361
7457,11.408000000000003
7458,8.08785874439462
7459,15.652043868394813
7460,7.227697368421052
7461,19.01675159235668
7462,14.590107584722968
7463,16.754647975077887
7464,11.737134445534837
7465,13.089728850325379
7466,16.95768707482993
7467,14.590107584722968
7468,12.25993808049536
7469,7.722065573770493
7470,15.908327974276528
7471,10.502102564102561
7472,10.980837166513338
7473,17.368251121076224
7474,11.901854338842975
7475,11.737134445534837
7476,14.590107584722968
7477,12.495679442508713
7478,10.55167832167832
7479,15.908327974276528
7480,15.17777054108217
7481,8.325785440613027
7482,8.659595469255665
7483,12.427647058823528
7484,19.01675159235668
7485,7.26248407643312
7486,14.318376963350786
7487,13.697248062015499
7488,9.538186915887849
7489,10.202038567493119
7490,7.33142156862745
7491,12.912076023391814
7492,9.90706515059385
7493,11.901854338842975
7494,10.391755395683457
7495,9.69248701298701
7496,19.01675159235668
7497,8.962835820895522
7498,16.754647975077887
7499,13.903099415204682
7500,10.391755395683457
7501,9.154460163812363
7502,14.798441558441558
7503,12.819113924050631
7504,11.555817727840203
7505,14.317375000000004
7506,18.595190995907224
7507,7.5511111111111076
7508,16.148066875653086
7509,8.08785874439462
7510,14.108114374034004
7511,17.368251121076224
7512,12.912076023391814
7513,17.448429256594718
7514,13.165902777777776
7515,8.659595469255665
7516,12.316610169491522
7517,14.590107584722968
7518,11.901854338842975
7519,9.154460163812363
7520,7.722065573770493
7521,12.697039800995025
7522,11.901854338842975
7523,16.148066875653086
7524,11.408000000000003
7525,7.5242913385826755
7526,15.17777054108217
7527,10.728773690078041
7528,7.5511111111111076
7529,10.242045454545456
7530,7.428943396226415
7531,13.089728850325379
7532,20.406768189509307
7533,10.242045454545456
7534,9.333402777777787
7535,9.154460163812363
7536,8.400995475113126
7537,9.154460163812363
7538,14.317375000000004
7539,10.202038567493119
7540,9.538186915887849
7541,16.064618689581092
7542,13.162633136094689
7543,10.391755395683457
7544,14.108114374034004
7545,16.624679399727153
7546,11.737134445534837
7547,6.732375
7548,13.239805292061902
7549,17.41025862068966
7550,14.590107584722968
7551,13.697248062015499
7552,11.555817727840203
7553,15.908327974276528
7554,12.912076023391814
7555,6.90375
7556,18.08647985989493
7557,13.697248062015499
7558,6.967724620770126
7559,12.25993808049536
7560,16.392727272727274
7561,7.5242913385826755
7562,8.537731092436973
7563,13.896364779874208
7564,7.981873589164787
7565,10.391755395683457
7566,9.333402777777787
7567,11.408000000000003
7568,12.819113924050631
7569,11.156032013479361
7570,9.546543209876543
7571,8.949145569620255
7572,15.17777054108217
7573,7.26248407643312
7574,15.652043868394813
7575,11.901854338842975
7576,11.901854338842975
7577,7.611739130434781
7578,9.333402777777787
7579,9.154460163812363
7580,12.25993808049536
7581,7.981873589164787
7582,10.328130081300808
7583,14.798441558441558
7584,13.896364779874208
7585,13.903099415204682
7586,12.25993808049536
7587,7.768954344624459
7588,10.55167832167832
7589,12.25993808049536
7590,17.41025862068966
7591,14.590107584722968
7592,7.722065573770493
7593,13.903099415204682
7594,11.29717917675545
7595,10.728773690078041
7596,12.25993808049536
7597,10.980837166513338
7598,13.697248062015499
7599,9.69248701298701
7600,7.5242913385826755
7601,16.148066875653086
7602,17.448429256594718
7603,16.078649999999993
7604,10.55167832167832
7605,8.914171122994652
7606,17.368251121076224
7607,10.242045454545456
7608,8.332462235649544
7609,12.703969732246799
7610,7.722065573770493
7611,13.697248062015499
7612,15.137219701879456
7613,11.29717917675545
7614,11.555817727840203
7615,9.697206572769952
7616,13.239805292061902
7617,12.703969732246799
7618,8.08785874439462
7619,15.771099744245523
7620,15.908327974276528
7621,12.912076023391814
7622,13.239805292061902
7623,7.4015292353823074
7624,7.768954344624459
7625,13.607716049382715
7626,16.754647975077887
7627,13.239805292061902
7628,18.08647985989493
7629,9.69248701298701
7630,9.69248701298701
7631,16.624679399727153
7632,10.502102564102561
7633,12.912076023391814
7634,7.722065573770493
7635,17.41025862068966
7636,7.611739130434781
7637,18.595190995907224
7638,15.771099744245523
7639,17.448429256594718
7640,18.595190995907224
7641,10.585015673981195
7642,6.967724620770126
7643,13.239805292061902
7644,9.154460163812363
7645,6.732375
7646,17.41025862068966
7647,16.064618689581092
7648,19.01675159235668
7649,12.316610169491522
7650,15.652043868394813
7651,7.33142156862745
7652,13.089728850325379
7653,8.332462235649544
7654,10.391755395683457
7655,14.128181818181819
7656,10.728773690078041
7657,19.01675159235668
7658,10.242045454545456
7659,9.69248701298701
7660,14.317375000000004
7661,8.659595469255665
7662,11.735271739130434
7663,6.967724620770126
7664,7.257543103448275
7665,15.908327974276528
7666,15.17777054108217
7667,8.541441441441442
7668,17.448429256594718
7669,7.722065573770493
7670,16.148066875653086
7671,8.914171122994652
7672,7.4015292353823074
7673,11.555817727840203
7674,18.08647985989493
7675,7.4015292353823074
7676,17.326132075471698
7677,7.768954344624459
7678,13.162633136094689
7679,17.41025862068966
7680,7.722065573770493
7681,14.317375000000004
7682,15.771099744245523
7683,12.912076023391814
7684,13.697248062015499
7685,11.408000000000003
7686,10.201882352941178
7687,11.555817727840203
7688,13.56477434679335
7689,11.901854338842975
7690,9.538186915887849
7691,9.333402777777787
7692,8.659595469255665
7693,8.962835820895522
7694,7.4015292353823074
7695,15.137219701879456
7696,12.703969732246799
7697,12.25993808049536
7698,9.538186915887849
7699,8.537731092436973
7700,7.33142156862745
7701,12.912076023391814
7702,14.318376963350786
7703,16.95768707482993
7704,7.722065573770493
7705,10.242045454545456
7706,11.555817727840203
7707,18.595190995907224
7708,10.55167832167832
7709,13.697248062015499
7710,10.202038567493119
7711,19.01675159235668
7712,7.33142156862745
7713,12.25993808049536
7714,6.967724620770126
7715,6.90375
7716,12.697039800995025
7717,20.956815286624188
7718,7.5242913385826755
7719,10.310117416829744
7720,15.003126684636115
7721,13.896364779874208
7722,13.697248062015499
7723,7.33142156862745
7724,14.108114374034004
7725,15.908327974276528
7726,9.333402777777787
7727,7.137491638795986
7728,7.4015292353823074
7729,17.448429256594718
7730,15.908327974276528
7731,9.697206572769952
7732,6.926351351351352
7733,13.162633136094689
7734,13.089728850325379
7735,7.5511111111111076
7736,9.69248701298701
7737,6.967724620770126
7738,19.01675159235668
7739,8.08785874439462
7740,15.003126684636115
7741,16.624679399727153
7742,7.428943396226415
7743,12.703969732246799
7744,10.310117416829744
7745,11.408000000000003
7746,8.659595469255665
7747,11.408000000000003
7748,15.003126684636115
7749,8.962835820895522
7750,8.984031413612563
7751,16.754647975077887
7752,8.08785874439462
7753,11.735271739130434
7754,12.912076023391814
7755,8.325785440613027
7756,6.90375
7757,7.33142156862745
7758,16.148066875653086
7759,7.981873589164787
7760,16.148066875653086
7761,7.4015292353823074
7762,8.949145569620255
7763,8.914171122994652
7764,14.317375000000004
7765,13.56477434679335
7766,10.980837166513338
7767,10.728773690078041
7768,8.962835820895522
7769,6.967724620770126
7770,15.908327974276528
7771,9.891134969325153
7772,6.967724620770126
7773,9.697206572769952
7774,10.202038567493119
7775,11.29717917675545
7776,13.239805292061902
7777,16.064618689581092
7778,13.896364779874208
7779,11.29717917675545
7780,16.754647975077887
7781,8.724696673189824
7782,10.502102564102561
7783,16.624679399727153
7784,7.981873589164787
7785,12.697039800995025
7786,12.427647058823528
7787,9.154460163812363
7788,7.5511111111111076
7789,10.728773690078041
7790,6.967724620770126
7791,11.555817727840203
7792,10.728773690078041
7793,9.154460163812363
7794,12.912076023391814
7795,7.33142156862745
7796,16.547633587786265
7797,7.981873589164787
7798,16.754647975077887
7799,9.69248701298701
7800,11.901854338842975
7801,17.368251121076224
7802,16.754647975077887
7803,15.652043868394813
7804,14.590107584722968
7805,11.901854338842975
7806,11.29717917675545
7807,15.652043868394813
7808,7.33142156862745
7809,8.12669398907104
7810,10.728773690078041
7811,13.162633136094689
7812,17.368251121076224
7813,6.967724620770126
7814,14.58139303482587
7815,11.735271739130434
7816,7.981873589164787
7817,13.896364779874208
7818,11.29717917675545
7819,18.08647985989493
7820,12.697039800995025
7821,13.697248062015499
7822,10.585015673981195
7823,10.202038567493119
7824,14.108114374034004
7825,11.555817727840203
7826,14.317375000000004
7827,13.239805292061902
7828,22.076980198019804
7829,13.56477434679335
7830,8.914171122994652
7831,20.406768189509307
7832,14.128181818181819
7833,7.722065573770493
7834,9.154460163812363
7835,13.697248062015499
7836,10.728773690078041
7837,8.659595469255665
7838,15.908327974276528
7839,16.547633587786265
7840,11.737134445534837
7841,7.5242913385826755
7842,8.659595469255665
7843,13.162633136094689
7844,18.08647985989493
7845,8.962835820895522
7846,11.29717917675545
7847,8.914171122994652
7848,15.17777054108217
7849,12.093545454545454
7850,7.428943396226415
7851,13.56477434679335
7852,11.156032013479361
7853,8.12669398907104
7854,15.908327974276528
7855,6.967724620770126
7856,8.08785874439462
7857,6.90375
7858,11.156032013479361
7859,10.310117416829744
7860,12.697039800995025
7861,13.239805292061902
7862,7.4015292353823074
7863,11.735271739130434
7864,9.333402777777787
7865,7.722065573770493
7866,13.162633136094689
7867,13.239805292061902
7868,10.242045454545456
7869,10.728773690078041
7870,11.555817727840203
7871,8.08785874439462
7872,8.332462235649544
7873,18.17878281622912
7874,6.732375
7875,14.590107584722968
7876,11.156032013479361
7877,10.980837166513338
7878,8.325785440613027
7879,12.25993808049536
7880,6.967724620770126
7881,15.137219701879456
7882,16.148066875653086
7883,13.239805292061902
7884,12.427647058823528
7885,14.318376963350786
7886,8.332462235649544
7887,12.697039800995025
7888,9.154460163812363
7889,12.703969732246799
7890,13.162633136094689
7891,13.239805292061902
7892,7.981873589164787
7893,7.768954344624459
7894,7.257543103448275
7895,10.980837166513338
7896,13.239805292061902
7897,8.537731092436973
7898,13.56477434679335
7899,12.427647058823528
7900,15.137219701879456
7901,7.722065573770493
7902,7.768954344624459
7903,19.01675159235668
7904,12.912076023391814
7905,11.156032013479361
7906,15.137219701879456
7907,9.69248701298701
7908,12.703969732246799
7909,6.732375
7910,9.69248701298701
7911,7.4015292353823074
7912,8.537731092436973
7913,13.239805292061902
7914,9.154460163812363
7915,8.541441441441442
7916,11.156032013479361
7917,7.5511111111111076
7918,7.33142156862745
7919,6.732375
7920,9.538186915887849
7921,14.318376963350786
7922,18.595190995907224
7923,15.137219701879456
7924,12.25993808049536
7925,13.239805292061902
7926,11.901854338842975
7927,9.697206572769952
7928,7.428943396226415
7929,8.949145569620255
7930,8.12669398907104
7931,10.502102564102561
7932,13.239805292061902
7933,18.595190995907224
7934,11.408000000000003
7935,18.08647985989493
7936,10.55167832167832
7937,8.12669398907104
7938,13.239805292061902
7939,13.162633136094689
7940,7.722065573770493
7941,6.90375
7942,14.590107584722968
7943,7.722065573770493
7944,16.064618689581092
7945,11.735271739130434
7946,15.17777054108217
7947,16.148066875653086
7948,6.967724620770126
7949,14.318376963350786
7950,9.154460163812363
7951,13.239805292061902
7952,11.901854338842975
7953,18.595190995907224
7954,14.58139303482587
7955,13.903099415204682
7956,15.137219701879456
7957,13.239805292061902
7958,9.154460163812363
7959,12.25993808049536
7960,11.555817727840203
7961,12.25993808049536
7962,17.448429256594718
7963,7.768954344624459
7964,15.003126684636115
7965,6.90375
7966,10.980837166513338
7967,16.624679399727153
7968,10.502102564102561
7969,7.722065573770493
7970,17.698899082568808
7971,7.5511111111111076
7972,12.495679442508713
7973,10.55167832167832
7974,13.896364779874208
7975,7.5242913385826755
7976,7.428943396226415
7977,9.333402777777787
7978,13.56477434679335
7979,7.9525
7980,7.768954344624459
7981,11.901854338842975
7982,12.495679442508713
7983,9.69248701298701
7984,12.25993808049536
7985,10.728773690078041
7986,6.732375
7987,17.368251121076224
7988,11.156032013479361
7989,13.089728850325379
7990,13.903099415204682
7991,7.33142156862745
7992,11.901854338842975
7993,16.754647975077887
7994,8.332462235649544
7995,12.25993808049536
7996,13.697248062015499
7997,14.590107584722968
7998,13.56477434679335
7999,7.33142156862745
8000,7.981873589164787
8001,8.332462235649544
8002,7.227697368421052
8003,15.17777054108217
8004,16.064618689581092
8005,7.137491638795986
8006,7.33142156862745
8007,14.318376963350786
8008,12.912076023391814
8009,12.25993808049536
8010,7.33142156862745
8011,12.912076023391814
8012,8.325785440613027
8013,8.724696673189824
8014,15.137219701879456
8015,8.08785874439462
8016,11.29717917675545
8017,8.724696673189824
8018,10.202038567493119
8019,10.202038567493119
8020,10.980837166513338
8021,15.137219701879456
8022,12.25993808049536
8023,9.538186915887849
8024,12.25993808049536
8025,7.722065573770493
8026,7.26248407643312
8027,14.317375000000004
8028,13.239805292061902
8029,11.29717917675545
8030,14.318376963350786
8031,17.326132075471698
8032,18.595190995907224
8033,15.908327974276528
8034,15.17777054108217
8035,9.333402777777787
8036,11.156032013479361
8037,7.4015292353823074
8038,10.242045454545456
8039,7.227697368421052
8040,8.537731092436973
8041,13.697248062015499
8042,15.17777054108217
8043,9.538186915887849
8044,10.202038567493119
8045,11.901854338842975
8046,10.202038567493119
8047,15.17777054108217
8048,7.722065573770493
8049,17.326132075471698
8050,13.697248062015499
8051,11.737134445534837
8052,15.137219701879456
8053,9.69248701298701
8054,8.914171122994652
8055,10.728773690078041
8056,10.585015673981195
8057,18.08647985989493
8058,8.962835820895522
8059,17.368251121076224
8060,10.242045454545456
8061,10.980837166513338
8062,8.914171122994652
8063,6.732375
8064,9.154460163812363
8065,13.697248062015499
8066,7.768954344624459
8067,17.867651515151515
8068,11.901854338842975
8069,9.538186915887849
8070,15.137219701879456
8071,14.317375000000004
8072,9.891134969325153
8073,8.962835820895522
8074,12.697039800995025
8075,15.908327974276528
8076,9.69248701298701
8077,15.908327974276528
8078,12.912076023391814
8079,12.25993808049536
8080,8.962835820895522
8081,15.771099744245523
8082,19.69543624161074
8083,8.325785440613027
8084,8.08785874439462
8085,12.912076023391814
8086,7.722065573770493
8087,14.317375000000004
8088,7.768954344624459
8089,18.24270833333333
8090,9.69248701298701
8091,15.652043868394813
8092,12.25993808049536
8093,13.239805292061902
8094,8.949145569620255
8095,13.903099415204682
8096,13.56477434679335
8097,10.310117416829744
8098,16.754647975077887
8099,11.612484472049687
8100,18.595190995907224
8101,7.137491638795986
8102,19.01675159235668
8103,7.26248407643312
8104,12.912076023391814
8105,11.555817727840203
8106,15.908327974276528
8107,14.58139303482587
8108,14.318376963350786
8109,7.4015292353823074
8110,17.41025862068966
8111,12.495679442508713
8112,9.333402777777787
8113,8.724696673189824
8114,15.137219701879456
8115,10.502102564102561
8116,9.154460163812363
8117,10.980837166513338
8118,13.239805292061902
8119,9.69248701298701
8120,7.33142156862745
8121,10.391755395683457
8122,13.56477434679335
8123,16.754647975077887
8124,7.33142156862745
8125,14.108114374034004
8126,15.137219701879456
8127,11.737134445534837
8128,16.624679399727153
8129,7.9525
8130,12.697039800995025
8131,15.137219701879456
8132,13.089728850325379
8133,8.08785874439462
8134,14.318376963350786
8135,12.703969732246799
8136,7.722065573770493
8137,11.901854338842975
8138,14.318376963350786
8139,14.318376963350786
8140,11.555817727840203
8141,14.590107584722968
8142,11.901854338842975
8143,14.318376963350786
8144,17.368251121076224
8145,12.697039800995025
8146,10.728773690078041
8147,6.926351351351352
8148,7.4015292353823074
8149,8.332462235649544
8150,8.08785874439462
8151,13.896364779874208
8152,12.703969732246799
8153,13.162633136094689
8154,11.555817727840203
8155,11.737134445534837
8156,7.33142156862745
8157,10.728773690078041
8158,14.590107584722968
8159,12.697039800995025
8160,10.980837166513338
8161,14.317375000000004
8162,11.612484472049687
8163,13.239805292061902
8164,10.202038567493119
8165,12.697039800995025
8166,13.239805292061902
8167,16.624679399727153
8168,17.41025862068966
8169,8.08785874439462
8170,15.137219701879456
8171,8.12669398907104
8172,16.754647975077887
8173,14.590107584722968
8174,7.768954344624459
8175,10.55167832167832
8176,7.428943396226415
8177,12.912076023391814
8178,12.697039800995025
8179,11.156032013479361
8180,11.735271739130434
8181,8.332462235649544
8182,12.17458904109589
8183,9.69248701298701
8184,15.17777054108217
8185,17.326132075471698
8186,8.400995475113126
8187,14.590107584722968
8188,15.17777054108217
8189,15.908327974276528
8190,16.547633587786265
8191,10.55167832167832
8192,9.333402777777787
8193,12.912076023391814
8194,9.154460163812363
8195,11.737134445534837
8196,11.555817727840203
8197,17.41025862068966
8198,15.771099744245523
8199,7.4015292353823074
8200,16.754647975077887
8201,11.555817727840203
8202,7.9525
8203,12.25993808049536
8204,14.317375000000004
8205,11.901854338842975
8206,15.003126684636115
8207,13.903099415204682
8208,8.914171122994652
8209,16.078649999999993
8210,14.108114374034004
8211,10.068816793893133
8212,14.798441558441558
8213,7.5242913385826755
8214,7.5511111111111076
8215,10.242045454545456
8216,14.798441558441558
8217,15.137219701879456
8218,22.076980198019804
8219,8.724696673189824
8220,16.148066875653086
8221,11.156032013479361
8222,16.624679399727153
8223,7.768954344624459
8224,11.156032013479361
8225,17.326132075471698
8226,8.914171122994652
8227,7.768954344624459
8228,9.154460163812363
8229,9.154460163812363
8230,14.317375000000004
8231,14.318376963350786
8232,19.01675159235668
8233,10.068816793893133
8234,11.737134445534837
8235,8.984031413612563
8236,10.55167832167832
8237,11.735271739130434
8238,9.69248701298701
8239,13.896364779874208
8240,7.9525
8241,11.156032013479361
8242,14.590107584722968
8243,9.546543209876543
8244,7.4015292353823074
8245,12.427647058823528
8246,13.697248062015499
8247,17.368251121076224
8248,12.697039800995025
8249,11.408000000000003
8250,8.325785440613027
8251,12.697039800995025
8252,10.728773690078041
8253,8.325785440613027
8254,10.55167832167832
8255,18.595190995907224
8256,11.737134445534837
8257,6.967724620770126
8258,10.502102564102561
8259,10.728773690078041
8260,10.310117416829744
8261,16.624679399727153
8262,14.58139303482587
8263,11.408000000000003
8264,12.25993808049536
8265,6.967724620770126
8266,17.368251121076224
8267,15.908327974276528
8268,12.697039800995025
8269,16.754647975077887
8270,9.333402777777787
8271,14.317375000000004
8272,13.896364779874208
8273,10.391755395683457
8274,8.984031413612563
8275,8.659595469255665
8276,12.25993808049536
8277,12.25993808049536
8278,11.156032013479361
8279,18.17878281622912
8280,9.69248701298701
8281,9.538186915887849
8282,11.408000000000003
8283,15.771099744245523
8284,13.697248062015499
8285,8.400995475113126
8286,9.538186915887849
8287,10.310117416829744
8288,15.17777054108217
8289,16.754647975077887
8290,9.333402777777787
8291,18.08647985989493
8292,12.697039800995025
8293,13.896364779874208
8294,13.607716049382715
8295,9.891134969325153
8296,7.722065573770493
8297,7.428943396226415
8298,16.754647975077887
8299,19.01675159235668
8300,11.408000000000003
8301,13.697248062015499
8302,14.590107584722968
8303,12.912076023391814
8304,13.697248062015499
8305,15.137219701879456
8306,15.17777054108217
8307,15.652043868394813
8308,16.148066875653086
8309,10.242045454545456
8310,12.697039800995025
8311,11.901854338842975
8312,7.722065573770493
8313,11.29717917675545
8314,10.728773690078041
8315,15.652043868394813
8316,14.128181818181819
8317,18.17878281622912
8318,13.089728850325379
8319,18.595190995907224
8320,6.967724620770126
8321,13.162633136094689
8322,6.967724620770126
8323,10.55167832167832
8324,8.949145569620255
8325,14.317375000000004
8326,9.154460163812363
8327,11.555817727840203
8328,10.502102564102561
8329,9.538186915887849
8330,8.984031413612563
8331,11.737134445534837
8332,15.17777054108217
8333,11.735271739130434
8334,15.17777054108217
8335,10.391755395683457
8336,7.26248407643312
8337,16.754647975077887
8338,7.722065573770493
8339,8.325785440613027
8340,10.502102564102561
8341,8.400995475113126
8342,9.154460163812363
8343,10.068816793893133
8344,7.5511111111111076
8345,12.697039800995025
8346,11.29717917675545
8347,10.980837166513338
8348,12.093545454545454
8349,6.967724620770126
8350,13.089728850325379
8351,11.156032013479361
8352,16.624679399727153
8353,9.154460163812363
8354,13.697248062015499
8355,13.239805292061902
8356,8.241811594202899
8357,9.154460163812363
8358,8.914171122994652
8359,7.722065573770493
8360,16.754647975077887
8361,13.697248062015499
8362,11.29717917675545
8363,7.768954344624459
8364,17.867651515151515
8365,12.25993808049536
8366,13.697248062015499
8367,7.981873589164787
8368,10.310117416829744
8369,14.318376963350786
8370,13.697248062015499
8371,8.914171122994652
8372,13.162633136094689
8373,7.33142156862745
8374,12.25993808049536
8375,18.595190995907224
8376,6.90375
8377,19.69543624161074
8378,6.732375
8379,8.08785874439462
8380,15.17777054108217
8381,13.56477434679335
8382,11.555817727840203
8383,9.538186915887849
8384,19.01675159235668
8385,8.962835820895522
8386,20.406768189509307
8387,9.154460163812363
8388,9.697206572769952
8389,11.555817727840203
8390,9.69248701298701
8391,8.332462235649544
8392,7.33142156862745
8393,11.901854338842975
8394,7.731065908601294
8395,8.659595469255665
8396,14.798441558441558
8397,7.611739130434781
8398,12.495679442508713
8399,10.980837166513338
8400,12.912076023391814
8401,8.08785874439462
8402,17.368251121076224
8403,22.076980198019804
8404,7.768954344624459
8405,12.703969732246799
8406,11.901854338842975
8407,11.901854338842975
8408,11.555817727840203
8409,13.56477434679335
8410,9.891134969325153
8411,10.502102564102561
8412,10.980837166513338
8413,19.98764331210191
8414,9.69248701298701
8415,11.737134445534837
8416,13.089728850325379
8417,6.967724620770126
8418,7.4015292353823074
8419,16.23481927710843
8420,13.089728850325379
8421,19.292636815920396
8422,13.799649122807018
8423,10.328130081300808
8424,15.137219701879456
8425,17.41025862068966
8426,15.17777054108217
8427,12.703969732246799
8428,8.949145569620255
8429,12.912076023391814
8430,15.17777054108217
8431,9.538186915887849
8432,14.317375000000004
8433,12.25993808049536
8434,17.698899082568808
8435,20.956815286624188
8436,13.697248062015499
8437,12.697039800995025
8438,12.703969732246799
8439,14.590107584722968
8440,16.064618689581092
8441,12.25993808049536
8442,17.368251121076224
8443,11.156032013479361
8444,16.064618689581092
8445,9.69248701298701
8446,9.538186915887849
8447,12.25993808049536
8448,7.722065573770493
8449,15.943156715068355
8450,6.967724620770126
8451,17.368251121076224
8452,9.154460163812363
8453,12.25993808049536
8454,14.58139303482587
8455,7.4015292353823074
8456,18.595190995907224
8457,12.912076023391814
8458,11.555817727840203
8459,19.292636815920396
8460,16.624679399727153
8461,15.908327974276528
8462,13.239805292061902
8463,19.01675159235668
8464,11.555817727840203
8465,12.25993808049536
8466,9.538186915887849
8467,14.317375000000004
8468,17.368251121076224
8469,15.137219701879456
8470,13.089728850325379
8471,12.25993808049536
8472,15.17777054108217
8473,13.239805292061902
8474,7.4015292353823074
8475,14.108114374034004
8476,8.659595469255665
8477,11.555817727840203
8478,11.156032013479361
8479,6.90375
8480,16.148066875653086
8481,10.980837166513338
8482,7.5511111111111076
8483,12.912076023391814
8484,11.156032013479361
8485,13.089728850325379
8486,15.137219701879456
8487,10.980837166513338
8488,16.95768707482993
8489,10.328130081300808
8490,9.333402777777787
8491,17.326132075471698
8492,11.735271739130434
8493,15.137219701879456
8494,11.901854338842975
8495,12.427647058823528
8496,17.368251121076224
8497,16.754647975077887
8498,12.25993808049536
8499,13.162633136094689
8500,11.735271739130434
8501,8.08785874439462
8502,13.896364779874208
8503,13.165902777777776
8504,17.368251121076224
8505,14.590107584722968
8506,12.697039800995025
8507,6.926351351351352
8508,14.318376963350786
8509,16.624679399727153
8510,10.242045454545456
8511,12.697039800995025
8512,15.137219701879456
8513,17.41025862068966
8514,12.25993808049536
8515,10.728773690078041
8516,11.735271739130434
8517,14.590107584722968
8518,17.368251121076224
8519,19.01675159235668
8520,7.4015292353823074
8521,14.58139303482587
8522,11.901854338842975
8523,12.316610169491522
8524,12.703969732246799
8525,14.590107584722968
8526,11.555817727840203
8527,10.328130081300808
8528,17.41025862068966
8529,16.624679399727153
8530,8.724696673189824
8531,16.064618689581092
8532,7.768954344624459
8533,22.076980198019804
8534,12.427647058823528
8535,11.156032013479361
8536,13.089728850325379
8537,10.980837166513338
8538,7.26248407643312
8539,15.652043868394813
8540,7.5511111111111076
8541,16.95768707482993
8542,8.08785874439462
8543,11.408000000000003
8544,16.754647975077887
8545,19.01675159235668
8546,13.896364779874208
8547,9.538186915887849
8548,11.901854338842975
8549,10.201882352941178
8550,9.69248701298701
8551,12.912076023391814
8552,11.901854338842975
8553,10.202038567493119
8554,12.316610169491522
8555,9.154460163812363
8556,9.891134969325153
8557,18.24270833333333
8558,9.697206572769952
8559,7.722065573770493
8560,13.56477434679335
8561,11.737134445534837
8562,11.737134445534837
8563,9.154460163812363
8564,15.908327974276528
8565,12.912076023391814
8566,9.333402777777787
8567,8.08785874439462
8568,13.56477434679335
8569,7.722065573770493
8570,11.901854338842975
8571,12.912076023391814
8572,9.697206572769952
8573,10.55167832167832
8574,19.98764331210191
8575,9.333402777777787
8576,7.227697368421052
8577,15.652043868394813
8578,10.242045454545456
8579,10.328130081300808
8580,14.590107584722968
8581,11.735271739130434
8582,7.9525
8583,19.69543624161074
8584,15.137219701879456
8585,13.697248062015499
8586,15.652043868394813
8587,14.317375000000004
8588,9.546543209876543
8589,9.079761904761906
8590,15.003126684636115
8591,12.25993808049536
8592,10.980837166513338
8593,16.148066875653086
8594,15.17777054108217
8595,19.98764331210191
8596,11.901854338842975
8597,11.901854338842975
8598,10.502102564102561
8599,11.408000000000003
8600,7.33142156862745
8601,7.428943396226415
8602,12.25993808049536
8603,11.901854338842975
8604,9.538186915887849
8605,9.538186915887849
8606,6.931935483870967
8607,15.17777054108217
8608,11.555817727840203
8609,7.5511111111111076
8610,16.148066875653086
8611,12.316610169491522
8612,11.408000000000003
8613,6.967724620770126
8614,12.093545454545454
8615,13.896364779874208
8616,18.08647985989493
8617,15.908327974276528
8618,8.332462235649544
8619,17.326132075471698
8620,7.33142156862745
8621,13.089728850325379
8622,18.595190995907224
8623,13.162633136094689
8624,14.108114374034004
8625,12.093545454545454
8626,10.391755395683457
8627,19.98764331210191
8628,18.08647985989493
8629,13.903099415204682
8630,15.652043868394813
8631,12.25993808049536
8632,18.595190995907224
8633,7.611739130434781
8634,15.137219701879456
8635,12.25993808049536
8636,10.202038567493119
8637,12.703969732246799
8638,12.912076023391814
8639,13.56477434679335
8640,9.697206572769952
8641,16.064618689581092
8642,10.310117416829744
8643,9.69248701298701
8644,15.137219701879456
8645,15.908327974276528
8646,10.391755395683457
8647,8.08785874439462
8648,8.659595469255665
8649,11.555817727840203
8650,14.108114374034004
8651,11.555817727840203
8652,8.08785874439462
8653,11.737134445534837
8654,7.5242913385826755
8655,14.590107584722968
8656,11.555817727840203
8657,14.58139303482587
8658,7.768954344624459
8659,9.154460163812363
8660,12.697039800995025
8661,7.768954344624459
8662,15.137219701879456
8663,8.949145569620255
8664,17.448429256594718
8665,11.29717917675545
8666,18.08647985989493
8667,12.093545454545454
8668,10.502102564102561
8669,9.538186915887849
8670,8.962835820895522
8671,10.242045454545456
8672,8.914171122994652
8673,9.69248701298701
8674,9.69248701298701
8675,10.55167832167832
8676,16.754647975077887
8677,11.408000000000003
8678,13.903099415204682
8679,14.317375000000004
8680,17.41025862068966
8681,13.239805292061902
8682,17.698899082568808
8683,9.333402777777787
8684,15.137219701879456
8685,6.967724620770126
8686,16.754647975077887
8687,9.69248701298701
8688,16.078649999999993
8689,6.967724620770126
8690,10.980837166513338
8691,13.697248062015499
8692,16.064618689581092
8693,17.448429256594718
8694,16.754647975077887
8695,10.502102564102561
8696,18.08647985989493
8697,7.33142156862745
8698,12.25993808049536
8699,6.967724620770126
8700,9.697206572769952
8701,12.912076023391814
8702,8.914171122994652
8703,15.908327974276528
8704,14.317375000000004
8705,12.703969732246799
8706,18.595190995907224
8707,12.912076023391814
8708,8.914171122994652
8709,11.901854338842975
8710,12.093545454545454
8711,11.901854338842975
8712,13.239805292061902
8713,8.724696673189824
8714,8.332462235649544
8715,9.538186915887849
8716,10.242045454545456
8717,13.903099415204682
8718,15.652043868394813
8719,11.737134445534837
8720,18.595190995907224
8721,14.318376963350786
8722,13.896364779874208
8723,10.502102564102561
8724,15.137219701879456
8725,15.137219701879456
8726,9.538186915887849
8727,9.538186915887849
8728,15.17777054108217
8729,17.448429256594718
8730,7.722065573770493
8731,18.08647985989493
8732,9.538186915887849
8733,7.981873589164787
8734,6.967724620770126
8735,10.502102564102561
8736,18.08647985989493
8737,15.137219701879456
8738,15.137219701879456
8739,8.12669398907104
8740,8.949145569620255
8741,9.538186915887849
8742,15.908327974276528
8743,9.538186915887849
8744,12.912076023391814
8745,11.901854338842975
8746,8.537731092436973
8747,15.908327974276528
8748,11.156032013479361
8749,11.735271739130434
8750,11.901854338842975
8751,9.697206572769952
8752,12.495679442508713
8753,6.926351351351352
8754,11.555817727840203
8755,10.068816793893133
8756,13.903099415204682
8757,11.735271739130434
8758,13.239805292061902
8759,11.555817727840203
8760,13.162633136094689
8761,10.391755395683457
8762,13.903099415204682
8763,12.703969732246799
8764,12.427647058823528
8765,14.590107584722968
8766,7.137491638795986
8767,13.697248062015499
8768,19.01675159235668
8769,11.29717917675545
8770,15.137219701879456
8771,13.162633136094689
8772,12.703969732246799
8773,16.078649999999993
8774,15.908327974276528
8775,17.326132075471698
8776,10.201882352941178
8777,9.546543209876543
8778,15.908327974276528
8779,7.981873589164787
8780,11.555817727840203
8781,14.317375000000004
8782,7.428943396226415
8783,9.546543209876543
8784,13.089728850325379
8785,12.703969732246799
8786,8.08785874439462
8787,14.590107584722968
8788,15.652043868394813
8789,16.754647975077887
8790,15.17777054108217
8791,11.29717917675545
8792,7.768954344624459
8793,7.428943396226415
8794,14.318376963350786
8795,11.735271739130434
8796,10.310117416829744
8797,7.33142156862745
8798,10.068816793893133
8799,16.064618689581092
8800,18.08647985989493
8801,14.590107584722968
8802,6.732375
8803,10.502102564102561
8804,10.585015673981195
8805,10.728773690078041
8806,11.156032013479361
8807,13.089728850325379
8808,8.962835820895522
8809,13.799649122807018
8810,12.697039800995025
8811,12.495679442508713
8812,11.555817727840203
8813,8.08785874439462
8814,8.332462235649544
8815,7.227697368421052
8816,20.406768189509307
8817,9.69248701298701
8818,8.724696673189824
8819,13.903099415204682
8820,14.58139303482587
8821,15.17777054108217
8822,18.08647985989493
8823,15.908327974276528
8824,18.595190995907224
8825,14.798441558441558
8826,12.912076023391814
8827,8.400995475113126
8828,11.555817727840203
8829,9.826612021857922
8830,6.967724620770126
8831,8.659595469255665
8832,19.69543624161074
8833,9.538186915887849
8834,10.068816793893133
8835,11.901854338842975
8836,11.156032013479361
8837,12.703969732246799
8838,8.12669398907104
8839,13.162633136094689
8840,10.242045454545456
8841,13.697248062015499
8842,10.585015673981195
8843,17.038244680851058
8844,9.079761904761906
8845,7.722065573770493
8846,12.093545454545454
8847,10.502102564102561
8848,7.981873589164787
8849,11.29717917675545
8850,10.55167832167832
8851,13.089728850325379
8852,10.980837166513338
8853,9.154460163812363
8854,6.967724620770126
8855,13.903099415204682
8856,11.156032013479361
8857,7.9525
8858,8.949145569620255
8859,14.590107584722968
8860,8.724696673189824
8861,15.137219701879456
8862,8.914171122994652
8863,7.33142156862745
8864,7.4015292353823074
8865,7.768954344624459
8866,10.728773690078041
8867,10.502102564102561
8868,13.162633136094689
8869,15.003126684636115
8870,9.079761904761906
8871,8.949145569620255
8872,13.239805292061902
8873,10.328130081300808
8874,8.329680390790099
8875,8.949145569620255
8876,12.912076023391814
8877,8.949145569620255
8878,16.624679399727153
8879,16.754647975077887
8880,11.156032013479361
8881,12.912076023391814
8882,9.69248701298701
8883,6.732375
8884,9.333402777777787
8885,7.768954344624459
8886,7.9525
8887,9.826612021857922
8888,12.25993808049536
8889,7.981873589164787
8890,19.98764331210191
8891,8.724696673189824
8892,15.137219701879456
8893,12.25993808049536
8894,14.590107584722968
8895,20.956815286624188
8896,10.391755395683457
8897,16.148066875653086
8898,13.903099415204682
8899,7.722065573770493
8900,9.154460163812363
8901,6.967724620770126
8902,7.5242913385826755
8903,20.139813084112145
8904,11.555817727840203
8905,15.652043868394813
8906,13.239805292061902
8907,17.41025862068966
8908,16.078649999999993
8909,8.332462235649544
8910,14.590107584722968
8911,12.697039800995025
8912,14.317375000000004
8913,16.064618689581092
8914,15.137219701879456
8915,14.58139303482587
8916,8.914171122994652
8917,10.980837166513338
8918,10.242045454545456
8919,15.908327974276528
8920,6.90375
8921,10.585015673981195
8922,18.595190995907224
8923,6.90375
8924,15.771099744245523
8925,13.56477434679335
8926,10.328130081300808
8927,16.148066875653086
8928,19.01675159235668
8929,18.595190995907224
8930,9.891134969325153
8931,10.391755395683457
8932,15.908327974276528
8933,15.908327974276528
8934,13.607716049382715
8935,14.318376963350786
8936,11.156032013479361
8937,12.427647058823528
8938,12.25993808049536
8939,7.5511111111111076
8940,16.078649999999993
8941,11.735271739130434
8942,7.722065573770493
8943,17.41025862068966
8944,17.41025862068966
8945,9.154460163812363
8946,15.137219701879456
8947,13.56477434679335
8948,11.737134445534837
8949,11.901854338842975
8950,14.318376963350786
8951,8.12669398907104
8952,17.41025862068966
8953,18.595190995907224
8954,10.980837166513338
8955,12.093545454545454
8956,13.162633136094689
8957,14.318376963350786
8958,10.980837166513338
8959,10.728773690078041
8960,18.24270833333333
8961,7.5511111111111076
8962,8.949145569620255
8963,16.754647975077887
8964,9.697206572769952
8965,14.318376963350786
8966,9.538186915887849
8967,12.697039800995025
8968,7.428943396226415
8969,10.728773690078041
8970,9.69248701298701
8971,12.912076023391814
8972,6.967724620770126
8973,13.697248062015499
8974,7.722065573770493
8975,8.962835820895522
8976,12.25993808049536
8977,11.901854338842975
8978,9.154460163812363
8979,13.239805292061902
8980,7.5511111111111076
8981,9.69248701298701
8982,11.408000000000003
8983,15.137219701879456
8984,15.908327974276528
8985,7.4015292353823074
8986,17.41025862068966
8987,11.737134445534837
8988,15.908327974276528
8989,12.912076023391814
8990,14.590107584722968
8991,6.90375
8992,12.697039800995025
8993,16.148066875653086
8994,14.108114374034004
8995,11.737134445534837
8996,16.148066875653086
8997,8.400995475113126
8998,7.722065573770493
8999,14.128181818181819
9000,15.771099744245523
9001,15.003126684636115
9002,9.333402777777787
9003,14.318376963350786
9004,7.33142156862745
9005,10.328130081300808
9006,13.903099415204682
9007,14.590107584722968
9008,14.318376963350786
9009,9.333402777777787
9010,9.538186915887849
9011,17.448429256594718
9012,7.4015292353823074
9013,8.949145569620255
9014,13.089728850325379
9015,15.908327974276528
9016,11.555817727840203
9017,7.722065573770493
9018,15.17777054108217
9019,12.25993808049536
9020,16.754647975077887
9021,15.003126684636115
9022,7.768954344624459
9023,12.912076023391814
9024,7.138921037204406
9025,17.41025862068966
9026,7.5511111111111076
9027,8.400995475113126
9028,9.538186915887849
9029,18.595190995907224
9030,13.162633136094689
9031,16.754647975077887
9032,13.239805292061902
9033,8.541441441441442
9034,11.901854338842975
9035,7.5511111111111076
9036,19.01675159235668
9037,10.980837166513338
9038,16.064618689581092
9039,9.154460163812363
9040,13.697248062015499
9041,11.555817727840203
9042,12.912076023391814
9043,18.08647985989493
9044,11.901854338842975
9045,13.239805292061902
9046,13.089728850325379
9047,7.9525
9048,15.003126684636115
9049,15.652043868394813
9050,10.980837166513338
9051,15.17777054108217
9052,8.08785874439462
9053,11.735271739130434
9054,12.25993808049536
9055,12.495679442508713
9056,7.257543103448275
9057,10.502102564102561
9058,10.202038567493119
9059,10.585015673981195
9060,10.980837166513338
9061,15.137219701879456
9062,11.555817727840203
9063,7.4015292353823074
9064,9.538186915887849
9065,18.08647985989493
9066,9.538186915887849
9067,6.926351351351352
9068,12.25993808049536
9069,11.29717917675545
9070,11.29717917675545
9071,7.768954344624459
9072,12.25993808049536
9073,14.317375000000004
9074,9.69248701298701
9075,15.17777054108217
9076,9.333402777777787
9077,13.239805292061902
9078,7.137491638795986
9079,8.332462235649544
9080,6.732375
9081,8.724696673189824
9082,12.697039800995025
9083,14.317375000000004
9084,13.239805292061902
9085,11.735271739130434
9086,7.611739130434781
9087,17.41025862068966
9088,6.967724620770126
9089,6.967724620770126
9090,9.154460163812363
9091,8.962835820895522
9092,14.317375000000004
9093,9.538186915887849
9094,13.239805292061902
9095,16.064618689581092
9096,17.326132075471698
9097,11.901854338842975
9098,12.093545454545454
9099,9.697206572769952
9100,13.239805292061902
9101,12.25993808049536
9102,9.538186915887849
9103,11.156032013479361
9104,8.724696673189824
9105,9.538186915887849
9106,13.903099415204682
9107,9.697206572769952
9108,10.202038567493119
9109,17.41025862068966
9110,10.502102564102561
9111,16.754647975077887
9112,6.732375
9113,13.239805292061902
9114,12.25993808049536
9115,7.33142156862745
9116,7.5511111111111076
9117,11.555817727840203
9118,11.156032013479361
9119,19.01675159235668
9120,11.735271739130434
9121,9.69248701298701
9122,9.69248701298701
9123,18.17878281622912
9124,8.962835820895522
9125,14.590107584722968
9126,13.089728850325379
9127,15.137219701879456
9128,19.98764331210191
9129,13.56477434679335
9130,7.257543103448275
9131,15.908327974276528
9132,7.4015292353823074
9133,16.754647975077887
9134,8.537731092436973
9135,8.984031413612563
9136,11.901854338842975
9137,11.156032013479361
9138,12.912076023391814
9139,12.697039800995025
9140,13.239805292061902
9141,13.162633136094689
9142,13.56477434679335
9143,8.400995475113126
9144,7.5511111111111076
9145,13.697248062015499
9146,8.12669398907104
9147,18.595190995907224
9148,15.908327974276528
9149,11.901854338842975
9150,6.732375
9151,8.08785874439462
9152,15.771099744245523
9153,15.908327974276528
9154,19.01675159235668
9155,11.737134445534837
9156,9.333402777777787
9157,10.391755395683457
9158,13.239805292061902
9159,9.333402777777787
9160,9.079761904761906
9161,10.980837166513338
9162,18.595190995907224
9163,19.69543624161074
9164,13.56477434679335
9165,11.555817727840203
9166,15.908327974276528
9167,13.239805292061902
9168,10.728773690078041
9169,19.01675159235668
9170,8.914171122994652
9171,11.555817727840203
9172,9.891134969325153
9173,11.29717917675545
9174,11.735271739130434
9175,14.318376963350786
9176,12.316610169491522
9177,12.912076023391814
9178,12.703969732246799
9179,13.239805292061902
9180,12.25993808049536
9181,15.137219701879456
9182,16.754647975077887
9183,12.703969732246799
9184,6.90375
9185,13.162633136094689
9186,9.079761904761906
9187,11.901854338842975
9188,18.595190995907224
9189,11.735271739130434
9190,16.754647975077887
9191,10.728773690078041
9192,7.139696969696969
9193,9.154460163812363
9194,11.737134445534837
9195,9.891134969325153
9196,9.333402777777787
9197,11.735271739130434
9198,15.908327974276528
9199,19.01675159235668
9200,16.624679399727153
9201,10.502102564102561
9202,7.981873589164787
9203,15.17777054108217
9204,17.368251121076224
9205,10.728773690078041
9206,18.595190995907224
9207,13.162633136094689
9208,11.156032013479361
9209,15.137219701879456
9210,11.901854338842975
9211,7.5511111111111076
9212,12.703969732246799
9213,8.914171122994652
9214,14.318376963350786
9215,14.317375000000004
9216,7.428943396226415
9217,15.908327974276528
9218,11.408000000000003
9219,12.703969732246799
9220,11.901854338842975
9221,9.697206572769952
9222,11.901854338842975
9223,7.768954344624459
9224,10.55167832167832
9225,13.162633136094689
9226,7.257543103448275
9227,6.90375
9228,11.156032013479361
9229,12.697039800995025
9230,14.590107584722968
9231,14.317375000000004
9232,11.29717917675545
9233,11.555817727840203
9234,13.089728850325379
9235,12.17458904109589
9236,15.908327974276528
9237,11.555817727840203
9238,12.697039800995025
9239,11.156032013479361
9240,7.981873589164787
9241,12.912076023391814
9242,10.55167832167832
9243,14.318376963350786
9244,6.967724620770126
9245,19.902641509433966
9246,17.41025862068966
9247,18.08647985989493
9248,8.724696673189824
9249,8.949145569620255
9250,13.697248062015499
9251,12.25993808049536
9252,8.659595469255665
9253,13.162633136094689
9254,11.901854338842975
9255,10.502102564102561
9256,17.41025862068966
9257,9.69248701298701
9258,15.908327974276528
9259,10.310117416829744
9260,7.722065573770493
9261,8.08785874439462
9262,19.98764331210191
9263,11.901854338842975
9264,11.735271739130434
9265,14.318376963350786
9266,10.728773690078041
9267,8.325785440613027
9268,11.901854338842975
9269,15.652043868394813
9270,12.697039800995025
9271,18.08647985989493
9272,15.908327974276528
9273,19.98764331210191
9274,12.25993808049536
9275,9.154460163812363
9276,8.962835820895522
9277,12.912076023391814
9278,10.980837166513338
9279,15.908327974276528
9280,17.41025862068966
9281,12.703969732246799
9282,14.108114374034004
9283,8.659595469255665
9284,12.912076023391814
9285,14.58139303482587
9286,15.137219701879456
9287,14.58139303482587
9288,13.903099415204682
9289,13.903099415204682
9290,14.798441558441558
9291,7.137491638795986
9292,8.08785874439462
9293,12.912076023391814
9294,10.728773690078041
9295,13.697248062015499
9296,12.912076023391814
9297,8.659595469255665
9298,11.156032013479361
9299,15.137219701879456
9300,6.90375
9301,10.55167832167832
9302,12.697039800995025
9303,8.659595469255665
9304,7.9525
9305,6.967724620770126
9306,11.901854338842975
9307,7.137491638795986
9308,14.590107584722968
9309,9.69248701298701
9310,9.69248701298701
9311,9.69248701298701
9312,15.137219701879456
9313,7.428943396226415
9314,7.5242913385826755
9315,8.08785874439462
9316,9.546543209876543
9317,11.901854338842975
9318,9.079761904761906
9319,12.912076023391814
9320,7.981873589164787
9321,11.408000000000003
9322,10.980837166513338
9323,10.980837166513338
9324,11.156032013479361
9325,15.908327974276528
9326,11.735271739130434
9327,16.754647975077887
9328,11.735271739130434
9329,7.33142156862745
9330,12.703969732246799
9331,6.90375
9332,7.722065573770493
9333,10.391755395683457
9334,9.333402777777787
9335,7.722065573770493
9336,11.735271739130434
9337,11.156032013479361
9338,17.326132075471698
9339,10.502102564102561
9340,16.064618689581092
9341,7.257543103448275
9342,14.590107584722968
9343,11.735271739130434
9344,7.4015292353823074
9345,10.728773690078041
9346,13.607716049382715
9347,15.137219701879456
9348,7.981873589164787
9349,7.722065573770493
9350,7.722065573770493
9351,14.317375000000004
9352,8.914171122994652
9353,11.735271739130434
9354,15.17777054108217
9355,17.448429256594718
9356,12.495679442508713
9357,6.967724620770126
9358,11.555817727840203
9359,11.901854338842975
9360,10.502102564102561
9361,12.495679442508713
9362,12.093545454545454
9363,7.611739130434781
9364,12.697039800995025
9365,7.33142156862745
9366,8.659595469255665
9367,9.69248701298701
9368,13.896364779874208
9369,9.891134969325153
9370,8.914171122994652
9371,8.962835820895522
9372,12.17458904109589
9373,10.55167832167832
9374,9.826612021857922
9375,16.624679399727153
9376,10.980837166513338
9377,7.137491638795986
9378,13.089728850325379
9379,6.967724620770126
9380,16.754647975077887
9381,7.33142156862745
9382,17.326132075471698
9383,15.908327974276528
9384,8.08785874439462
9385,17.448429256594718
9386,13.697248062015499
9387,15.17777054108217
9388,6.90375
9389,11.901854338842975
9390,15.652043868394813
9391,15.908327974276528
9392,7.33142156862745
9393,7.227697368421052
9394,9.538186915887849
9395,13.239805292061902
9396,8.724696673189824
9397,16.754647975077887
9398,10.502102564102561
9399,17.41025862068966
9400,10.391755395683457
9401,7.4015292353823074
9402,10.585015673981195
9403,15.17777054108217
9404,13.239805292061902
9405,8.400995475113126
9406,14.58139303482587
9407,9.154460163812363
9408,7.9525
9409,8.949145569620255
9410,9.333402777777787
9411,12.25993808049536
9412,14.318376963350786
9413,7.33142156862745
9414,10.502102564102561
9415,12.25993808049536
9416,7.9525
9417,7.9525
9418,10.242045454545456
9419,18.595190995907224
9420,13.239805292061902
9421,7.33142156862745
9422,12.495679442508713
9423,15.137219701879456
9424,12.25993808049536
9425,7.9525
9426,11.737134445534837
9427,11.555817727840203
9428,18.595190995907224
9429,12.25993808049536
9430,7.5511111111111076
9431,15.003126684636115
9432,7.227697368421052
9433,13.162633136094689
9434,12.697039800995025
9435,13.239805292061902
9436,16.624679399727153
9437,13.239805292061902
9438,7.5242913385826755
9439,15.908327974276528
9440,11.737134445534837
9441,11.555817727840203
9442,15.908327974276528
9443,7.5511111111111076
9444,13.903099415204682
9445,14.317375000000004
9446,17.41025862068966
9447,9.538186915887849
9448,8.949145569620255
9449,6.967724620770126
9450,10.328130081300808
9451,7.611739130434781
9452,18.08647985989493
9453,10.502102564102561
9454,7.981873589164787
9455,10.980837166513338
9456,14.798441558441558
9457,7.33142156862745
9458,12.316610169491522
9459,9.69248701298701
9460,13.239805292061902
9461,10.391755395683457
9462,8.984031413612563
9463,16.624679399727153
9464,16.23481927710843
9465,15.17777054108217
9466,7.428943396226415
9467,9.69248701298701
9468,12.25993808049536
9469,13.799649122807018
9470,11.735271739130434
9471,11.555817727840203
9472,16.754647975077887
9473,14.318376963350786
9474,10.310117416829744
9475,8.08785874439462
9476,10.502102564102561
9477,8.08785874439462
9478,12.912076023391814
9479,7.257543103448275
9480,9.154460163812363
9481,11.737134445534837
9482,12.703969732246799
9483,19.01675159235668
9484,20.956815286624188
9485,11.555817727840203
9486,22.076980198019804
9487,20.406768189509307
9488,14.58139303482587
9489,12.25993808049536
9490,12.25993808049536
9491,9.891134969325153
9492,11.156032013479361
9493,15.17777054108217
9494,14.317375000000004
9495,11.555817727840203
9496,7.428943396226415
9497,10.202038567493119
9498,8.659595469255665
9499,8.537731092436973
9500,12.25993808049536
9501,10.502102564102561
9502,11.735271739130434
9503,11.156032013479361
9504,14.58139303482587
9505,17.368251121076224
9506,8.914171122994652
9507,12.25993808049536
9508,8.659595469255665
9509,10.310117416829744
9510,17.038244680851058
9511,10.391755395683457
9512,7.4015292353823074
9513,9.69248701298701
9514,7.611739130434781
9515,12.25993808049536
9516,7.768954344624459
9517,10.391755395683457
9518,18.08647985989493
9519,8.962835820895522
9520,12.912076023391814
9521,13.089728850325379
9522,9.154460163812363
9523,16.754647975077887
9524,13.896364779874208
9525,17.448429256594718
9526,15.908327974276528
9527,16.624679399727153
9528,10.980837166513338
9529,7.33142156862745
9530,10.068816793893133
9531,10.502102564102561
9532,10.585015673981195
9533,10.980837166513338
9534,15.652043868394813
9535,13.162633136094689
9536,15.003126684636115
9537,11.156032013479361
9538,7.722065573770493
9539,19.01675159235668
9540,7.257543103448275
9541,7.768954344624459
9542,10.585015673981195
9543,9.891134969325153
9544,9.891134969325153
9545,10.55167832167832
9546,14.317375000000004
9547,10.502102564102561
9548,6.967724620770126
9549,18.08647985989493
9550,13.607716049382715
9551,15.17777054108217
9552,7.768954344624459
9553,13.697248062015499
9554,9.697206572769952
9555,7.768954344624459
9556,10.55167832167832
9557,10.328130081300808
9558,8.659595469255665
9559,13.903099415204682
9560,10.391755395683457
9561,11.737134445534837
9562,14.318376963350786
9563,8.12669398907104
9564,11.555817727840203
9565,8.332462235649544
9566,7.5242913385826755
9567,8.08785874439462
9568,6.967724620770126
9569,13.607716049382715
9570,10.980837166513338
9571,17.698899082568808
9572,16.624679399727153
9573,14.798441558441558
9574,16.078649999999993
9575,12.912076023391814
9576,15.17777054108217
9577,9.154460163812363
9578,15.17777054108217
9579,9.538186915887849
9580,19.292636815920396
9581,7.722065573770493
9582,12.697039800995025
9583,7.9525
9584,12.427647058823528
9585,10.242045454545456
9586,11.29717917675545
9587,7.981873589164787
9588,15.17777054108217
9589,7.257543103448275
9590,9.154460163812363
9591,12.703969732246799
9592,8.914171122994652
9593,8.332462235649544
9594,14.317375000000004
9595,7.5511111111111076
9596,16.624679399727153
9597,15.908327974276528
9598,12.819113924050631
9599,17.038244680851058
9600,12.25993808049536
9601,8.914171122994652
9602,13.697248062015499
9603,15.908327974276528
9604,8.332462235649544
9605,9.69248701298701
9606,6.967724620770126
9607,12.25993808049536
9608,13.089728850325379
9609,6.90375
9610,9.538186915887849
9611,15.137219701879456
9612,10.202038567493119
9613,14.317375000000004
9614,11.555817727840203
9615,8.659595469255665
9616,19.01675159235668
9617,7.768954344624459
9618,12.912076023391814
9619,17.368251121076224
9620,9.154460163812363
9621,11.735271739130434
9622,14.317375000000004
9623,11.555817727840203
9624,12.697039800995025
9625,9.333402777777787
9626,8.332462235649544
9627,8.332462235649544
9628,11.737134445534837
9629,10.202038567493119
9630,10.202038567493119
9631,13.896364779874208
9632,15.137219701879456
9633,8.537731092436973
9634,7.33142156862745
9635,7.33142156862745
9636,14.590107584722968
9637,15.908327974276528
9638,12.912076023391814
9639,7.5242913385826755
9640,12.912076023391814
9641,8.325785440613027
9642,10.502102564102561
9643,13.903099415204682
9644,14.108114374034004
9645,9.154460163812363
9646,13.697248062015499
9647,8.914171122994652
9648,8.659595469255665
9649,12.703969732246799
9650,12.703969732246799
9651,6.967724620770126
9652,9.69248701298701
9653,9.154460163812363
9654,15.17777054108217
9655,8.962835820895522
9656,9.154460163812363
9657,13.239805292061902
9658,7.722065573770493
9659,9.826612021857922
9660,17.368251121076224
9661,16.754647975077887
9662,14.798441558441558
9663,17.448429256594718
9664,10.502102564102561
9665,8.12669398907104
9666,10.55167832167832
9667,12.25993808049536
9668,12.25993808049536
9669,12.703969732246799
9670,7.5242913385826755
9671,10.728773690078041
9672,7.981873589164787
9673,16.064618689581092
9674,14.108114374034004
9675,6.967724620770126
9676,10.728773690078041
9677,13.239805292061902
9678,13.903099415204682
9679,16.754647975077887
9680,8.659595469255665
9681,11.156032013479361
9682,11.901854338842975
9683,10.728773690078041
9684,12.427647058823528
9685,15.137219701879456
9686,10.502102564102561
9687,10.55167832167832
9688,10.328130081300808
9689,12.912076023391814
9690,14.590107584722968
9691,9.154460163812363
9692,11.555817727840203
9693,8.962835820895522
9694,8.537731092436973
9695,7.137491638795986
9696,10.242045454545456
9697,6.967724620770126
9698,10.202038567493119
9699,6.967724620770126
9700,8.541441441441442
9701,15.17777054108217
9702,12.25993808049536
9703,12.703969732246799
9704,11.555817727840203
9705,14.318376963350786
9706,15.17777054108217
9707,12.697039800995025
9708,12.316610169491522
9709,8.537731092436973
9710,14.317375000000004
9711,12.25993808049536
9712,6.967724620770126
9713,7.33142156862745
9714,14.317375000000004
9715,9.538186915887849
9716,12.25993808049536
9717,10.728773690078041
9718,6.967724620770126
9719,10.391755395683457
9720,7.981873589164787
9721,11.156032013479361
9722,12.25993808049536
9723,8.659595469255665
9724,11.735271739130434
9725,8.332462235649544
9726,13.697248062015499
9727,7.26248407643312
9728,10.202038567493119
9729,12.093545454545454
9730,16.064618689581092
9731,15.908327974276528
9732,12.912076023391814
9733,14.798441558441558
9734,14.590107584722968
9735,13.162633136094689
9736,12.25993808049536
9737,10.728773690078041
9738,10.202038567493119
9739,12.697039800995025
9740,8.724696673189824
9741,11.612484472049687
9742,17.326132075471698
9743,8.914171122994652
9744,7.227697368421052
9745,13.903099415204682
9746,10.502102564102561
9747,8.332462235649544
9748,13.162633136094689
9749,8.12669398907104
9750,11.29717917675545
9751,9.69248701298701
9752,12.703969732246799
9753,7.257543103448275
9754,12.25993808049536
9755,16.624679399727153
9756,9.69248701298701
9757,8.08785874439462
9758,9.891134969325153
9759,13.903099415204682
9760,12.912076023391814
9761,17.41025862068966
9762,14.317375000000004
9763,7.257543103448275
9764,15.17777054108217
9765,10.980837166513338
9766,18.17878281622912
9767,15.908327974276528
9768,8.400995475113126
9769,11.737134445534837
9770,16.754647975077887
9771,15.17777054108217
9772,9.69248701298701
9773,6.967724620770126
9774,12.25993808049536
9775,10.980837166513338
9776,13.239805292061902
9777,14.58139303482587
9778,11.901854338842975
9779,16.148066875653086
9780,9.154460163812363
9781,12.25993808049536
9782,10.391755395683457
9783,12.697039800995025
9784,15.652043868394813
9785,17.41025862068966
9786,7.257543103448275
9787,11.901854338842975
9788,13.697248062015499
9789,12.703969732246799
9790,18.08647985989493
9791,16.064618689581092
9792,11.901854338842975
9793,9.826612021857922
9794,13.56477434679335
9795,6.967724620770126
9796,14.318376963350786
9797,7.33142156862745
9798,14.108114374034004
9799,7.33142156862745
9800,13.239805292061902
9801,9.154460163812363
9802,6.732375
9803,14.590107584722968
9804,12.093545454545454
9805,14.590107584722968
9806,12.697039800995025
9807,14.798441558441558
9808,13.239805292061902
9809,8.914171122994652
9810,20.406768189509307
9811,19.292636815920396
9812,11.29717917675545
9813,7.768954344624459
9814,13.697248062015499
9815,11.156032013479361
9816,14.590107584722968
9817,11.555817727840203
9818,15.908327974276528
9819,8.537731092436973
9820,12.697039800995025
9821,15.17777054108217
9822,10.242045454545456
9823,6.732375
9824,15.137219701879456
9825,7.5511111111111076
9826,11.901854338842975
9827,12.427647058823528
9828,12.093545454545454
9829,7.227697368421052
9830,11.29717917675545
9831,8.332462235649544
9832,15.003126684636115
9833,13.697248062015499
9834,13.607716049382715
9835,13.162633136094689
9836,12.25993808049536
9837,6.967724620770126
9838,9.69248701298701
9839,15.17777054108217
9840,7.33142156862745
9841,11.737134445534837
9842,12.25993808049536
9843,8.08785874439462
9844,17.867651515151515
9845,11.408000000000003
9846,8.12669398907104
9847,14.590107584722968
9848,12.697039800995025
9849,10.242045454545456
9850,12.093545454545454
9851,10.242045454545456
9852,8.332462235649544
9853,7.428943396226415
9854,12.316610169491522
9855,15.908327974276528
9856,12.25993808049536
9857,11.612484472049687
9858,13.799649122807018
9859,8.724696673189824
9860,13.903099415204682
9861,17.448429256594718
9862,8.724696673189824
9863,13.896364779874208
9864,7.33142156862745
9865,19.98764331210191
9866,16.624679399727153
9867,8.325785440613027
9868,19.98764331210191
9869,10.585015673981195
9870,13.697248062015499
9871,19.01675159235668
9872,15.652043868394813
9873,18.08647985989493
9874,15.17777054108217
9875,8.325785440613027
9876,10.980837166513338
9877,14.798441558441558
9878,11.156032013479361
9879,20.406768189509307
9880,8.12669398907104
9881,8.332462235649544
9882,18.595190995907224
9883,11.408000000000003
9884,10.980837166513338
9885,8.962835820895522
9886,18.17878281622912
9887,12.819113924050631
9888,10.728773690078041
9889,12.25993808049536
9890,18.17878281622912
9891,10.328130081300808
9892,7.722065573770493
9893,11.156032013479361
9894,15.17777054108217
9895,13.239805292061902
9896,11.29717917675545
9897,12.697039800995025
9898,6.967724620770126
9899,12.25993808049536
9900,11.901854338842975
9901,8.724696673189824
9902,15.17777054108217
9903,12.25993808049536
9904,9.546543209876543
9905,12.912076023391814
9906,17.368251121076224
9907,12.495679442508713
9908,9.538186915887849
9909,7.981873589164787
9910,12.25993808049536
9911,16.95768707482993
9912,6.967724620770126
9913,16.754647975077887
9914,13.239805292061902
9915,12.25993808049536
9916,10.728773690078041
9917,8.08785874439462
9918,9.69248701298701
9919,12.25993808049536
9920,9.538186915887849
9921,10.502102564102561
9922,18.17878281622912
9923,14.590107584722968
9924,20.956815286624188
9925,16.754647975077887
9926,17.448429256594718
9927,7.428943396226415
9928,12.17458904109589
9929,12.912076023391814
9930,9.697206572769952
9931,13.903099415204682
9932,14.590107584722968
9933,11.901854338842975
9934,12.25993808049536
9935,7.981873589164787
9936,12.912076023391814
9937,15.908327974276528
9938,12.703969732246799
9939,18.595190995907224
9940,12.697039800995025
9941,13.239805292061902
9942,12.25993808049536
9943,14.590107584722968
9944,11.555817727840203
9945,10.980837166513338
9946,12.25993808049536
9947,18.595190995907224
9948,17.41025862068966
9949,7.428943396226415
9950,17.41025862068966
9951,12.25993808049536
9952,17.41025862068966
9953,11.156032013479361
9954,16.064618689581092
9955,10.391755395683457
9956,12.912076023391814
9957,18.595190995907224
9958,13.896364779874208
9959,15.137219701879456
9960,17.368251121076224
9961,12.697039800995025
9962,11.156032013479361
9963,14.317375000000004
9964,10.391755395683457
9965,15.137219701879456
9966,10.502102564102561
9967,15.17777054108217
9968,14.128181818181819
9969,10.391755395683457
9970,15.908327974276528
9971,15.908327974276528
9972,14.317375000000004
9973,12.25993808049536
9974,12.912076023391814
9975,14.590107584722968
9976,7.722065573770493
9977,9.154460163812363
9978,14.798441558441558
9979,13.239805292061902
9980,9.333402777777787
9981,9.69248701298701
9982,10.502102564102561
9983,7.722065573770493
9984,10.980837166513338
9985,8.962835820895522
9986,8.400995475113126
9987,7.26248407643312
9988,12.25993808049536
9989,17.41025862068966
9990,8.400995475113126
9991,17.326132075471698
9992,10.242045454545456
9993,15.17777054108217
9994,10.328130081300808
9995,8.541441441441442
9996,6.967724620770126
9997,12.912076023391814
9998,8.08785874439462
9999,13.903099415204682
10000,6.90375
