ID,int_rate
1,13.34506996493207
2,14.168969259378443
3,8.450111028562558
4,15.788157065114106
5,16.87697413399808
6,6.731567402362013
7,12.267542199900767
8,8.857327015969146
9,14.219923899158244
10,20.75404487668803
11,5.610208833248376
12,15.308335079104411
13,14.380344422792929
14,16.971272757027368
15,16.049857602428286
16,10.244587303847148
17,13.351967114370284
18,14.453046075304863
19,9.793376871829828
20,15.738550111003114
21,10.114443760176124
22,17.79474291217458
23,10.13288569344055
24,14.595786414020447
25,12.688367920257468
26,7.73222545222412
27,17.2248075935773
28,18.895096702619526
29,14.787988272957875
30,17.25785704746346
31,9.717156357697661
32,7.7961122938318725
33,11.87035738579038
34,16.265518659429045
35,12.936635089937885
36,13.294768782360121
37,14.023911435463958
38,7.926604816367974
39,10.489144962272691
40,13.301665362643135
41,11.741325265902253
42,17.192669947717405
43,9.3273119872372
44,15.36451338248572
45,13.7114464531169
46,14.063882523586672
47,22.22847131582979
48,17.160577865582265
49,7.163176806500677
50,8.553408005618214
51,11.27131897400754
52,19.294508278243175
53,9.0585149177604
54,8.959462666636464
55,10.513264252678114
56,13.966971821550985
57,7.484552256175583
58,13.980643681611847
59,12.428430423956664
60,10.72273742988793
61,17.061463327701915
62,11.236185678400156
63,17.694149250682248
64,13.588464959387347
65,15.488008813202454
66,10.293538931706015
67,7.2681850352446205
68,6.3495113130147205
69,8.350184190489044
70,15.265603021436908
71,13.26056586811449
72,12.614890508309932
73,10.424525239268757
74,11.469101170658183
75,12.758248090174023
76,16.39085967878279
77,12.50660116751578
78,9.224294976991503
79,9.920719606932954
80,6.95828171723495
81,11.843061235018089
82,10.06903715762526
83,14.075283634722581
84,7.630212430747153
85,15.50981783623236
86,9.401125142564869
87,7.4084572295952436
88,6.4356400662770765
89,6.845784115207778
90,13.054213686337448
91,7.6682260269373925
92,11.32641805883071
93,10.054966502545856
94,8.182102462460186
95,12.721875059642494
96,10.993615265818427
97,7.241309383348349
98,13.984270594817247
99,8.360086572575975
100,7.823138377236547
101,13.799340260287488
102,10.81340647563777
103,8.931928036671165
104,6.610140999427806
105,8.441417781506035
106,18.508945906274345
107,12.80379717868815
108,17.625050349015485
109,8.487793671054938
110,7.178692999655607
111,11.119552949181958
112,11.811156537171586
113,15.835901117650096
114,10.12603845555085
115,12.660433994315683
116,10.091592136728986
117,14.007346177940477
118,6.789432623686714
119,9.09495287418222
120,14.716233594361592
121,14.23246864181453
122,13.45982390445909
123,6.201650251435553
124,12.07311641113691
125,14.769778352063225
126,6.337473071254149
127,6.703075980547424
128,15.220350438299045
129,9.699394794764627
130,8.690948599132389
131,8.896908817558078
132,14.838071735641075
133,8.717908425247789
134,13.086918888405341
135,8.00175167738759
136,16.382496793984384
137,8.590056063352293
138,15.209329107741228
139,9.042106399139916
140,12.108747880058516
141,19.528769473776222
142,12.546564065556566
143,8.4245823985728
144,18.32353069687755
145,11.937558637012012
146,17.92091980544146
147,12.782942749617746
148,9.189688693651632
149,12.859917030805988
150,7.208138561803736
151,11.483438868548893
152,7.981272586016182
153,9.418908862575668
154,6.791397363241148
155,6.46404062022287
156,15.505399601801642
157,7.9349427000723525
158,7.361705230257068
159,9.938054235325916
160,10.183095263201926
161,8.050283177661267
162,9.891331731989697
163,17.654772386574805
164,14.919311107358121
165,7.071314426829798
166,10.994004282827817
167,6.977382003625219
168,10.930411294679159
169,14.742616060103442
170,8.68221892910976
171,15.49079587725408
172,6.567437421780865
173,10.406206776377896
174,9.819166370185217
175,18.04558873308375
176,17.8474666994109
177,6.240869152558536
178,8.77701584299011
179,7.917131038489636
180,10.4510153920077
181,16.42225102186411
182,12.555005569483406
183,13.310428934061974
184,8.553402265625708
185,8.649572834694995
186,16.04707149899943
187,12.494165831745837
188,15.969962711548023
189,8.309351423076203
190,12.37136885051521
191,9.168402250026386
192,10.351714164298777
193,9.434289809655661
194,7.308371033070853
195,7.764679775815544
196,11.982532504757975
197,10.813062801026776
198,14.29835297821593
199,10.726945878654945
200,10.796424218068168
201,14.514766922598847
202,15.15726265353846
203,11.265761332238414
204,13.89425655000944
205,9.16888906717965
206,7.942804652618572
207,10.210295209405894
208,18.433566077599778
209,9.422718925407798
210,12.559252999020673
211,15.569778989331935
212,6.420660403665042
213,10.926550111525254
214,9.34737787467558
215,9.810428041155744
216,8.347241407052012
217,6.72940338463147
218,8.223272936290435
219,11.122143169647098
220,9.387226298798394
221,13.837451994701901
222,15.977353805980494
223,7.035387689219846
224,10.149612846896515
225,18.614615937495337
226,9.093751397077805
227,19.543280110386018
228,11.938367335614695
229,18.44334741678809
230,10.44378347223018
231,8.243897534210054
232,12.749118916376881
233,7.116681173348634
234,13.49150071798544
235,8.314956258241418
236,16.398480636343564
237,9.897339956548231
238,12.426345264264958
239,11.297199130169089
240,6.94934645362346
241,8.715581396032283
242,13.984956303238276
243,7.471050325636789
244,21.76766495589006
245,18.16695151432467
246,19.063152309325577
247,13.439857500029333
248,16.232596699426185
249,11.86361185534865
250,13.209910615041046
251,9.665220090370859
252,8.896895059828063
253,9.488884384404026
254,12.461502835688963
255,15.130391299631443
256,8.345201652910582
257,15.140672589326153
258,14.975112623336841
259,7.713859315045082
260,14.646494615092342
261,16.191469462750607
262,9.587030526286803
263,9.432173748077068
264,10.550083493090323
265,8.040911619119814
266,13.93153444247732
267,11.341668410373977
268,16.848064540586936
269,11.408106557598183
270,11.951595192365273
271,5.906701451606286
272,6.902209521433446
273,14.833873096290853
274,11.419812789441394
275,15.025493873825079
276,10.864186093568064
277,11.218321741898693
278,12.607423782091828
279,7.049512299056751
280,14.195452168569233
281,14.118736647641683
282,9.969103608793015
283,8.360443343699268
284,8.086942596245336
285,8.203793727405243
286,7.943904341051739
287,11.572635051301168
288,12.9295614789661
289,10.94017223492805
290,7.220110715923643
291,8.120200310064773
292,6.836747539998221
293,8.923599752781056
294,7.000897065444261
295,14.687270912767103
296,7.73629449508477
297,12.973893007830185
298,7.556934640231783
299,14.538944671650272
300,9.769019910930423
301,13.290042793168823
302,8.652820735716338
303,7.36893910736908
304,14.32129748723061
305,10.845723660512647
306,10.503695199745232
307,6.932432284828227
308,6.956861709198947
309,10.912951635469176
310,9.45520844881846
311,13.265887680229946
312,6.466405731487851
313,14.979634943792865
314,11.241219145577572
315,9.424103429135528
316,8.626083712075408
317,12.58029096533007
318,10.289447561887117
319,8.273573133563755
320,13.604922216776094
321,16.971426687667822
322,14.954608056723961
323,13.193933361568332
324,18.920493880722294
325,10.62680921938048
326,13.549928730130631
327,10.802476763314226
328,7.80547334861082
329,10.041828960012275
330,9.762728682242471
331,15.028713779133748
332,13.181149175090008
333,13.558339130204423
334,8.45913323698778
335,12.287070418233634
336,8.953925010295656
337,13.67553984870914
338,15.683586669976625
339,6.661841810087471
340,6.604490057278561
341,15.958280847388496
342,8.779429835492742
343,6.933160415690249
344,8.888507100226303
345,13.367418940171488
346,9.855161036523992
347,11.979351405247847
348,9.192151108447739
349,11.743478738211314
350,12.193060711048469
351,6.701023911262698
352,18.2462509628951
353,11.190526817829754
354,15.446817116930868
355,13.260736946624725
356,12.047860062127425
357,13.644395150162504
358,12.384829561076884
359,17.49663508567328
360,16.06497552755862
361,8.389707966733114
362,13.319823646583417
363,15.538678487194778
364,10.140859457105973
365,7.459885658683242
366,11.197054484328023
367,8.275649723034944
368,12.465993493861356
369,11.10873057299476
370,6.726970451657088
371,12.079733280465291
372,12.89198182390515
373,12.23193683391699
374,14.775689578274838
375,18.069881357773642
376,17.438660524081982
377,15.408346805510675
378,9.92772324916505
379,13.288600840395352
380,8.345666942427274
381,17.468158411740237
382,7.125074486059206
383,9.529930163741746
384,14.032665771494576
385,18.52322920053307
386,13.133619053628905
387,12.979673103686087
388,13.271914647925337
389,13.604958164500333
390,8.114841873493683
391,10.36730264715632
392,8.85680777924247
393,7.501741085818696
394,7.887708054488379
395,8.506776836737636
396,13.90559451893734
397,9.670499183739272
398,11.605438862109585
399,8.359932120064954
400,10.766580982237784
401,11.276570960653197
402,10.72650836246322
403,9.080971063351596
404,16.75936360504674
405,8.350923049114733
406,10.493268184536836
407,12.447515929564725
408,13.528294419486697
409,16.65303633334668
410,12.84483139655101
411,12.55939322744267
412,7.341315556501081
413,9.257172795778343
414,10.0226791077532
415,6.696848606026162
416,9.562037759235897
417,9.963572227148598
418,9.088684749408815
419,14.458074950504765
420,8.046514421263288
421,13.237211147616824
422,13.966112533216261
423,7.134320735698921
424,16.40696536903494
425,6.567089056471303
426,10.129774018364971
427,14.4296173358074
428,7.492231183166098
429,9.413418423811017
430,11.40315567761391
431,8.546307025177637
432,8.335715452654998
433,7.747099524719899
434,8.408071579055026
435,13.864586356121585
436,9.905749838403969
437,8.198112544488142
438,6.782694169374536
439,13.437063761498962
440,16.62855807937172
441,16.73375951296686
442,13.853582274940422
443,9.474420307936468
444,7.8368592953003855
445,13.441556588859612
446,13.778428443074418
447,15.482196270092269
448,8.76781931626432
449,9.166311683446951
450,19.131619173799677
451,11.04202813809736
452,14.405260838713453
453,10.86825670043977
454,13.197698107873029
455,15.648034658554101
456,9.360453615043651
457,14.026778617541154
458,8.358781144540869
459,14.595707357641531
460,12.762051767162697
461,8.348599573589802
462,9.985866940520383
463,10.558358814102329
464,12.748200160528441
465,12.699157049734858
466,13.150893879145384
467,10.543744015756113
468,11.76651360277829
469,10.043520087052336
470,14.743607524774552
471,7.02398780630734
472,12.082992590529694
473,12.562000819423142
474,14.804435312386472
475,8.7855232003142
476,10.109168946651645
477,13.263050897568263
478,7.241474970183628
479,15.494495609727258
480,8.984083085454937
481,13.776005897607908
482,10.735960312105222
483,7.886771471892563
484,9.658619415499748
485,10.978332137101361
486,8.648002433976364
487,10.918897610808036
488,8.35842336938059
489,11.911813301466642
490,7.599370501945504
491,9.779638244066154
492,11.49291026240581
493,6.664790201367672
494,11.218359786879999
495,7.350559354415765
496,18.342090802028505
497,7.291897455531277
498,7.082241365874187
499,11.090100661753814
500,10.440688274217344
501,7.133050186359454
502,14.565965710586879
503,9.604726687387478
504,8.616569011416294
505,9.081281212072122
506,7.574059075937309
507,8.309350949014645
508,10.283480911786343
509,11.11857523276292
510,6.7977382711289005
511,11.222808428766973
512,11.544242243811572
513,7.279056798458046
514,14.137334588216738
515,9.568014385986679
516,15.448034987340614
517,7.18163475658019
518,11.102262235155214
519,7.900104982704366
520,13.442709408560274
521,16.678830900614486
522,10.04522105091324
523,6.774051502033557
524,6.40725069614581
525,9.608490046501766
526,7.194460579432281
527,10.329061558876946
528,7.350705181603193
529,11.264694431022727
530,9.786434017513123
531,7.125186008989868
532,18.2001713584588
533,12.554026612217038
534,11.236982927255532
535,11.410136561806608
536,6.578876558260156
537,12.738458711654774
538,8.809594908676466
539,7.322595020421642
540,14.218776736760065
541,7.886629537314057
542,12.730537624179753
543,14.902055369632206
544,9.616564356239333
545,8.29911238694103
546,5.532187927684942
547,8.865568813742863
548,15.686730490614863
549,15.339997524650018
550,7.929826537060691
551,9.142739881516887
552,10.00512144311601
553,13.737603025861958
554,12.591597063117703
555,13.223809417808065
556,13.33122863792871
557,12.995002742182335
558,9.57737479990464
559,10.280409271807793
560,7.131440744654938
561,10.006752142611901
562,10.312361139070028
563,7.259252146246369
564,8.521022062410287
565,9.841805880541047
566,7.6750025275009195
567,11.322424129594232
568,11.554816777719816
569,13.662727416510707
570,11.297544889560234
571,11.471467231852266
572,11.240427125403164
573,14.410680004546803
574,6.3966307496081605
575,13.576126794144871
576,11.358158208045595
577,13.135060725360333
578,14.865736463606778
579,13.331515806717922
580,13.291411516702476
581,10.627883085274759
582,8.841584366005124
583,7.525521924304051
584,12.940544691432473
585,7.688494786635405
586,7.0634631056157815
587,12.22655505579045
588,5.8974150907763345
589,8.40207312053881
590,10.555703538789954
591,7.689741026635022
592,6.532345796289833
593,8.443452193781106
594,12.370994205864184
595,10.297704614910844
596,15.922170780708905
597,7.808563585618262
598,12.855422004011473
599,13.941152390856999
600,8.872745857489797
601,9.606634732316635
602,17.125610261726738
603,12.326391481032502
604,12.627324536600481
605,12.257673249207564
606,14.50610784797025
607,14.602090840224497
608,13.144740636954538
609,15.104923955287546
610,11.373439678589705
611,7.063724314817914
612,7.7874738211733785
613,6.8139718946626
614,7.302193509512098
615,12.497245934866692
616,7.336816909618906
617,8.996449824715882
618,5.919841374936664
619,14.556918205117396
620,8.09487274653896
621,8.51564877942513
622,12.265044220545542
623,9.291582488415452
624,15.34904861540945
625,9.825419484075205
626,9.510747373748444
627,11.206923959883452
628,7.520577206239334
629,12.041223297474978
630,12.924125212458634
631,6.607213427672062
632,8.304774046631785
633,11.283725659038785
634,9.16222914329414
635,11.475574066841356
636,19.155408759285226
637,7.666026028240083
638,10.935198808068217
639,13.862339487295074
640,7.0277463929466775
641,11.192027583303847
642,14.02604651766562
643,11.025374962585332
644,11.344992736262435
645,9.21987764618189
646,10.407298674307038
647,13.73578180038792
648,11.421544735561938
649,10.174600011379185
650,12.68002170168558
651,6.406498882731758
652,9.613291105430259
653,12.647909706888223
654,8.444166537385469
655,15.88095313350275
656,8.408394398537316
657,11.604742226297155
658,9.846506123743502
659,6.867364906170905
660,8.439770464833034
661,20.635457239169842
662,6.081876802332878
663,10.070578850372472
664,16.78044630173325
665,15.422894632713579
666,8.233041084814753
667,12.730394869639888
668,9.365335426011706
669,7.243765419600439
670,12.64998959857268
671,17.284353796561604
672,12.757936949015646
673,8.231033834710592
674,13.328060221961513
675,9.94739805969372
676,8.827897111854108
677,13.027524524029886
678,11.400205662770077
679,9.894221900828379
680,11.478971173779186
681,10.147166725575154
682,11.80207999984321
683,7.026519037591696
684,10.856936874410493
685,7.769012754482283
686,13.532653947117831
687,6.641611962782089
688,10.928499667920578
689,9.483096531963914
690,10.518063924907631
691,14.025628661411504
692,8.940611696987565
693,7.175160780280462
694,8.251849830916052
695,11.559414971085678
696,10.29817030404408
697,12.359551686015427
698,14.895650581138469
699,12.074424094568203
700,10.196642922609804
701,10.673036053252902
702,14.447559106740284
703,8.73779306326819
704,10.086122850373494
705,10.057558196335341
706,7.808116333105725
707,7.72526261948071
708,13.981727849265338
709,11.110060014922382
710,7.06522982756355
711,17.883962328045293
712,13.974691763004179
713,7.668348556148749
714,13.245874909911862
715,7.1693752534639685
716,6.794904280385534
717,7.417927915690655
718,6.7864286056285446
719,15.613614760943605
720,7.212052027314974
721,9.595991811483254
722,14.875645283870647
723,12.967132601921952
724,8.572332114654959
725,16.225493247888004
726,9.486184873013455
727,11.357398949742999
728,9.205114124470267
729,11.114546368593471
730,14.262667715416113
731,5.943739357927268
732,6.966097756459269
733,7.616622909491885
734,9.072240460615914
735,9.103785482835901
736,9.86205124343884
737,12.853295442078965
738,12.065624910614646
739,8.519254896875605
740,10.17649506191817
741,17.986005667073965
742,9.719997748114913
743,8.744726676138287
744,15.931687244967732
745,12.713458873805408
746,8.287209881668682
747,5.489527382751164
748,9.377860537125443
749,12.40992267995036
750,10.39201495903889
751,7.389273799923459
752,11.048061597145674
753,8.374946564043945
754,10.191943700829228
755,10.339803531835239
756,12.26338581725387
757,10.675983526591454
758,15.164773829658918
759,12.094723717358137
760,6.771425413260491
761,9.79794868890957
762,13.480226956013261
763,8.613536791136623
764,14.781043804385632
765,8.003991545839922
766,11.659631469701987
767,8.840939133476837
768,10.014536566179155
769,10.18086292277401
770,9.104485138009048
771,6.528795618047416
772,10.467532440351572
773,12.720912279071536
774,15.040847716070436
775,6.393856857187667
776,9.427077632294925
777,11.368294757416953
778,5.579742413976644
779,13.96335780936227
780,10.952295374488585
781,14.129797054236354
782,7.194937515074186
783,11.605546001646578
784,6.505082651332941
785,7.720672579897015
786,10.350558036086666
787,7.297091249743268
788,6.831349818785291
789,7.661465253391351
790,11.76591515720916
791,10.44276756421658
792,5.569405307400476
793,10.972537509648516
794,11.672790058404841
795,6.34657479813992
796,6.640799910702488
797,10.20346178663197
798,6.765830202876302
799,6.768512994321617
800,8.974711764226393
801,10.357864169468352
802,11.515780243728372
803,13.274181583436908
804,12.390027022870512
805,9.670771116182516
806,14.218897294782266
807,10.120686292287028
808,13.616249115821537
809,9.122664086525669
810,14.250460639686048
811,10.180584207585328
812,8.849400726154576
813,12.770817328481629
814,13.68135226266042
815,14.971597857903838
816,11.799659924685452
817,8.561764630287499
818,8.09832389476898
819,12.498824552428353
820,13.531797833979104
821,9.253414058992288
822,9.287206289648354
823,15.650888000895746
824,7.16963514959454
825,7.405440415269873
826,9.625439753983537
827,10.330589674850872
828,9.825586307101785
829,8.135982510217461
830,11.793579606058614
831,12.54566266316558
832,11.45410552883881
833,10.78235250947632
834,8.629665565074644
835,12.633582886964495
836,10.789579770809276
837,10.948718026712529
838,17.859552255128623
839,9.405924796036254
840,7.922107862575891
841,9.681021139274923
842,9.10390142021942
843,8.138719828781957
844,8.46447696251375
845,13.693792636411624
846,9.994216376064589
847,7.80800193030906
848,10.844765515159887
849,7.731084058247526
850,8.17859010950461
851,9.900956958729775
852,7.913551422969902
853,7.81249825920117
854,11.461317665024561
855,13.415643955316154
856,14.154067245810888
857,8.395610957897953
858,14.336495587252642
859,7.412654235150015
860,9.805701634717279
861,5.840387216331966
862,10.099731747168978
863,10.364362270655562
864,12.891044196261896
865,8.310096722701239
866,10.186705274355452
867,11.346911571973505
868,11.394071377513853
869,11.84337621917426
870,7.9101500800234055
871,15.777837122461483
872,9.159615019373618
873,6.569904428444224
874,11.624270352300078
875,7.8057545244136675
876,8.204358741444194
877,11.718621175714253
878,8.056217445602705
879,8.784591710075016
880,9.19246678496792
881,11.800069842836999
882,11.804754114457253
883,9.770647199459328
884,14.268035339604902
885,16.15108368061182
886,12.010098521374369
887,7.8531897299982125
888,12.578773337213784
889,18.379687467356963
890,8.411526091172378
891,8.856417694492114
892,12.318036638504216
893,12.221151621434991
894,12.65740155092436
895,16.77836575450804
896,8.84540045695617
897,8.993313814918881
898,7.46019616389404
899,8.801674620610916
900,9.490981180390827
901,11.324292809749458
902,11.611402191074509
903,8.54647377590676
904,7.765258236278893
905,11.300813642068105
906,11.810779123150573
907,7.2665003753417485
908,8.180593620327562
909,11.55905571626858
910,14.673311569268131
911,10.956610518622368
912,9.674533705362892
913,16.12972489651437
914,11.685632189542604
915,9.580711717053717
916,8.142235736900352
917,7.065999216081568
918,9.909910179957699
919,15.098767245487798
920,7.3881156946499855
921,8.5712492298357
922,10.776129231442477
923,9.127634554668555
924,6.811786499843805
925,7.867719849691167
926,7.293081439212397
927,6.197229578480159
928,7.048107420605667
929,6.909650145380755
930,11.557898526860873
931,7.493697594318362
932,7.303987505824934
933,15.953590051827215
934,8.22026231512047
935,10.588291579088397
936,10.258381280043457
937,9.881431419051982
938,6.973037748027086
939,8.40792982845692
940,10.352313931461744
941,8.837109688992198
942,8.45084119438106
943,10.21691658038126
944,7.174773470107944
945,14.393286069487216
946,12.204917048656505
947,10.248951681847844
948,9.827259909026367
949,9.193745904691188
950,13.173757523897715
951,11.316710942983832
952,6.665107279189139
953,15.876649486301877
954,12.449959707041943
955,11.8886376806983
956,7.43052314510346
957,8.809037181793704
958,13.399116943631329
959,13.670698596603993
960,12.07873075783899
961,9.373732370292055
962,12.425499938277257
963,11.452903569027578
964,7.5649806918226785
965,15.096764919627583
966,6.644487925066488
967,6.655110055623386
968,6.52593089645616
969,8.71204135584893
970,9.233455509897608
971,11.309641740853337
972,14.878131323059336
973,13.88316934827174
974,13.613121400808387
975,10.77161946113737
976,18.08692848575971
977,9.236268428197045
978,13.63838368488058
979,11.683893948946462
980,12.554876363907235
981,9.317234432883117
982,13.24252924537368
983,15.544884041674813
984,7.953618823123159
985,10.36265797891687
986,8.533191179559742
987,10.806503663000209
988,13.020063935146744
989,8.994351193921876
990,15.115328508944186
991,12.9876837715103
992,8.49189636266157
993,11.164776143888309
994,9.642096044505278
995,6.499190364282086
996,8.252450925954347
997,13.71643841319164
998,12.54459625847089
999,10.145332349719693
1000,6.139676731929895
1001,16.25402326913849
1002,10.98009538143726
1003,11.460245922976378
1004,12.830465185866137
1005,13.716861582061048
1006,15.408992065123655
1007,12.916834431320103
1008,7.391813639913365
1009,13.792078810944504
1010,6.684203333836263
1011,13.736484146884512
1012,10.06841728705607
1013,10.498041354497055
1014,16.320386973563785
1015,11.556310283752966
1016,6.309757426991702
1017,10.042399431777836
1018,12.090891762201812
1019,11.989812637724405
1020,10.33687232948236
1021,8.458666265726295
1022,10.61240582790262
1023,10.289867105287586
1024,10.658995679954124
1025,9.43421653063483
1026,7.383221015549547
1027,8.260969748923188
1028,17.647984131435155
1029,7.881088718553443
1030,9.564096372797605
1031,11.373465741394158
1032,7.3588689116550485
1033,9.315412564372473
1034,13.211689733625663
1035,7.706693374678655
1036,7.113632386648322
1037,8.715756014435073
1038,12.933587136042888
1039,8.263226446540802
1040,14.165558657038304
1041,14.452316028856957
1042,12.190773679974297
1043,10.975108226050194
1044,7.1387195297340895
1045,8.747581707261089
1046,8.504367970491897
1047,7.332877200151099
1048,13.957217419491817
1049,17.1838176716562
1050,13.131023000307927
1051,8.521635945597632
1052,14.460725066405606
1053,12.881191218034635
1054,13.45148430751884
1055,14.307115503528387
1056,14.11057545290492
1057,9.615200327658384
1058,12.360015029253956
1059,12.353726643201867
1060,12.774788939552117
1061,15.471065006749967
1062,12.465111179795196
1063,7.787525046080385
1064,9.18508445595422
1065,8.950910276114774
1066,10.681105842114581
1067,10.535876712803883
1068,12.600983762293792
1069,8.84237195512854
1070,11.100796865171482
1071,13.848457168408425
1072,15.717580005385551
1073,14.894161058216694
1074,11.347744469812312
1075,7.498141098331793
1076,13.486434270960375
1077,9.392866944170569
1078,7.5212272597119165
1079,12.531067386326077
1080,17.004756611967494
1081,13.267394667941856
1082,8.618900751527034
1083,13.783164765390891
1084,11.140043892391711
1085,14.91538605402899
1086,9.368839390070692
1087,11.834987048177368
1088,9.169235342024805
1089,14.12605991812316
1090,13.096189333766963
1091,13.272384437629507
1092,7.674261504253054
1093,6.967342685718212
1094,6.893386067966489
1095,14.318203758494397
1096,9.5134832208151
1097,9.323568941262456
1098,7.128037443049876
1099,15.343186952844528
1100,17.188625372739406
1101,15.225364881207923
1102,10.077733877118666
1103,14.160591619163576
1104,10.356547616313044
1105,7.314068914626335
1106,16.629812118863608
1107,10.184886998673292
1108,14.407651667913177
1109,12.323441759602801
1110,14.823447603353985
1111,17.672826296052126
1112,13.246382581995954
1113,12.700124781327261
1114,19.540342157086773
1115,14.922670178927289
1116,10.651732287428862
1117,14.073171498325378
1118,12.778833220948146
1119,16.342729773996812
1120,13.334176837750674
1121,8.465737203359444
1122,6.763201412032823
1123,11.252493688381014
1124,13.350231823905196
1125,7.0911891530811735
1126,15.51486863714412
1127,17.18273330292863
1128,11.390527364835043
1129,14.003976287806204
1130,15.362497975397538
1131,14.73774722955001
1132,6.3160172745451995
1133,14.846794860859651
1134,15.521987559385579
1135,7.869134231026487
1136,13.381175056406368
1137,10.765265287831406
1138,14.911995323735402
1139,10.583337150874854
1140,13.682486113382941
1141,16.715265902224726
1142,11.101243647474236
1143,8.900220619062795
1144,8.643474968587773
1145,17.920640243195137
1146,12.64683518755911
1147,12.244903461404943
1148,15.271162744805267
1149,12.859622040551061
1150,12.718713316742518
1151,6.871455062648567
1152,16.471043369276668
1153,9.926228677328199
1154,9.99984143192122
1155,14.919429134570024
1156,9.007595762656189
1157,7.83111293624768
1158,6.970127697231754
1159,13.303818283361565
1160,12.53904782305708
1161,9.720082844647324
1162,6.974006072468547
1163,7.086251355565139
1164,6.162584869149039
1165,10.350209198053454
1166,11.821795499974977
1167,21.927624572620317
1168,11.975933636549383
1169,11.757227049123209
1170,9.45313183490577
1171,10.599488201312612
1172,13.565913711950218
1173,6.73804374638254
1174,6.385896459153699
1175,13.672072364057975
1176,15.746942499653342
1177,12.995025747859684
1178,6.6275031191459455
1179,6.9877209169803125
1180,12.211007506207196
1181,10.082417982310757
1182,9.865392982777623
1183,8.122492812680632
1184,9.175420146065015
1185,14.84016096034381
1186,8.751145128294102
1187,12.550090005083717
1188,14.504552792559531
1189,15.018277550997247
1190,14.170467830009835
1191,12.410340164697791
1192,8.23746311023888
1193,6.842150227430108
1194,11.01682828557261
1195,8.687714131318087
1196,11.834326752080452
1197,10.486785198432095
1198,16.50121987612281
1199,9.643109849479343
1200,10.714855726183885
1201,8.540419047916396
1202,16.01078213950717
1203,14.429157043241355
1204,11.995653129680775
1205,11.001792719640079
1206,13.550867395052606
1207,6.558874309612342
1208,16.0441383939487
1209,11.33625509571028
1210,9.504459546533193
1211,13.709420102207838
1212,10.26568771430499
1213,15.516125587116312
1214,8.148808843654974
1215,7.506856132993099
1216,9.576837787410433
1217,18.102072652166864
1218,9.590359619434343
1219,8.03065775568556
1220,10.25671612230943
1221,16.675959773553576
1222,16.066259368680374
1223,8.393892403230682
1224,8.124050976383618
1225,10.277120617203058
1226,13.036225645091088
1227,11.848787430765134
1228,13.955586122965597
1229,8.972161059726927
1230,12.676034988418126
1231,19.283329863980367
1232,6.809299689231942
1233,13.161801309509718
1234,8.095567480569192
1235,13.813054755601328
1236,11.336951551911215
1237,8.260152358260447
1238,11.218632569597636
1239,6.043483316565919
1240,7.654788254951755
1241,6.745067179805923
1242,12.096105733386572
1243,15.88558925118314
1244,15.35391329472237
1245,15.767128904303888
1246,17.965705189301648
1247,14.147860582719284
1248,7.015102742169597
1249,6.951386455727781
1250,13.327192914375473
1251,11.130288153814789
1252,15.32396636250967
1253,6.502332075736405
1254,13.887925765947406
1255,13.499135403429621
1256,11.721121389263452
1257,9.702299253773296
1258,13.769008231310524
1259,7.806938184793147
1260,8.690010689476082
1261,8.691089849093421
1262,11.530059803568827
1263,13.150345317373388
1264,13.305418738904484
1265,9.714249927476894
1266,12.925556522924445
1267,14.849546951316801
1268,18.56488261615891
1269,12.66061342423466
1270,11.2446191912258
1271,9.842991092986233
1272,11.294253629976057
1273,16.121359390517373
1274,7.759087185186837
1275,16.391141684882964
1276,16.183232599303764
1277,7.624780674779245
1278,14.311916126555642
1279,12.658534968629743
1280,11.417554977122853
1281,8.588408554291595
1282,13.631132650981415
1283,16.59591978116789
1284,6.307884799452054
1285,9.219629678266932
1286,6.225792790248451
1287,9.683003703557036
1288,8.303159027489848
1289,7.0884334725168605
1290,10.968793218507038
1291,14.906506710404036
1292,17.12812079856052
1293,7.015265417972476
1294,13.652024741594454
1295,17.333684369612456
1296,14.821425761624853
1297,6.98392368937768
1298,12.472311738354486
1299,13.635073528352345
1300,17.28734223539671
1301,7.652420241899513
1302,10.200579101617356
1303,12.697689941649339
1304,10.422084407418348
1305,11.172490847000851
1306,12.984628248668898
1307,9.727165650910958
1308,10.094014873807618
1309,9.941645761467
1310,16.18472624241527
1311,10.12767999503238
1312,9.922572459107696
1313,6.087037521035708
1314,7.837612675012823
1315,11.333801604673518
1316,12.679496353041158
1317,8.092784402441836
1318,9.544383967773156
1319,11.121395719211542
1320,14.199806580692035
1321,16.117661921382098
1322,11.185210233087
1323,7.223974692956669
1324,20.434314707790392
1325,11.301636117059624
1326,9.083047305840031
1327,15.201467467503505
1328,14.45201255611463
1329,12.081128639847654
1330,13.712390322259393
1331,6.61214119164593
1332,10.961515425272736
1333,11.280684167765395
1334,12.224754566682973
1335,13.7671038881357
1336,11.21287954005403
1337,8.236943577320693
1338,8.89280118457075
1339,12.263586476098283
1340,12.18036675268828
1341,16.261205705007562
1342,11.462502791114256
1343,10.183980392139894
1344,8.472158306497372
1345,13.85830704910254
1346,11.620898141555408
1347,9.52520884986554
1348,8.782158659187148
1349,11.601811944200854
1350,7.308868561385007
1351,13.916876754982345
1352,9.87664078025316
1353,9.95085254645287
1354,14.287197534693933
1355,11.95384947251569
1356,14.012642221891063
1357,7.024652909848226
1358,13.242493278349789
1359,17.906236938118482
1360,11.916915606450223
1361,10.507726470367276
1362,11.578557511356403
1363,12.733490695068726
1364,7.710709288308685
1365,15.789080283708762
1366,9.630282290784203
1367,14.220196729242758
1368,9.748815074769643
1369,16.678557272275977
1370,16.836908978290108
1371,13.496446115313859
1372,11.673100418473467
1373,9.339282134350027
1374,12.288413101857488
1375,7.378287833035831
1376,13.271287542050246
1377,19.882751630291864
1378,17.171253334649453
1379,12.351630807067595
1380,16.770621844313272
1381,9.88618014184142
1382,12.673141434209555
1383,15.403338948102368
1384,13.260437301728137
1385,12.847440608394956
1386,13.632183984221884
1387,20.339300194623668
1388,9.899375719436524
1389,11.296941985282174
1390,9.011694704969122
1391,16.461731162593665
1392,12.984977003792032
1393,10.911664081217848
1394,9.370711471196332
1395,16.879092663620273
1396,19.746656018682057
1397,11.322116636384472
1398,11.889317173781384
1399,18.612164037432024
1400,10.192748776272
1401,11.105004711263332
1402,17.55847621562984
1403,11.483775108712763
1404,11.790530429405907
1405,15.130323496487968
1406,6.713451266696855
1407,12.364754828736986
1408,17.985477353206697
1409,9.218060465031277
1410,17.36419656122099
1411,11.991752270454924
1412,11.582825771807743
1413,14.12707600864267
1414,12.817425078176266
1415,12.968314881182836
1416,12.486236102211139
1417,14.296571502334288
1418,7.3101183773346365
1419,8.806156451571669
1420,16.266838770106546
1421,11.847013220189169
1422,12.943655711544848
1423,19.66201764478706
1424,6.218705483238918
1425,16.030212091796574
1426,11.419404208791144
1427,9.487414909624485
1428,20.441675769297376
1429,16.345800388979026
1430,11.333216746287397
1431,16.52628260350833
1432,9.72682591085717
1433,11.10111091652261
1434,6.484243911791926
1435,18.497087997915184
1436,8.852501053992208
1437,12.599765635152487
1438,15.943858470889012
1439,13.679625489112764
1440,10.405206055728536
1441,6.1274626427954315
1442,9.039980945613848
1443,10.606281033858131
1444,7.542047091305168
1445,13.04702520249682
1446,11.811791429756523
1447,6.4003478316254645
1448,14.138689098626822
1449,7.561227318613436
1450,13.34153453123721
1451,11.888283205086239
1452,14.227387302355261
1453,11.88875726721021
1454,14.788026457184264
1455,11.792659020198888
1456,14.901842850624968
1457,11.134147810986391
1458,15.842939691035468
1459,7.5729754373624685
1460,12.74364353729648
1461,15.573014419558882
1462,13.869393499932132
1463,15.679387699753198
1464,15.747876542659986
1465,13.685535256031477
1466,13.050170746849611
1467,8.504163208411093
1468,14.825679647034923
1469,9.195146222762268
1470,15.420689743268989
1471,7.526207592585731
1472,18.34765310668644
1473,10.156258222091369
1474,9.755533588631005
1475,12.835866525343027
1476,13.886210148387946
1477,15.418840775204742
1478,8.80749701727631
1479,10.361993630990204
1480,10.580485206407307
1481,15.684588987345114
1482,12.974991357683706
1483,15.451058812660472
1484,8.483942306269713
1485,11.175658777293009
1486,9.707298664456497
1487,20.478944492208125
1488,12.763842300500139
1489,13.48269784256663
1490,11.932541689793274
1491,14.762003157844326
1492,14.427004310898504
1493,13.368812994978299
1494,11.140216081662276
1495,9.839641868286206
1496,9.553279883797375
1497,13.208933901564093
1498,17.013753847620034
1499,14.886967646402328
1500,17.71834326860729
1501,10.909915721069353
1502,11.636762840526359
1503,12.415911457825963
1504,11.168402533874508
1505,17.449071863977526
1506,15.615563467671388
1507,11.455635444119899
1508,10.820146434975134
1509,10.928853317401993
1510,8.887763536330526
1511,12.807047005247535
1512,9.411047770976399
1513,15.266870674671502
1514,15.65432753298723
1515,14.670489672409872
1516,15.838333197518864
1517,14.957492334046307
1518,13.465865172739194
1519,13.57295185233113
1520,12.67921074720937
1521,16.294784809705362
1522,11.055281672509826
1523,13.634556232882867
1524,9.055463060589556
1525,15.033115454321162
1526,9.22753811549422
1527,14.780660411335964
1528,12.715736991433095
1529,11.274214772944768
1530,8.904257071845457
1531,14.610751836830813
1532,7.468806091503318
1533,10.740817816552891
1534,9.353220951030583
1535,15.063045040984429
1536,9.567320397880787
1537,8.715793642869567
1538,17.901380724847574
1539,11.326925524522371
1540,15.680342597380637
1541,12.57033022432683
1542,15.977771027290922
1543,12.115147936022465
1544,13.117291067849733
1545,10.000707790012763
1546,11.622959752813443
1547,7.152510703152468
1548,16.724943059667144
1549,9.35630929386186
1550,10.717271331143627
1551,9.891352302067826
1552,11.994986201342732
1553,13.656092810487452
1554,20.905324892967524
1555,8.83601288769003
1556,9.106618181517122
1557,13.248832754996892
1558,7.512837631250715
1559,13.874505117148347
1560,11.600444257103971
1561,9.43041797940983
1562,13.662216915789438
1563,13.022889600247026
1564,9.154884072093667
1565,14.354370521479467
1566,6.675018615962398
1567,10.035890292539518
1568,10.199026072772947
1569,12.625394498135151
1570,13.801630091019504
1571,12.705588417951965
1572,13.086235674150451
1573,10.370587195605097
1574,12.510735984974003
1575,6.437258001881556
1576,8.755167203026875
1577,14.431165620160243
1578,9.129344555450562
1579,12.767218480786852
1580,8.098025768436006
1581,15.935494509300655
1582,10.736765046998206
1583,8.218118346822056
1584,17.73406023401927
1585,6.8471389917065295
1586,9.847733490234797
1587,18.994253993741065
1588,14.868051251395608
1589,15.800427416844848
1590,16.99884476994625
1591,10.540230604113034
1592,18.057976864733394
1593,7.7672286441955265
1594,14.105334080972964
1595,12.953130210085618
1596,9.519728562454821
1597,9.841483901136485
1598,8.50208209859697
1599,12.16517018907995
1600,16.62368121219754
1601,7.767948581428752
1602,13.36839677505643
1603,19.459634766468184
1604,10.647104915963332
1605,9.788466786671785
1606,17.232482026784762
1607,9.772849165051241
1608,9.858914419240412
1609,9.283524698473945
1610,15.029526881711002
1611,6.987454302077782
1612,12.715497645738173
1613,10.061860388551146
1614,9.707065144879335
1615,13.66897829278584
1616,8.068828463063019
1617,9.488350254629642
1618,11.756813857954077
1619,7.661571032254012
1620,6.604298407196151
1621,7.065644756527988
1622,8.96224403865701
1623,14.872626295968649
1624,16.6662923145639
1625,6.249714006365128
1626,10.557870562153933
1627,9.689716957289571
1628,15.161164807547214
1629,10.128837336531651
1630,17.29024693212634
1631,12.262292009635237
1632,13.985861937614386
1633,6.1898383821578555
1634,6.841535980601237
1635,12.012018610947315
1636,7.725252704356566
1637,9.819255868835219
1638,7.249142049664293
1639,13.573825288487967
1640,17.100429702719396
1641,9.252859991605233
1642,9.771375013046947
1643,6.26198816017502
1644,13.38800068576836
1645,9.328541893999093
1646,10.05454573846756
1647,12.20477321301516
1648,13.279173734807243
1649,19.12044065568509
1650,11.244377946594588
1651,8.057793779729868
1652,11.807176832904835
1653,6.452792118888044
1654,11.970081818037107
1655,14.295930321609163
1656,10.120445665719004
1657,7.301407254184347
1658,11.08984283094023
1659,8.043660553995371
1660,12.806087182707822
1661,6.980702646096287
1662,9.453077058712255
1663,17.457146728271685
1664,11.193712370742668
1665,9.404746716568061
1666,14.079242874970669
1667,14.276573471754274
1668,15.649793201675658
1669,10.1714820796812
1670,11.674892803742258
1671,9.32746741390829
1672,9.286961737309008
1673,7.931795926660037
1674,11.686677731359906
1675,7.912677745413727
1676,9.490956465093145
1677,10.042006180904425
1678,8.00302937724208
1679,7.867554023295026
1680,13.864240913462242
1681,8.028360371218277
1682,9.36494113913207
1683,12.821720757058573
1684,14.99592932083135
1685,13.447260654817862
1686,11.711940385465816
1687,5.694480211280633
1688,11.914037459069847
1689,10.421037938995472
1690,18.72969613791476
1691,13.259997337555385
1692,11.601679662992177
1693,13.00847803059103
1694,18.56235210161647
1695,13.553010434531686
1696,8.022296950870889
1697,17.250727401377652
1698,9.272102210612003
1699,10.767081214244572
1700,8.66151528219533
1701,10.660199325839555
1702,9.412899731079252
1703,13.061391620438144
1704,15.892744055317129
1705,15.08075499642967
1706,14.072440777145465
1707,14.341269243339802
1708,12.289031463591497
1709,7.9998846970487305
1710,8.767208171794154
1711,14.615703095706811
1712,8.881004881561822
1713,10.89595414661728
1714,9.31530497624602
1715,12.85818189324673
1716,14.12090336141072
1717,14.136797863356314
1718,10.82506790064449
1719,9.784243343715325
1720,18.296148252259375
1721,10.598897131883815
1722,10.376481232883966
1723,11.995097978510385
1724,8.681526826475556
1725,18.96591147301956
1726,15.363702618508128
1727,10.825196366500222
1728,19.949361083416374
1729,11.746236452519957
1730,7.7025530019919515
1731,9.304810606083995
1732,18.27806706261111
1733,15.300615158221541
1734,10.995834289036452
1735,10.142883712807192
1736,12.116742769539522
1737,12.001341979054834
1738,17.123346513069407
1739,10.432873079952143
1740,9.320721776971913
1741,18.030555161998844
1742,6.166757507255483
1743,9.976587816438878
1744,10.396888794399946
1745,17.940398634997408
1746,12.082229536695445
1747,7.071490753526277
1748,10.266916566528478
1749,10.438111049205473
1750,17.492327752809448
1751,11.075276373707803
1752,7.261324948092141
1753,19.505140743353138
1754,10.80701872495956
1755,18.918767966656794
1756,14.503635448416071
1757,9.977974457224493
1758,12.89887783785715
1759,12.847356640097289
1760,12.141492278623362
1761,12.145690732896506
1762,12.781570677926608
1763,7.62528091431006
1764,16.195209753269538
1765,8.493390188618763
1766,16.494781888057066
1767,6.778081321150815
1768,17.12543709598819
1769,14.311983779341665
1770,18.67460584442493
1771,17.18154535807597
1772,7.526390445518345
1773,11.116275171476756
1774,8.458566165413073
1775,14.261218722089998
1776,9.648539651819071
1777,13.082665831064737
1778,8.506286461038819
1779,15.070372749078194
1780,11.15905520013414
1781,6.152208906579425
1782,7.475674456188784
1783,10.418689642306733
1784,12.805185045425462
1785,7.3081231024831155
1786,7.71270483206687
1787,10.786566370183522
1788,11.556642894459314
1789,12.265772118725195
1790,8.012103175748829
1791,11.245602470893095
1792,13.784218060739015
1793,12.986372199251313
1794,17.240420358381762
1795,8.593824148305076
1796,6.448771287314614
1797,10.627548933073253
1798,9.011463962353869
1799,11.25513752819922
1800,11.336374056044717
1801,15.8745530761473
1802,15.65221125891208
1803,7.017020224051325
1804,9.782532973724047
1805,14.813630411679215
1806,6.102709978110898
1807,11.665624159854431
1808,13.826251111302929
1809,11.620192287829754
1810,7.7426685459009414
1811,10.254457934983776
1812,8.547393808547211
1813,6.843690951198238
1814,15.830427931928936
1815,15.155155802809354
1816,16.02453067169944
1817,12.448124135232945
1818,11.24085199036332
1819,17.082068723826847
1820,14.740011897496247
1821,12.659963985169918
1822,9.973896823169303
1823,11.566869330426927
1824,17.135348626949973
1825,11.58582586955463
1826,13.405835980300267
1827,11.620949730536447
1828,12.029610047721382
1829,9.274317908298242
1830,10.108394735450885
1831,12.283720040449266
1832,7.917037702261003
1833,10.474987507833445
1834,6.923193400813627
1835,7.246489532640074
1836,6.325495330916165
1837,9.862841426714526
1838,8.866496432856286
1839,8.38506784632679
1840,16.684067031534198
1841,9.324472840870964
1842,11.58828240139124
1843,15.853842078651681
1844,13.625709717677188
1845,8.948401997566533
1846,12.908823032734588
1847,6.52442678588218
1848,7.9689395258384765
1849,12.514009309752467
1850,9.100417762343191
1851,8.577744558372451
1852,6.690150273953229
1853,13.79567362691747
1854,13.525110267875121
1855,17.79936208043406
1856,9.966417980063454
1857,9.835200691062985
1858,9.589194244692479
1859,5.552278452178062
1860,8.458986521264679
1861,11.175377682986172
1862,13.805255707457839
1863,10.245115068914693
1864,17.882800339168625
1865,10.509507329301188
1866,10.78738617788108
1867,9.9433898700722
1868,15.581142597450944
1869,15.292159279532967
1870,11.242636819201792
1871,10.503247690093673
1872,10.538744285988814
1873,6.663756514832112
1874,11.479769536303115
1875,8.62547397884961
1876,16.200222858603837
1877,9.257903842315018
1878,8.836009340702683
1879,6.204535281000351
1880,8.206951245065122
1881,6.788211166678043
1882,12.994699207204166
1883,12.530012821673074
1884,12.40698793249643
1885,16.532632093629996
1886,8.795253501286966
1887,19.31243961329035
1888,10.311674708848695
1889,8.375906690699127
1890,11.71759523533303
1891,11.929639465298285
1892,11.126525611663451
1893,18.693901139222977
1894,8.179733313254713
1895,8.352456224848188
1896,11.615959176220102
1897,12.964305900156887
1898,19.04908655822916
1899,11.333123712962061
1900,10.247456670328939
1901,13.189484111184536
1902,7.907006018457058
1903,8.859664671831188
1904,12.35924335344628
1905,11.613796508864539
1906,14.518176905989307
1907,15.565861364087288
1908,11.407461997828891
1909,9.718658079637672
1910,12.177019535915909
1911,9.375933451938485
1912,19.744252346921964
1913,16.130084424826297
1914,12.731231454363767
1915,12.00436523629818
1916,10.803338175889218
1917,7.449378642840126
1918,16.12302651125925
1919,12.500820412826053
1920,10.039724785567712
1921,8.478448746997254
1922,7.820039608634786
1923,10.38284859928487
1924,12.725953815394453
1925,10.548513167780646
1926,12.1822510711453
1927,6.938210963925301
1928,12.336858563040243
1929,7.489973569785309
1930,7.925097728935064
1931,10.197371027098676
1932,7.054097495610105
1933,17.002915186626627
1934,13.776194809577634
1935,15.647800387142942
1936,14.352561521053714
1937,15.30551533799211
1938,15.825629799258323
1939,10.882784936119256
1940,14.488826718542361
1941,10.5746847229224
1942,9.979062340133023
1943,9.925939390430388
1944,10.306366613759835
1945,6.232930670394558
1946,12.743999141905297
1947,12.267820994709417
1948,8.675327895593973
1949,6.408458924166265
1950,8.730009742475884
1951,14.26829632575606
1952,10.215562676129252
1953,14.221280225963449
1954,8.246216850654994
1955,8.250778762458184
1956,9.494942887938235
1957,9.491960584372768
1958,10.469359997771894
1959,12.03546995177337
1960,7.716561046688905
1961,8.698594923407866
1962,12.441167875757401
1963,18.837974852473263
1964,7.642663852415718
1965,11.760109528785181
1966,9.785992042671555
1967,14.00659326160586
1968,10.765643827505707
1969,6.109286548409983
1970,8.025077745057724
1971,12.062390920221185
1972,14.533509650654565
1973,14.58892852455802
1974,12.150069449197646
1975,11.50690902724373
1976,10.689048298641808
1977,12.02230843108444
1978,12.30919417361615
1979,10.743558793701292
1980,14.219909476899028
1981,12.391524183404456
1982,12.305555993646825
1983,7.566464734936758
1984,12.910293884168532
1985,7.639302979996542
1986,7.58580366598359
1987,11.564733524993471
1988,8.187977047165269
1989,11.300923793825875
1990,13.735706251609733
1991,7.941652468507432
1992,11.701565647823742
1993,11.505645935429348
1994,8.859208265665417
1995,15.460746544522005
1996,10.823701239179542
1997,11.296593880272772
1998,10.17914582445279
1999,14.105240550946291
2000,13.963154901482456
2001,15.924485247845032
2002,8.860479824609394
2003,10.252991014648488
2004,14.108539315196523
2005,7.433726742821288
2006,9.514465945329121
2007,10.417356563317128
2008,17.437283887821383
2009,18.154758963968067
2010,10.287273730352014
2011,18.66003849720392
2012,9.122236070308658
2013,12.912179212260922
2014,7.485023763029972
2015,12.46852488810975
2016,16.089627940801595
2017,6.521445714223492
2018,12.630840095111964
2019,9.101909172953446
2020,10.547237380634257
2021,6.254009696298617
2022,9.696714681026226
2023,17.47157487271423
2024,12.893615255982809
2025,11.278662640904974
2026,12.72812629849134
2027,12.454002438380783
2028,15.750357506939316
2029,11.560007261975853
2030,10.368402724807055
2031,13.361928442129406
2032,13.817608870451444
2033,9.97544203051248
2034,16.6857050590892
2035,14.217932098129198
2036,10.805306486672459
2037,17.166600199934745
2038,8.662910435505063
2039,15.13354815807836
2040,13.456657177035813
2041,11.13967866855927
2042,14.799453326676321
2043,14.474357297524904
2044,17.22539375565346
2045,12.070372335163702
2046,7.271137433176258
2047,8.89159678780885
2048,7.5301028083540755
2049,12.064617974671203
2050,10.896615347168243
2051,15.996448143590214
2052,15.756722480938862
2053,17.36609357094198
2054,14.710795797018521
2055,20.402159391589624
2056,15.953810215520269
2057,15.763138204468603
2058,7.180875051687757
2059,17.485719265945715
2060,6.455373825033031
2061,12.092036133826491
2062,12.711003815625082
2063,13.923775478210198
2064,9.902473365606099
2065,6.296521742266805
2066,13.614634987355808
2067,11.213477115920648
2068,18.85456635075951
2069,8.636713351110474
2070,10.282618497677857
2071,8.7931863342562
2072,10.514342958783525
2073,15.667035208615381
2074,16.0066836781898
2075,5.856355208705764
2076,11.367441451787625
2077,14.32200811485658
2078,17.090000424358845
2079,17.402878349981506
2080,18.16511391531108
2081,12.89843312501626
2082,14.507136177076928
2083,15.634377054620437
2084,9.32672664934396
2085,11.519652828003105
2086,13.574054510999764
2087,8.869033845671177
2088,8.827236984618649
2089,14.289747796145656
2090,6.986428623411823
2091,12.13052649620596
2092,11.97591268975232
2093,12.769577321624451
2094,9.228658931829983
2095,12.584069938528835
2096,14.061032163970173
2097,19.00530509879896
2098,16.6661802570318
2099,6.049799351620426
2100,19.28822814415612
2101,13.65905325921822
2102,11.10246247321387
2103,14.030787968974138
2104,11.296043964251249
2105,14.396210549191842
2106,14.9913958622479
2107,19.520783084128965
2108,16.631188546655114
2109,18.01962836430955
2110,9.075045774459491
2111,8.915920577009294
2112,14.594406808703903
2113,14.46865049174774
2114,13.26343049997457
2115,10.067665933787964
2116,7.277814910048986
2117,15.418426472872918
2118,9.781425761103419
2119,6.581716962914704
2120,12.987326900953951
2121,7.890322623914771
2122,14.703042934896935
2123,18.121448316948516
2124,15.954980210884647
2125,17.0962624234394
2126,14.631247136269494
2127,6.877917759653968
2128,14.144656400456165
2129,12.324443740976482
2130,8.138586093554807
2131,7.833440740662128
2132,13.403556339970097
2133,14.60517536367508
2134,6.452090227975716
2135,6.328437884335834
2136,11.441870036085954
2137,6.2791365421049194
2138,8.652136112248774
2139,9.863096843651498
2140,14.495205210611479
2141,12.94834701110298
2142,7.007420147442801
2143,13.633656984659424
2144,14.870532045153405
2145,11.13931977030689
2146,9.863879128138537
2147,14.674618558432643
2148,13.996744678681283
2149,8.847537832647701
2150,10.390463058794259
2151,13.925111250536483
2152,6.21068222723635
2153,8.130264813526766
2154,6.214806283889293
2155,16.167682433512
2156,7.549520124616486
2157,13.873730861211635
2158,7.823008975639763
2159,8.590588370206968
2160,12.778169314682964
2161,7.512131784972962
2162,15.691644646016249
2163,7.64373181534652
2164,10.875630930656564
2165,14.929642862482694
2166,11.931295327327684
2167,8.882260944543994
2168,18.43524978564512
2169,12.519139631650186
2170,10.438004416274758
2171,17.6277945749199
2172,8.7104430235646
2173,13.195847482817877
2174,15.009568815444402
2175,9.550195328519246
2176,9.021915673815817
2177,10.29562538056861
2178,11.987504787645676
2179,8.728888162211616
2180,17.411802102716056
2181,8.947811238132097
2182,18.075077122649063
2183,12.341152172159319
2184,13.181434524885859
2185,16.479841463020282
2186,6.290057152123434
2187,15.474233602188212
2188,9.017608170955095
2189,7.928117569710834
2190,9.789955744755416
2191,8.06057365954357
2192,14.369873727704231
2193,11.357846326393501
2194,12.489193480439562
2195,15.083402242919481
2196,12.897071923886955
2197,7.157941542466818
2198,9.54809743649837
2199,12.231647014566363
2200,6.766389995699375
2201,16.296932576165986
2202,13.472846477307307
2203,11.362644009191323
2204,6.847221948013264
2205,14.008715039570758
2206,12.204197611563366
2207,15.098959461304405
2208,9.08261563301861
2209,10.537711758046795
2210,8.793903011493377
2211,8.496280902304216
2212,8.128792930884742
2213,8.60310114674317
2214,12.59358867878751
2215,11.622798048577026
2216,10.040780536423126
2217,13.14077086972511
2218,11.574844293801638
2219,15.781522502243691
2220,11.138952077862593
2221,9.78249018601246
2222,8.844234795256467
2223,13.861328289160591
2224,8.928168331592806
2225,6.011297680097695
2226,6.169547670854347
2227,15.474935967375997
2228,19.605513583471538
2229,16.209205665910506
2230,6.917193459939441
2231,7.756136471805213
2232,9.30828058097417
2233,16.622210939155224
2234,6.318965390345224
2235,17.218669680542035
2236,8.174580574112452
2237,15.42286184790911
2238,12.801503917088816
2239,7.335041350412531
2240,9.76548349287924
2241,14.809575574843556
2242,13.19231316946886
2243,11.148839457038791
2244,18.02596776625052
2245,18.166267994830392
2246,9.158834842874505
2247,14.076079911256754
2248,15.301091504281883
2249,19.46754791887034
2250,14.091044345342711
2251,11.54904286406572
2252,14.325594803447634
2253,11.794392123277717
2254,9.070964459314402
2255,15.104071124466552
2256,14.28739667671323
2257,18.939792238743717
2258,9.194116367644973
2259,16.08561863609481
2260,14.82589507596824
2261,8.856615068509916
2262,15.135217097235254
2263,12.642723284825427
2264,16.869671772973188
2265,6.106940602623534
2266,16.18761254274668
2267,12.486225190312979
2268,15.519346105984312
2269,11.277414825670336
2270,15.578710153949373
2271,12.870830312527914
2272,9.527787689145164
2273,17.152218673233307
2274,15.694391531181076
2275,18.023208674565765
2276,11.679534783692992
2277,10.464353418729521
2278,12.645343518573318
2279,13.41561071556535
2280,11.912157370464056
2281,9.607412125735843
2282,11.553013917412066
2283,12.420839781514088
2284,11.433087472121365
2285,7.988844220418316
2286,11.927369502355106
2287,18.011031606219056
2288,11.642587813000787
2289,12.551602513226925
2290,13.48154033371454
2291,7.3301371297313365
2292,11.110861692986353
2293,11.785557260497656
2294,10.614586328947544
2295,11.859523017991583
2296,13.010188732292283
2297,13.59208191719217
2298,14.698611008723349
2299,9.08140325823126
2300,12.8713660978496
2301,6.8927110859175365
2302,12.157197605611124
2303,12.398311914154378
2304,7.6582560746489605
2305,11.204503119835955
2306,11.248382184332643
2307,16.46699916472427
2308,10.894408965265187
2309,8.404284519141726
2310,11.9777380342175
2311,14.660437849839303
2312,8.69377339600058
2313,10.521822370488406
2314,14.477217445722884
2315,14.218818826817548
2316,13.817426101424639
2317,13.414881949685734
2318,12.183059119560005
2319,18.510122673446542
2320,13.781409832560916
2321,13.341055552666058
2322,8.027163407682051
2323,11.905670517247179
2324,12.18159887163016
2325,14.63857831210944
2326,11.243097605000548
2327,12.158772416460318
2328,14.271095782029812
2329,12.885497264926821
2330,15.705922248608518
2331,11.138185829290462
2332,12.9971684369575
2333,12.024185040666422
2334,11.478415258849287
2335,9.676589294556019
2336,15.729687687638771
2337,15.172118854880075
2338,14.69255481392883
2339,13.616401084947503
2340,9.256587187355004
2341,10.944894604477938
2342,10.745727140609546
2343,10.727719762989835
2344,12.201424414720947
2345,13.087786017797605
2346,8.972588994326708
2347,10.649988843657553
2348,8.617372598995127
2349,14.066849516749818
2350,13.488093189029987
2351,10.781444342559196
2352,10.944721948937095
2353,16.08296647581947
2354,15.011637398024142
2355,15.823462488090422
2356,13.61296106939669
2357,9.184388858737755
2358,14.807094665980602
2359,8.405997197075052
2360,7.874361162233002
2361,9.195657348447723
2362,7.271391840069922
2363,11.952873199712704
2364,13.77149780060634
2365,8.000251035534532
2366,13.075021332726477
2367,13.67072574354571
2368,9.784744792128985
2369,16.275051783130312
2370,9.912348147788858
2371,9.341386658695939
2372,17.007198262792496
2373,11.297467795718292
2374,11.411209843908006
2375,6.851152078743648
2376,17.92288541832451
2377,12.74803197968582
2378,14.313111067390258
2379,6.67404398855718
2380,6.661914100763
2381,11.779067776484952
2382,8.515129849658967
2383,13.836933140530244
2384,17.2876121840761
2385,12.129736651120814
2386,12.235483850109555
2387,10.602026773963063
2388,12.824394747555495
2389,12.635294302404256
2390,19.488770125701432
2391,17.568451571296094
2392,7.1630248385220385
2393,16.42255558306185
2394,11.950227222724743
2395,9.590674570381921
2396,11.405132452646903
2397,11.413665163482392
2398,18.042710775923855
2399,11.213350693583457
2400,10.590948700302455
2401,10.142204728220777
2402,19.61978455204473
2403,15.575199640663742
2404,7.0525462158112555
2405,15.005884040515568
2406,19.728690779212744
2407,14.31532556708361
2408,13.308628149501438
2409,6.686145685306642
2410,16.093114816038874
2411,8.469340487844484
2412,11.233049192138864
2413,7.198820934874369
2414,7.982810287115174
2415,12.68975904854486
2416,15.60326174667748
2417,15.141149341682699
2418,11.384809009749384
2419,12.102693251159641
2420,13.896175963982737
2421,15.982029026615075
2422,17.438113345512306
2423,6.09543599726566
2424,7.841126750632184
2425,9.9714348816613
2426,12.818129191911298
2427,11.038638200003021
2428,10.711718187423036
2429,15.120263423948478
2430,9.901265866802659
2431,17.18648779573866
2432,12.952328518632498
2433,21.112881484594443
2434,14.136631031094112
2435,9.193812230559983
2436,15.228874234282372
2437,7.9600577618090185
2438,10.99286116862342
2439,17.168539774187085
2440,9.53887638400978
2441,7.401680856580017
2442,12.125318908132366
2443,10.183111601087393
2444,13.02689316403476
2445,14.387134868493845
2446,7.722725243690505
2447,14.92177049346605
2448,6.0738438383668445
2449,15.596492875991034
2450,10.85443520567688
2451,14.639024229184864
2452,12.146930289220242
2453,13.408478667043697
2454,11.57796784095352
2455,6.884308961055215
2456,12.486000419121972
2457,14.523824043333855
2458,13.189002564304767
2459,15.626655941593897
2460,16.216052321689506
2461,15.004982237901038
2462,12.26732102629511
2463,10.672221376801682
2464,14.367704878222733
2465,9.84564196247025
2466,13.884713001997646
2467,13.241972456125078
2468,9.983804835195995
2469,10.680498399761412
2470,17.330704490215666
2471,7.137114042114805
2472,13.478098362060797
2473,13.58018407912481
2474,9.698436857221735
2475,13.772792348706417
2476,7.7570313755784985
2477,11.267502031975354
2478,8.510191541489233
2479,12.808761715320072
2480,13.491387175771228
2481,17.94616412303831
2482,11.102607060996272
2483,15.597491709139367
2484,10.118408375032756
2485,16.980290174859743
2486,15.20807818377147
2487,12.828392827207532
2488,14.197236165252953
2489,12.410283974590092
2490,8.630161028780684
2491,10.336289001102912
2492,7.721660180869246
2493,7.231190300273585
2494,11.19096353275677
2495,9.75325074810368
2496,12.645076928137163
2497,12.829496051869555
2498,8.274006025006118
2499,11.381032624536521
2500,15.143352558106386
2501,13.489964252394829
2502,16.483629556884505
2503,12.781349251635001
2504,8.861889499933726
2505,10.32396734466896
2506,13.268194895399274
2507,10.277041566669428
2508,12.088791909446622
2509,13.562863546219303
2510,15.412421884244617
2511,9.302188347527816
2512,12.34564500611126
2513,8.13619915412532
2514,9.503116495377853
2515,9.360749283291517
2516,19.825158642138266
2517,12.947024095544782
2518,19.864036860072734
2519,18.51285610666333
2520,11.194178244788775
2521,13.922412740320082
2522,13.943261371928893
2523,12.352629295433653
2524,6.783340817297162
2525,9.224988408644075
2526,13.499619804927638
2527,9.756221520034746
2528,14.794197199153054
2529,9.454408671478
2530,12.930075640749598
2531,6.655124908227745
2532,12.21417521982805
2533,10.73523871384545
2534,13.647469115690676
2535,9.492982696974794
2536,9.83110962162246
2537,7.471037055527668
2538,11.989647856250079
2539,11.855353206491948
2540,9.874020378705984
2541,10.148404294248058
2542,13.26831900727904
2543,12.347987917287549
2544,8.750376618359603
2545,12.430201650863149
2546,13.088159039992513
2547,6.824000257553141
2548,12.53628892290615
2549,16.033937429661087
2550,10.911533645683226
2551,16.1317817693635
2552,11.557393226071818
2553,14.899857949461603
2554,6.89763931873722
2555,10.09679015705097
2556,9.168942772236974
2557,16.689892953308064
2558,10.329841736465246
2559,13.205372804338623
2560,9.035272210850227
2561,8.101546807521396
2562,6.446208397886561
2563,8.385170788440371
2564,14.701278930911363
2565,6.1292577101015135
2566,10.134151577771442
2567,16.875388073967574
2568,10.415174471181775
2569,7.273809869051154
2570,14.766856709450122
2571,15.123073005829474
2572,9.602687541608999
2573,8.852628913995005
2574,12.0337777700056
2575,10.714821003499083
2576,7.632190917969383
2577,12.543544811930937
2578,13.473219429829932
2579,10.504561655513013
2580,8.050694266477409
2581,12.156323715242442
2582,11.297843266761284
2583,9.604505427980204
2584,11.656900914765993
2585,19.210809646380625
2586,7.920580381686972
2587,15.454342814069575
2588,7.0828743954021265
2589,15.946675258379301
2590,9.701194679965598
2591,8.394719410610925
2592,14.088841823195652
2593,13.234983371580851
2594,7.4573221677122055
2595,15.681091925212703
2596,13.816609162955297
2597,12.421599038300242
2598,11.963231135237871
2599,18.96535783000806
2600,13.479468088184063
2601,10.40433729282303
2602,9.136729949703895
2603,10.56442474428637
2604,12.229887825292082
2605,10.695103762898261
2606,11.479030843514098
2607,11.311315619565818
2608,13.546151953196189
2609,10.468080451273982
2610,14.965058519264185
2611,12.108633741090381
2612,14.785821415614102
2613,16.89115449150747
2614,14.6537833486516
2615,11.188274977292217
2616,6.472243463927984
2617,10.933602322963964
2618,8.825456214770652
2619,15.738128771631514
2620,16.4496349295294
2621,14.540391280696802
2622,12.376033358814679
2623,14.5990247713767
2624,9.554467774554817
2625,13.179271351050446
2626,19.323584117579404
2627,14.89399175481413
2628,6.283119302890129
2629,13.088091193887756
2630,9.313624690045316
2631,9.465842821919834
2632,7.5798491701565185
2633,12.664400351246407
2634,16.154285689985493
2635,7.931675594147279
2636,15.788910613859366
2637,10.956738983950208
2638,8.170280322503958
2639,6.5884075234925135
2640,13.597149953962322
2641,12.728876637878441
2642,9.296518331287992
2643,14.941665081254342
2644,11.576322764105214
2645,15.766497168121168
2646,13.862734128487787
2647,12.869915800930492
2648,12.276875238366747
2649,13.85071935569867
2650,8.315857240064078
2651,12.78204885923394
2652,19.941227026270926
2653,8.597781046400632
2654,11.870691741588445
2655,11.498000357556386
2656,8.085450261119805
2657,15.875465317495488
2658,8.910703290694594
2659,8.675640597834137
2660,14.807476720607932
2661,6.579801803466368
2662,10.782650207291951
2663,7.156753859914057
2664,9.57865778705284
2665,11.781715344671738
2666,7.598799083700128
2667,17.081533293503064
2668,12.765495664104241
2669,12.768308449084584
2670,7.708859589155562
2671,11.80129045689378
2672,17.25490968733211
2673,17.632750196114955
2674,10.319592197316718
2675,14.984998078149408
2676,10.557679360306585
2677,13.274732456813567
2678,13.392016820667044
2679,13.963458151461404
2680,13.840340335756622
2681,12.159404000611934
2682,10.338873552727316
2683,15.461444270076493
2684,8.424916019974022
2685,6.784285143076559
2686,13.107282018475772
2687,7.444241459676384
2688,11.315667004544883
2689,6.6421678238283794
2690,13.622311444233889
2691,7.438206367566797
2692,9.58117684272088
2693,10.467318970278455
2694,12.955579289889139
2695,13.75512721576456
2696,10.123776254377535
2697,18.407986106843953
2698,15.2429216471796
2699,13.031141681496067
2700,14.97104097211844
2701,18.310762292584574
2702,12.231172693325348
2703,10.233730831400278
2704,10.29042876815705
2705,11.86780474331466
2706,7.694415404767135
2707,12.82829595886229
2708,7.223989594151344
2709,14.18115531916913
2710,9.43291995912328
2711,11.986278815503193
2712,10.183330231402527
2713,7.601042102500124
2714,16.85524332268776
2715,10.33455400111179
2716,10.799925061596861
2717,9.66104459508839
2718,11.033073473547466
2719,9.800722070135066
2720,10.347343459656505
2721,13.71419285751089
2722,14.561696704149648
2723,17.00256896978411
2724,17.0448903713723
2725,15.07476840406495
2726,15.437310847256043
2727,5.846979928022114
2728,13.219834304062239
2729,16.077035049105486
2730,9.31662846472087
2731,16.77203237612117
2732,13.063052738886137
2733,15.147112475621809
2734,10.943032332845782
2735,14.784888887939433
2736,9.494114444969767
2737,15.184393592299934
2738,9.000276768669016
2739,9.182163310618998
2740,10.137779766157838
2741,7.248954133140782
2742,15.269496120886105
2743,7.856712375712771
2744,8.596586667846111
2745,13.13789303566815
2746,13.0538293435036
2747,6.8622161148999865
2748,7.130672412469519
2749,13.458134867874776
2750,13.051338319496132
2751,15.640842746008952
2752,11.28158120021223
2753,8.86424345343299
2754,13.779359606194795
2755,11.83424071184047
2756,12.766060451331198
2757,8.629003127462193
2758,7.190272863656514
2759,6.562001251098136
2760,14.743638671753018
2761,18.667832386218848
2762,8.556536006877323
2763,11.680747351044
2764,7.237905913681274
2765,14.600182261807644
2766,8.369600591857507
2767,8.95568593918933
2768,15.680487873502072
2769,19.87130300730116
2770,12.085322870926717
2771,6.157298320341358
2772,14.070567031356243
2773,13.006478310353431
2774,6.27367754505489
2775,14.149731706119502
2776,14.891561583080687
2777,15.585699822942303
2778,9.747545677219192
2779,11.941802804001883
2780,7.353795167431013
2781,7.917940901999522
2782,13.945111402879675
2783,13.243595320492725
2784,9.10024999687142
2785,13.693680367972362
2786,16.930017075434744
2787,8.193826618308519
2788,14.067197014221357
2789,14.889617907424132
2790,7.616047511771732
2791,19.796851035782435
2792,9.02572866769633
2793,9.539677693412981
2794,17.9094354721118
2795,7.001083933470756
2796,13.173934581571153
2797,11.801869657732082
2798,10.114912120428817
2799,6.270490255297506
2800,14.602271337403423
2801,12.235934252609468
2802,10.058542480873635
2803,12.291417328376347
2804,7.305941100267283
2805,15.196865828160691
2806,13.561793700858564
2807,11.028256333765873
2808,16.299486709249784
2809,9.424551272018334
2810,9.181228240038061
2811,8.986288956298162
2812,21.036703601464247
2813,17.933531284704344
2814,8.401422499697109
2815,15.467697280149878
2816,16.699205578907478
2817,12.790371883437686
2818,14.548342820379636
2819,10.716120775877679
2820,9.164144085534373
2821,11.859969774439742
2822,13.885891559164179
2823,11.939841032275014
2824,10.17469498388049
2825,10.318433635441414
2826,11.970142840862636
2827,9.794218920968035
2828,11.135919239444542
2829,10.988808918286288
2830,16.884392435131485
2831,10.160668818969436
2832,12.745846532696826
2833,13.435247726306072
2834,14.725827552139094
2835,9.689733464056632
2836,15.14754828533411
2837,6.982409777098578
2838,13.69542748930271
2839,6.324382328048265
2840,10.559058887644857
2841,15.3113939799643
2842,15.7129415416883
2843,20.107209360625987
2844,9.915778617949075
2845,16.324131566603075
2846,18.941455252340013
2847,11.20785132242826
2848,7.672428904137084
2849,6.469226220459643
2850,14.920260051255857
2851,7.73626580099086
2852,11.989315599356274
2853,15.355688709804204
2854,12.040158240785274
2855,15.68649214803785
2856,7.426080026710689
2857,10.988768111345701
2858,13.383109784771833
2859,7.983299111900845
2860,17.19578173767646
2861,16.27363530633477
2862,15.113471884055423
2863,12.678680238165208
2864,11.681129881026195
2865,5.732858118199086
2866,12.434309698514165
2867,11.970477854439531
2868,12.560356192005086
2869,9.486827640699895
2870,9.699991735148926
2871,11.032347371256586
2872,12.48674193677568
2873,8.848111467731531
2874,13.259642658867278
2875,7.254261433133671
2876,10.33155871770515
2877,8.600817670467272
2878,7.378628502357494
2879,14.677182605739963
2880,8.87357338659319
2881,19.32888755119859
2882,18.68897352680651
2883,17.887134228508092
2884,10.993472740344922
2885,15.160385350372387
2886,21.29244228717347
2887,14.548268256284436
2888,13.187576051964344
2889,20.35316051351487
2890,13.285543735446552
2891,11.627374293136228
2892,8.290944675802573
2893,8.981546659723112
2894,20.477503072993603
2895,8.054589268676791
2896,14.86165698770102
2897,13.808468431371258
2898,17.694147380688836
2899,13.517149433322912
2900,11.189185336661017
2901,9.603291561522013
2902,14.24658737611736
2903,11.123456140831925
2904,14.685600986920162
2905,10.146256511795764
2906,10.076939858283003
2907,11.018252216541413
2908,12.503823740084513
2909,19.196353097742627
2910,6.652828774641315
2911,18.751654462038086
2912,7.725728550563328
2913,14.627375450802631
2914,15.266489296840257
2915,12.52703585609765
2916,10.351945023872524
2917,14.12461961881406
2918,9.325120872174894
2919,12.352590860526812
2920,12.241096901134364
2921,10.71565532923429
2922,17.734198292653407
2923,8.903930560120415
2924,16.554911339120324
2925,7.410583003925965
2926,9.147334893429306
2927,13.8998990402839
2928,15.539132099151098
2929,12.558129885962659
2930,9.128010890880311
2931,14.173873708649163
2932,13.228874029569525
2933,10.686438453177344
2934,13.216448573332862
2935,7.000747853667629
2936,12.218910063791256
2937,11.206804429622046
2938,13.213942739657506
2939,19.614076422143043
2940,15.579500236933058
2941,10.289580019310316
2942,15.595325277165562
2943,19.458037929843844
2944,11.644430744826954
2945,7.751480879808969
2946,10.931453749609863
2947,11.489235174907405
2948,16.214025681419013
2949,7.695780300863775
2950,9.948737225793671
2951,17.09546624704019
2952,13.361855867354064
2953,6.546457324552048
2954,7.075583401344372
2955,11.595961560509089
2956,7.9282861407200835
2957,10.573057560616972
2958,7.544749378054024
2959,15.500184938027898
2960,16.18022949280244
2961,13.92786667357884
2962,13.369209572525975
2963,7.63636893221372
2964,8.46948112589739
2965,12.56328472029466
2966,12.14393557257663
2967,14.060104049955642
2968,6.05027652154909
2969,8.428037956537723
2970,11.831407715383504
2971,10.751349281341378
2972,8.246616798953339
2973,11.77762282287771
2974,11.862484784086496
2975,8.554039866329054
2976,11.952345049413786
2977,9.049375309629538
2978,11.752254412111268
2979,7.928323193542039
2980,15.802721592056685
2981,11.858579868137646
2982,13.595864251452028
2983,5.638699853578295
2984,11.978319303998079
2985,7.619981145949442
2986,16.595474371468303
2987,11.938821788401144
2988,14.22251248248235
2989,16.172240652469487
2990,6.489872501623037
2991,17.67471900790599
2992,14.706435480211253
2993,12.851397538339763
2994,7.755824716738387
2995,12.491627876185097
2996,6.652582575937212
2997,11.750361197647194
2998,11.508713764977054
2999,6.210020899680097
3000,11.763392335590462
3001,11.136721655324349
3002,9.437366111498138
3003,5.7552757617240635
3004,11.905891244170215
3005,11.709259970044082
3006,11.646386601529542
3007,19.703417780502864
3008,6.562377486863293
3009,9.833691753816453
3010,15.701368086273172
3011,12.052945785673424
3012,18.54672053628278
3013,9.636165694578594
3014,7.894061981886005
3015,7.486111339001828
3016,14.268544053659097
3017,12.707311639536826
3018,20.00836909310392
3019,6.984856237418401
3020,7.105265485064751
3021,6.869857354709882
3022,9.124982854897524
3023,10.496117676864225
3024,15.690641735475978
3025,7.967210861085682
3026,6.370436172696447
3027,11.03737508425433
3028,13.407033788897005
3029,9.485254797314267
3030,16.508210348729843
3031,17.714673802045258
3032,9.276134907130109
3033,8.06579308826708
3034,10.512594491268583
3035,7.884651768361443
3036,6.353442862936194
3037,12.244671563535052
3038,17.1940190520677
3039,13.623771272197281
3040,7.984086290001891
3041,14.323002496120544
3042,7.990700211576929
3043,9.96632342586726
3044,9.152585993731611
3045,7.494191287272553
3046,9.081988887639449
3047,15.168733457138527
3048,9.927943882035812
3049,7.125218273758091
3050,15.865429638543567
3051,11.495457896848142
3052,10.492214813091364
3053,15.337307118449397
3054,9.332818150956937
3055,11.692285514427653
3056,15.853418185258718
3057,15.14613052988301
3058,12.211512918791845
3059,6.7960045804250795
3060,14.566534519867682
3061,15.517501077831296
3062,9.523551432058225
3063,11.146891025731259
3064,10.944091286974066
3065,9.239169514491815
3066,10.362609496953043
3067,14.671858542086289
3068,9.099058035267902
3069,13.074454907159641
3070,12.627738297610392
3071,15.7724120027182
3072,15.790401674451843
3073,13.937805324495974
3074,11.590800097676459
3075,9.489125009672081
3076,14.616633596531438
3077,18.054513178537366
3078,12.3917994189109
3079,11.688378757833405
3080,14.169399838685507
3081,6.069018149032168
3082,17.663595483569072
3083,11.908872236056474
3084,10.914557776897537
3085,14.712258830260707
3086,13.86399735707478
3087,13.685372478583362
3088,14.682164106345335
3089,8.620288019627662
3090,15.4669171594657
3091,21.829898594133017
3092,12.687329363237092
3093,16.695599296287096
3094,17.272503226296255
3095,12.55724242492595
3096,15.900027719583987
3097,9.766756542694248
3098,17.67009332010691
3099,12.661152869079515
3100,11.71582306483692
3101,7.693899996867555
3102,13.863329857714055
3103,11.414764204036421
3104,12.514477991199337
3105,15.207262804172032
3106,18.93533927475664
3107,10.914410027378674
3108,11.119001983437244
3109,11.547901760298487
3110,13.065257181541833
3111,13.085935643568005
3112,17.019987513658478
3113,14.462191864023291
3114,12.742663201439852
3115,7.297417846145552
3116,8.829478997793357
3117,9.82128167761253
3118,21.456613897739118
3119,16.560381597929048
3120,10.228943681635966
3121,9.76277295432827
3122,7.9467884474514285
3123,14.39022569439941
3124,11.975994310506943
3125,15.064626450998782
3126,12.179507857177748
3127,15.9311431151673
3128,12.189796234843689
3129,8.053391518510047
3130,18.262070987699097
3131,14.912560940708817
3132,15.824779113286011
3133,20.48716590385401
3134,11.060361976139584
3135,10.43903806904
3136,17.562447150464596
3137,9.981862569643424
3138,7.5851608440933775
3139,13.913356089631549
3140,11.62419058548492
3141,16.232618546721877
3142,13.359584357963294
3143,16.534683929228034
3144,15.741988449389135
3145,13.547625428656952
3146,11.173769738948478
3147,21.677019302332212
3148,6.236840518731978
3149,8.005476904215945
3150,13.314359321623314
3151,9.661051196266031
3152,15.464367055969547
3153,6.149031563424693
3154,19.639591545807722
3155,8.882845936084301
3156,9.996800635241234
3157,14.212397143736192
3158,8.573500042646744
3159,12.418120341736525
3160,14.730860721136686
3161,12.582799310569209
3162,10.823621941941775
3163,9.797237115876706
3164,6.469944870923002
3165,14.27324694582174
3166,17.187912220303257
3167,10.942074820202125
3168,16.713109923918324
3169,11.609058786399386
3170,12.870765326095551
3171,17.675312864369847
3172,14.03498329555863
3173,15.600631385767931
3174,13.197828492433823
3175,15.438106185999013
3176,9.295746623691741
3177,13.81205364474333
3178,13.476103684138543
3179,12.74992466914284
3180,14.420131387955735
3181,14.862513845209103
3182,7.63277075843866
3183,11.065032274669555
3184,9.240186153588251
3185,17.146260895985034
3186,5.819079441677943
3187,14.305869483503436
3188,9.204672083276122
3189,12.735443130375115
3190,12.121775231804898
3191,6.021785145504622
3192,17.43114188949573
3193,9.760020075859785
3194,10.495002102487383
3195,10.865557079020535
3196,11.390573452281513
3197,9.900776134808885
3198,15.535202636087623
3199,13.505665676383812
3200,9.4324770167509
3201,15.172570668602441
3202,15.086104144173099
3203,8.078973421110634
3204,20.027745031773552
3205,16.137044755112814
3206,16.4495343649037
3207,9.124461951867252
3208,10.287116810985887
3209,10.750200873646472
3210,9.90562193150383
3211,7.468564372295533
3212,14.386063648270785
3213,10.14545205806268
3214,13.88853465288419
3215,8.538342768223723
3216,11.603578743817664
3217,13.88339686038441
3218,6.372164883872757
3219,14.718099022878938
3220,13.904095380361468
3221,10.59390233971374
3222,13.17073485059179
3223,10.709221890075396
3224,10.088784267556386
3225,13.473121358831124
3226,7.902755935659877
3227,16.975541479830245
3228,9.417858634559371
3229,13.235415121628881
3230,15.762588769270536
3231,6.117257730697021
3232,14.796965538212197
3233,12.089586261588247
3234,16.703999732226436
3235,8.666947677176504
3236,15.800420943118858
3237,13.13635243158425
3238,10.371598115872565
3239,14.285402127821806
3240,7.707631939462156
3241,17.8247235592781
3242,8.457928494749273
3243,7.54100410824299
3244,9.145780227513383
3245,15.950245127741043
3246,9.948726271128875
3247,14.660976835761758
3248,11.04322257185317
3249,15.383654195403937
3250,10.998147437887516
3251,10.453173497342055
3252,11.073682186498303
3253,5.114402109817406
3254,12.764890106933159
3255,13.469147342367597
3256,7.329857114257777
3257,18.277075103156843
3258,12.145855767596375
3259,8.337613845957806
3260,14.135359805160505
3261,8.029816166086997
3262,12.190646555449424
3263,12.228983147907178
3264,14.067976166509643
3265,15.820121944495561
3266,19.45706266167529
3267,18.0820469644266
3268,6.5140411870151285
3269,17.373637401805073
3270,7.741935181328638
3271,13.940716387997284
3272,8.176417041997329
3273,7.590018170198761
3274,14.467070660208565
3275,6.854782185538654
3276,12.308504368622017
3277,8.824166711149477
3278,10.508616172980863
3279,11.99325646009033
3280,10.31459428311092
3281,15.418394063873967
3282,11.974476359368012
3283,13.299930503787188
3284,13.164777792484108
3285,12.260902491423119
3286,7.008706374167382
3287,15.995451662640711
3288,16.13529620905639
3289,9.948451346615235
3290,13.655299714744558
3291,7.809896544984789
3292,17.044433537894335
3293,7.295351008200335
3294,15.942185521891822
3295,7.7137172615447085
3296,10.889514467388466
3297,7.027817163852251
3298,15.376734379151708
3299,10.611391311239624
3300,12.330959850610876
3301,9.535400132680273
3302,10.539705952692982
3303,13.910336437418076
3304,7.660787024755824
3305,8.19590059877516
3306,10.781197494557176
3307,11.29884861316115
3308,14.419246845902839
3309,13.338490432094147
3310,12.67083976845691
3311,9.647212671180506
3312,12.648140958103902
3313,14.429066929367169
3314,13.59375422065869
3315,12.376432152708292
3316,14.7895541602989
3317,11.520385544763235
3318,9.88029842961519
3319,13.912769820014544
3320,9.57381567232292
3321,18.4941605557548
3322,16.575629910096296
3323,8.256797991160783
3324,9.971797901249843
3325,14.141243296443788
3326,8.411977971195634
3327,16.832369215466304
3328,15.400542812615525
3329,14.525498750750943
3330,14.704954716703282
3331,13.169846447534647
3332,12.409323649618223
3333,13.469699572534429
3334,14.838204716568152
3335,13.270540680817914
3336,10.8941757588683
3337,10.31179449974958
3338,10.556611450425093
3339,9.715420369880626
3340,17.59237920067517
3341,7.354163920348661
3342,10.692885447645205
3343,10.663870757081012
3344,8.208998780472244
3345,17.232533575258547
3346,6.0776903910405515
3347,15.26667769221613
3348,8.883569865094639
3349,9.903961743982878
3350,10.380251738761368
3351,9.689620122630394
3352,9.605512679648355
3353,15.827735804612084
3354,10.93600226763973
3355,13.473305193862403
3356,15.13492280924182
3357,13.948275242823877
3358,9.245241134247614
3359,11.954692141516283
3360,16.037819520087286
3361,8.355763229024268
3362,7.887606391380032
3363,14.567840183798793
3364,16.593800447029583
3365,19.357084409961246
3366,14.626803660364018
3367,14.002654498466397
3368,14.749532011541268
3369,7.564669481800453
3370,13.720719122169681
3371,15.103279167113831
3372,15.300638814201912
3373,9.163283332103488
3374,13.812154405403696
3375,15.548426573101823
3376,12.078611810972367
3377,14.060928124581297
3378,9.731435478607608
3379,21.04900748073972
3380,9.84256041426859
3381,12.75950394194593
3382,10.674747725458552
3383,7.397483488712177
3384,15.412163408039893
3385,16.421438723704593
3386,7.505374139006837
3387,13.240180561171025
3388,10.952903171770672
3389,11.62022668407023
3390,8.906997975521868
3391,10.237846811952224
3392,9.359695559913787
3393,7.665368581314479
3394,7.608633624539163
3395,12.454516689855575
3396,6.146502417405351
3397,14.361337050240607
3398,13.220855365989673
3399,10.740488155736303
3400,15.857791221396615
3401,8.221352710479158
3402,11.651013281119427
3403,13.728854588782234
3404,13.842302426691768
3405,9.090579464090256
3406,12.175904504059053
3407,8.36305930421891
3408,12.013428793991567
3409,7.153120045311568
3410,11.896407313161339
3411,6.971774400261207
3412,12.000909386749784
3413,5.970617824765571
3414,10.784578889220858
3415,17.02271563495464
3416,10.983510582438903
3417,18.702533077035692
3418,10.798860707746883
3419,10.711857810367022
3420,9.289941273254273
3421,13.386038845080131
3422,10.857952952470912
3423,16.365912680523074
3424,13.487103398027244
3425,14.704367315402267
3426,10.205567597287711
3427,14.17489607450252
3428,12.543628500419173
3429,8.372200505320414
3430,8.80830664403733
3431,10.018760502863824
3432,6.923024003040806
3433,11.396927204049817
3434,13.115097164070065
3435,15.886153877553221
3436,9.454982177987599
3437,14.41217703715455
3438,7.302556196719931
3439,11.63394273493516
3440,13.932249838768712
3441,13.976016921275482
3442,13.06673684960162
3443,18.699347794384074
3444,8.626399897754586
3445,12.042916807020982
3446,15.238410854997099
3447,14.546206710301506
3448,8.667711378902089
3449,15.008914085244362
3450,14.17371277034654
3451,18.209445006811364
3452,8.54412211241246
3453,9.529626050475576
3454,13.97213881282453
3455,8.842003982614848
3456,7.416653411059001
3457,15.609511789959354
3458,15.826180706904248
3459,7.745287962157133
3460,13.246722825570423
3461,18.38499077210422
3462,10.97397994348727
3463,7.48173382305887
3464,8.7396737893349
3465,12.412295864331112
3466,7.743799589269298
3467,9.958997356976903
3468,11.641461819286851
3469,9.70646901834253
3470,13.912851850872732
3471,12.900742743478624
3472,12.27456409479361
3473,16.029835285824124
3474,14.208783723665455
3475,9.923132545140529
3476,6.3922559936266525
3477,12.69357347624522
3478,8.070340458404251
3479,12.698859871949415
3480,19.31761666725788
3481,15.443092056767016
3482,16.856510977545955
3483,5.591296637934927
3484,7.80145816808592
3485,7.985112399256284
3486,5.940914718447531
3487,11.082139135398885
3488,8.765426521786159
3489,8.046843084325994
3490,18.358725470051123
3491,6.560624586000205
3492,11.685544237528541
3493,7.330182421023417
3494,13.22806909887342
3495,10.376942252490778
3496,10.68130725947902
3497,6.852352630231042
3498,8.232083038658947
3499,15.391953758246153
3500,14.36680895582399
3501,14.843748265025289
3502,11.302771689561164
3503,10.288344655168133
3504,12.298187087440562
3505,11.578323997726022
3506,13.609066210645517
3507,7.478623272411125
3508,8.711182099992753
3509,11.293456869303283
3510,18.93742675799241
3511,12.411781831782074
3512,11.458731160187568
3513,13.760162454815136
3514,11.876525170021472
3515,13.944760835458768
3516,13.168361796941754
3517,7.937526082152243
3518,12.488068764880571
3519,10.028007080810047
3520,10.802792684304173
3521,15.925406921123027
3522,13.76935240951399
3523,11.806072737377109
3524,17.19579638646233
3525,11.279283716318076
3526,14.393857366496091
3527,8.118742019428561
3528,13.2648007104096
3529,15.424581966864935
3530,10.407629329107309
3531,15.81915541658416
3532,16.62312163483119
3533,16.66408638776375
3534,13.828178798802107
3535,12.988852172579103
3536,16.007913860875814
3537,8.868776666529902
3538,13.413427784839953
3539,9.405178549649698
3540,10.278832576020507
3541,10.906429368542021
3542,12.674988726896599
3543,15.828014296756933
3544,15.245338798200066
3545,11.48186670474835
3546,12.110062703471138
3547,17.602092635702963
3548,18.82339135016543
3549,8.706223288104638
3550,8.550572029552013
3551,8.221390587709903
3552,6.946787674735627
3553,10.322954406212233
3554,7.435512011321783
3555,7.183913167779978
3556,9.989321825087712
3557,8.694277723931847
3558,6.8779731763149945
3559,13.296321756261229
3560,7.407751963390808
3561,10.882537952482197
3562,14.14476378030536
3563,8.809505516651148
3564,16.894711559384202
3565,13.404193748341177
3566,13.89104797039028
3567,11.259766196244165
3568,15.788213031712845
3569,17.29870375517684
3570,10.685173089156192
3571,10.700479070673538
3572,12.986477677267429
3573,16.742527890965825
3574,9.834733485200795
3575,10.413296416500934
3576,6.623482905246608
3577,12.293808137250819
3578,7.003741181614515
3579,15.182558964550083
3580,13.351534235148714
3581,11.44435067099395
3582,11.55575329058275
3583,19.172653062881775
3584,15.109647251303246
3585,13.354806065522169
3586,7.114519995625661
3587,8.409235996597822
3588,10.214025870372597
3589,12.198965683255972
3590,11.376165741870997
3591,13.096137884003083
3592,7.855540615132138
3593,9.515743468420768
3594,14.334323322100238
3595,10.370287504884063
3596,15.700359803342602
3597,10.567574998664506
3598,12.542426867724174
3599,17.25383302477257
3600,9.378167380463273
3601,10.666657601735011
3602,10.503501590697361
3603,6.500902200979422
3604,9.629514026710213
3605,8.266737333344757
3606,12.964086637156235
3607,11.968439820745507
3608,14.599566898112469
3609,9.702200977591817
3610,11.193164207265061
3611,15.678220061430771
3612,10.228896264318605
3613,10.10043831565482
3614,13.37050225891322
3615,13.73424442615359
3616,14.053713697682547
3617,16.710119950034247
3618,11.835163980156322
3619,14.665641048185586
3620,12.801293925307661
3621,14.685510539087716
3622,5.957975158099277
3623,11.895569763039745
3624,9.26596273930561
3625,10.990781439803973
3626,12.16894594484065
3627,7.296062679782916
3628,15.785870246838094
3629,14.49404102780535
3630,8.810018205033654
3631,12.285266183904325
3632,17.483946604676998
3633,13.958788556629202
3634,14.374343561254568
3635,11.024639073991969
3636,16.01902798334203
3637,15.491428198724323
3638,9.036933240349617
3639,14.271509485167977
3640,9.10389209134624
3641,16.449619886793915
3642,7.41372537866316
3643,14.780923533998875
3644,17.53717252212469
3645,7.872065505122962
3646,7.2887192604078725
3647,13.23443793092333
3648,10.197218033730783
3649,9.10097484029106
3650,11.158714452231969
3651,8.148208410204553
3652,17.17401475304972
3653,9.968528804471323
3654,8.455334393545263
3655,10.26492689697704
3656,12.370753180453457
3657,11.579438307335328
3658,16.616582616325665
3659,16.017147936774766
3660,11.41120579290081
3661,7.6842097785770855
3662,13.051068780494406
3663,7.616591322085505
3664,18.125935093642337
3665,9.659061973131239
3666,15.90297915868995
3667,19.492079360232296
3668,6.598239116353402
3669,7.113403664515123
3670,20.105382721053022
3671,15.46637855442252
3672,10.077155950098858
3673,17.260654404205994
3674,14.49419772206906
3675,10.530810866864522
3676,7.6544529327289865
3677,11.171299708332525
3678,13.020626133707546
3679,11.71573955891158
3680,14.769022408948153
3681,12.56820553673529
3682,11.248962897505223
3683,11.163820285538934
3684,22.552682003883643
3685,9.30279918571532
3686,12.549774194320342
3687,9.314061774861974
3688,13.795849600909323
3689,6.65770751649524
3690,9.979046537701004
3691,6.9807157035164735
3692,17.53706876999385
3693,10.995165457748351
3694,10.53618337765455
3695,10.597703010508578
3696,18.045801996482712
3697,14.999338389254397
3698,11.037560784861363
3699,7.941216474477262
3700,11.28663118695457
3701,8.589402733668225
3702,15.435302322490257
3703,17.572849569663074
3704,13.762531169695754
3705,14.618561225595045
3706,6.742576739011848
3707,7.075971281778693
3708,14.591704325809616
3709,8.778095716368325
3710,16.256243041322207
3711,11.538795137497383
3712,12.757739345753448
3713,13.191488176680352
3714,12.84807936115831
3715,16.571272355908796
3716,8.347763163863346
3717,9.791431209449414
3718,16.27634844618947
3719,13.32318791558741
3720,15.06319957904009
3721,14.203607780054439
3722,20.40735552054701
3723,10.095861089207741
3724,20.435372669698182
3725,7.20318269982981
3726,11.947530211340817
3727,8.616332414855444
3728,11.45540493225527
3729,11.64171398679595
3730,12.067967021644646
3731,17.170119852295958
3732,15.847357828651644
3733,13.17880416657916
3734,13.552389760323782
3735,10.493507303543552
3736,19.014983788449676
3737,14.084838419370087
3738,10.300448975729687
3739,8.799074270235446
3740,20.178920751776193
3741,18.108448031860586
3742,15.101695427823094
3743,9.02874102900857
3744,13.23946998660091
3745,7.568128628547158
3746,12.203705979955211
3747,14.417315128469973
3748,11.726924070819905
3749,16.382516411681234
3750,13.575488743165993
3751,11.15015353954721
3752,11.109918818101548
3753,12.083240916899257
3754,13.893840707437738
3755,11.722981843260712
3756,10.652879999527288
3757,7.999511665887081
3758,11.348810484759584
3759,14.58484595831039
3760,12.57683229696061
3761,12.139815520499608
3762,8.037151984791377
3763,8.410939618324479
3764,13.794426765697514
3765,12.063200322105041
3766,16.603171499424924
3767,15.166490803890857
3768,11.981287662245663
3769,6.282727028137238
3770,11.040786452546223
3771,13.712150725071686
3772,11.331288825210763
3773,12.17224929959881
3774,14.274683037896374
3775,10.725392771628497
3776,13.957065195528083
3777,14.010498184364357
3778,10.18113452637772
3779,9.893924512357952
3780,10.11013142312947
3781,14.789350620094773
3782,11.382842007339013
3783,15.927595512661187
3784,7.264918785966273
3785,16.451511335887584
3786,14.280809613844722
3787,11.286945710015265
3788,9.621392278482302
3789,13.427696027505263
3790,15.633146273425274
3791,11.524473878145225
3792,13.769422607336585
3793,15.498001299152483
3794,7.878527191202868
3795,8.91244675944817
3796,13.6957241316884
3797,17.02408929804061
3798,7.500150112713076
3799,14.723479623527608
3800,12.460774475859942
3801,10.251134969517269
3802,11.623853263192558
3803,21.519128009336487
3804,14.243975941731799
3805,12.292231989189885
3806,8.761757017953512
3807,16.655047758225546
3808,6.467388073464906
3809,10.086284680464788
3810,7.670396066354992
3811,13.077159789298006
3812,12.355590245925619
3813,5.620157039037209
3814,6.53993964982821
3815,9.827409673986411
3816,13.35521321688716
3817,7.841055589268511
3818,7.974859338249227
3819,8.832067031042442
3820,11.775511921395948
3821,14.740536793110543
3822,12.969666831662321
3823,15.502025279511363
3824,14.299598132340376
3825,16.94880395733056
3826,13.3094957632872
3827,12.006677829570739
3828,17.10775911826006
3829,16.227037601029945
3830,18.581856733043992
3831,14.59817416273269
3832,7.21357602857789
3833,17.024252886178033
3834,13.7074258036849
3835,10.477293110188517
3836,16.076890568302332
3837,11.372369544920687
3838,9.365366102076402
3839,14.901331529565821
3840,12.392316717807212
3841,15.27609839172844
3842,15.885584853539205
3843,9.084170794383494
3844,8.551916069076842
3845,17.401025124190493
3846,10.40308942757205
3847,6.486936706383268
3848,6.11086665353412
3849,11.307733002563209
3850,11.327216050828893
3851,13.340657221004639
3852,7.523005394900541
3853,18.19904310981896
3854,13.54450686727874
3855,9.425680909599954
3856,6.190906083731964
3857,8.279785712137558
3858,10.342879670468582
3859,10.486799344455962
3860,12.580829650204388
3861,18.947855864995905
3862,15.103981142839293
3863,16.909825356896324
3864,13.119187096628584
3865,17.38189500704144
3866,11.295385375966461
3867,12.320892115601945
3868,12.209728704583796
3869,11.536440828801602
3870,14.061759972129854
3871,13.263756985075737
3872,11.044489252805414
3873,9.201140791092902
3874,10.31210206313618
3875,15.550634151719057
3876,10.026738334129588
3877,11.300553824578344
3878,13.358227020252096
3879,17.43740103070971
3880,13.208282939688283
3881,13.631934849550712
3882,7.550341390560686
3883,13.408672818958129
3884,14.399374114088682
3885,17.071735586394322
3886,11.233409322732257
3887,7.598901286176915
3888,8.940812688185147
3889,15.890222603518142
3890,9.085836093089801
3891,14.77712460021265
3892,14.599499743043033
3893,13.141401369692437
3894,12.124107987633593
3895,14.941228551677291
3896,12.14969431988348
3897,8.692478368604682
3898,12.6858416654581
3899,10.252767073222703
3900,19.260407298738237
3901,14.794972635492934
3902,14.760089235832842
3903,11.91071218197965
3904,10.81543684118032
3905,17.78854932913436
3906,12.293646809714199
3907,11.047665523816335
3908,6.597185375828366
3909,6.8502129878112425
3910,6.570319972863885
3911,15.957445875364144
3912,8.72773772291284
3913,19.37893361951454
3914,12.26079972935814
3915,11.79454252018634
3916,18.600299571369927
3917,14.176806713000127
3918,10.590879364287348
3919,15.281318899481947
3920,8.705638880954965
3921,12.235804591973226
3922,13.535877663986836
3923,10.343195896595711
3924,7.5760825202710125
3925,12.508214643415622
3926,11.13157657360371
3927,6.8584962177837125
3928,6.66505202805993
3929,6.0797407877044485
3930,16.46223727743822
3931,9.75427910068924
3932,11.459673171022816
3933,15.452049736621264
3934,16.303216284593265
3935,14.36144118728411
3936,17.33777880906995
3937,13.948994890191011
3938,7.2715491544086115
3939,12.093539204546312
3940,16.271761537725965
3941,8.987506624278009
3942,19.82160418629989
3943,13.854618451148943
3944,12.596188251259202
3945,6.5578005391385945
3946,14.124131296685912
3947,8.84833440862253
3948,11.406172756043894
3949,17.311612816208118
3950,9.103578628404701
3951,11.999308977065285
3952,11.970245590215173
3953,16.128451761287824
3954,14.873893655224068
3955,9.541175542112967
3956,14.313228618221176
3957,7.61599422018683
3958,14.188229640063804
3959,8.030567817756438
3960,13.73736370278546
3961,18.055899123788326
3962,17.355459498779567
3963,7.0925542608560095
3964,11.735314612189837
3965,14.19693032552746
3966,11.552968253563785
3967,11.000112902378296
3968,16.760008886746522
3969,11.361318162748672
3970,16.41412825248271
3971,8.473080313221411
3972,15.925109617316144
3973,14.625004016699803
3974,9.985707977867904
3975,11.392824715428548
3976,12.940315435877407
3977,11.702067962231581
3978,8.481136896710728
3979,15.295407372223297
3980,10.295059657231091
3981,6.903872286946661
3982,12.589141415980484
3983,11.595062416097676
3984,15.747292427843574
3985,11.911924075760005
3986,12.889089944166455
3987,13.502875594989826
3988,8.088210515730838
3989,10.907410026809837
3990,15.413869494656593
3991,8.475254965915655
3992,10.577814409566466
3993,18.692545848436875
3994,14.209475288036932
3995,7.662127206104223
3996,12.396768616985371
3997,17.92048394983829
3998,16.460141430217487
3999,12.259742366738196
4000,13.099457373247196
4001,12.27559796858248
4002,13.449053994264366
4003,10.856643685072655
4004,8.501467992427706
4005,9.981139197013531
4006,12.030771967155294
4007,12.909180290033134
4008,16.75892085074405
4009,13.206172013948743
4010,12.690907804861377
4011,11.413745701063602
4012,16.11782613243919
4013,11.402003256665173
4014,9.611973716670432
4015,15.595445816681242
4016,12.890270165072168
4017,7.725228338883389
4018,11.760399444978217
4019,11.77273858180523
4020,12.483644432798874
4021,7.316235831094453
4022,8.793910598192321
4023,12.04427645175452
4024,7.225814294192081
4025,12.399111119147454
4026,15.317659834622361
4027,14.174716691054464
4028,8.442208280595969
4029,13.90820412314523
4030,13.869485067025735
4031,15.256428773590992
4032,14.26096284587179
4033,8.043219265231567
4034,10.417719172887876
4035,8.953475819021394
4036,10.489452867822779
4037,7.172337479218462
4038,20.257741410138824
4039,13.379388171173987
4040,7.691940277667718
4041,15.382864816755562
4042,13.293314009900735
4043,12.37271131107886
4044,8.957093171884306
4045,11.482553215726847
4046,14.335382275094988
4047,14.49499636091282
4048,14.32524706132947
4049,8.790597253662861
4050,7.067984267457665
4051,16.79808185311325
4052,9.124068697493431
4053,13.846010862886354
4054,15.083602419236577
4055,11.10577378799249
4056,14.042166674409176
4057,10.479264627031048
4058,6.854416957557459
4059,9.973120780829465
4060,10.35943651112431
4061,13.651054552312806
4062,17.31214221220012
4063,7.386409960458967
4064,14.784407801847443
4065,15.958483198273823
4066,12.133344000305826
4067,13.823412318432041
4068,8.348048707351625
4069,9.49063087571949
4070,10.162426684798948
4071,14.57669908731142
4072,8.251999053284301
4073,14.133646518386902
4074,15.591829773908687
4075,13.139782161502913
4076,11.084226616465306
4077,9.872756188464672
4078,9.130449324335842
4079,14.18178288946323
4080,16.02774959499354
4081,12.051063917817492
4082,8.319715033941824
4083,7.638009411613339
4084,10.726017233548701
4085,12.920689531770263
4086,11.575107122296352
4087,12.102384315802444
4088,9.457436626922707
4089,10.22075150310629
4090,17.8486183741086
4091,12.451931267212546
4092,7.200099489096535
4093,11.334714797357487
4094,12.78875432765822
4095,14.441140474241399
4096,14.32868230201104
4097,13.23478561988734
4098,16.14117474886
4099,6.963130268640675
4100,20.592244695545716
4101,9.721090417336704
4102,12.558427539485145
4103,11.583279127705845
4104,12.343991814071474
4105,11.239754200504386
4106,14.90392775162094
4107,11.194038792181914
4108,11.41183113443129
4109,16.101677086606642
4110,14.408577306085983
4111,11.210821482382329
4112,10.880959855066507
4113,6.744011055612002
4114,16.929093121271837
4115,13.501093126658832
4116,12.974348462402622
4117,10.298706345283206
4118,11.919983200566316
4119,13.700150506883645
4120,15.951227160117144
4121,12.865299712445273
4122,22.727847085489117
4123,15.01045046540788
4124,8.013363748040172
4125,6.41152544308125
4126,12.903838227263863
4127,13.647799905942692
4128,15.59963236447281
4129,12.34035232419705
4130,9.642276481086128
4131,12.433278391511621
4132,10.281347681856367
4133,19.180591032534227
4134,8.833395757817895
4135,13.290980687195622
4136,18.655850379533323
4137,14.464175628932646
4138,8.105710307555498
4139,11.170190787066057
4140,13.22970219492146
4141,14.613341225560418
4142,10.52772711889038
4143,11.330580760753193
4144,18.650411888357667
4145,10.221516853473096
4146,6.919339644925846
4147,6.7810457492586975
4148,14.683729883631857
4149,10.542542775640882
4150,11.023173929969664
4151,7.917822916506765
4152,14.61900287975251
4153,6.834879421682369
4154,12.098683507487614
4155,10.794353338915107
4156,11.901643191511853
4157,7.204790703369102
4158,13.84222726166523
4159,14.6457918902556
4160,11.428210736288051
4161,12.66861740328956
4162,14.737777507207673
4163,11.110949719845353
4164,10.14135096572028
4165,17.156354903543278
4166,14.348088095188546
4167,15.085650104446584
4168,15.576193856470034
4169,14.135233928533552
4170,10.90935997915039
4171,8.166065914808643
4172,10.742182038993896
4173,14.868174377099214
4174,11.693586918790908
4175,17.3160817413369
4176,16.183322657683018
4177,9.550122768269889
4178,10.586194375426834
4179,11.831098700209155
4180,14.988914452087442
4181,9.023422709200268
4182,10.213606020076465
4183,15.428056584929246
4184,11.149221729603326
4185,8.995253264171561
4186,13.277713958363455
4187,14.499174231699152
4188,15.03837879238971
4189,19.10137137654434
4190,8.884221445575042
4191,15.325226444027576
4192,10.918030925092415
4193,6.795197112805031
4194,13.313189811895525
4195,17.6894949526247
4196,14.477586538570378
4197,10.615305742259679
4198,9.61177255198837
4199,17.241366808700622
4200,14.688157127840475
4201,15.370644052643646
4202,16.16102225194049
4203,16.792301819854277
4204,12.935588967863131
4205,12.625858621379672
4206,14.254926173243327
4207,16.03360698640697
4208,10.449995626675863
4209,11.634525660846338
4210,7.2429901202961515
4211,7.065131129119446
4212,9.52340162390031
4213,11.365490686304588
4214,17.54998271420369
4215,14.98412032112021
4216,8.711168581711823
4217,7.840165483661025
4218,10.916092598193407
4219,12.508782622546775
4220,14.765819467469747
4221,7.020471047528166
4222,19.031515448915528
4223,11.615857060802321
4224,13.756795986028314
4225,17.166188658466474
4226,8.603503675374506
4227,7.796389256789051
4228,11.37138659816953
4229,10.748320053602015
4230,16.32997341801909
4231,14.987222890049088
4232,14.48862430974387
4233,14.106702563519319
4234,14.051276969992058
4235,12.099764535286647
4236,12.050728422839908
4237,6.344543747934377
4238,17.706047509507414
4239,14.086495672850589
4240,12.556422377722631
4241,13.963459389017842
4242,9.990779999864683
4243,16.74087722387426
4244,12.936592920722207
4245,14.438866262487458
4246,12.033975878630399
4247,8.125657911017655
4248,11.007574647139842
4249,9.967922850819027
4250,11.436166776707578
4251,10.043445910971306
4252,9.951499365336227
4253,14.155205505560323
4254,10.750841603078584
4255,9.706681203556302
4256,16.4959049806188
4257,12.826015935549977
4258,13.112692136634637
4259,13.881525017359946
4260,8.879750372156211
4261,15.748350304751973
4262,11.01090885288501
4263,8.553688204497893
4264,14.174763153675604
4265,15.832198809370771
4266,13.16032032368178
4267,9.828039275337213
4268,10.2112611817721
4269,12.285351033363716
4270,14.62257131727906
4271,7.383136293632802
4272,11.898417738740863
4273,10.073459339379653
4274,6.715637425713996
4275,11.951714016795918
4276,13.550148798841228
4277,6.578974227109177
4278,12.584600155300194
4279,10.649957010658275
4280,16.389595602274987
4281,11.12644977129834
4282,10.424185994052038
4283,10.634146238711436
4284,15.477376632335904
4285,7.129319551603497
4286,10.617142188953032
4287,12.06000740366227
4288,9.646560249386708
4289,13.208241095843526
4290,11.301464892530758
4291,7.0767484431462835
4292,8.189606203669777
4293,13.813049465689815
4294,16.656831985792987
4295,16.127511496266354
4296,14.592834164878278
4297,10.792356132071959
4298,10.39106566113536
4299,9.262859809126361
4300,14.137827386073432
4301,13.09649411366651
4302,12.6112595492363
4303,8.62655569046947
4304,10.865395390992454
4305,14.238595963995019
4306,18.570685424022145
4307,7.530431341116977
4308,15.878221356308822
4309,11.584946168611994
4310,11.19973703950707
4311,9.987668946215104
4312,16.637124701930794
4313,11.238296446517928
4314,9.171475293505608
4315,18.415620331805684
4316,16.224115187202866
4317,9.934777931361417
4318,15.275199126446033
4319,8.40973852036961
4320,9.13729093432563
4321,15.57811658743825
4322,14.430660868864768
4323,12.324416697380519
4324,12.970349655809663
4325,7.357599165353833
4326,7.98551116463264
4327,17.575524630764274
4328,9.615886214030041
4329,9.894769570958006
4330,14.21745213195016
4331,17.389431637867844
4332,17.714180893597273
4333,16.515985516061917
4334,13.69717008414077
4335,17.323366451092454
4336,12.091054892015356
4337,10.517353350943466
4338,9.409046968642146
4339,10.785046418757021
4340,9.326680629210502
4341,20.72897780895161
4342,12.637833202311967
4343,12.661236393462422
4344,13.749133617923675
4345,11.844300825789324
4346,13.278999419151098
4347,7.245663586843854
4348,6.600745745859236
4349,7.795499517252154
4350,17.86652403331708
4351,10.027058673383612
4352,18.80845540807594
4353,16.71662241952225
4354,13.998655131822046
4355,8.72849929823313
4356,14.99602173193671
4357,13.838996331528982
4358,15.878696279906151
4359,14.743243803944432
4360,8.668890526915414
4361,10.600821301890791
4362,12.052383127623363
4363,15.020595003444768
4364,9.57140616112612
4365,14.246552072022775
4366,11.853587156637252
4367,7.61219616528636
4368,17.239362738601113
4369,8.343517074772924
4370,16.579032304632694
4371,18.3836353143296
4372,8.391880471104205
4373,15.971717190845432
4374,10.168957243007284
4375,6.612706942422567
4376,16.789165059166177
4377,7.453768945849345
4378,13.332818476747784
4379,14.348701913751249
4380,8.812424946947695
4381,10.868243452323824
4382,10.378546065054536
4383,16.251798809966107
4384,13.241385874147532
4385,19.454866729295414
4386,9.211192957460566
4387,18.20293878656132
4388,9.338863042638929
4389,14.184254967253663
4390,14.136838587483796
4391,16.69248570690814
4392,9.838003098128702
4393,8.23989941596066
4394,12.713132195949079
4395,8.997759570800865
4396,10.868187031919652
4397,16.219855486330626
4398,12.041918206512625
4399,13.860904798550008
4400,14.669856010312296
4401,15.195918336783178
4402,11.07477869216018
4403,10.615444177697363
4404,17.140294204211244
4405,15.659558519301527
4406,16.796833571950977
4407,14.501390240827448
4408,7.695100124838096
4409,19.91111597895267
4410,10.481311033067547
4411,10.194852191393581
4412,11.98788728618045
4413,10.035607174870124
4414,17.251888558363024
4415,9.180078915453176
4416,12.740161836410593
4417,16.280373835396386
4418,10.902256568371628
4419,12.73087937943585
4420,17.84939710257356
4421,12.720779455428845
4422,14.72121455347807
4423,18.124612426137777
4424,13.919318353738191
4425,15.889939844489652
4426,14.783754958391725
4427,12.547729236348877
4428,15.734903378231623
4429,15.372711309604911
4430,15.15193280911114
4431,10.970645314505079
4432,12.840791872221649
4433,15.729893799760466
4434,9.14206268383424
4435,14.171831719304736
4436,8.24277835503493
4437,9.264808750489685
4438,16.27365417194547
4439,13.549182214577312
4440,12.80848285153227
4441,13.552102501244415
4442,7.503034287383091
4443,7.856393291661654
4444,15.720209200347563
4445,8.202867336372742
4446,9.62419129362518
4447,11.529780659424835
4448,13.50001058954656
4449,14.616022882928847
4450,14.655655699286475
4451,12.210668152315442
4452,14.395033722277526
4453,11.837156142074363
4454,6.819275365940473
4455,8.316314598771894
4456,11.56763754677502
4457,6.509159206419775
4458,14.787037181895414
4459,19.224675584081876
4460,10.400097259026433
4461,11.873920139455047
4462,14.85955076702586
4463,9.91349489979308
4464,14.431315402137903
4465,10.335851651758814
4466,7.477357130944458
4467,14.76563765270402
4468,10.494392656057725
4469,12.206204070446299
4470,15.516856292646324
4471,10.818569804246286
4472,13.196889905323914
4473,13.468859666184843
4474,12.603966878253948
4475,17.59568112155725
4476,13.991648772812042
4477,11.868262521554897
4478,6.864553731469619
4479,15.663275170903566
4480,11.31186552894637
4481,16.09384925632988
4482,18.38543931111165
4483,14.644306804841397
4484,9.036150073285333
4485,8.912534006034385
4486,7.8031380100531855
4487,11.651380222497693
4488,13.206179884924296
4489,11.983601742653697
4490,9.422047932927477
4491,8.523092335076244
4492,12.585928772797638
4493,15.595213356489625
4494,9.058297031250156
4495,11.989841903238961
4496,13.402274022950825
4497,9.252021676596366
4498,12.932946813307247
4499,12.224884731337093
4500,9.199534286210506
4501,15.651240606306056
4502,11.997901513423194
4503,8.084479012635223
4504,13.183548650881725
4505,17.582995852531585
4506,6.90085087565308
4507,14.25225049179363
4508,10.203066656909206
4509,11.86804321700459
4510,16.07820705292076
4511,5.719511787937016
4512,13.598287451939782
4513,13.925454008782351
4514,10.927036873913275
4515,18.30564087698993
4516,11.041587736940196
4517,12.283885987691752
4518,8.91331443515818
4519,11.785602634885556
4520,12.433991116156442
4521,13.194163710950292
4522,12.769902507761017
4523,16.07558538959548
4524,14.859034495837548
4525,9.407249863356409
4526,10.371898746907165
4527,15.429968054827023
4528,14.23017012280801
4529,20.289848592779872
4530,16.087834697315085
4531,16.246431048254944
4532,15.440937750170782
4533,6.909202285208411
4534,16.15479761541096
4535,12.82196148897191
4536,10.296975091952959
4537,9.597191493104072
4538,12.724958252764715
4539,7.429989553862462
4540,13.084880795529495
4541,14.039880227309718
4542,10.012438863637948
4543,10.02220220739449
4544,14.857985603974392
4545,6.739491485341962
4546,13.926339554286555
4547,19.66381676141707
4548,8.515587455277052
4549,16.60550096460422
4550,12.572997212004275
4551,11.125386849261085
4552,12.67903983466306
4553,14.407531578596128
4554,11.817616738073163
4555,12.733203435935296
4556,13.208446928898967
4557,16.921687422269603
4558,11.871866460664142
4559,13.122705091563368
4560,18.082945637884773
4561,8.218344614325428
4562,10.893719923645824
4563,15.176457129328853
4564,9.630783292474081
4565,9.699154014114795
4566,7.96258742846615
4567,16.646318168649533
4568,10.935317579966366
4569,10.364221956357802
4570,8.73121158113054
4571,5.684882137621589
4572,16.978635625609975
4573,11.833242771345205
4574,16.53137609182789
4575,8.624288702187657
4576,7.076679405130027
4577,7.5097614590763415
4578,9.925908749499056
4579,10.591784673223373
4580,10.60105732201741
4581,11.462406459171325
4582,12.20407046827089
4583,16.659020051580466
4584,15.260309782334325
4585,8.161441111246083
4586,12.303727301505255
4587,10.37146189490286
4588,10.18466150313841
4589,11.018183749781713
4590,10.157382422398237
4591,10.054705426210127
4592,7.694659443021177
4593,11.830442212954523
4594,12.598572215616889
4595,16.8514565661395
4596,10.008669252763996
4597,16.396813027405614
4598,13.701302466097735
4599,8.873211811463731
4600,11.274993783494208
4601,10.068622495998946
4602,14.148326478931539
4603,13.144688691771227
4604,7.406422778448454
4605,11.75479331911786
4606,12.174397664167953
4607,13.011545927310783
4608,8.590275954734972
4609,7.305868299218957
4610,14.684819225604167
4611,11.392822602117954
4612,10.858538725523323
4613,11.368680793459895
4614,12.469489148496587
4615,7.465322496942516
4616,9.803258369962007
4617,11.717958227189923
4618,16.066389564304785
4619,14.73771762819773
4620,9.648687986500175
4621,8.655375616221376
4622,5.7728499963651485
4623,13.16187620674952
4624,6.772253286629176
4625,11.832436950943078
4626,10.021026187466616
4627,16.702845873400864
4628,8.048506886685141
4629,11.159425542125456
4630,23.184717827807322
4631,13.336042146137773
4632,16.5040142651915
4633,10.906540834905643
4634,19.883513286002746
4635,14.446987988077533
4636,15.922912980365657
4637,8.378082297394238
4638,10.87292428553804
4639,6.53684617006878
4640,12.051533128011798
4641,10.50630359294999
4642,12.443845169438525
4643,7.531035526069406
4644,11.615560020300338
4645,9.187626681601834
4646,9.343837895315444
4647,11.528673813561445
4648,14.561481267112269
4649,10.890906719773858
4650,17.103297193475708
4651,7.884078674297281
4652,13.743368905194217
4653,11.6135433219086
4654,8.34340396115016
4655,13.674946581099398
4656,13.85386128684713
4657,17.597772534470057
4658,16.1540056452809
4659,7.17468942153101
4660,9.280539629949002
4661,13.890144825876503
4662,9.34950547910681
4663,13.031274890602942
4664,15.497422645190808
4665,10.962946420623775
4666,11.306750661376022
4667,8.31179501758048
4668,6.418757395066982
4669,13.448526214585291
4670,7.52624647392745
4671,13.234716070151096
4672,16.33199173050046
4673,13.714330064236421
4674,12.16150068817187
4675,11.090010834146453
4676,14.67864676636128
4677,6.265770867188564
4678,12.008490712642264
4679,18.19649283872111
4680,14.168797430687762
4681,12.790491678729788
4682,14.768366987920137
4683,13.956649131318153
4684,16.94967846948144
4685,13.023255386406937
4686,8.26365778348186
4687,9.019713305812884
4688,10.42781540957204
4689,16.37066761262647
4690,12.009374528927802
4691,12.426981873288412
4692,11.341164958145654
4693,12.474105412087418
4694,12.917739043939008
4695,13.401949374194132
4696,12.750049847089917
4697,14.593545968242344
4698,10.351550701294151
4699,21.03754822461671
4700,8.517005098474149
4701,14.36373578122545
4702,11.095031120137724
4703,16.844623951842177
4704,10.026058642815718
4705,7.038573115366515
4706,13.944929358927425
4707,13.691515707290634
4708,13.006923860113895
4709,8.408482654540245
4710,14.027732552055696
4711,8.825171578016125
4712,7.884140287418181
4713,10.822184056026996
4714,16.201776796636327
4715,6.430780587879077
4716,14.3471756351987
4717,15.502918239334145
4718,12.154822028295634
4719,10.645840430949976
4720,10.150738380738964
4721,8.693520452517419
4722,10.492462298916209
4723,18.505364116331236
4724,10.492248789545547
4725,12.301014614403144
4726,13.783667238617278
4727,11.056375829095716
4728,9.054343417049244
4729,13.141416881010064
4730,11.729689485266684
4731,11.732135107898495
4732,17.979759700862285
4733,11.642932169558378
4734,11.089028016015442
4735,11.121564982344637
4736,6.697525449569615
4737,7.691776325384626
4738,18.058999337108443
4739,13.585668678103664
4740,12.232635841799878
4741,11.64391066405773
4742,10.737536089165838
4743,14.756469001773013
4744,8.201048101176491
4745,12.61860727812518
4746,8.757773965659679
4747,9.331632034071385
4748,11.530984729170527
4749,16.042241433911773
4750,9.740467423298027
4751,12.735149839584466
4752,17.35494314882573
4753,8.687616208812694
4754,12.362775384501376
4755,6.3270345690461545
4756,8.186336113453782
4757,9.592749971536456
4758,12.730349474685054
4759,7.422955068667052
4760,8.986020600898415
4761,15.491222279753032
4762,11.372328552170698
4763,13.451070928428601
4764,13.873005596477542
4765,17.118493122149612
4766,11.56224366616906
4767,13.24529030627805
4768,13.977909308028972
4769,11.874107759024234
4770,10.789782368741013
4771,15.231590535502939
4772,18.247757390720114
4773,10.308440579232071
4774,6.7629530485096
4775,12.863233261301955
4776,14.690210779616402
4777,12.870047534004419
4778,11.022904339326777
4779,12.179278291945584
4780,6.342014526310382
4781,13.888001872850438
4782,14.360757373544573
4783,11.912570498986332
4784,16.332040180007876
4785,12.392983091931947
4786,10.78542838002133
4787,18.078492962719583
4788,16.200479232641857
4789,8.94497885731783
4790,7.601983422812054
4791,16.30342440350743
4792,20.954934242718235
4793,11.287574150238653
4794,14.246198924941176
4795,15.546598453529347
4796,15.07299566850377
4797,9.759218797698407
4798,18.56522031639847
4799,15.613269198474804
4800,8.21260326969609
4801,20.124210853006776
4802,9.410401491358922
4803,7.439546676276268
4804,16.901202443626204
4805,6.095792757661234
4806,8.054409505053213
4807,11.27453866426132
4808,17.049513473170105
4809,15.118101706688243
4810,8.149425520589316
4811,16.201762112511833
4812,7.215990682970808
4813,11.877781950093903
4814,9.557389519619697
4815,16.21514111718359
4816,12.352551802374906
4817,15.059639335630115
4818,8.234093313924527
4819,6.244283544880485
4820,8.185136645305787
4821,15.420220147725074
4822,9.072619428219058
4823,8.733529653365013
4824,10.142687210436026
4825,12.802534625624942
4826,9.04529327474392
4827,8.980681946966888
4828,10.758874263302197
4829,12.733026313247322
4830,7.049176619480839
4831,13.451541016274378
4832,15.497569959276356
4833,14.588489385431222
4834,7.304349346239872
4835,18.87247344210368
4836,13.528085531964239
4837,14.2004585951259
4838,13.075621674679981
4839,10.297425200863808
4840,13.217825068551777
4841,11.50448516885678
4842,18.52353946953693
4843,10.109688611081724
4844,12.215996154209035
4845,13.6804116331534
4846,10.504197027407072
4847,11.714848483575926
4848,11.833677966009121
4849,6.865290484411088
4850,8.548507022243863
4851,12.752877882489367
4852,16.550268358202164
4853,7.8169072415915934
4854,11.226622628658953
4855,17.363878321269887
4856,13.708498081420364
4857,15.136593307940414
4858,11.135043818780245
4859,6.374779869310117
4860,7.995668292471844
4861,16.98334998619296
4862,11.909890826102663
4863,7.093562924798948
4864,16.928593240381392
4865,13.838289856786579
4866,11.747836753450414
4867,10.24312139178897
4868,15.936557790098826
4869,10.068594321129208
4870,6.699533945402675
4871,13.994568004590832
4872,11.501761672190872
4873,13.19365284974709
4874,10.062865160613988
4875,11.10431461981075
4876,15.724172223888376
4877,10.696419379060634
4878,6.7220634067739935
4879,16.355657888909086
4880,10.428435499172739
4881,12.189689555121335
4882,6.6916948167688615
4883,15.172809026549864
4884,10.311835593561959
4885,13.386838560714965
4886,7.693186931672375
4887,12.041936344366183
4888,20.928456503034656
4889,6.948503371623716
4890,9.117005427671565
4891,9.738023069144166
4892,11.3310268932023
4893,9.94007521846355
4894,17.4057522554595
4895,10.117302122873959
4896,13.23137742665626
4897,8.86939632415333
4898,11.468088766235885
4899,11.128469435368935
4900,10.997658795041536
4901,11.012132186491153
4902,10.847403384778739
4903,13.613392109124844
4904,15.899051969266283
4905,7.914826092696637
4906,11.23996052064377
4907,16.480716567597707
4908,8.113964566870415
4909,11.275303271336002
4910,9.446500428052799
4911,14.264523569843803
4912,8.886357192156309
4913,12.531930486823642
4914,11.022105390151145
4915,11.872833103537621
4916,11.676893608261564
4917,13.653751127255262
4918,17.765476808707263
4919,13.17897874069336
4920,17.357981014270383
4921,16.622508821275993
4922,12.959427099232213
4923,11.52620110393903
4924,15.219669534627
4925,11.898074439068935
4926,13.918223868402274
4927,14.848830339244861
4928,14.771406394088773
4929,9.330754848973784
4930,16.020668663543578
4931,10.54842336831602
4932,14.077368864376602
4933,12.537730090055087
4934,16.266736252024387
4935,7.599867316826322
4936,11.890514084680872
4937,10.204409799802596
4938,7.667680361451481
4939,13.28678469901905
4940,17.336469937865868
4941,14.919263103510616
4942,16.746210740293623
4943,20.932372829366553
4944,14.493858615705397
4945,6.853675165167426
4946,9.872502948784065
4947,7.960609794422184
4948,6.583941405436313
4949,10.077117549156952
4950,13.342502040266107
4951,14.016668532455107
4952,10.508930898534594
4953,16.463004690625073
4954,12.78678260973629
4955,16.698077405871285
4956,9.195939143991128
4957,11.773825367656215
4958,11.715017766911936
4959,10.912694614757148
4960,14.73725706561784
4961,11.985489345353391
4962,13.692553611751705
4963,13.127477415111732
4964,15.230682636713354
4965,9.362101440715556
4966,9.149888888933658
4967,7.897951271555584
4968,9.053695105179115
4969,10.992134063558503
4970,10.35785361944274
4971,11.93477892824798
4972,6.477316138700594
4973,15.816837920652565
4974,13.146452058009059
4975,17.755818395853534
4976,13.121517786980874
4977,14.539233631751367
4978,6.863825642729291
4979,9.07834164903885
4980,6.87771772323553
4981,12.239152803072834
4982,9.728813043334549
4983,15.379428300069051
4984,11.691026980120627
4985,10.04790379980125
4986,18.259668745556986
4987,19.918146990681294
4988,8.139743429961234
4989,14.681304494441354
4990,7.278207104890593
4991,10.668944236613926
4992,8.692068255133044
4993,10.463981469326177
4994,11.880539371625959
4995,10.909242809774533
4996,13.185048902605258
4997,13.15305710482564
4998,14.72869340312937
4999,10.24924711807199
5000,6.653893354374298
5001,8.494903741490104
5002,11.108910219179633
5003,12.439203467401008
5004,8.428853911036802
5005,9.882814718539166
5006,14.953943910105929
5007,11.162745679990195
5008,11.193398523789218
5009,14.363104391242928
5010,15.118634766590828
5011,15.352958788781384
5012,13.640886498671724
5013,16.648938628663025
5014,10.35443132378539
5015,6.788591526683242
5016,11.381145014413699
5017,12.592430205826608
5018,11.125989092905593
5019,9.989483579069997
5020,16.186596791318248
5021,10.743888566904886
5022,15.635548284103244
5023,16.512667101547176
5024,6.203742343942991
5025,7.228880305649817
5026,13.144284381873376
5027,13.953845882503346
5028,16.544052390258233
5029,13.42715103911224
5030,7.134969640769658
5031,13.661684474562364
5032,18.458638883526927
5033,14.895854571082864
5034,15.288079635659955
5035,8.10218193718368
5036,18.244758906517774
5037,9.55070951579174
5038,7.917360004486677
5039,13.496395723848272
5040,14.27028828016045
5041,9.543969345076427
5042,11.385269908956971
5043,11.31410740753784
5044,8.848174800152472
5045,16.890393374160222
5046,8.943213932034201
5047,11.20284419269104
5048,7.475392744261629
5049,14.00062356337196
5050,7.587833354903644
5051,14.173631844162975
5052,10.931420389554434
5053,15.009184869591786
5054,13.395671762747028
5055,7.45795424180297
5056,12.111899087353244
5057,11.598382197114645
5058,14.575074360983345
5059,6.755506927654785
5060,9.662254438407
5061,6.926966476707155
5062,11.474143205398924
5063,17.874415239350057
5064,13.033172492588015
5065,14.636747714454797
5066,9.62415452797153
5067,11.15403540004455
5068,8.638320023011325
5069,8.854671756412843
5070,11.488871693625988
5071,10.92845720698802
5072,17.913195764087046
5073,11.847658677039854
5074,16.01677968938527
5075,17.46991750151772
5076,10.558179516849743
5077,7.626683781262469
5078,15.91380012561148
5079,13.810815084294068
5080,14.718682527207877
5081,11.822173843838799
5082,14.181594731172959
5083,11.563102328760861
5084,16.18401580062797
5085,11.240991493165126
5086,19.42666529792604
5087,17.095985050069487
5088,11.374963968676097
5089,15.844996284410096
5090,7.9524492339408255
5091,7.8358378946945555
5092,8.561156631922906
5093,12.812510892703664
5094,6.419857090626035
5095,13.119423120844525
5096,7.006254220727534
5097,16.726263260767087
5098,13.831102019131286
5099,11.983033891665498
5100,15.338467985858072
5101,14.869592652980302
5102,22.684412763998353
5103,8.408158625968484
5104,9.915976664391705
5105,11.987125133644177
5106,15.485152119536039
5107,12.598102462783858
5108,13.188291507558096
5109,15.940326100317554
5110,17.625800976240907
5111,9.461081174688616
5112,7.074864727755432
5113,11.328028973689513
5114,8.633519229139722
5115,15.628615133160205
5116,8.643002068882133
5117,14.359156374475461
5118,7.804182125702591
5119,8.220471945570871
5120,11.543652988458952
5121,7.013744605365656
5122,17.619058598083615
5123,15.240934729788966
5124,12.26109586219109
5125,17.818784768540066
5126,14.522395981761377
5127,19.917708297842424
5128,9.432689895462621
5129,17.67011879937812
5130,9.145675980642197
5131,7.425560526523712
5132,15.360060139373935
5133,7.135307442322966
5134,16.103739084347342
5135,10.789611844497578
5136,10.465101144732179
5137,11.27446897934212
5138,11.566699684435399
5139,14.794359430640734
5140,7.56904132976436
5141,13.368952522555963
5142,10.889916291893593
5143,9.58120789492707
5144,9.834631109472289
5145,16.322998000468342
5146,9.785937028448808
5147,14.886356563747592
5148,14.165188664364173
5149,14.78368426741873
5150,17.526377465966476
5151,7.565189515771664
5152,17.774520684715473
5153,9.103285664213695
5154,9.879525675957252
5155,15.303539880693904
5156,12.16376630157466
5157,12.630729314181346
5158,17.305062999735977
5159,14.524146970949914
5160,11.450604843937656
5161,9.258883131708329
5162,18.248712380558377
5163,10.0441221001606
5164,11.32709804621138
5165,15.868939767105223
5166,7.078402203705115
5167,17.05834204712587
5168,11.086156732738017
5169,7.920268553795477
5170,13.124266573963368
5171,11.91299363201801
5172,7.289980430418789
5173,11.07333426895608
5174,14.445786667752325
5175,9.860605509109076
5176,11.855999365377054
5177,8.852399315166322
5178,11.160988907637671
5179,9.240153967473402
5180,7.2763684539095195
5181,12.85509718011595
5182,9.429393440107683
5183,9.950592482609494
5184,6.864130925339374
5185,10.569390657928263
5186,15.805973308128408
5187,10.287633286047479
5188,11.736577840571053
5189,7.147773662018873
5190,11.596468452243172
5191,9.409508155698658
5192,8.765475360716893
5193,10.113140154157671
5194,16.228745869113876
5195,15.597067216795528
5196,9.68568184954687
5197,12.029046010766846
5198,13.2929196723076
5199,10.704690920883488
5200,15.584009661644819
5201,15.422056849409842
5202,18.29929426151254
5203,9.16532956296122
5204,8.647023641398697
5205,12.503346666510629
5206,9.72927219999917
5207,13.756590740318499
5208,14.918779737773649
5209,16.240058163782045
5210,11.711134778850493
5211,8.68633470430555
5212,7.444107252970518
5213,7.0191232534057155
5214,12.587178022431713
5215,18.927257054247743
5216,17.55368912750594
5217,13.522743538615137
5218,13.709705468997171
5219,8.291508973282092
5220,14.516819450261773
5221,12.551443558568417
5222,14.530575240356756
5223,13.881948898078983
5224,7.249415361293106
5225,7.72352300295064
5226,10.643847880794747
5227,6.604000729401803
5228,16.84800650292716
5229,12.150854543033295
5230,12.087587038253702
5231,13.795947660062671
5232,11.690859501816705
5233,18.721168159609434
5234,9.517857205235103
5235,8.736101788692219
5236,13.823509662823389
5237,12.900653313435095
5238,17.223356317808257
5239,11.034390020707818
5240,14.792977690295785
5241,13.857204056526333
5242,12.02390581231714
5243,10.303815512861101
5244,13.828492081887694
5245,6.341167325117823
5246,9.89277426749379
5247,18.448117109355948
5248,10.543326480730997
5249,10.642571575172447
5250,14.389414924890225
5251,9.708210803062524
5252,10.700223961900376
5253,13.678440673344454
5254,14.055215622445198
5255,15.692869443759632
5256,7.8960909407905495
5257,13.430932533348566
5258,17.07681737563648
5259,9.86672163231494
5260,12.63070009301788
5261,7.5667226883225664
5262,17.228021264746484
5263,16.46846249446156
5264,9.733769722241018
5265,7.599186240537815
5266,14.508905028787732
5267,14.921187059754551
5268,11.915687366947495
5269,11.691616478239759
5270,7.589922213487513
5271,12.483171571177357
5272,7.347400585030422
5273,14.816957010587844
5274,11.408940843984638
5275,14.490401521991018
5276,10.69665125387124
5277,12.663512517392476
5278,13.996786900535115
5279,11.77419902063638
5280,13.288808256337413
5281,11.02690313876658
5282,9.260242292822845
5283,11.47516570475986
5284,10.960039734195528
5285,17.036571309536242
5286,10.927164181127319
5287,11.935698236070714
5288,17.072111484723766
5289,16.611117477924296
5290,14.415683253177102
5291,8.272915332681395
5292,10.295130533269933
5293,15.793739642713803
5294,12.340814528774763
5295,14.198129290929932
5296,11.017518346612201
5297,10.082741407909715
5298,17.100666252303686
5299,12.160922101286404
5300,11.306472833743392
5301,12.515328598416879
5302,12.36490880259396
5303,15.574497650688167
5304,9.770066328231543
5305,10.070133247980458
5306,9.143152813243027
5307,18.152321119747672
5308,9.678346269461878
5309,10.781717010241566
5310,9.112065038356754
5311,8.332773225494988
5312,14.56561406042899
5313,15.794781482804638
5314,7.669337693152272
5315,7.757919561726152
5316,7.636925921831533
5317,17.124972488724467
5318,14.618852767201593
5319,7.2644932853141055
5320,11.373881165676679
5321,12.599845866539027
5322,16.268552854094374
5323,9.670388984480395
5324,13.599163551672044
5325,7.865369008064377
5326,10.323163661248852
5327,6.925382302184899
5328,14.566126809478725
5329,13.085076626743215
5330,8.736667050095827
5331,12.349651174203585
5332,10.52337527896969
5333,7.18610562892821
5334,17.837964247926507
5335,13.865877272259644
5336,10.252304671223685
5337,14.636251245687836
5338,11.867831823587478
5339,6.212286227186342
5340,7.58361897284279
5341,13.190771473982485
5342,13.603058464442386
5343,12.984261980901154
5344,6.287277813958866
5345,10.697206840640645
5346,14.164029909516039
5347,6.4764826744581905
5348,8.672575675168394
5349,7.223090218071963
5350,10.420024973878624
5351,10.815353163407707
5352,11.657704268928326
5353,10.397006738586265
5354,7.077648957743186
5355,16.635680059713486
5356,13.414629920189723
5357,13.520767916674226
5358,11.645738745194878
5359,10.739292457250118
5360,10.412052300984557
5361,13.587592503877522
5362,17.238475875729144
5363,9.707487691584825
5364,7.91217723149042
5365,14.305556030932598
5366,15.264947718310125
5367,12.561384123337803
5368,12.493070471689693
5369,16.261226398365867
5370,14.429030019038608
5371,11.891727117859816
5372,11.324375600586592
5373,13.37935444913402
5374,15.782025204403807
5375,17.890931697331983
5376,12.028975989475102
5377,9.234150507324337
5378,11.758793138403897
5379,11.402483314421843
5380,14.396047517033551
5381,10.56172108321359
5382,13.732584507588745
5383,11.529357274887502
5384,10.244023867141147
5385,9.95847118503801
5386,12.571394442017564
5387,12.029759173399732
5388,10.787209539458388
5389,9.39450538016306
5390,12.115785881142656
5391,13.559393495819767
5392,10.821215547533336
5393,15.623506673172995
5394,13.875576080385384
5395,15.625246426699753
5396,11.218741475543132
5397,14.015489722024585
5398,14.19289819539828
5399,6.149263472394897
5400,11.85636683802756
5401,6.11545763428024
5402,15.666064574522473
5403,9.712486493814938
5404,10.915205003763324
5405,14.950195280998892
5406,10.859113050131697
5407,12.59319287123869
5408,9.595795407962267
5409,6.841912339649512
5410,13.45655457754773
5411,9.775356728961436
5412,8.901994774026583
5413,16.183888233208304
5414,17.529657760897454
5415,6.691365958642368
5416,15.816820335323227
5417,13.036480562100644
5418,17.7332287576411
5419,9.607890472825298
5420,12.637871060216733
5421,7.954359491013933
5422,11.166077946583641
5423,10.493813292246871
5424,10.844409950809043
5425,16.319579096394353
5426,17.696317298487468
5427,7.113698507428801
5428,16.166609806887706
5429,12.889435165612399
5430,11.9900505272669
5431,10.808667847884768
5432,9.868359491349421
5433,18.585915139867783
5434,18.82860476328098
5435,10.557143332977569
5436,16.56688555228558
5437,9.117541111271908
5438,14.917493462943716
5439,7.728474371195269
5440,20.540000401416126
5441,7.209517431006106
5442,11.937189322869122
5443,12.963856003101313
5444,16.06682927962594
5445,16.405326723562045
5446,13.320614032025732
5447,18.211211685372557
5448,20.198157687599714
5449,6.920823444898474
5450,10.096237607021784
5451,11.077028404704857
5452,6.453131915084458
5453,10.133610775247378
5454,16.013152473498987
5455,7.237740607606896
5456,12.693061117856514
5457,7.560710253680373
5458,9.248547516630014
5459,22.71179148957181
5460,15.457617723963706
5461,14.542617905393186
5462,11.852684663498371
5463,12.765006175383265
5464,7.546935989514943
5465,11.490253525601984
5466,8.34288588347257
5467,7.683973132513714
5468,7.003451590441877
5469,15.989339818946227
5470,14.576388904943599
5471,13.601370545018511
5472,9.419537321141396
5473,14.087765691770189
5474,8.319500835079925
5475,11.9610900935524
5476,10.5804652410638
5477,9.961476038650131
5478,7.913376936833664
5479,10.90650697112442
5480,9.830819043180036
5481,11.576177529177686
5482,11.824266618987856
5483,13.127001846288712
5484,8.150844823189116
5485,10.472239707973026
5486,12.342126288077116
5487,12.193413623257264
5488,13.766064567759335
5489,11.103263009331698
5490,11.759169683359152
5491,15.68038798163392
5492,12.32214419876153
5493,9.567459184109739
5494,11.449938621601191
5495,14.342185123648063
5496,14.602062609285163
5497,13.653492205234576
5498,17.116635692994322
5499,10.189489370423663
5500,17.25878095020521
5501,13.19557559875656
5502,13.492446476118758
5503,6.8750297010627675
5504,7.39477292423823
5505,15.363104312627398
5506,16.843381128105136
5507,14.158526558218695
5508,7.193802757901783
5509,14.296282757998407
5510,10.820455141740226
5511,9.357954631681887
5512,11.08158563183767
5513,7.175034105402914
5514,10.111620127703015
5515,14.490290198648845
5516,20.280084053565627
5517,7.1727126958195235
5518,12.1901465834702
5519,15.444849603258346
5520,13.54205333809706
5521,12.878367448687909
5522,10.241354697207
5523,9.304454657243648
5524,6.158570367642923
5525,9.936689170842376
5526,7.235121076848903
5527,14.93127481698599
5528,6.368233840258685
5529,13.648461752404364
5530,11.089241457740586
5531,10.633933908391283
5532,10.896704606933037
5533,13.489800195582854
5534,17.821878197357574
5535,14.823429143795286
5536,9.605088456742457
5537,14.578856737802647
5538,7.752960222726607
5539,13.55499505253123
5540,8.235871819536813
5541,7.7131968211226045
5542,20.0781686297241
5543,11.656901151036386
5544,13.276012455881814
5545,6.853990890749043
5546,6.307080508682546
5547,16.270529012008478
5548,12.858775808690964
5549,16.484758428920816
5550,12.962329433854414
5551,7.24370922761366
5552,15.284317578211414
5553,14.78524988476754
5554,9.06467037760545
5555,10.77918254559603
5556,17.69204694877593
5557,13.87494848066188
5558,11.855857809427874
5559,10.383178758991383
5560,15.251527564318453
5561,14.00816508804755
5562,16.732636743322143
5563,6.208358778293839
5564,17.23625512960126
5565,7.6010471736772764
5566,12.892405576565833
5567,7.60687709418399
5568,8.152693553229161
5569,14.969721433686024
5570,13.147012947462942
5571,6.870670685076759
5572,11.09007714125203
5573,15.635751328051489
5574,14.937729907764746
5575,13.986269718703738
5576,15.166475070635466
5577,11.263268919245448
5578,14.693990257167775
5579,15.239322531137455
5580,13.920962506038956
5581,12.597902220676154
5582,13.106951408552563
5583,14.59399616890945
5584,15.677152989654433
5585,8.816969494634508
5586,13.002118481042741
5587,14.018033871294591
5588,8.592148542158288
5589,9.749706184063003
5590,10.01032554160421
5591,9.731141508712739
5592,10.817817816116914
5593,11.17846130727453
5594,17.205020410151132
5595,11.493608450561075
5596,15.716895836398338
5597,14.153716512625566
5598,15.444362441198786
5599,10.611592640685734
5600,14.668535080460487
5601,13.334665575990662
5602,15.434059746893633
5603,6.175333497838132
5604,10.25327777368812
5605,14.415490953887776
5606,6.667766189462732
5607,10.413926589849266
5608,18.81908144369105
5609,19.269403629120504
5610,6.588911865362522
5611,12.812125505248963
5612,14.650123126602322
5613,12.649688432953505
5614,20.248457142387625
5615,13.69550023104761
5616,16.84648467211128
5617,20.78522438267331
5618,14.330871672726934
5619,15.35837048736829
5620,6.875694089858981
5621,6.976847393147068
5622,8.847411472207545
5623,10.879183513935514
5624,10.425654782842079
5625,17.702101851303635
5626,7.069470840313922
5627,14.842498623558397
5628,18.339244397468892
5629,12.360034633449791
5630,10.225654669015585
5631,16.796429156464857
5632,10.025400403678772
5633,12.668329740282791
5634,10.976323665174782
5635,13.519586739254988
5636,7.3502425779330745
5637,12.704824238525129
5638,11.067663821804176
5639,15.747557893168365
5640,9.007958547595061
5641,17.780131121182603
5642,6.614950336359544
5643,9.79908462904315
5644,12.648707575214303
5645,11.543532240564668
5646,13.859798316946089
5647,12.895774736488258
5648,15.962980883697524
5649,15.771272871351677
5650,6.972366774965877
5651,10.249023271527689
5652,13.51712318903432
5653,10.90938834521431
5654,12.797513966695897
5655,12.911055969607707
5656,11.50628023224804
5657,14.229291469155767
5658,9.897062137597208
5659,7.174163391885525
5660,12.309490283505289
5661,17.2272847785067
5662,13.75068259172779
5663,13.597694203709343
5664,11.690569044006425
5665,13.725935934463058
5666,11.468841415531857
5667,9.960936210236062
5668,6.819124270697011
5669,13.432869745494417
5670,13.493798568958846
5671,7.437560200271221
5672,16.311568310749433
5673,20.395167661936327
5674,12.325277761167845
5675,15.476154011393257
5676,7.086356143771386
5677,13.285320280804518
5678,8.167953360952483
5679,17.55456320847516
5680,15.12655262612879
5681,12.743106947784268
5682,8.003002070310488
5683,15.93414125382096
5684,10.542907269238826
5685,10.44750668587148
5686,13.122591306495522
5687,10.600464464229608
5688,14.228637466229872
5689,11.78203703869766
5690,6.74550254331593
5691,16.60075696905695
5692,13.933024866673739
5693,8.374385228290818
5694,15.916554455574271
5695,10.916064786391187
5696,6.88131789996288
5697,22.28850973103781
5698,13.55059293665289
5699,9.848779890791176
5700,9.277818282264024
5701,14.75402846472713
5702,17.960865271443435
5703,14.581379958581811
5704,17.199370357602536
5705,11.891483316623445
5706,16.331617805353275
5707,7.25817546838951
5708,13.28153091784965
5709,9.216258359364549
5710,17.810019501591285
5711,15.184346732167212
5712,10.596665445266956
5713,11.043402963701515
5714,16.77931725999125
5715,9.891605208050743
5716,13.168368645343497
5717,10.296693880157889
5718,11.359111842175636
5719,15.843037494710472
5720,10.85671263740663
5721,11.795009169986125
5722,11.29661823977537
5723,14.498519580738625
5724,18.74494866647193
5725,16.140906823197785
5726,10.910539466337495
5727,14.54525625047391
5728,14.658067086435052
5729,10.556367451060988
5730,7.974420260977749
5731,18.39727835530797
5732,18.011345659471544
5733,15.024674547008843
5734,13.757072232274746
5735,14.950739222867343
5736,7.587628799919687
5737,11.839197767844283
5738,8.093065833810483
5739,12.047264811621117
5740,16.185768613890133
5741,14.176728790003978
5742,13.876340156673734
5743,9.729623913395628
5744,12.699088472879806
5745,9.494129033636701
5746,17.643190142368443
5747,12.226436342844067
5748,11.552082396795711
5749,5.818326324356641
5750,12.75211804037277
5751,9.322567958653373
5752,7.578179533923816
5753,8.710057971710265
5754,16.7965998560475
5755,10.910549303581135
5756,10.213818613840301
5757,11.121631246058216
5758,8.040580441224252
5759,11.13061101900628
5760,12.400505237430218
5761,13.93313188789206
5762,11.168357678496868
5763,14.760595772180379
5764,18.188404892603796
5765,8.906124012640774
5766,7.508140207451672
5767,7.8426859512557305
5768,13.472345064355046
5769,14.669031914959396
5770,7.233375251635074
5771,8.520113831687805
5772,14.867161940179267
5773,13.474957424831409
5774,11.468384743076571
5775,18.400606765126174
5776,11.612725521522158
5777,14.595162645756824
5778,14.98522065273763
5779,12.730132304336914
5780,13.367733273521793
5781,8.185078935872754
5782,11.53399767787315
5783,10.494467783255446
5784,14.959030219733785
5785,18.415732017850903
5786,9.161759656150386
5787,9.054033106315257
5788,11.903639349918166
5789,11.992784099334424
5790,15.40162717161648
5791,10.956255116892857
5792,15.846395475846977
5793,8.26664617047678
5794,14.262147942572986
5795,16.307746391534693
5796,15.32220169358647
5797,10.295280190580431
5798,13.857536035363895
5799,11.642302749958233
5800,16.08607881031347
5801,8.766057423070736
5802,11.016217457141773
5803,5.910665576496498
5804,16.013886920286325
5805,12.846284926154524
5806,8.29939693605965
5807,10.247818732675926
5808,16.526683434290245
5809,6.359794733723838
5810,13.225612255364318
5811,13.588116999058549
5812,17.732181338826845
5813,9.057560243092658
5814,14.04289619860449
5815,14.873564004834549
5816,19.026268157173376
5817,15.067323310038162
5818,12.917556508082228
5819,10.153760290221014
5820,15.77351189840418
5821,10.841374909118683
5822,17.80809056899673
5823,11.492983572949917
5824,13.407726457307453
5825,12.487419371137754
5826,10.625978110893872
5827,16.386684400961986
5828,11.172958386279163
5829,12.48638833063909
5830,10.085401108341502
5831,7.13663698567451
5832,10.699743863548221
5833,16.678164499935736
5834,7.759464926092602
5835,14.322998919085277
5836,8.10297309757872
5837,16.329692730937644
5838,14.980873464707775
5839,7.624815489019379
5840,13.444196817420012
5841,8.585808073247664
5842,11.146127740373663
5843,11.095821705668648
5844,7.695439652916174
5845,16.69581149409697
5846,14.196340556059923
5847,10.826222608310525
5848,11.360167748218508
5849,13.915113073398736
5850,8.9347635656155
5851,12.642875978160598
5852,10.506062557266388
5853,9.852629305425312
5854,10.572161925073257
5855,12.617308361752592
5856,10.614700464920263
5857,16.08540795856622
5858,15.80212050329684
5859,16.78396806922651
5860,10.851044010858269
5861,13.162521863140363
5862,10.882470805223072
5863,9.980608650236627
5864,16.2955879377642
5865,10.046591716758867
5866,11.044038911822554
5867,15.82277962092474
5868,9.462392300359307
5869,8.898699389245314
5870,8.216911371129934
5871,7.648342078118676
5872,14.033186001456523
5873,13.93082997037866
5874,11.213991273863302
5875,14.957891416592078
5876,13.074556120286175
5877,9.331773448869889
5878,10.820219552036674
5879,9.698069774346843
5880,17.723729820081406
5881,8.12636094193788
5882,13.412489756687856
5883,7.9214138730478725
5884,14.917302640871254
5885,10.766645433811432
5886,7.304239200544981
5887,11.037619566277783
5888,9.750813676564436
5889,14.922202041299018
5890,11.152286725669791
5891,6.390576267548734
5892,8.589231437106347
5893,11.341336847589696
5894,9.551004671550476
5895,16.763331751786108
5896,11.394648941851166
5897,16.391439211921973
5898,13.01031004595878
5899,8.376055236886382
5900,6.931975573232072
5901,7.746145379431812
5902,9.625257776935308
5903,10.999087007885928
5904,15.104326292069464
5905,17.55632604367762
5906,12.653931493993715
5907,10.69772062325014
5908,15.15938503006132
5909,12.202678448207342
5910,14.769855505142845
5911,13.418673856523704
5912,18.216571791643407
5913,16.96360602274645
5914,6.849329095282667
5915,15.890928636332873
5916,12.82198244982124
5917,12.758254801494944
5918,10.384385496809038
5919,8.877202224850842
5920,8.903367777711644
5921,16.579901893179635
5922,13.08176622364625
5923,13.549454759094239
5924,12.750428570751557
5925,7.953085542334139
5926,16.288022789534313
5927,8.52686369716925
5928,11.077705535019135
5929,6.597927254090567
5930,8.526755672569143
5931,20.16386205703809
5932,8.510646308783329
5933,10.774693112503298
5934,16.748899943546775
5935,16.51812650066901
5936,12.704174162554901
5937,11.975348624734963
5938,8.46177216890257
5939,16.077488862716343
5940,13.161593858146416
5941,15.042610138173814
5942,6.894325131302175
5943,9.948689547050181
5944,12.641186449903573
5945,12.335920263116172
5946,11.242076213261301
5947,13.670827922657972
5948,11.16955429401588
5949,9.123133124466495
5950,17.21190358122292
5951,7.340701850515006
5952,8.61494306926559
5953,11.794368416369009
5954,9.541957605932758
5955,14.697471645390555
5956,12.424956975222548
5957,13.816071077169143
5958,13.125432946824601
5959,12.295188675771884
5960,6.824971467265158
5961,6.0184726721391435
5962,10.343747685439167
5963,20.20457728876899
5964,11.905653085252233
5965,10.395614562680946
5966,5.97351963806459
5967,7.5187605941559665
5968,7.217422449093216
5969,9.255026624741992
5970,16.838216249205228
5971,12.593019082603327
5972,19.090760354684466
5973,11.140826876483695
5974,12.43612554310505
5975,14.476770364828381
5976,11.129396107311749
5977,14.6475669911627
5978,11.564288289810731
5979,15.772423420765056
5980,9.921023977208788
5981,7.428107042768404
5982,9.266982313991651
5983,10.273574075111014
5984,8.789634710214647
5985,13.901173431174513
5986,9.062779462887177
5987,6.842163832248946
5988,8.295848603012507
5989,12.763617793573701
5990,12.782829247842693
5991,8.246542343560336
5992,9.610154786008222
5993,13.87108479183374
5994,14.686172617258299
5995,8.13969536711018
5996,12.51113795435259
5997,11.096110940971803
5998,8.030273364002753
5999,15.922832930503299
6000,22.09792966582478
6001,10.5851762831974
6002,6.562536919191179
6003,17.407745536535987
6004,7.649711203348858
6005,18.07450648101514
6006,10.883586641185671
6007,9.130384249563095
6008,18.14140593104761
6009,13.296323729194876
6010,13.084752904445109
6011,15.583423983466076
6012,7.338939872267878
6013,9.814148750348162
6014,12.761071918806485
6015,8.624992347668346
6016,11.2385426133203
6017,7.008499271711867
6018,7.650326585781369
6019,6.934167401501867
6020,15.85644754809254
6021,11.898563327488283
6022,6.55256045794805
6023,6.715336873469717
6024,13.346565030023847
6025,16.298668864201954
6026,12.091073347557
6027,8.477687742551257
6028,14.546609209910258
6029,13.720514480575176
6030,15.97839042187964
6031,15.296910064235625
6032,8.281576402993773
6033,7.180774157396926
6034,14.236419477245477
6035,7.659276093007769
6036,14.206016408796756
6037,9.293643166840212
6038,10.795621945570721
6039,14.998876011935787
6040,9.919385490039499
6041,12.334253939150281
6042,11.341677287105961
6043,9.360919241939891
6044,10.89058266772607
6045,14.277943906518578
6046,14.981303008632915
6047,11.755893252214927
6048,10.327344212189972
6049,11.018263389001921
6050,19.358836240841804
6051,10.89180638006557
6052,17.645997134562716
6053,17.03065407565696
6054,11.728948653699552
6055,15.162854956640563
6056,20.063363753435326
6057,18.51340057577151
6058,11.957753297975678
6059,9.647222593586593
6060,11.83866954071869
6061,12.855357625496383
6062,16.96709857234509
6063,13.1901493928868
6064,13.190784349693969
6065,17.16990203819518
6066,7.297218168259789
6067,18.740848259671157
6068,11.997827166018013
6069,12.656183890319634
6070,14.8149479464144
6071,13.996889796509919
6072,11.454200183730158
6073,8.543941270246854
6074,17.970387870383586
6075,7.39022693653878
6076,6.803153481272228
6077,9.20552887632259
6078,6.240522279626194
6079,11.669385206385435
6080,15.632149789719955
6081,10.792043911014476
6082,10.881839766710973
6083,13.18030356855814
6084,14.859856398025665
6085,9.765244384867282
6086,10.830341564722353
6087,14.382900015222498
6088,6.631818073496134
6089,17.91116504822241
6090,6.589432453219948
6091,14.655580764449672
6092,8.914542149502271
6093,10.744645790020996
6094,12.469111822541114
6095,15.879263855852754
6096,19.46114545446895
6097,16.079232382773544
6098,10.10853496890214
6099,11.928223297616762
6100,9.473153753473524
6101,11.335188564024264
6102,14.572112136085309
6103,14.149451263773443
6104,12.052327279954872
6105,8.115927321184463
6106,10.28020697240609
6107,11.240381187333313
6108,14.903031337074447
6109,10.540838140449052
6110,8.53819851232747
6111,15.150162257702382
6112,13.538264210188219
6113,9.413426737518732
6114,13.77640510376313
6115,6.771214904542631
6116,17.179265070659774
6117,9.741141638123402
6118,9.733106981578507
6119,16.267161668908056
6120,16.116221759644247
6121,11.403229358819791
6122,17.036068842796976
6123,9.784245078352438
6124,7.950386153586031
6125,17.04593211522724
6126,10.66245224353417
6127,11.355440577522266
6128,10.6554862655058
6129,8.115651174632825
6130,12.72022443339259
6131,6.868293255385999
6132,11.902114164431458
6133,7.839016649535391
6134,11.653852856300915
6135,12.43297411044265
6136,7.2707811479846995
6137,7.840301770668198
6138,12.99208929266058
6139,9.330663757949592
6140,12.310298331859848
6141,8.319095061410753
6142,15.020268474262005
6143,12.341578367084159
6144,13.114547869762967
6145,9.459919817258902
6146,12.14572598931833
6147,17.341470619163363
6148,17.623881346897523
6149,13.906941048459508
6150,6.331211799424892
6151,19.603312175335404
6152,13.388920945955583
6153,11.139641754736703
6154,15.323623767628526
6155,13.526492500599899
6156,12.19750839577795
6157,14.38114651659496
6158,12.481145454710907
6159,11.019906712297141
6160,12.3201418223887
6161,10.10333315403296
6162,10.653406297127182
6163,10.169504679469853
6164,11.563529212486495
6165,14.678685647208363
6166,12.918687071191192
6167,11.573957087779467
6168,10.008668091251831
6169,12.068000627398336
6170,16.46595756966745
6171,6.699705499161765
6172,8.926252491749016
6173,16.447517608828733
6174,10.216972228171512
6175,9.99703649056908
6176,10.764882817996051
6177,15.549279142850102
6178,13.92836954570423
6179,9.129993253021105
6180,14.09715927110087
6181,7.390648497667346
6182,7.8877010080993175
6183,11.054292837123656
6184,6.935244736468988
6185,12.472169456733484
6186,14.371403841600033
6187,9.335380256362411
6188,8.068262476102012
6189,13.304408968343589
6190,11.985796054554138
6191,21.03239252372769
6192,13.345789737054403
6193,14.236415094658048
6194,8.71849315417496
6195,11.009850365762992
6196,10.64362939101065
6197,16.947178744030772
6198,16.369742268283204
6199,15.397255205449836
6200,14.941920280969436
6201,12.840900987574626
6202,13.148261519695417
6203,15.689241108500871
6204,13.63715906419345
6205,13.85761609331969
6206,22.020369657654893
6207,18.410360817427726
6208,11.0646014797055
6209,11.076128098652605
6210,12.80302344368553
6211,10.946814530618099
6212,15.232226178988071
6213,10.229303379284945
6214,10.62050938859412
6215,8.862380800632318
6216,11.372067879298553
6217,10.005272447772388
6218,8.31395413389835
6219,8.638542845410269
6220,11.124562262583629
6221,12.094471090343598
6222,18.33593995252419
6223,11.99619921457741
6224,9.240241730217761
6225,14.526754960564565
6226,10.250191867877094
6227,12.746894477154148
6228,9.96252417613056
6229,9.365194866691947
6230,16.781610686384173
6231,11.062314869221721
6232,10.548131471605465
6233,15.763514495045543
6234,9.65804136898189
6235,13.589888797826879
6236,12.518402510838724
6237,15.291108884297714
6238,10.852664662452655
6239,15.686165663314041
6240,18.01254638630448
6241,15.74921323517061
6242,18.48920187048434
6243,13.69113384949361
6244,21.063837956445127
6245,14.488281784927052
6246,12.934519996588287
6247,18.655623043958986
6248,6.591689419866229
6249,6.053228176655783
6250,18.337001250458353
6251,14.623304676198721
6252,10.286865592272306
6253,13.919638086790451
6254,11.014137180027872
6255,8.888428568725928
6256,13.872155154477506
6257,10.851103755552387
6258,7.2609325987204585
6259,13.385414397205443
6260,18.256736413471746
6261,16.6247320385642
6262,9.506920591082652
6263,11.33760640029663
6264,9.854207956182268
6265,12.35728166425963
6266,13.212484593396518
6267,17.43507700932098
6268,10.667891550390246
6269,11.844074715462556
6270,12.340747355716571
6271,16.78813821381885
6272,7.119994985206472
6273,11.048981928382133
6274,16.537454096285543
6275,6.674648452335341
6276,14.583400024083206
6277,17.682695642165037
6278,8.59751114930359
6279,10.30353029369452
6280,14.258717989017915
6281,12.869230169946222
6282,16.146997841919212
6283,11.313533512958324
6284,7.028997473759946
6285,15.80685271019523
6286,8.268340124494179
6287,7.702376577397881
6288,7.643184732272812
6289,12.411873492083837
6290,14.142895000623058
6291,14.151273047583961
6292,18.747323078239674
6293,10.27258702235302
6294,11.417660153581702
6295,8.2337204376427
6296,7.878172375669444
6297,15.923430363095564
6298,13.397909054114153
6299,17.12191625004783
6300,12.14406255555592
6301,10.32308361223372
6302,11.934022137565462
6303,11.577762317109817
6304,16.618819660500318
6305,11.823718214285238
6306,14.233819482900408
6307,10.616120350726282
6308,14.149076196770205
6309,7.868756522694461
6310,10.061984584961834
6311,9.133167720682549
6312,15.625259641796513
6313,7.023688518850406
6314,9.097469912313139
6315,11.971290987042558
6316,7.028416041106254
6317,8.17323232202317
6318,10.734941178371635
6319,11.735338115619806
6320,10.26632508136194
6321,9.780956860403348
6322,16.558850163343873
6323,10.000988328862078
6324,7.527505787207846
6325,11.8716565073965
6326,10.676922967141484
6327,9.557107748811738
6328,12.288968317001718
6329,10.372001955341451
6330,16.77543067189043
6331,9.934354455186158
6332,13.805502297105726
6333,8.201545211403488
6334,17.20883553618503
6335,7.0506002395074185
6336,14.907121293299552
6337,15.951553885472558
6338,11.082961086411435
6339,9.678747862897964
6340,6.163114113384746
6341,15.073285835034483
6342,13.976222141330444
6343,18.1614074532653
6344,7.283852751561515
6345,14.526518091693353
6346,13.722525416233365
6347,19.14063971059495
6348,10.35480296427511
6349,10.529208437405194
6350,9.642579222931625
6351,9.814395613361205
6352,9.29927692012564
6353,11.728131374890216
6354,11.87814658408413
6355,9.769418452049079
6356,10.013035289118685
6357,16.72781641475792
6358,14.898176726141031
6359,7.382405229458172
6360,8.618921558057657
6361,13.552268424424788
6362,14.983674717625407
6363,11.637691852272802
6364,12.40046011016554
6365,17.24665127344004
6366,17.506463245247698
6367,18.204894512752958
6368,12.736860939021144
6369,13.39239130173678
6370,7.91451339190737
6371,8.22300339096545
6372,14.37521818036201
6373,13.086410888654562
6374,14.519219271386541
6375,9.827258279569818
6376,9.947029525982716
6377,6.3108780268960665
6378,15.739320544036389
6379,12.077179781122815
6380,10.502657455442233
6381,10.93107017888498
6382,11.28097031569405
6383,11.398882955236497
6384,8.15851025418909
6385,11.797176214924951
6386,14.875568243940696
6387,8.477276374973988
6388,6.192131208622467
6389,8.069421351042791
6390,14.878982565835608
6391,7.298811595006785
6392,16.536272061287345
6393,10.058104505767476
6394,6.400533630088944
6395,12.227355380702923
6396,11.428325360819256
6397,11.75308998426158
6398,17.657825490203006
6399,18.16689178111328
6400,9.818143886439337
6401,13.660647122914165
6402,13.481992115479017
6403,10.606712495068104
6404,7.687897144631229
6405,12.848462905443126
6406,11.853403200035606
6407,10.36788203619897
6408,16.7584762437076
6409,7.3786249104153425
6410,14.859134512491936
6411,12.947102683674407
6412,17.157407333574387
6413,6.323154232876116
6414,12.032441222594395
6415,10.509974012699553
6416,14.846969400525474
6417,12.128301015621721
6418,14.01949362750599
6419,5.643790986398638
6420,9.249548975055527
6421,9.504309263239902
6422,9.29850332320455
6423,6.363997772660821
6424,15.030189032281918
6425,9.426782687276203
6426,12.056188610472455
6427,10.077502144975114
6428,8.301728667780223
6429,15.983303024055758
6430,11.272162782622784
6431,12.951235603531472
6432,12.07915989040607
6433,11.503871709798966
6434,18.867639146012667
6435,22.296344726267733
6436,9.767768806812903
6437,11.14379319086783
6438,18.506111225787862
6439,12.968976789649071
6440,9.138424991227806
6441,8.458815225242143
6442,10.734530718551909
6443,11.341599417353573
6444,9.404616695268958
6445,7.509334809523022
6446,7.030093976478393
6447,11.845583431684751
6448,6.9223963931313115
6449,15.345683652198824
6450,14.2812408514244
6451,16.193228543107427
6452,11.968047677759694
6453,15.650267345621208
6454,8.584803393451047
6455,10.870339908919506
6456,15.01312016901526
6457,17.98731466730077
6458,17.077476637519098
6459,7.690093309074164
6460,13.934470744934691
6461,12.5260770126182
6462,8.882694761142398
6463,12.65147625108017
6464,17.066007613789882
6465,15.087571608270258
6466,14.164046113758777
6467,17.088422261319653
6468,14.528487743782682
6469,8.831459682875918
6470,8.502381193579046
6471,9.470214856890266
6472,16.807416608648992
6473,12.930543033633072
6474,15.577191622756368
6475,7.922559436726043
6476,13.901622806140587
6477,8.07724475915135
6478,11.97466962759232
6479,12.483992411145513
6480,7.6127138073544005
6481,9.578660538659255
6482,10.251739455410023
6483,11.477944043327875
6484,11.065563851589694
6485,15.058772197544634
6486,5.989592476392254
6487,9.224895462046618
6488,9.046308498059291
6489,10.631390263236879
6490,11.958593974265469
6491,14.096364981413032
6492,12.252225027791077
6493,7.069049837602448
6494,6.398308168700939
6495,9.749287402668182
6496,13.088044393410883
6497,13.98720199131453
6498,12.064830502491825
6499,13.404826824514634
6500,14.159364367402446
6501,7.829633188545723
6502,10.734298774991727
6503,8.605036425184663
6504,11.166910379278102
6505,6.382365960067589
6506,7.77080133267695
6507,7.993775114603966
6508,15.804347909547301
6509,7.172862639809874
6510,9.977117728250006
6511,8.733231463712134
6512,6.86851787111564
6513,17.09561351394986
6514,9.978515433033683
6515,13.329741914613047
6516,13.255800370341662
6517,13.198513656393025
6518,13.469312725125144
6519,13.120110641329475
6520,17.894869531433397
6521,12.24724730603923
6522,12.026239551627254
6523,14.525544520277059
6524,11.006395528694748
6525,13.192619288652521
6526,6.69741312005472
6527,7.595497161982048
6528,12.782975522181289
6529,9.901644097277304
6530,11.92935607783677
6531,19.80782021011081
6532,16.924399535988055
6533,11.193130703287837
6534,15.059626973978645
6535,16.78646879553514
6536,6.9468869101414255
6537,14.976132365882515
6538,10.195353469410628
6539,11.384038369186705
6540,15.565819400568822
6541,10.972698274083726
6542,5.865694074622005
6543,9.899533179328703
6544,10.898941834595215
6545,10.821353485648068
6546,7.510983093131306
6547,17.26720502125657
6548,10.878755677855333
6549,17.808495319741308
6550,11.54475089504428
6551,12.290380486650337
6552,15.753760179280839
6553,8.388079256133903
6554,7.04132078572242
6555,8.82297624297479
6556,12.298237364953758
6557,7.273674338078833
6558,16.468850445918708
6559,12.878183013790926
6560,10.501504210109768
6561,12.891445878229424
6562,9.41033007006447
6563,7.399241938913408
6564,13.385451196277904
6565,8.796392690112647
6566,17.21218611611234
6567,8.66644332904826
6568,13.999866600184312
6569,10.088983312774895
6570,12.046257141613014
6571,5.9832046052627605
6572,10.412099230912796
6573,10.672549737000404
6574,7.507389069908619
6575,15.515049962566431
6576,7.214465315920698
6577,12.5055896599304
6578,10.209108730599228
6579,14.69051604057798
6580,13.237749844675674
6581,8.177371487681468
6582,16.347675216623312
6583,14.220081709037354
6584,8.40669336363403
6585,6.678037710634446
6586,6.609121483691701
6587,11.77205808085345
6588,12.328609064196106
6589,14.481062301983462
6590,9.877351294808612
6591,19.53807192829424
6592,18.584229096136056
6593,14.390204489562821
6594,7.578801734432499
6595,13.434520483286924
6596,14.079311430298075
6597,6.371047726716319
6598,13.461370569120307
6599,16.14013679476549
6600,16.16337685513349
6601,9.245655113726322
6602,16.04839654159539
6603,16.625168660202664
6604,16.959049024177435
6605,8.709069441888543
6606,9.90028646997621
6607,15.237368618369977
6608,12.784801328841311
6609,10.575807093758735
6610,13.052883008588283
6611,17.102622682464016
6612,14.844507852492967
6613,14.54629247649948
6614,10.60055684969521
6615,13.165916515904419
6616,11.15361424989723
6617,9.203944101368117
6618,14.768315999804372
6619,10.870734208501878
6620,9.74526133682195
6621,13.62376816632131
6622,16.672041489623354
6623,13.63124967739875
6624,15.843006522849167
6625,7.7301807615201525
6626,10.446855209986616
6627,7.235491513980875
6628,6.40645552331419
6629,12.323961812247942
6630,13.163223081058531
6631,7.508909093445351
6632,13.728962093659886
6633,7.825364844772895
6634,11.146937109505595
6635,11.757116173127642
6636,8.101828735008851
6637,7.803910302844435
6638,9.428895659060409
6639,11.458040294798778
6640,9.905740727320975
6641,18.393377459077623
6642,14.625228254150464
6643,13.249146710878783
6644,11.365800424778625
6645,13.784541028591947
6646,18.131731401202483
6647,12.60742625457002
6648,12.876259009772829
6649,7.27936487882316
6650,8.68530992918411
6651,15.104616480419667
6652,10.881717044472289
6653,10.806982188526481
6654,7.446724914325446
6655,14.980458521326009
6656,18.905242699452852
6657,15.00083291681086
6658,12.079730800953513
6659,10.48746198753597
6660,10.30817921473809
6661,13.983043885509895
6662,16.088225095227592
6663,6.809706784682821
6664,9.148846860363355
6665,12.609554210600471
6666,10.485692994991219
6667,9.85114041313919
6668,12.060513210370862
6669,13.207272506207664
6670,14.901693168102106
6671,15.55599634056639
6672,11.311905244042316
6673,6.352198020291406
6674,10.032697941966033
6675,6.619132484112634
6676,11.368107924547724
6677,16.834050655376945
6678,13.049901291618704
6679,17.387513851600062
6680,12.143058967513307
6681,8.482062552662315
6682,6.656811710817827
6683,10.192260091608672
6684,16.46567181820732
6685,13.435867854369429
6686,21.166395465215135
6687,17.42606512266322
6688,14.35995758502456
6689,12.012437601733028
6690,13.631004443316911
6691,13.535420599233094
6692,10.144982423763336
6693,14.697745016283228
6694,6.296756775501465
6695,13.036112534606522
6696,6.535117366853782
6697,8.001299645691384
6698,7.865819240282363
6699,6.051300962575772
6700,13.370330759647679
6701,17.761055325102678
6702,9.016152250785575
6703,10.2566038178117
6704,19.217602396665942
6705,11.882355413859171
6706,13.237269804977991
6707,6.8670451227892215
6708,14.576023883445023
6709,15.149571104657918
6710,7.974944000233947
6711,10.123385288386656
6712,13.084029658844761
6713,11.652536510016484
6714,8.41302607366598
6715,11.778253467203372
6716,13.381281156176263
6717,12.210649230809494
6718,12.868895162412715
6719,11.585744381846473
6720,11.9942867682447
6721,6.1791034705371
6722,12.068349270305989
6723,10.810670350344457
6724,11.830765380249238
6725,9.752798739045183
6726,8.940950680314637
6727,17.244104119038052
6728,11.886425579561765
6729,11.629331362523224
6730,10.808995401639796
6731,14.952239878070712
6732,15.831652910249309
6733,12.310264367564521
6734,11.574423583831068
6735,14.017258421636706
6736,8.294853364387775
6737,7.105364525361498
6738,15.260852395705356
6739,12.015062729353303
6740,10.497606796040726
6741,10.917210462263064
6742,11.745061331593218
6743,12.399045777238776
6744,9.415524982046792
6745,18.984295455532923
6746,20.998168165477328
6747,17.35664431323995
6748,11.045173810983103
6749,10.84367405868077
6750,14.637771108285634
6751,9.402873255337822
6752,13.44125703790074
6753,15.922202847298225
6754,16.187781981448634
6755,7.668388277167658
6756,11.793698675119211
6757,15.51754301560967
6758,14.558509674141105
6759,9.025438611264741
6760,9.258166045545494
6761,11.155688013955732
6762,11.80627385555279
6763,17.30714307837454
6764,15.33152210311701
6765,12.30008934425229
6766,8.859893646200023
6767,10.91547290195687
6768,16.0420389863996
6769,10.482035559579167
6770,10.55194798627719
6771,11.362300821780103
6772,13.7844071411985
6773,11.826835601290313
6774,9.55689060995227
6775,15.016196277206129
6776,14.138677250551305
6777,6.760575343730671
6778,13.308743613723138
6779,16.066428530199094
6780,15.574300913447253
6781,9.695607363482251
6782,15.120631715711617
6783,6.669692626296114
6784,8.815579774636268
6785,13.69123971883406
6786,11.563536202824954
6787,6.920848701091643
6788,11.371670123273075
6789,6.463252169019632
6790,8.38291950297617
6791,10.279846494305094
6792,10.508844206135004
6793,15.868114952785518
6794,12.048651770399454
6795,18.728164472776314
6796,7.393733926567919
6797,10.102997109599238
6798,12.64075908226134
6799,14.920318375705994
6800,13.593378593451263
6801,12.07933829657798
6802,7.917475311166231
6803,7.5298930025257365
6804,8.334973570496647
6805,14.164238793142005
6806,13.582801390557384
6807,10.661979853902139
6808,7.371281157966114
6809,17.251084455322708
6810,7.537726165892894
6811,14.462461392886155
6812,7.42101103703209
6813,12.147501749730807
6814,6.936726621278328
6815,13.502203679745369
6816,8.252821475504927
6817,12.14938720182854
6818,7.057116289377938
6819,14.790199372755099
6820,8.041381888474548
6821,9.32327769817954
6822,8.265215653392803
6823,14.35540282711697
6824,12.063440440969492
6825,11.132420101802273
6826,15.569991246549401
6827,9.549356372097039
6828,7.551576159494682
6829,9.975729300463536
6830,11.937337998932648
6831,15.208323142953992
6832,13.829380689054403
6833,12.982223350070969
6834,11.439795811921693
6835,12.61561385379409
6836,10.098328194772526
6837,15.76247149960056
6838,16.960814627690016
6839,15.14628318686151
6840,9.962240843192225
6841,11.807885721369912
6842,16.425379748064238
6843,11.078727152849737
6844,15.20394784729479
6845,14.584041023605302
6846,12.975478048948247
6847,17.284033995899325
6848,14.1967061985236
6849,12.680212774089417
6850,16.66389441427519
6851,9.79178699908301
6852,14.032436904744195
6853,18.9344603604986
6854,8.424601699828598
6855,7.369828898378889
6856,6.757682556590644
6857,11.06774660513411
6858,11.62565499503492
6859,20.575455485835107
6860,11.091693709244794
6861,9.712595545607092
6862,9.19789015570971
6863,7.698592929928875
6864,11.793666203170536
6865,11.05461273163504
6866,19.48581269675189
6867,17.2699578441168
6868,11.94214554230698
6869,13.563065985122728
6870,11.85584232357751
6871,7.952939439798096
6872,7.3771472964032725
6873,11.564720284175914
6874,9.621686144549786
6875,19.017459754572666
6876,10.380129377674285
6877,10.442138536278605
6878,6.962318132791419
6879,13.333962205952512
6880,12.70298760480886
6881,9.810189450434146
6882,14.613207741998984
6883,12.990971237670218
6884,16.670831979948204
6885,8.708252978137812
6886,12.753557901957043
6887,15.083684434515783
6888,12.50553735263403
6889,15.939615711132282
6890,8.49354280550623
6891,9.024737457747408
6892,15.356778316690432
6893,14.005551548470534
6894,17.872882346507566
6895,13.594899549666442
6896,11.066974989274042
6897,9.289765581443028
6898,11.02237185383789
6899,10.363524444344725
6900,8.7398082579918
6901,11.484509618247861
6902,14.462850396540189
6903,16.34251354711838
6904,13.730955564726953
6905,12.843441977527041
6906,11.63687342828001
6907,9.793029204981238
6908,9.686723761958717
6909,12.770181331665418
6910,12.212714719488028
6911,14.101222338752509
6912,12.210907840397594
6913,13.892485337324294
6914,11.056797314959217
6915,12.929286122639652
6916,11.271903979856447
6917,8.62794843539828
6918,11.328445087067962
6919,7.388500384536045
6920,14.120607032617968
6921,9.042398823119314
6922,9.875920458811036
6923,17.05215188213919
6924,10.420976478481876
6925,16.69098950386369
6926,14.92305741890346
6927,9.18942515357357
6928,13.835904901454745
6929,11.067026238120883
6930,12.23084778661692
6931,8.19199288384091
6932,13.833078044738473
6933,11.889284655242749
6934,15.147479565570888
6935,8.243110048809609
6936,14.562697428965372
6937,7.778834455384962
6938,7.71550797557624
6939,7.832143898694247
6940,19.069092829672858
6941,10.3376014842418
6942,16.561788110166344
6943,13.669585860625816
6944,14.820685674869539
6945,9.830971570028547
6946,10.299734336585587
6947,15.14555323732849
6948,18.086166324301423
6949,21.015093117915452
6950,13.965993472401827
6951,13.903501452603296
6952,10.881208369293484
6953,12.942567565611844
6954,13.477198843565661
6955,11.104700159297883
6956,8.45453908455925
6957,12.470805768036955
6958,8.260137869344943
6959,15.273097610994967
6960,8.970997651449494
6961,17.583723334993916
6962,6.677064723699662
6963,12.514463402536897
6964,11.424191941306466
6965,10.897239995287727
6966,11.431062130305497
6967,14.637698243693569
6968,16.11585411707151
6969,8.64201819326662
6970,7.267338215130391
6971,9.08007326559528
6972,9.076662559260738
6973,12.972258852508531
6974,14.689242401420225
6975,12.124244086313306
6976,16.33973635633773
6977,16.203646085122966
6978,12.039120669225467
6979,14.44759722440587
6980,16.865957091727836
6981,10.358735349762654
6982,10.533813263914363
6983,12.330516891259583
6984,13.246953871857903
6985,8.96892494314318
6986,7.719990400833172
6987,10.832356990981069
6988,6.696286098336187
6989,7.031749723491072
6990,16.507346973099633
6991,9.914852484459935
6992,10.58542459179754
6993,10.76894724682611
6994,14.52867431144143
6995,8.457897647496049
6996,9.158407836641247
6997,9.664370424347059
6998,8.323203049406542
6999,15.780811490521655
7000,7.591805919652445
7001,13.291198248454199
7002,14.58734369519663
7003,15.849994196454247
7004,9.495972232298294
7005,7.915769192224221
7006,11.886425722546411
7007,7.758449374883507
7008,9.21822412222869
7009,9.345518691042367
7010,11.74476212762748
7011,16.844049846358462
7012,14.637534347716375
7013,15.727007877013882
7014,8.339550265939547
7015,17.046352912149903
7016,15.701570756280908
7017,11.588399052998192
7018,13.638412323197898
7019,7.0880204829199185
7020,6.2683121886725806
7021,15.373526449846766
7022,9.623010108482617
7023,11.51369220089184
7024,11.777113695364505
7025,12.385782719180503
7026,15.788021913820844
7027,7.498019867857284
7028,18.152293484453946
7029,11.336932256145195
7030,11.905571761119681
7031,11.200958233882522
7032,10.59060779360942
7033,11.63938114935124
7034,11.296086874089454
7035,13.413176804363
7036,12.074726201820885
7037,15.837267600951883
7038,9.535659296151687
7039,15.187185179188466
7040,7.545015535240858
7041,12.90813571531715
7042,15.968563005483004
7043,11.098951263506171
7044,16.389249958669705
7045,12.08737987678567
7046,15.941676851488763
7047,12.809450338391256
7048,7.393778558779737
7049,15.304154399138978
7050,9.483513377448686
7051,7.584252864184617
7052,6.546544772148773
7053,17.345449592518808
7054,12.298303225355127
7055,9.696433069335852
7056,15.289951347150193
7057,5.932865524237882
7058,8.990944654289605
7059,14.485239680752386
7060,15.475571026041258
7061,12.16047953919221
7062,9.135453084237893
7063,8.90724704965603
7064,9.605772233912676
7065,10.173322236849872
7066,9.07198652883324
7067,10.480684808340458
7068,12.754829255137258
7069,8.974051801452225
7070,9.32534518605074
7071,14.131295009058213
7072,18.4829725126903
7073,17.94563733376641
7074,11.041837313469038
7075,10.53415180298059
7076,11.806933711689474
7077,15.408921628380915
7078,14.034670147546016
7079,11.560377385793862
7080,15.175219181035919
7081,17.224579403590496
7082,14.301291196827243
7083,6.717694389350914
7084,7.088813588978879
7085,9.164889040303166
7086,13.454690960803987
7087,17.819472416559105
7088,12.506886521718071
7089,9.806449496530389
7090,7.221400187811625
7091,16.92189383063439
7092,12.91605134628992
7093,12.586929775242728
7094,10.495626505354279
7095,9.719165195677151
7096,9.22391254320169
7097,16.476241444869732
7098,13.179047444006622
7099,10.781089940280607
7100,13.844303508432773
7101,14.830681753439746
7102,11.344426017899636
7103,9.14430677740886
7104,12.684603950149759
7105,8.655944085224489
7106,7.651388270534486
7107,13.01777037970568
7108,11.877184641916797
7109,12.357233263063142
7110,8.283131148747385
7111,10.596453391926302
7112,13.06518516357982
7113,9.54399610227922
7114,9.360841294360512
7115,15.008353138266173
7116,11.576748935032297
7117,12.182199846588773
7118,10.181632649379532
7119,14.731032689233409
7120,9.132038698776107
7121,10.210867586978251
7122,12.585089597719985
7123,10.445719906080852
7124,8.887971388241832
7125,9.7976462615067
7126,8.345858532110187
7127,12.330988041771064
7128,12.260089016446218
7129,15.258710236125594
7130,17.19062101429517
7131,8.042223045942643
7132,13.990751165197644
7133,11.115066780777184
7134,13.643821650291088
7135,15.770900776662678
7136,10.755026832979441
7137,11.076149143457156
7138,8.737708354899427
7139,9.908897892762218
7140,14.696323057480717
7141,13.035025670465146
7142,12.468857027395151
7143,6.99806781888405
7144,10.636629557701376
7145,19.53705544880668
7146,12.614328253969349
7147,14.308024541744294
7148,7.093891984109625
7149,9.540636949482368
7150,15.646530668586541
7151,11.11649537806136
7152,13.98989049429103
7153,7.60795809268614
7154,15.653751267068676
7155,16.10440229999268
7156,13.65945812472126
7157,13.80198547514938
7158,10.95321700007281
7159,12.451841165498436
7160,11.901745676337585
7161,12.690433372834905
7162,14.522950063389395
7163,9.075992921142886
7164,11.431234289714247
7165,10.777548684466069
7166,11.67247127214239
7167,12.361365927395092
7168,13.950424933616196
7169,16.472365036237246
7170,6.577106049434549
7171,15.349090428372085
7172,12.192745766672397
7173,9.157976557726784
7174,8.75788662117944
7175,13.155619347536344
7176,15.074110962666957
7177,7.259181480025691
7178,7.052719504036158
7179,11.939337689133529
7180,6.991266583565102
7181,13.484762044376046
7182,11.785120763033424
7183,12.382979273665796
7184,19.579518547718063
7185,16.288240651375748
7186,8.265573230858259
7187,11.166088022762109
7188,16.059072850132683
7189,16.640816135124744
7190,14.892680203243218
7191,12.581590892906748
7192,12.073220027349194
7193,15.221219966529668
7194,15.218513046679478
7195,17.26950845067617
7196,15.94961737471638
7197,6.900812586466382
7198,13.19010844942341
7199,12.561838014188034
7200,12.449289777599441
7201,7.352185494100919
7202,10.115837421666109
7203,6.560841371187813
7204,9.31956734089588
7205,16.911030849946794
7206,20.377492189875266
7207,11.174031664309354
7208,9.53921131271408
7209,18.723210442696395
7210,10.972802400103847
7211,8.206457684947603
7212,6.86467357842729
7213,9.999342755401907
7214,9.031322886673435
7215,15.878166994702065
7216,6.481798713008421
7217,6.134972603188165
7218,17.857386874345362
7219,17.81431636721293
7220,19.958626343845882
7221,13.717067695712558
7222,10.77825709375353
7223,17.324128130097375
7224,6.90029093618702
7225,10.38164145507527
7226,16.506165812914876
7227,14.407492803584468
7228,15.899922998902062
7229,9.847276909485231
7230,15.893710715393668
7231,14.6088932924113
7232,11.192077052679204
7233,10.94762768135918
7234,16.19642856782798
7235,16.436543026627138
7236,14.752457152697568
7237,11.696066560622347
7238,14.805609718417626
7239,6.699258096329269
7240,13.485143702722896
7241,9.797350865824697
7242,17.23259954878894
7243,11.64454102717177
7244,11.60669429230367
7245,9.502936605951325
7246,9.013829528194654
7247,10.68299349135764
7248,7.4906709753568785
7249,10.359352853666984
7250,9.08221441935958
7251,15.396828130631738
7252,6.867460319315438
7253,9.232718043398078
7254,7.31655012472541
7255,13.172611789796177
7256,15.86175155683403
7257,6.177612126108021
7258,11.541864409605594
7259,8.785961185795944
7260,11.257164688899431
7261,13.747247442767552
7262,10.3609655800815
7263,16.573321805831565
7264,7.195403078294405
7265,9.982867717019573
7266,13.174379689143388
7267,6.566551863719141
7268,8.506498795291533
7269,11.931943750048873
7270,8.70317088648215
7271,15.52765528996659
7272,7.878594432110572
7273,18.180036809216308
7274,12.53271824194488
7275,12.592207015323746
7276,13.82661749501942
7277,14.301789726958276
7278,10.311162607301547
7279,10.429241265094307
7280,14.52052010870257
7281,7.18543210167251
7282,16.24484688077826
7283,16.640103858209926
7284,7.2235023903876465
7285,19.192014548456207
7286,12.3005423981362
7287,10.515865708985661
7288,14.593568283827068
7289,13.620347621202313
7290,12.64984670063241
7291,12.575541365948979
7292,17.964783127345374
7293,8.117500321736811
7294,16.384024907369568
7295,15.337097033379813
7296,6.983575909803547
7297,9.88360646836118
7298,13.252144165023102
7299,15.762234172386327
7300,16.393386672077227
7301,9.802068457650073
7302,11.79920842631419
7303,13.433244915968901
7304,10.586506776555
7305,14.035819942157303
7306,13.764306674528777
7307,11.796652665455992
7308,18.98564133113364
7309,12.72814753106141
7310,14.007424583740692
7311,12.467445400383353
7312,10.550829939003956
7313,12.874431730305483
7314,10.885648973255035
7315,19.84978600291034
7316,12.16709277082751
7317,6.695751480201124
7318,16.503370931010448
7319,10.744267218883417
7320,16.279354441340974
7321,12.241545703598346
7322,9.9030616395563
7323,11.788202264404674
7324,11.461389341267738
7325,8.900565921470928
7326,13.573684451876032
7327,9.716804698693977
7328,14.883891552125917
7329,11.805095439975593
7330,13.805300371679984
7331,13.579034707420858
7332,7.953225978653159
7333,17.73859106170848
7334,9.570397754359147
7335,12.96868785518455
7336,9.872321211777722
7337,12.40584712085544
7338,9.35992846843577
7339,6.982645846433196
7340,18.5818361419457
7341,11.183386094276292
7342,12.27553238584241
7343,8.253263445076353
7344,18.95030035117821
7345,11.38467285714809
7346,10.967972528637667
7347,6.226437551257489
7348,15.384067347040421
7349,10.380221089153444
7350,13.880883007072178
7351,17.14065969793454
7352,14.657274076624331
7353,16.611151144072597
7354,16.32136779391475
7355,12.557100728088244
7356,11.498830376801697
7357,10.871076521102985
7358,13.347675147202871
7359,12.31210083446174
7360,14.810503061471449
7361,14.76196938668483
7362,16.082347438554724
7363,10.468635539455379
7364,14.187344782057489
7365,16.602621575561397
7366,8.447208516770216
7367,12.625419306464012
7368,11.26431151289434
7369,8.017051162405062
7370,12.514015464123622
7371,12.604731733906377
7372,7.125407314378049
7373,6.389409244046753
7374,10.043828890065873
7375,15.908667126857788
7376,11.010347020948545
7377,13.528037923080793
7378,10.39690270055542
7379,14.904162233357434
7380,19.876314213063058
7381,9.644681146577058
7382,7.759451002726332
7383,11.419109690315116
7384,13.982200711119162
7385,7.147971285504215
7386,14.710035493344902
7387,8.015214669234938
7388,7.200091393442804
7389,17.008925706503362
7390,13.464026131214709
7391,16.053530484496132
7392,10.612394905431369
7393,8.912499362693042
7394,9.040422982917983
7395,8.627900796445223
7396,9.137113016436212
7397,12.12488205579204
7398,8.947696787023691
7399,13.940520606579957
7400,7.772652556283113
7401,16.081316622186744
7402,9.510284263640687
7403,8.046123830046533
7404,9.193937061219673
7405,10.18284304778656
7406,10.75276737101195
7407,10.274980286534786
7408,17.425828544237685
7409,17.448753231056745
7410,12.72945089230904
7411,8.609990062535735
7412,16.429723758735445
7413,12.985799240385626
7414,9.729420692723192
7415,9.529133259142837
7416,10.590024327299558
7417,6.96816402399805
7418,16.744988859702175
7419,7.05156806088723
7420,11.255662805702846
7421,15.179252045124969
7422,7.166286910978568
7423,17.121126405328365
7424,17.40983912420391
7425,10.471754322861502
7426,18.691021623472253
7427,14.778653321540522
7428,14.851257394111371
7429,12.525344067147708
7430,20.05564064045662
7431,12.436663751295365
7432,14.023504780570894
7433,8.851080137728733
7434,6.9551750792304965
7435,11.156768963668627
7436,14.062344411667247
7437,14.477386173192455
7438,8.143427980892087
7439,6.989579241019507
7440,15.678895985598094
7441,15.241723672848915
7442,12.37833696655496
7443,14.708124264393257
7444,12.505067397310498
7445,9.612395492848938
7446,15.313537188757058
7447,6.477340501935399
7448,16.369342043697866
7449,9.477322538319484
7450,12.848821348782787
7451,7.930966332308908
7452,7.742687200834233
7453,12.927359064124198
7454,10.476772688231394
7455,17.817858404583422
7456,10.805578513469783
7457,11.196161022127152
7458,8.24616169558076
7459,14.478080943474952
7460,6.768358992630414
7461,18.23368584107569
7462,14.82670934915722
7463,15.399206957866197
7464,12.568428431330986
7465,13.026349491061138
7466,17.58773021293304
7467,15.38248763164703
7468,13.420067608343869
7469,7.1075261217950425
7470,15.088859017209488
7471,11.319805885862825
7472,8.960186504563822
7473,16.202564012509356
7474,12.192590473437006
7475,11.444587175456071
7476,14.46173606368985
7477,12.267213713260409
7478,11.349392269565042
7479,16.165577738795598
7480,15.621355156892081
7481,8.417851757721019
7482,8.575492460091183
7483,12.080970841886591
7484,20.52365733810048
7485,6.932673883659255
7486,14.436826340113877
7487,13.871265595301987
7488,9.571244835501547
7489,11.08700721852133
7490,6.542956470901859
7491,11.849509012694057
7492,10.833172598066362
7493,12.497567023367365
7494,10.31829355197065
7495,9.8370923305815
7496,17.698323946247996
7497,8.996340874995964
7498,16.705446430597902
7499,13.553151007232481
7500,10.320671544664261
7501,8.87683804254307
7502,15.380758226726067
7503,13.970529074486928
7504,12.376885311062187
7505,13.59981898063991
7506,18.689749935448717
7507,7.375438291673906
7508,15.394607591408453
7509,7.670858536409599
7510,14.53335777680235
7511,17.273341770533246
7512,13.185650687247376
7513,17.496809274544905
7514,13.377772655986709
7515,8.439511432848088
7516,12.75462015785511
7517,14.793757382980884
7518,11.197994698184035
7519,9.215259625649809
7520,7.635825880565222
7521,12.31542653504704
7522,12.004830637957427
7523,10.981082132366415
7524,11.317878931811853
7525,7.2677389562612085
7526,13.485204285623373
7527,10.498126822567349
7528,8.410665183939162
7529,10.949901177355153
7530,6.924861441984973
7531,12.09113529801445
7532,20.908185851613794
7533,9.523655950657089
7534,9.045322855569959
7535,9.279379920080641
7536,7.900256780465367
7537,10.26223904991215
7538,14.756592318744717
7539,9.65045592356853
7540,10.44129215608419
7541,15.792597040735494
7542,14.445224602896507
7543,10.797542792902062
7544,13.527977358078806
7545,16.779505102642375
7546,11.211500159477092
7547,6.494965768256072
7548,13.970732013177098
7549,16.428737223278272
7550,15.303569342371816
7551,13.15707522949018
7552,11.436508945266803
7553,16.223814078433776
7554,12.579522047778932
7555,6.3899120111949195
7556,18.316783431348508
7557,14.41470177584842
7558,6.298920161664022
7559,11.413137997284766
7560,16.720980220918637
7561,7.3036054716504575
7562,8.55536094060104
7563,13.006556150975108
7564,8.307238453208514
7565,10.55773769292837
7566,9.032940059742042
7567,13.506925649633189
7568,12.724597110333555
7569,11.247380916778644
7570,11.006442677066316
7571,8.757890569479917
7572,14.726816014192124
7573,7.330018888292318
7574,16.961318685144786
7575,12.391857103013157
7576,11.771697885016517
7577,7.545256353766926
7578,9.711690551557746
7579,8.838442988699486
7580,14.030739482217266
7581,7.433797188139546
7582,9.951019716702758
7583,16.47975501433658
7584,13.152374323232939
7585,13.403478024568367
7586,12.809563493585616
7587,8.14413028487231
7588,10.887812523019207
7589,11.427424806727243
7590,16.436206630034405
7591,13.950577564775129
7592,7.5572308017872
7593,15.06850812536002
7594,11.778471440843154
7595,11.006925687872515
7596,13.040231891317903
7597,10.93939079752129
7598,13.625629803565381
7599,9.953175277810459
7600,7.6224105348270825
7601,15.242884000766514
7602,19.046907649859342
7603,15.61044262038183
7604,11.274107506376216
7605,9.532858799138214
7606,16.246841867412144
7607,9.620041816929735
7608,8.033011672879352
7609,12.791084468932494
7610,7.425215859842318
7611,11.888525238944453
7612,14.837083809082879
7613,11.539169519340035
7614,11.308421571891005
7615,9.808447935298204
7616,14.940724955680068
7617,12.619134051720247
7618,8.669998649847544
7619,15.718034633557886
7620,14.919892758938934
7621,13.201573326512674
7622,14.33398815689364
7623,8.367226027484989
7624,8.355945591839456
7625,15.537204658999793
7626,15.881210028723936
7627,14.345198286723445
7628,16.572347271485643
7629,10.897500462906017
7630,10.501989238521437
7631,14.78037966302184
7632,11.387695782923224
7633,13.086954956889882
7634,7.162610310304809
7635,17.49069402089218
7636,7.422945630623972
7637,19.039494708417212
7638,15.55540178071115
7639,18.04513459909567
7640,18.66715303208976
7641,9.925554372496684
7642,7.030857551658804
7643,14.054069178017066
7644,8.994821893577834
7645,6.206727638072185
7646,16.422530086209253
7647,14.45070529588884
7648,19.85833220794235
7649,12.870330229441029
7650,14.748213466494802
7651,6.946165607766588
7652,13.162536405248096
7653,8.850578675413288
7654,10.338329194170848
7655,13.377559101789876
7656,11.47926029788833
7657,19.489408829809705
7658,11.529856685956865
7659,10.202374714584025
7660,15.048008332553879
7661,8.341771712321956
7662,11.156922673438215
7663,5.86030331144327
7664,6.658443615429459
7665,14.660344696073077
7666,16.14966101848168
7667,7.60194187693769
7668,16.760125985294746
7669,7.386497432283974
7670,16.71178338773826
7671,9.184672291446033
7672,7.447120874973682
7673,11.521787248589618
7674,17.526548172505567
7675,7.185653234545181
7676,17.187655720371964
7677,7.5321451414922045
7678,12.279381731347618
7679,16.892123783243708
7680,8.103901170206878
7681,14.237631631158367
7682,16.85957073298276
7683,13.105008984254567
7684,12.629989520658476
7685,11.415404251063157
7686,9.396368452823154
7687,12.822558651815326
7688,14.339386976937247
7689,11.17036809541983
7690,9.747387567983699
7691,8.000260959684313
7692,8.748484860964075
7693,9.216228482776328
7694,7.200658403762461
7695,15.619796774902179
7696,12.401059987955705
7697,12.000220700585936
7698,9.919593411652988
7699,8.267621711425846
7700,7.956345035615285
7701,11.354802267888914
7702,14.108715564109241
7703,14.39555126877451
7704,7.13839406131907
7705,8.977132572380382
7706,12.440204640466002
7707,18.91451925103092
7708,10.744336304025529
7709,14.597809533625247
7710,9.23621095276154
7711,19.376829183337577
7712,7.5585030526870405
7713,12.26255227796542
7714,6.598736691346718
7715,6.4450765018801865
7716,11.985118668825868
7717,18.827082018098352
7718,7.550426347924895
7719,11.380141204144357
7720,13.54329562245472
7721,13.633363401818654
7722,12.245544377643432
7723,6.958396410379379
7724,12.328965227474862
7725,16.301821590943742
7726,9.885930323650832
7727,6.540896554836784
7728,7.5311831782877645
7729,18.56989924196162
7730,16.196647290764542
7731,9.324750374858851
7732,6.233306416922052
7733,13.426006455030622
7734,13.364214836421025
7735,7.565624592407434
7736,10.381461559052012
7737,6.349869984025798
7738,19.290205595333948
7739,8.041530628563029
7740,17.500977159616557
7741,16.731243717646866
7742,7.807833832519674
7743,12.066335822515072
7744,10.214569524057127
7745,11.745487690320118
7746,8.399946828738356
7747,10.084709196513563
7748,14.817345055514869
7749,8.713600350555087
7750,8.283325104779708
7751,15.756104165898064
7752,8.7122452843931
7753,12.968591877455273
7754,13.42800786704504
7755,9.23669890663298
7756,7.047748619194961
7757,6.6846776961999135
7758,15.83466648731715
7759,8.110694364453552
7760,15.355400940169877
7761,8.053391692435342
7762,9.700810097757879
7763,8.53471330065721
7764,14.181565992727556
7765,14.151331036945798
7766,10.841118115503685
7767,9.721405059169784
7768,8.587329550056387
7769,6.215819484832147
7770,16.408195175642692
7771,10.531219555963544
7772,6.942805386280949
7773,9.449257748110586
7774,8.869286425461356
7775,10.33102715051698
7776,13.506057229018674
7777,16.026808532716874
7778,12.707049723207327
7779,11.338063134323365
7780,16.776760101566428
7781,9.085013120500511
7782,11.125196161058625
7783,16.28705190244803
7784,7.379381684997893
7785,14.591063249078587
7786,13.08339453353164
7787,9.207541685137402
7788,6.8560924112623445
7789,10.59998953152454
7790,6.620307047727991
7791,11.457690555163095
7792,11.253722759319993
7793,8.189130034873275
7794,13.636600402691931
7795,7.0471462138206205
7796,16.621737253148837
7797,7.323220156235404
7798,17.811223591816354
7799,9.980860955601331
7800,11.093101477731258
7801,17.76476333368983
7802,15.491637652778499
7803,16.526467069350634
7804,15.718362059301464
7805,12.755149282580641
7806,11.593734487753366
7807,15.736922107932946
7808,7.090386281633915
7809,7.81894654034022
7810,9.964018299302763
7811,12.60267349561631
7812,16.65508980932941
7813,6.788180430110401
7814,13.754133336430876
7815,11.782872920904083
7816,7.941457353960892
7817,14.664413714760059
7818,11.35788726324891
7819,17.374743442025903
7820,11.887484959625004
7821,15.342706735845283
7822,11.313973118769404
7823,9.412490503379741
7824,13.241789921351108
7825,10.814491746555184
7826,14.251269694806217
7827,13.135217710939273
7828,21.94795876823558
7829,11.79705032164626
7830,8.528176416692695
7831,18.974539210613614
7832,15.37961787834614
7833,8.55145861676285
7834,8.998858011252471
7835,13.13264404905766
7836,10.109544297042959
7837,8.167718960501903
7838,14.714677147649086
7839,16.339208862984226
7840,11.485006476346086
7841,7.754355927247815
7842,8.879555477882937
7843,12.789193460691115
7844,19.252217202389673
7845,9.650042437384355
7846,11.88651296992657
7847,8.647548695241957
7848,17.638657136995207
7849,11.930407753593892
7850,6.961606056876858
7851,13.50027791305302
7852,11.06747253205723
7853,8.802240064039575
7854,15.320897844113802
7855,6.465612743507549
7856,7.389504622575575
7857,6.087697384638967
7858,12.305190341697198
7859,10.601495779365406
7860,12.417303305320067
7861,12.684609577504991
7862,7.250367859141812
7863,11.790581224491598
7864,9.045812797823631
7865,8.47841362729082
7866,11.909572029834505
7867,12.37199038155382
7868,9.66286964746722
7869,10.738631517128832
7870,11.530139290168004
7871,8.177339372769843
7872,8.400136607563844
7873,19.3453225971915
7874,6.0812923588531795
7875,14.986557662940086
7876,11.962795310319938
7877,10.88261985918979
7878,6.862804007499324
7879,12.842574860901331
7880,6.511305234323654
7881,16.570836052262724
7882,15.357042810932159
7883,12.930625327861838
7884,12.222928564411191
7885,13.147442625537906
7886,8.58073311762073
7887,12.289171129395127
7888,9.54660747952696
7889,12.63940893241965
7890,12.311530833650382
7891,14.797918431518971
7892,8.153746292334871
7893,7.679376486757643
7894,6.796516649778037
7895,10.864611381558381
7896,12.942887409540624
7897,8.768863524139737
7898,13.37113634384869
7899,12.364303894911023
7900,14.682108979905097
7901,7.923155902189133
7902,7.490348387459295
7903,18.786122115857037
7904,12.564426135469686
7905,12.02129346172716
7906,14.53931963183049
7907,9.506814998476704
7908,11.942500829818258
7909,5.855953281907777
7910,10.8072803386691
7911,7.045019459728535
7912,8.85353631197104
7913,13.192357282288858
7914,8.641567914197376
7915,9.107913645345732
7916,10.692236580191201
7917,7.2807859255172245
7918,6.494565360195768
7919,5.580499989751239
7920,10.460648406190971
7921,14.529778204235868
7922,18.04766216281536
7923,14.772706978983877
7924,12.578107609493602
7925,13.422861248424622
7926,14.96351672815826
7927,10.74951501503856
7928,6.960054910565208
7929,9.07311330972252
7930,8.274628105500978
7931,10.575648513163962
7932,12.77060614420752
7933,18.133494823061376
7934,11.043510515664101
7935,17.6327571789155
7936,10.710714779855387
7937,8.451776577215417
7938,14.436988336655665
7939,13.335700263040053
7940,7.08271585040858
7941,6.486189640772054
7942,15.291310490618336
7943,7.085806136243877
7944,16.994991302125012
7945,12.526605722916843
7946,14.935616792338863
7947,16.34993951048465
7948,6.407942229515723
7949,15.142474288879894
7950,8.496505366731773
7951,13.306352375884783
7952,11.882613845238618
7953,17.45592139083106
7954,14.852160005792749
7955,14.395935104586849
7956,15.427913961298437
7957,13.82757898895806
7958,9.592235060086812
7959,12.066469127863016
7960,12.732245688702532
7961,11.82879375464528
7962,18.218557827189468
7963,8.49616378538306
7964,14.481708204983946
7965,6.622603468130397
7966,10.48149419991937
7967,16.179993729145146
7968,11.749641286460951
7969,7.7087894652532
7970,17.791528217344887
7971,8.209690514086574
7972,11.38852101667952
7973,11.199643986124634
7974,13.719059147895772
7975,7.297723982128617
7976,7.514909418033938
7977,8.739463963263576
7978,12.284841166338913
7979,7.761926290942692
7980,6.992581909252906
7981,12.04229880584134
7982,11.590448128072156
7983,10.736698392167503
7984,10.26458989428553
7985,11.051560246763506
7986,5.840576868824968
7987,16.96598538918427
7988,10.425738318302445
7989,13.115378436056119
7990,14.484597184006276
7991,6.87389689689537
7992,12.021711485707504
7993,17.519787786288614
7994,8.472128274748803
7995,12.401251943118899
7996,13.773641566261405
7997,14.740875293509689
7998,12.706892212916392
7999,5.8957612122845156
8000,7.683956860557234
8001,8.353292328415368
8002,7.056407197807798
8003,15.057756792467837
8004,16.24004224972791
8005,6.4711135074249
8006,6.873607604513295
8007,14.773077175384167
8008,13.703776534963493
8009,12.274295902194249
8010,7.305122323608849
8011,13.447675737328462
8012,8.876584335242569
8013,8.372118721107414
8014,14.853464331540335
8015,8.763606068802153
8016,12.54030367625535
8017,8.543267141345927
8018,10.14910997058356
8019,10.650871216878988
8020,11.19172362180962
8021,14.457712995252535
8022,11.713598269147832
8023,9.216557123652255
8024,11.191517522542632
8025,7.010039011427774
8026,6.818146196856747
8027,14.045622255906267
8028,13.845620745694648
8029,12.592656124351405
8030,13.643947538571688
8031,16.288495616062026
8032,18.638822408290213
8033,15.354665521937418
8034,15.346897070052007
8035,10.32959000582298
8036,11.569417606800094
8037,7.270091741476293
8038,10.894808165418937
8039,6.970635580337596
8040,9.277753769085948
8041,13.46638899063376
8042,15.077166538679359
8043,8.518511362641116
8044,9.591696353607526
8045,11.729834547026883
8046,10.636955422294372
8047,15.791373900860869
8048,7.644484285070511
8049,16.86558226547566
8050,13.63288407378983
8051,13.092758697475487
8052,14.9510358811378
8053,9.167193108130576
8054,9.052608159512907
8055,10.75626164688385
8056,10.77010636248385
8057,16.73867180856114
8058,9.34633284747902
8059,13.700698688759873
8060,11.28848795774269
8061,9.938831675259207
8062,9.2970864340795
8063,5.979919804140629
8064,9.147520143429276
8065,13.71404130173297
8066,8.4829823864615
8067,17.794921494449245
8068,12.684390059511108
8069,10.084230236814475
8070,15.398085838011392
8071,15.07206522111945
8072,9.495170997269053
8073,9.220988146833738
8074,12.404435813650727
8075,15.533136643105747
8076,9.752980610435172
8077,16.072951681532384
8078,12.336356280131989
8079,11.652674284456703
8080,9.19325152910946
8081,15.190012177254033
8082,20.440651344864445
8083,8.043336980083518
8084,8.515702339577926
8085,13.48556019438916
8086,6.943678259718887
8087,16.086194383586566
8088,7.590890882061178
8089,17.505522005108663
8090,9.155420047428581
8091,14.730993098172894
8092,12.507032153222061
8093,12.784557699530849
8094,8.840237120390094
8095,13.596050253266247
8096,13.83349203716739
8097,10.51613449824657
8098,15.606717533094601
8099,11.077861522690648
8100,19.122796187793895
8101,6.973932423642435
8102,18.72682336855404
8103,6.136305568224921
8104,12.525677198408838
8105,11.73452459091689
8106,15.244801856967959
8107,12.378585619156782
8108,12.202819477366022
8109,7.38696099950671
8110,15.791117365947926
8111,12.444343142044074
8112,8.705633297001972
8113,8.286151806127997
8114,13.565402656182549
8115,11.085205842127834
8116,9.305308826849418
8117,10.093813426820342
8118,13.120730344890916
8119,9.650823830426688
8120,6.564163734342657
8121,9.788510886805783
8122,13.40095174866463
8123,14.918291233965682
8124,6.8101459452440665
8125,14.091613420629756
8126,14.230419992647827
8127,11.746209679178158
8128,15.236236566428161
8129,7.938333396323003
8130,13.034386301712944
8131,15.127773093999815
8132,13.300391132715918
8133,7.822562395793686
8134,14.034365187543225
8135,12.98581449402586
8136,7.347051182266065
8137,13.494804484760019
8138,14.841254109429519
8139,14.139941296586983
8140,10.59782829454268
8141,14.28148791384522
8142,11.265068963220758
8143,15.192822816285604
8144,17.107695469586613
8145,12.325274420279932
8146,11.385234187085212
8147,6.300797847719163
8148,7.355641297344782
8149,8.48451626253727
8150,7.955750694634918
8151,13.677607433621292
8152,13.60621400557489
8153,12.564507406875576
8154,11.682544131332344
8155,12.884302454783152
8156,6.5956938359383726
8157,11.013162420623823
8158,15.843541842478382
8159,12.616445161548716
8160,11.038101480511486
8161,14.786358201503269
8162,11.646119329780896
8163,13.084325561667617
8164,10.144553655287796
8165,11.955751743882942
8166,13.554973279284814
8167,16.748219616789555
8168,17.27106834889815
8169,8.244214174225528
8170,16.113653265768455
8171,7.317457758009199
8172,15.65410752283487
8173,14.613518623604874
8174,7.8458184662741255
8175,10.729130683699507
8176,7.676970574397651
8177,12.24595776198507
8178,12.679990471923615
8179,13.333501428037904
8180,11.235368921018647
8181,7.7337394969293145
8182,11.990916937494113
8183,9.753514979705947
8184,14.46306188310489
8185,15.264112690540443
8186,8.706333274553346
8187,15.038352926892534
8188,15.624081579079652
8189,16.782571520840094
8190,14.827040423226364
8191,10.745450032612107
8192,10.454487571654525
8193,11.419370460111814
8194,9.263218830482169
8195,12.131799051691809
8196,10.38953728401261
8197,16.5518866202446
8198,14.346378660256997
8199,6.638391023765602
8200,17.52479828746225
8201,10.136239054938576
8202,7.360883874138959
8203,13.093910767569476
8204,14.101793177743474
8205,11.569144034423607
8206,15.599887271762876
8207,13.41620469180868
8208,8.542436641125452
8209,14.126303257760668
8210,14.292765808460127
8211,10.553897909632964
8212,14.496043863892938
8213,7.666765536120345
8214,7.672118356427258
8215,9.802927675759266
8216,15.038131254637689
8217,15.545129150234231
8218,23.024994826328022
8219,8.504544691324126
8220,15.49209620656581
8221,11.316307586063038
8222,17.039861328951776
8223,7.7113874827919915
8224,11.694657364714582
8225,15.993668103666993
8226,9.062176260593974
8227,8.959516064201564
8228,9.019606562818398
8229,8.637217145178397
8230,14.70975282999669
8231,14.514763444011699
8232,18.517311399043383
8233,9.301070782639648
8234,11.80430835395129
8235,9.331060211690671
8236,10.46677613983674
8237,11.780726385156726
8238,9.374311398183858
8239,13.750171046745285
8240,7.9108520631087815
8241,10.353718251983699
8242,14.976749386616666
8243,9.486176808342124
8244,7.400493596866217
8245,12.663748582600574
8246,12.801509357746395
8247,16.80321822959602
8248,12.359565990610319
8249,10.589706603958449
8250,8.459901688960558
8251,13.665589173435812
8252,10.919904825415516
8253,7.823138228385948
8254,9.947775515201984
8255,17.778577253101005
8256,13.147422338379641
8257,6.521710939898491
8258,10.718016395258225
8259,10.967219336390755
8260,10.619440866840483
8261,16.827423086211308
8262,15.364642826475077
8263,11.980955449217548
8264,13.596911080312045
8265,6.501706017415226
8266,16.672165274778777
8267,14.839876538122999
8268,12.84413729639646
8269,16.509934109448878
8270,8.426576441959376
8271,14.715921939322227
8272,13.66001849482142
8273,10.009732409620623
8274,8.385957740072602
8275,8.369222952996239
8276,12.834273188798598
8277,12.54569686187652
8278,11.325253670463068
8279,17.31651820002789
8280,9.491092598333937
8281,8.88917674947787
8282,11.36227932307237
8283,16.251344705681436
8284,13.134859564532642
8285,10.234100994784677
8286,8.6611505894936
8287,10.727839148140697
8288,14.742961050460272
8289,16.051916078192246
8290,8.395296681616124
8291,17.74688524540227
8292,14.005534603562795
8293,14.319865108643945
8294,13.30462088928337
8295,12.631537427474422
8296,7.561669847813622
8297,7.001694550715844
8298,16.277597209766665
8299,19.838932465960948
8300,10.983678628007313
8301,11.087418465503083
8302,13.929466950744969
8303,12.522027384540413
8304,13.184042050604505
8305,15.015774322186902
8306,14.494583382300576
8307,13.62147525789082
8308,17.40983214774568
8309,10.122092936520893
8310,13.086179590000711
8311,11.559202636610813
8312,7.789369908848417
8313,10.858884487838159
8314,10.451119501563388
8315,16.27766596904885
8316,13.334103414398802
8317,19.211854271511793
8318,13.349535894301217
8319,19.21850851458619
8320,6.306985930630863
8321,13.905289242299304
8322,6.6142818277650255
8323,10.53006633427861
8324,9.533495163176427
8325,13.532496472017078
8326,10.069825781603745
8327,11.490177921629012
8328,10.537316166575188
8329,10.476198037962158
8330,8.745337534060875
8331,12.012600606446057
8332,15.61711513045202
8333,11.443706629811842
8334,14.441142046472528
8335,11.049122898439498
8336,7.240517702414283
8337,16.219094185750905
8338,8.211738364964555
8339,8.405009677128698
8340,12.523463013079303
8341,8.375607048375821
8342,9.058992868803609
8343,9.546637735600553
8344,7.108612690749056
8345,11.843640969319976
8346,10.387846842462055
8347,10.514493330909866
8348,11.082073100016066
8349,5.810486866461363
8350,13.889274981902831
8351,11.202331271509964
8352,17.07749405145189
8353,9.673744688336356
8354,14.700522237590313
8355,14.193615086489359
8356,7.9851292071409885
8357,10.86343935652449
8358,8.168422331143036
8359,7.448145204617293
8360,15.930763696820856
8361,13.870719670506098
8362,11.413353358764207
8363,8.083973594358854
8364,17.77277324024893
8365,12.204445979833961
8366,15.988593091033648
8367,7.417321283744223
8368,10.477386395945908
8369,11.740532127795575
8370,12.075934994723161
8371,8.453331173277888
8372,14.58425671031771
8373,7.442887531562953
8374,11.868862353009149
8375,20.056711693692012
8376,6.788492997977123
8377,19.057097582648403
8378,6.039618428200903
8379,7.716295881365649
8380,15.175205209523861
8381,13.327243478557444
8382,10.85243931274764
8383,9.691269102753662
8384,17.574839717368803
8385,8.598403938996086
8386,19.940108261629884
8387,8.670801209971527
8388,10.739709961286314
8389,11.094682229561053
8390,9.376749974879003
8391,8.636381877568388
8392,7.681412189540038
8393,11.545419610389501
8394,7.378044981497287
8395,8.265984848808229
8396,14.25217832457606
8397,7.664587498558748
8398,12.512423687133625
8399,10.31969197332004
8400,13.462268641510619
8401,6.8669395838224085
8402,17.653431507222198
8403,22.26950256516098
8404,7.639405361275757
8405,10.41679439788202
8406,11.504622972970985
8407,12.803600675691674
8408,11.695241774063078
8409,12.95618046705421
8410,9.693116742247776
8411,11.131433156075625
8412,10.48868826459576
8413,18.06277300495671
8414,9.822240600101463
8415,14.146532328066712
8416,13.493108686468354
8417,6.638757441485004
8418,7.325242807536694
8419,17.506703241678576
8420,12.586132965870533
8421,20.9988044508702
8422,13.294245384028583
8423,10.36872293915323
8424,14.594270721967197
8425,16.882549060775634
8426,16.58811287912442
8427,11.350630086453677
8428,8.344440658231713
8429,13.074913610065488
8430,16.27197889164492
8431,10.36479399647904
8432,16.16769807232582
8433,11.586793709150212
8434,16.0999421496262
8435,20.279103568131806
8436,13.435143937663497
8437,12.800190834803262
8438,13.090371389067608
8439,14.666297876664743
8440,15.719739934676491
8441,12.499597644257326
8442,16.719465174530438
8443,11.86094328218843
8444,15.785856514744141
8445,10.306053482886844
8446,9.706015233569467
8447,11.502622209231191
8448,7.900127319866559
8449,15.586076963535888
8450,6.009179659839492
8451,18.30204723209396
8452,8.624821887644385
8453,12.025027927166875
8454,14.71978474317694
8455,6.972490974947266
8456,18.988058477129346
8457,12.372506938893522
8458,13.079321913684621
8459,17.797418277321853
8460,14.918759311337034
8461,16.088555163963758
8462,14.292497676582462
8463,19.00819826695595
8464,12.769336015043317
8465,13.107570847025139
8466,9.632348823851808
8467,15.027326515813721
8468,16.55028422493937
8469,16.71285741398761
8470,13.811925985303041
8471,13.956440912708006
8472,14.456282539079494
8473,12.837043383377468
8474,7.01626924914234
8475,14.856466095750873
8476,8.780445990105727
8477,11.564759903305253
8478,11.543414772512628
8479,6.679373576842718
8480,17.240657568969755
8481,10.658277554823913
8482,7.670803934134692
8483,13.087141067693002
8484,11.145324854512593
8485,13.210324480388708
8486,17.28567148126258
8487,10.994872581993087
8488,18.21908148427399
8489,9.901386294270235
8490,10.132234631196729
8491,17.477566868166537
8492,11.751050285687123
8493,15.024640737980386
8494,11.472582907005332
8495,12.350943984092337
8496,13.72919608929645
8497,16.363667014277702
8498,12.243904931924208
8499,15.532619576902325
8500,11.451522301863447
8501,8.88474289504875
8502,12.77760430392575
8503,12.880626094369761
8504,16.10792509780803
8505,13.854500019403249
8506,13.736216432450986
8507,6.415335215610869
8508,13.724362514483962
8509,17.05067882500225
8510,10.32592722567383
8511,13.126750766272002
8512,14.700692136429772
8513,18.533765990364905
8514,13.191373214012481
8515,10.641404592695727
8516,12.840773194072097
8517,14.888886831030504
8518,17.632812808420955
8519,19.407041070139467
8520,6.777400521648048
8521,15.720628367661204
8522,11.007893608573246
8523,11.98243614102231
8524,13.457560186025638
8525,14.708855120809652
8526,11.585343839244558
8527,10.331899726187606
8528,17.66490636195792
8529,15.892395015942668
8530,8.918006133389374
8531,15.823002235284926
8532,7.542852051216769
8533,21.237306540856643
8534,11.388013274213028
8535,11.46905711468124
8536,13.706048059202127
8537,11.15332766620728
8538,7.858368253733424
8539,16.015396040313817
8540,6.936938407796376
8541,15.557037736631242
8542,9.14988621202742
8543,11.068307442160538
8544,17.759393766200812
8545,19.679318409790643
8546,15.995397457443007
8547,9.332982516591313
8548,11.688135400030136
8549,10.5188687256809
8550,10.658064061060692
8551,12.819322716591634
8552,12.677019811891292
8553,10.40406491335574
8554,12.432812208836559
8555,9.580985480174238
8556,9.926105867711298
8557,18.33648297797926
8558,9.393796401033024
8559,6.947929497878891
8560,13.483180839136741
8561,11.403011398854849
8562,11.601489887140572
8563,8.924720887210915
8564,15.774778029975309
8565,13.351057650402169
8566,8.869352264121465
8567,7.851647506548404
8568,13.659211547787145
8569,6.988005917511781
8570,11.398981423216455
8571,12.413360535222553
8572,9.646260172891052
8573,10.730911476422214
8574,20.206401219678312
8575,9.123487138971582
8576,6.737105894010164
8577,14.941523812216358
8578,9.645833843349264
8579,10.353920725024214
8580,14.764951302138877
8581,12.462954336989037
8582,8.344765006509357
8583,19.11692880868792
8584,14.646090759229983
8585,15.069628862521453
8586,15.05740821126245
8587,14.54665440906272
8588,10.858795653738452
8589,9.744647132994208
8590,16.01457891727649
8591,11.86635089522631
8592,8.636311202320034
8593,15.154324644051874
8594,14.131685921137185
8595,19.715939890894834
8596,11.1418966854051
8597,12.388504901049396
8598,9.710314072592778
8599,9.764450328057853
8600,6.673572346443635
8601,7.850725289975162
8602,12.64476516869009
8603,11.69305693435489
8604,9.068653439777867
8605,11.172632874807476
8606,6.6917454195687585
8607,16.667342745964532
8608,9.719755368124622
8609,8.435312079201617
8610,16.210257011382854
8611,12.683113929262154
8612,9.352022091999496
8613,6.972188127108616
8614,13.43925543657194
8615,13.8164501508301
8616,16.103318898405206
8617,12.090296629922273
8618,8.763261942903505
8619,16.81129835299038
8620,7.366489589733706
8621,13.43679890701162
8622,19.356947523996823
8623,13.151929509825672
8624,13.8269687783672
8625,12.29616721607615
8626,10.718684905815811
8627,16.991025912799973
8628,17.400261703746423
8629,14.065871384448245
8630,13.685712698771093
8631,11.058478431744232
8632,19.021375363106042
8633,7.830148661093446
8634,15.73056101754412
8635,12.805948323424383
8636,10.164968401083213
8637,13.50610601725547
8638,13.262404848672041
8639,14.94764742130837
8640,10.172742906190917
8641,17.064788298116756
8642,10.504973058006987
8643,10.078803845020696
8644,14.974007534841016
8645,15.783235527541725
8646,11.392603106024332
8647,8.020217461968338
8648,8.435276079568506
8649,11.52474230347945
8650,14.82142174520655
8651,11.473208636889376
8652,7.737033993531355
8653,11.483874738649016
8654,8.059328137948258
8655,15.954716867432111
8656,11.033795595036944
8657,13.589947885725621
8658,7.358415978120703
8659,9.388348571495612
8660,12.608969747524313
8661,7.671489365091815
8662,14.756688681190887
8663,9.337016293193752
8664,17.935228512480275
8665,10.785675379600775
8666,17.305553599081875
8667,11.795068210862476
8668,10.326025862778515
8669,9.102539914969704
8670,8.910864774589983
8671,10.194107482989407
8672,8.440149029174153
8673,11.078835199206756
8674,9.631502114751207
8675,10.744157484046818
8676,17.177739399552607
8677,12.921469394808318
8678,13.163257869523145
8679,13.722139989353517
8680,16.855909001926214
8681,16.198815108201696
8682,17.4722870897905
8683,10.598832764145103
8684,13.352129488485033
8685,6.657539232900706
8686,17.068804659028057
8687,9.658192467655281
8688,16.59883703345493
8689,6.31621368971183
8690,11.033958945821666
8691,12.594245537117944
8692,14.275905867475757
8693,18.923023071947284
8694,17.639190479597435
8695,10.187638083248833
8696,16.79313377367413
8697,6.51109773425062
8698,11.897496950441392
8699,6.353312364725272
8700,10.41549047240471
8701,12.451228517072026
8702,8.387064061722262
8703,15.830874915771176
8704,15.275050134828929
8705,12.324069965436047
8706,15.146482926792393
8707,12.773217277159118
8708,9.70540238354492
8709,12.378260332544443
8710,12.920962455478104
8711,12.86847668741872
8712,12.50262628034159
8713,9.421470612308683
8714,8.999921601736458
8715,9.30589241863589
8716,10.32071226933924
8717,13.965487764749794
8718,13.806348757432936
8719,11.475669922001368
8720,17.787261095858735
8721,14.683543792398616
8722,13.56501626565219
8723,10.08242499179487
8724,13.609397529444257
8725,12.356406702350199
8726,9.197463717599566
8727,9.05747489436972
8728,16.790493340935644
8729,16.527159920710062
8730,7.320676708615935
8731,19.841716311548577
8732,9.523885989869052
8733,7.873592297157636
8734,6.666731381943388
8735,11.662566632180756
8736,18.101873742754048
8737,15.674045827516691
8738,14.681091127353682
8739,8.44590320445303
8740,8.81017839156756
8741,10.343896971237093
8742,15.224062739289044
8743,9.905722466017805
8744,12.894290968035442
8745,11.113275457557444
8746,8.889065550154719
8747,16.11259094250005
8748,11.008978807877417
8749,12.8721829093935
8750,13.822270470886025
8751,9.705795342869566
8752,12.43032587374951
8753,6.531810917745157
8754,11.974890738737345
8755,11.246540447858083
8756,14.183213732606573
8757,10.443110303474398
8758,13.153688583310007
8759,11.311148426299075
8760,12.70766948638535
8761,8.353847935064081
8762,13.716185064361909
8763,12.441614227573785
8764,12.883323547918609
8765,14.173063216011725
8766,6.742234756130952
8767,12.588113385208645
8768,18.576763332174437
8769,11.21773058981743
8770,13.816997319994345
8771,13.01859170597236
8772,13.53342702525074
8773,14.654943115595032
8774,16.15928949934261
8775,16.863199759339164
8776,10.086213057075735
8777,10.049012279031672
8778,16.809158963368464
8779,7.472184921379349
8780,11.139715882118717
8781,13.942676009223414
8782,7.101107626310726
8783,10.682075670752454
8784,13.250429361947603
8785,13.386536009889388
8786,7.730684495806419
8787,14.556116948974477
8788,14.696932509835124
8789,15.748970084064888
8790,15.03354026095675
8791,10.708704445521846
8792,8.284240136287469
8793,7.2147580535495495
8794,14.786451277048043
8795,12.381128186789214
8796,10.043520419944894
8797,6.863656561082284
8798,10.869859600823794
8799,16.10702519942404
8800,17.979200788759403
8801,15.400688296613714
8802,6.370942894491435
8803,10.852484061436172
8804,11.522872649167192
8805,10.653866976189548
8806,10.966864137331433
8807,12.511265720654253
8808,9.017166922839404
8809,14.138583334062746
8810,12.182427994244579
8811,12.569438427258284
8812,11.937874199847968
8813,8.171525685084815
8814,8.362323166702845
8815,6.656045995369959
8816,20.359773853994696
8817,9.866581738363527
8818,10.880633944808418
8819,12.465439803690124
8820,14.950038875234869
8821,14.537364689466493
8822,17.902863276506977
8823,15.844118169702945
8824,17.85280478194912
8825,16.75783155884272
8826,13.25842093296653
8827,8.261105692527906
8828,11.412801042668315
8829,10.327333780663833
8830,6.124719908745625
8831,8.364198235138447
8832,18.924869549049287
8833,9.409555797024515
8834,10.781695808929323
8835,11.537634451671899
8836,11.298221747166957
8837,11.625920696231143
8838,8.33113813152226
8839,13.366126099772076
8840,10.994282807880282
8841,14.83934255484845
8842,10.697776370428537
8843,14.011788785157743
8844,8.54598806529632
8845,7.255227559974479
8846,11.826414230931839
8847,11.116225682140813
8848,8.101525519992714
8849,11.424391883809824
8850,10.909992277899121
8851,14.20628548369803
8852,11.816731721007613
8853,8.853926966043524
8854,6.622899377063207
8855,15.340860029865317
8856,10.923874422555466
8857,7.638424166157701
8858,9.271843106042132
8859,14.256063593090174
8860,8.979772243968656
8861,15.345787595111679
8862,8.778682286725735
8863,7.688571397935408
8864,7.013229383347928
8865,8.737862570585845
8866,11.505892617685548
8867,10.849240703736887
8868,12.744874637389666
8869,14.573456821731495
8870,9.54701905852877
8871,8.961466127438074
8872,14.203382437644898
8873,11.582546962289188
8874,8.980227239378545
8875,8.745445721981064
8876,12.933094714177322
8877,10.250892492565306
8878,15.484759001622365
8879,16.902368467366184
8880,11.731479828238585
8881,12.329646349508257
8882,9.996477897933453
8883,5.407883644976902
8884,9.273135307511138
8885,8.037383313851711
8886,7.648603725520524
8887,9.916486512889806
8888,14.153021409145339
8889,7.889188533128096
8890,20.543399864726613
8891,8.955361397476752
8892,15.519342437527287
8893,12.007296117335466
8894,14.08923251946427
8895,21.108082122873068
8896,9.896672993390544
8897,15.636412942691486
8898,17.099189756370805
8899,7.170104196627317
8900,9.871818423838116
8901,6.156479968123868
8902,7.499840656294226
8903,19.68710107676311
8904,10.294968662438178
8905,15.476614379211128
8906,14.573478406354946
8907,17.615358236533663
8908,15.096783345868184
8909,8.000584331874471
8910,13.717519161307678
8911,13.008787844872552
8912,14.007178189174413
8913,16.2353002579824
8914,14.77664676460276
8915,14.26720102756058
8916,8.956283316653279
8917,10.838320312162201
8918,9.838901688032498
8919,15.577902683542035
8920,5.560755266571199
8921,11.008834379408322
8922,19.07696320113192
8923,5.868301362013952
8924,15.322199111668434
8925,13.993744584289265
8926,10.493371147806274
8927,15.683254559602679
8928,18.70603962321449
8929,18.358395047138576
8930,10.192400424791762
8931,10.27455852239776
8932,15.533437219790121
8933,14.718978162187787
8934,14.771223176274725
8935,13.403453711813237
8936,11.697175060381626
8937,12.170057637894471
8938,12.635310075820096
8939,7.564875097046259
8940,14.814142640185331
8941,13.158942641255509
8942,6.763544668520082
8943,18.355090380027946
8944,16.61920045788168
8945,9.1026380789755
8946,15.178055588417903
8947,13.922209936384213
8948,12.591096470314321
8949,11.500542521120364
8950,13.929002945473512
8951,8.23526873344678
8952,17.233299966347825
8953,20.0766520821278
8954,10.445756311571378
8955,12.954262038154553
8956,14.414218250086202
8957,14.487087184347573
8958,11.537516409632872
8959,10.754643899596536
8960,16.49737314643431
8961,7.827549817964386
8962,9.875468089112479
8963,16.566960853785982
8964,10.47566633990809
8965,12.379092167592939
8966,9.736778950285148
8967,12.414588181519596
8968,7.6215730975203835
8969,10.95462348458904
8970,10.272292977651437
8971,13.35977175384229
8972,6.692235214157567
8973,13.739418707172126
8974,7.265029314588987
8975,8.994099430142269
8976,11.796758334686823
8977,11.778190083500723
8978,9.290543465809588
8979,13.683336160055811
8980,6.833204334485775
8981,10.806050887630127
8982,11.799255668459153
8983,16.126401573749117
8984,16.308532306081005
8985,8.450624715034488
8986,15.78508085328569
8987,12.306664018672334
8988,17.017335979448948
8989,14.711277362147918
8990,13.13913819023189
8991,6.444125775972974
8992,12.392022378980142
8993,16.077049996394795
8994,14.758195083162777
8995,11.614707436156245
8996,17.243733763147613
8997,8.460260921972724
8998,8.013090717429547
8999,14.582520460778804
9000,16.299129886870976
9001,14.315764892567865
9002,9.00023082338333
9003,12.938193763615539
9004,7.158172621493152
9005,11.523408867639844
9006,15.026358209443735
9007,13.95101243893591
9008,13.029974817466822
9009,9.449940136674664
9010,9.96268042168908
9011,18.24625474063083
9012,6.570964890403019
9013,9.11524808590093
9014,12.553895856195538
9015,16.235777083443043
9016,10.661852897362506
9017,6.5307611437467585
9018,15.187091760898786
9019,9.419185007136345
9020,16.174517984506327
9021,13.766859139266865
9022,7.357471090480659
9023,14.29551311507103
9024,7.079707369587216
9025,17.61990695706505
9026,7.032751328193076
9027,7.912381094558789
9028,10.182703011641658
9029,18.117823334636167
9030,14.270434543222521
9031,17.845671686842483
9032,11.67595679454208
9033,8.298813204688805
9034,12.809811721473281
9035,7.320496583981171
9036,17.347880208534438
9037,11.288233114958802
9038,15.412666679304627
9039,8.570029513838373
9040,13.784611256043272
9041,11.264154275667487
9042,11.522818288616063
9043,18.54603836381906
9044,11.473934716543448
9045,12.520024533500454
9046,12.452660910489678
9047,8.353183921683533
9048,14.90574346573934
9049,13.680358476622521
9050,11.079084201764578
9051,14.974705558466942
9052,7.967145375739645
9053,10.025681362193014
9054,11.200273921461907
9055,13.006367038580846
9056,6.593095875005574
9057,11.170472298389727
9058,10.944064335233108
9059,11.491953310978829
9060,10.783650351965504
9061,15.039517998425021
9062,10.947260004647084
9063,8.124793302053508
9064,9.42534618867675
9065,17.68428315905373
9066,9.081737754913588
9067,6.221462243412674
9068,12.638780278356554
9069,10.969218238897033
9070,11.8517354379405
9071,6.963840514064752
9072,11.577877248600437
9073,12.151947033444822
9074,9.771609932208044
9075,14.696784178625945
9076,9.611836658788414
9077,13.106965109975269
9078,8.70717432675903
9079,8.970623608467369
9080,6.516387742502808
9081,8.884750116901058
9082,13.66012707688248
9083,15.447038126586236
9084,12.580717035597496
9085,12.210339030435362
9086,7.281023222704284
9087,17.18474617830655
9088,7.020813231013506
9089,6.025850944306316
9090,10.336669091501332
9091,9.415957488118524
9092,13.988627995666228
9093,9.202071813032047
9094,13.895512499046498
9095,17.033702372057846
9096,16.543016680825755
9097,13.234848444071035
9098,11.68413043964101
9099,10.142651639836368
9100,14.434030090127917
9101,12.268001741073824
9102,9.63563389112116
9103,10.500210469671488
9104,8.835374855189704
9105,10.13060675798339
9106,13.855383036722747
9107,7.826165722514717
9108,10.089080027573287
9109,14.916540149803604
9110,9.363679346216795
9111,15.6717816154765
9112,6.016982359579269
9113,13.606025349917156
9114,10.982605579171583
9115,7.216688601318431
9116,7.43951223406999
9117,11.2043823071389
9118,10.68101184400164
9119,19.147748574820607
9120,11.137543011233712
9121,9.425889896958699
9122,11.075592970549645
9123,16.989236190015124
9124,8.340357703067147
9125,14.752682156556084
9126,13.8449724736901
9127,13.83719141600755
9128,21.256594546139382
9129,14.12237491319977
9130,5.9131396889238985
9131,16.18174778679798
9132,9.058188022081252
9133,16.0328675878267
9134,7.932753398959654
9135,9.36569290106664
9136,11.96579296055725
9137,10.217720506303676
9138,12.894175005446842
9139,13.816716940529943
9140,13.21922094093322
9141,13.271323254867808
9142,13.354012277283317
9143,9.179666989348599
9144,7.941938437657142
9145,13.19527495103686
9146,8.808726219008252
9147,17.65858182294198
9148,15.100855298429105
9149,11.976997742020536
9150,6.481885274392217
9151,8.143690133069454
9152,16.041250170771566
9153,14.700987708481486
9154,19.684365952561297
9155,11.049031462417162
9156,9.288340355651604
9157,9.920268056716983
9158,13.115657916078723
9159,9.023393171931216
9160,9.289475468430041
9161,11.012553117787673
9162,18.962979187115796
9163,19.528767528982254
9164,13.231631778073195
9165,11.606989394759964
9166,15.217951134992925
9167,13.223282630082894
9168,10.411979784904085
9169,18.761142832269545
9170,9.666240148213559
9171,11.295081615280116
9172,10.61858558685968
9173,11.832851437082084
9174,11.020413144249778
9175,13.80803731395592
9176,11.997399613251204
9177,11.193142916083737
9178,12.04366299245873
9179,12.521056167191768
9180,12.675505179837835
9181,14.776433878591105
9182,16.497372256874154
9183,11.879090374504472
9184,6.303633722853324
9185,13.3412865750853
9186,9.344593251934597
9187,11.43973819132288
9188,18.180323036820038
9189,12.432902913409018
9190,17.71843178648348
9191,9.942802515686513
9192,7.1256209508499575
9193,9.526311275829272
9194,12.636773793923746
9195,10.178704899645288
9196,10.521794798234007
9197,11.265068543178328
9198,15.479311051344517
9199,19.791910818622068
9200,16.236391875533027
9201,11.170875371847819
9202,7.65471021035544
9203,14.921820053279832
9204,15.234506961670627
9205,11.293472357659164
9206,18.20020629569233
9207,13.159301139811744
9208,11.15743361142062
9209,14.678704383872606
9210,14.433315967283642
9211,6.70577537128112
9212,12.602029950761894
9213,9.19693233468821
9214,14.789842896357166
9215,14.143912632526458
9216,7.423030233671798
9217,14.177462350900662
9218,9.377482495968705
9219,12.20848089387899
9220,12.402409670946662
9221,10.518603962609967
9222,12.70861369460488
9223,8.362581275546448
9224,11.007308229930524
9225,13.262358232437075
9226,7.160225306423567
9227,6.030175757199127
9228,10.28555180618094
9229,12.64516829132864
9230,13.506722287726651
9231,13.98120438217948
9232,11.99304052300318
9233,12.083734939332937
9234,11.478908466024023
9235,12.007761768606317
9236,17.68920197564157
9237,11.952348316581302
9238,13.19539661410333
9239,11.143660532514991
9240,7.545131608758413
9241,12.908502824295072
9242,11.804355775735084
9243,13.532165016694522
9244,6.717472684607347
9245,20.081310500618855
9246,16.090584460533787
9247,17.296526621684745
9248,8.11057920201351
9249,8.27353062749267
9250,14.874068912792724
9251,12.426498511650474
9252,10.996675283360752
9253,13.541147661764896
9254,12.286422659166464
9255,11.68890217555898
9256,17.314762934270906
9257,9.571562651766682
9258,14.799414091701948
9259,10.841532845847302
9260,7.647680613813056
9261,8.053448655528427
9262,18.325895167939965
9263,12.304286335912087
9264,11.083993902301579
9265,16.160039504811817
9266,10.564144992285181
9267,8.888263572331859
9268,13.249383353395617
9269,13.72776979010125
9270,12.909317316944103
9271,17.883485520711307
9272,15.55428709376622
9273,20.764399726985854
9274,11.8964227356199
9275,9.631998507493174
9276,8.279412013595499
9277,13.145824416545173
9278,11.109909811953012
9279,15.827031723612038
9280,18.688595701469357
9281,12.823619065267446
9282,14.195262240153598
9283,8.432131256363812
9284,13.75971010267841
9285,14.771119376179996
9286,15.105089597134196
9287,14.400339388214762
9288,14.18149537642322
9289,13.021098031229807
9290,14.529993107635924
9291,6.509257141382617
9292,8.529124472943906
9293,11.87010832970685
9294,11.553399290188532
9295,13.857955881613497
9296,13.494198850234795
9297,9.58671531642316
9298,11.28800417659204
9299,15.235655661234185
9300,5.989225260487267
9301,10.74178116738379
9302,12.186699880111538
9303,9.073218531206185
9304,7.793135718012041
9305,6.2926904987149
9306,11.951392352522527
9307,7.083920489572613
9308,14.84068833832733
9309,10.724152518533707
9310,10.2731312143007
9311,9.891122888167095
9312,14.6013058983157
9313,7.273767458764215
9314,7.195036066352542
9315,8.433159545686415
9316,9.853340557346575
9317,12.764465929169381
9318,9.737109371247335
9319,13.013671576267782
9320,7.253400070146472
9321,11.290219123075358
9322,11.281755130273245
9323,10.87186309597648
9324,11.03835310485644
9325,15.467503975010024
9326,11.184266152774832
9327,16.63276798337952
9328,11.022605763959072
9329,6.747623094747013
9330,13.286443226842044
9331,6.575900253696472
9332,7.338491064186575
9333,11.482242656876963
9334,9.93529952429503
9335,7.533924275164698
9336,11.350663879622623
9337,11.144856124932849
9338,16.7413376417276
9339,10.852021248614385
9340,15.211531519485769
9341,6.881550255571747
9342,14.52162160835132
9343,11.87549926111422
9344,7.58398468021412
9345,11.096140674919099
9346,12.984041866873776
9347,14.546391160801873
9348,6.988317777137112
9349,8.41883926627223
9350,8.440425264411163
9351,15.508689190730239
9352,9.140531864392676
9353,10.922999736828244
9354,14.594235195116404
9355,18.813813239590157
9356,11.897607180508707
9357,6.799913733017097
9358,11.018491751025223
9359,12.038725989398769
9360,9.347382236488807
9361,13.109172916550483
9362,10.754170492695463
9363,8.195138066064386
9364,12.540099573535935
9365,6.963847026182832
9366,8.544910319967011
9367,10.756534393288995
9368,12.555108688633192
9369,10.289201859497878
9370,9.889868462355826
9371,10.135748001860575
9372,12.461970172303575
9373,10.0033493127727
9374,10.402568753617938
9375,17.008104917197038
9376,11.645646052651463
9377,5.825436346992398
9378,13.63491906911085
9379,6.724662121213332
9380,14.482894216384606
9381,7.807311544383563
9382,16.37501770290871
9383,14.916965993758618
9384,8.105343456825578
9385,18.20789682852585
9386,13.737604900056633
9387,16.6603030448764
9388,5.725121826351608
9389,12.226203049111723
9390,15.082532962604198
9391,14.293672463467459
9392,7.613409309764953
9393,7.256719693523702
9394,9.359917627939195
9395,13.381089792171673
9396,10.058606290803022
9397,15.855432007377885
9398,10.324311510752386
9399,16.304053641578367
9400,10.693873468846812
9401,7.262263760750845
9402,10.156814930574424
9403,16.117926992604342
9404,13.02217708795393
9405,8.843037777456928
9406,14.26210485652633
9407,9.536740013493068
9408,8.240172107982259
9409,8.790821741685113
9410,8.91278654488487
9411,12.136112631564677
9412,14.01308506941927
9413,6.8550300882495145
9414,10.786934486683508
9415,13.02201790014943
9416,7.564069560815169
9417,8.085484275286015
9418,10.579571465054324
9419,18.5612954903107
9420,13.074676058865135
9421,7.336353036354822
9422,14.961746603660295
9423,15.813957742880243
9424,11.35367269484877
9425,8.28481268949073
9426,11.84479893055896
9427,10.961161923345593
9428,18.413052748810586
9429,13.482296917512107
9430,7.291284625404651
9431,15.945438419121478
9432,6.661614180364803
9433,14.008903461147625
9434,13.6547871523576
9435,13.531540324890635
9436,15.382112633076552
9437,13.207393779469042
9438,7.092310495705686
9439,16.20366401647153
9440,13.216057428124287
9441,12.828192326339165
9442,15.691273426576108
9443,7.505676560984338
9444,15.255143681722535
9445,14.583244325138006
9446,15.892642467411287
9447,10.282295212450114
9448,9.342049136880396
9449,6.364641127102884
9450,10.43494704315354
9451,7.145840611274179
9452,15.212529037371477
9453,10.318537644559816
9454,8.435761038812053
9455,12.044343812369815
9456,14.96643803115724
9457,7.196164242785007
9458,13.125667388976224
9459,9.678491184134261
9460,14.089233792063448
9461,10.631111889531853
9462,10.284727174413165
9463,16.238181229503905
9464,16.677969925312773
9465,15.402318287605793
9466,6.90222239919671
9467,11.03278736160928
9468,12.410039867399538
9469,13.17111321971831
9470,11.978968545444351
9471,12.135607528697873
9472,16.07437518431813
9473,15.32152985343942
9474,10.65899405765373
9475,7.916743397324076
9476,11.407460178336272
9477,8.363099066138556
9478,12.055762844476698
9479,6.920310430491445
9480,9.338572343760227
9481,10.405024336933936
9482,12.760276604027815
9483,19.540960051850167
9484,23.09889305821495
9485,11.228519233087702
9486,22.22768010006296
9487,20.134627756929195
9488,15.15018559109167
9489,12.119179392215313
9490,13.105398379862669
9491,10.403031730825402
9492,11.018871765071744
9493,14.70412942029372
9494,14.55204435045787
9495,11.309212384737274
9496,7.967789936826893
9497,10.750362815336773
9498,9.227108702688335
9499,8.420458058079735
9500,13.278327733370658
9501,11.580405925953217
9502,11.370553194671915
9503,10.381187063077185
9504,13.6248050054902
9505,18.739503278082854
9506,8.572700080019482
9507,13.081075267547169
9508,8.947802997324336
9509,10.694036811926528
9510,16.27302230010019
9511,11.22243680457376
9512,7.393854328622617
9513,9.714911943006888
9514,7.505976139216853
9515,12.655405314953732
9516,7.880680572346783
9517,10.650312386866403
9518,17.747697585277038
9519,8.28206178106401
9520,12.995886535680297
9521,12.982493445117607
9522,8.974087206083784
9523,15.38318108388052
9524,11.606847090919105
9525,18.556215390972763
9526,14.102116438632303
9527,15.498113311874027
9528,10.595700615150841
9529,6.683475655722699
9530,9.974520034945447
9531,11.486715155038292
9532,10.483714074430454
9533,11.04464976367976
9534,13.642285795488183
9535,12.691497097387709
9536,14.974135336330798
9537,10.553164295487408
9538,7.590950205834768
9539,18.488019513645643
9540,6.935276394766839
9541,7.411122428999711
9542,10.081596643381124
9543,9.432044685151139
9544,10.164345234480853
9545,11.190726078835395
9546,13.211327274966196
9547,9.385046956943405
9548,6.853415336912516
9549,17.639465339119862
9550,14.13394970800463
9551,12.635431839199248
9552,7.059258468340502
9553,13.759265398742679
9554,9.555616294769505
9555,7.576062394186054
9556,10.792479571611288
9557,10.202609284522252
9558,9.493969198255217
9559,14.704286708266514
9560,9.899535070253746
9561,11.404439170764002
9562,14.021557978730335
9563,7.94904282747306
9564,10.251204242631184
9565,8.255357162454482
9566,7.3017079231180375
9567,8.665812676215035
9568,6.666576724982316
9569,13.660922964699717
9570,11.624869258603079
9571,17.04271740966146
9572,16.13388818916669
9573,14.675760788300884
9574,16.412184312492375
9575,12.58224929877903
9576,15.662872784677987
9577,9.56374668534545
9578,15.480408155458752
9579,9.53805610347458
9580,19.19442127181712
9581,7.191263796404134
9582,12.45028254698517
9583,7.155016283104648
9584,12.736231664640625
9585,9.770284921983333
9586,11.044436910437168
9587,8.168859705987403
9588,15.18823300290933
9589,6.695350044820678
9590,8.876522031408307
9591,12.538977481906628
9592,10.127766861193171
9593,8.012698887374887
9594,14.628841598105481
9595,7.366008645071397
9596,16.2159026612559
9597,15.546579363006927
9598,13.455054384016437
9599,16.84360088490416
9600,10.980779110645402
9601,9.214410995651704
9602,13.885385331704825
9603,15.90248279035532
9604,7.995671829036165
9605,8.639294200488989
9606,6.663161310248582
9607,12.180924633020842
9608,12.191592514146242
9609,6.316280910687067
9610,9.07768817598913
9611,14.191175219973319
9612,10.428716689785352
9613,14.00368947789581
9614,12.544605673334843
9615,8.131302726427593
9616,18.811307841344675
9617,8.811248856526868
9618,12.343053991560419
9619,17.22086003235926
9620,9.52497707772644
9621,11.37594040126156
9622,13.350933340663895
9623,12.726174139463444
9624,12.323272992592399
9625,10.840129049546155
9626,7.889499208245817
9627,8.849352138422992
9628,11.410226616317658
9629,10.046017131779053
9630,11.403109867820683
9631,14.101293192131381
9632,15.291726140227558
9633,8.796449890441439
9634,7.358638852032783
9635,6.7208725408423
9636,14.265588863043021
9637,14.967518767687368
9638,12.874781779683877
9639,7.555398000913847
9640,14.327982136576374
9641,8.820487686827898
9642,10.635113421096495
9643,13.908282051080498
9644,13.906904379018686
9645,8.751582067589888
9646,12.842251824832394
9647,9.3872440300596
9648,8.871711073714298
9649,12.20194093731149
9650,12.861789869509836
9651,7.585350676329528
9652,10.235376340317096
9653,9.150916274917945
9654,17.520455700598994
9655,9.635639640958846
9656,9.95930329550624
9657,13.721235543864076
9658,7.979334856245681
9659,9.723849212552155
9660,16.868678954798852
9661,16.37958367815702
9662,14.700132415902333
9663,17.84989623825383
9664,10.669103572727783
9665,8.055071098484524
9666,11.04149921570324
9667,12.2836178722753
9668,14.043394060455164
9669,14.211914502383019
9670,7.0061939282927215
9671,10.422762988823704
9672,7.9757083905838995
9673,16.346228987633378
9674,15.567394081506755
9675,6.56386087749799
9676,11.989763581594234
9677,12.926233357137699
9678,13.174027749333183
9679,17.25120524115534
9680,9.190874968748377
9681,11.137884116044903
9682,10.925453112240818
9683,8.572336158160589
9684,12.53839176070052
9685,15.220021466061615
9686,10.855688357007963
9687,11.670290180440361
9688,10.409276356376122
9689,12.437242508270016
9690,14.833653663159692
9691,10.383891702033209
9692,11.802982061961265
9693,9.243292780121566
9694,7.821817981684188
9695,6.490629280230524
9696,11.012130355733518
9697,6.261466412918865
9698,10.194051853462833
9699,5.908198100634588
9700,9.043116665566393
9701,15.869617706473013
9702,13.348548424959938
9703,12.810238340642295
9704,11.334099759916734
9705,15.711437408270164
9706,15.633467107334559
9707,12.41503257639508
9708,11.219135828061736
9709,8.5994282388775
9710,13.319867312398785
9711,12.290163194318069
9712,6.232515924745709
9713,7.00706619384881
9714,14.417703526601285
9715,10.888767910052657
9716,12.564650510834342
9717,10.87423103282986
9718,6.248894658643569
9719,10.586956005680603
9720,7.94789968837851
9721,10.873082525060413
9722,12.204801647069429
9723,8.648166885831087
9724,12.100772763447681
9725,8.07558901527243
9726,13.488711780322435
9727,7.102613071549944
9728,10.692490696934238
9729,12.48455442239323
9730,15.645891612581151
9731,16.215420341491345
9732,10.633943264799665
9733,13.986456161982737
9734,14.458251061841016
9735,13.073991934507836
9736,12.861280141442876
9737,9.96434885021605
9738,10.878651427028453
9739,12.044371214804121
9740,9.178733111151528
9741,10.705279038671959
9742,17.517037208058934
9743,8.8385044552451
9744,7.072842141696071
9745,12.783040545958363
9746,10.771799464187518
9747,8.480374268707694
9748,12.894826017241735
9749,8.187067248785437
9750,11.020882303701342
9751,10.330078158638296
9752,12.228593642547315
9753,6.627718619314424
9754,12.757655947203872
9755,16.485054729251434
9756,9.460156282489555
9757,7.534390078716583
9758,10.356420297751587
9759,16.364588607670132
9760,12.924482777292928
9761,16.499901442548843
9762,13.888070690436008
9763,6.7346319517177164
9764,15.230548083630557
9765,10.73512055380615
9766,16.88465482551038
9767,15.780503461079356
9768,8.944655890220002
9769,12.38398290217887
9770,16.18414034244209
9771,15.354015899235009
9772,10.231516628403517
9773,7.138142826100996
9774,13.6763567100065
9775,11.370317364540568
9776,13.123754195272824
9777,14.842822940558866
9778,12.167159239538185
9779,15.988071249339177
9780,8.452734575511572
9781,11.684533821950573
9782,11.052628326557368
9783,11.878855442842095
9784,14.414831410904915
9785,14.650554523473104
9786,7.380421077131853
9787,10.658892207429432
9788,13.951421324038018
9789,11.506807175908955
9790,17.11924681241678
9791,14.424367380027453
9792,12.452139679947843
9793,10.482915742326076
9794,11.053497798695114
9795,6.322105962103213
9796,13.185555064864412
9797,7.015998856087485
9798,15.04666495666369
9799,6.3533956302337735
9800,14.37651567479414
9801,8.97424524973756
9802,5.933410551872427
9803,13.59903851974657
9804,11.390309919639257
9805,14.905062250492312
9806,11.888177091380996
9807,13.96602055702084
9808,13.828144622132868
9809,10.190732017497078
9810,20.441680709333426
9811,18.799677067302856
9812,10.757299743246284
9813,7.701019305038099
9814,13.636179822853938
9815,11.562410363542321
9816,12.501679632336758
9817,11.857018374804264
9818,15.788933994859391
9819,8.358612449426163
9820,12.229592585452863
9821,15.689231408185044
9822,10.818297514264708
9823,6.137457722505199
9824,14.336885158695532
9825,8.229611206858648
9826,11.60600469684328
9827,12.659088695342035
9828,12.622980363693207
9829,6.403580464977247
9830,10.747629991909358
9831,8.400952791349308
9832,15.269005590074329
9833,13.314697099466137
9834,13.909512626223966
9835,11.830174262614973
9836,12.074417059296072
9837,6.9195875030437834
9838,10.10838610662726
9839,15.499117276451685
9840,6.938262805832554
9841,12.822358564446825
9842,13.322595408593846
9843,7.990569564706977
9844,17.03338781392195
9845,11.211112309726706
9846,8.711699713473838
9847,13.654386758389563
9848,12.466533045907644
9849,11.232085773167526
9850,12.295499121405257
9851,10.30541287907847
9852,8.121228256084043
9853,7.7506445233690116
9854,12.378886987442947
9855,14.9851488835586
9856,12.498657845022384
9857,11.397844576464228
9858,13.77917667467922
9859,9.705607714035123
9860,14.105225440737748
9861,17.782762288172467
9862,8.74993291659916
9863,13.24565951586346
9864,6.902947154355787
9865,20.056494841194603
9866,14.167084502067993
9867,8.525761734949596
9868,19.60973660544645
9869,11.277974853402496
9870,12.163710054318704
9871,18.52722809032152
9872,16.42096082064509
9873,16.981369729366936
9874,15.361609235256054
9875,8.217250065853422
9876,10.80877445615377
9877,14.068435747495021
9878,11.839394562583777
9879,19.944938515046484
9880,8.043660579529272
9881,7.4972749083301125
9882,18.787691938413555
9883,11.308719049248348
9884,11.234214079938292
9885,9.556034787781883
9886,19.395330684046225
9887,12.222832762515663
9888,11.360623237456734
9889,12.581918251321042
9890,17.93594594319981
9891,10.740080208991614
9892,8.153383531437427
9893,10.682164460359887
9894,16.304394164103112
9895,12.606719041217907
9896,11.80410698204939
9897,12.766897958401065
9898,6.632547468173596
9899,14.072797810420097
9900,12.321347976219535
9901,10.499009752972787
9902,14.937470022316427
9903,12.6381171305938
9904,9.862591272983826
9905,12.336654372818032
9906,16.1600766711984
9907,11.96019240321228
9908,9.481665460026173
9909,8.291948735677165
9910,14.263450600317654
9911,16.5953894496658
9912,7.677172643812596
9913,17.053944349991323
9914,12.759927738171754
9915,12.207028489182141
9916,10.720015193300668
9917,9.275510205393543
9918,9.990754472514732
9919,12.737116575111209
9920,10.471769776852362
9921,9.780991857068
9922,19.64605405599437
9923,13.75296833170276
9924,20.594846409296164
9925,14.92162675074409
9926,17.194216122223374
9927,7.1926577014437365
9928,12.174143514380463
9929,13.915707769950624
9930,8.126150038159247
9931,13.397741284842786
9932,14.249893833774484
9933,12.423666915183226
9934,11.928104725499287
9935,7.354189413526929
9936,12.986606739013167
9937,14.46234173052178
9938,11.652917893933013
9939,18.048159707075502
9940,12.870699978557647
9941,13.355349920376097
9942,12.135880465398687
9943,16.16536406853957
9944,12.959060518208043
9945,11.761320678805921
9946,12.83361454764414
9947,18.42283177937999
9948,18.24383063245449
9949,7.4125783040487425
9950,17.560963861499598
9951,13.390926060254875
9952,17.8793444333858
9953,12.154913086862045
9954,14.920803328830646
9955,11.313961313075945
9956,12.722814586801888
9957,17.320607679188388
9958,13.083085621143894
9959,12.57104738642379
9960,16.21674156837645
9961,11.636400723271867
9962,10.26088192863524
9963,13.912882948103908
9964,11.188847948053358
9965,14.303567520788684
9966,11.360389443642608
9967,15.593280501769948
9968,13.398335140621128
9969,10.668249985249906
9970,15.558078666550339
9971,16.30945701574517
9972,13.92572680702776
9973,11.719402863779843
9974,12.843244760929771
9975,14.638287493763661
9976,7.803857196952049
9977,8.559913948991902
9978,13.688192916449225
9979,14.697493063457161
9980,9.360210190372895
9981,9.99113784791944
9982,10.686672281186505
9983,8.263858048230723
9984,12.545828690337416
9985,9.077160291873168
9986,8.32445259372034
9987,6.586449498718456
9988,11.690487421735556
9989,16.90897951326116
9990,8.265008547424657
9991,15.862644966276823
9992,9.342766898989742
9993,16.714451621192662
9994,9.947153705219373
9995,8.134465832838542
9996,6.695820310010301
9997,12.664873815689255
9998,7.355088268084852
9999,14.7807100379215
10000,6.7891263777435755
