ID,int_rate
1,12.971517686216279
2,15.176377732325248
3,8.677946216240821
4,16.220443575243642
5,15.269778019168044
6,6.790753305947477
7,12.323900818470953
8,9.064160579108723
9,14.492446574327124
10,19.97812141802923
11,6.0
12,15.957094283334238
13,12.319386492655791
14,16.822391703605984
15,14.800947528991278
16,10.320665897035111
17,14.677270415777514
18,13.710860711227966
19,9.768745253483896
20,16.487031071977857
21,9.951070647393882
22,17.271776532875855
23,10.09779187548863
24,14.378303926746899
25,13.094240670388274
26,7.853146498823921
27,18.62496878475252
28,18.109847828483584
29,15.294552181262356
30,17.337203126449342
31,9.241626324191897
32,7.75115707166839
33,12.126517141780841
34,17.247410969736848
35,11.72501856407087
36,13.595117471399536
37,13.280059136089347
38,8.006394652386135
39,10.073671828419991
40,14.924931763139517
41,11.578569859376156
42,16.840800229692324
43,9.15706824181081
44,15.75072953751977
45,14.46977976106119
46,14.785948721430206
47,22.471043745869007
48,17.06709998585175
49,6.687977220536814
50,8.454363064436484
51,11.346216060993024
52,19.170025168009076
53,9.162463908345691
54,9.305388337212545
55,10.073868690682897
56,14.332131263175341
57,8.04866781329569
58,12.587874002496072
59,12.930039897910337
60,11.797044690686064
61,17.037674539245252
62,11.182348747651641
63,19.415218074239622
64,12.273696171537011
65,14.051123644943946
66,11.010917828803587
67,7.650624047182356
68,6.365529753939265
69,8.7928295936641
70,15.451627476038965
71,14.048419282179895
72,13.27829332892665
73,10.090733426906423
74,11.397489520687214
75,13.155697107235712
76,14.148986780338703
77,13.979617954059442
78,9.416773005768524
79,9.620969794596853
80,7.027507302453284
81,11.358012464613106
82,10.41093379163942
83,13.998856942221607
84,7.978555270446189
85,15.904871518182055
86,9.613274213403548
87,7.620660304513245
88,7.625767258810189
89,6.409037053095674
90,13.435786944698437
91,7.591435733944416
92,12.580599910923913
93,9.732457663020334
94,8.735683328460087
95,12.978921888868625
96,12.037837011216359
97,7.878061593770965
98,14.832110043875087
99,8.48998360222336
100,8.551634499695021
101,12.898410067800848
102,11.2024701617902
103,8.91836944668225
104,6.215082753246043
105,8.510049323255146
106,19.115392523529373
107,12.64815169007635
108,17.736284533119665
109,8.730294410541392
110,7.096163137295685
111,11.545010543461917
112,12.694541928101298
113,13.193229206606542
114,10.254795846178856
115,13.864569340572594
116,11.659523011583563
117,13.793271171988673
118,6.4942464900247625
119,8.826528063604586
120,14.268140473207
121,14.338032129972449
122,14.10665200560272
123,6.317832299177931
124,12.079359670730367
125,16.291068525576012
126,6.692415919577736
127,6.122287025889944
128,15.237150882155154
129,10.32810403930506
130,7.819953544521467
131,8.936550867781584
132,14.319442347989527
133,8.268881349477887
134,13.39178169064429
135,7.810047294791581
136,15.69181939540828
137,8.39277298501576
138,16.32621550081407
139,9.198827029314675
140,12.076940446870601
141,18.731232623506077
142,11.405385423684441
143,9.60271644506754
144,17.884621503530646
145,11.578108928331417
146,17.802894826316166
147,12.947624079784637
148,7.865925071737711
149,12.717576749660891
150,7.472947004154622
151,11.68627195565715
152,8.385964901989032
153,9.310461762135496
154,7.595131204860737
155,7.539896815883011
156,14.684325093253815
157,8.121051708169807
158,6.691251698592479
159,9.309698451417812
160,9.857238723346235
161,8.010137831316488
162,10.236799845400952
163,18.411510878096543
164,15.220264632067238
165,7.192782459640783
166,9.990973768944826
167,6.949056035118463
168,11.608855687868964
169,14.171073151864913
170,8.893582487991015
171,16.30045052269172
172,6.699773629670817
173,10.83906424402013
174,10.12133678583787
175,18.1791018554216
176,16.602359334192936
177,6.607852093239596
178,9.048240329706953
179,8.447348307603963
180,10.7477008759306
181,16.51007711463163
182,12.674662521749875
183,13.266416465817288
184,10.17548606915631
185,8.268840560097154
186,16.53403004994456
187,11.595684720694297
188,15.289910042936965
189,8.350522313169293
190,14.094837619697277
191,9.506027469174054
192,10.327442122608545
193,9.254422553219328
194,7.037736337559969
195,8.008874726524045
196,12.1545618855879
197,11.279989199090918
198,13.862450005586053
199,10.770980923536454
200,10.983031080800268
201,14.724792963836848
202,15.157238002511033
203,11.457789431951413
204,12.633283442667404
205,9.395340023111435
206,8.109521508487259
207,10.572273249403226
208,17.57678671065754
209,9.095533644378897
210,12.687170647907726
211,14.052528307999362
212,6.522547152521896
213,11.074079330707413
214,10.267537259754604
215,9.120714786120457
216,8.204825381192618
217,7.595002682973187
218,8.729335366607438
219,11.189909573862783
220,9.431930025228517
221,14.662211792976446
222,15.78271868337694
223,6.6153274823391
224,9.226263830905523
225,17.8334583576373
226,9.936163527575069
227,18.418154093523878
228,12.03416127980051
229,18.605436358180878
230,11.349101860193171
231,8.7195092256133
232,12.643642857386578
233,6.811670943338479
234,13.841850071894745
235,7.5012793051606765
236,17.24228788500052
237,10.348601761687762
238,12.979487649560678
239,11.244540098330084
240,6.8111372179592555
241,8.879177776067703
242,13.61356644358897
243,7.969710264047071
244,19.708449464898724
245,17.515227750486737
246,17.305852608648234
247,14.539417303469921
248,16.767055459255943
249,12.621841235219653
250,13.465466452926055
251,9.624663105393742
252,9.126368214795699
253,10.055822877394085
254,10.990303608994392
255,14.293962342512119
256,8.46573839824963
257,14.866256321586413
258,16.351266269814126
259,7.65254105941235
260,14.308198087638655
261,13.866324411242866
262,9.837200810955215
263,10.658146578493959
264,11.213086020746987
265,8.419352203715183
266,14.53426209375587
267,11.431681091933289
268,17.034278702476623
269,11.921877618850047
270,12.178646733333238
271,6.992226929581366
272,6.683948683355835
273,14.67508007550052
274,11.211024681926872
275,14.916441795627302
276,11.65297384253351
277,11.408341023775519
278,13.708319974947841
279,6.7984304759044445
280,14.72496606563654
281,13.750692760633902
282,10.061956087096332
283,9.238798911092067
284,8.455870658970158
285,8.845182605761536
286,8.26118929313952
287,11.49533460956051
288,13.471053244310157
289,11.815973975180295
290,7.054471556030923
291,8.16250150092728
292,6.529061771553306
293,9.135766137486204
294,7.040142656126833
295,16.57576102085376
296,7.523818740497056
297,12.61046337030366
298,7.83620166048396
299,15.164627117502556
300,9.097193315244487
301,12.065458857876719
302,8.163426844293426
303,7.055105495894163
304,14.257764553413324
305,10.933864930510554
306,11.28064313423803
307,7.084694545344213
308,7.669877936950656
309,10.722754149173209
310,9.489916391361586
311,14.090692435894733
312,7.956815562461245
313,14.625038738410227
314,11.780165933593198
315,9.580423681228474
316,8.616564732910788
317,12.430054088396393
318,11.549974472809545
319,9.205910251003605
320,14.260696801904722
321,15.669525153121054
322,15.560522566792208
323,13.267890208183644
324,16.98392370071623
325,9.011121609564297
326,14.002360403982545
327,9.94029059285981
328,7.666883104234408
329,10.297656296117047
330,9.464637036964488
331,14.40413523965393
332,12.738239589145106
333,13.013224876937917
334,8.8397849091384
335,11.876885483181763
336,8.325540470737828
337,13.862213702495701
338,15.128556672149397
339,6.949318897144356
340,6.834412343752931
341,15.72577986194798
342,9.101453068503721
343,6.770829596929718
344,8.061187386686248
345,13.04815568982123
346,7.808730900637129
347,11.984239926739356
348,8.790013272150263
349,11.45967050533441
350,11.206551126664882
351,7.072621680913375
352,17.346417534075417
353,12.34379143725627
354,16.199078634280983
355,12.252481371810259
356,12.19793550861232
357,13.4537397936643
358,11.598744997453984
359,18.847289164604756
360,17.189814477439725
361,8.625937214687779
362,12.140950123170223
363,15.092755543621449
364,10.187314845494576
365,7.556142648028333
366,11.765872611390428
367,7.330417134629797
368,13.066179479324983
369,11.435672148752111
370,6.678005942284048
371,11.872850212584853
372,12.7903654107174
373,12.402377342025417
374,14.596241344145032
375,17.251391355034002
376,18.058546413541265
377,13.872090538080807
378,9.206733210775768
379,13.475545313847137
380,8.938633381007852
381,16.0514628756095
382,7.226552936356533
383,9.050439577150422
384,13.959879183565475
385,17.006888367801153
386,14.392437661673883
387,13.08352333634111
388,12.594136600222896
389,12.8126969622398
390,8.717816866284098
391,11.360957761487269
392,8.802344515515923
393,7.98976294334847
394,7.703765278006948
395,8.750954215271426
396,14.899489939094858
397,9.729746854738027
398,11.624935967265792
399,9.122412357850699
400,10.655523790321729
401,11.36405732584287
402,11.019361161739463
403,9.650444644762723
404,18.345069538809142
405,7.4537328944969214
406,10.073207042458224
407,12.49678576642169
408,12.65786704547714
409,16.73952508372322
410,13.43307546092406
411,13.434576597177944
412,7.593629693147975
413,9.850655994342237
414,9.507546721463934
415,7.084530570312591
416,8.862640457571313
417,10.163552191164955
418,9.18398730848805
419,14.156801119818505
420,8.078478695994988
421,13.410631769617835
422,14.646890899584651
423,7.607571481847539
424,15.79600679911806
425,6.664643923437565
426,9.60189574775194
427,15.089479899156947
428,6.575512049840423
429,10.109341134263872
430,11.593829219628601
431,8.294515614591147
432,8.960188090011805
433,7.353340205749453
434,8.371419593513258
435,13.238137758628046
436,9.169222403111236
437,8.6174972408622
438,6.737578614092734
439,13.922118567133156
440,16.611037883402425
441,16.190729970790045
442,13.063810144814786
443,9.21316256548732
444,8.066991897485492
445,14.852010127395447
446,14.124496901558814
447,15.447595574752496
448,9.322649638793143
449,8.9758386268258
450,18.079738152082598
451,11.733731822632164
452,14.757470908844212
453,10.436100692477908
454,12.548021043797064
455,15.971325246990423
456,9.41242780022878
457,14.23220576401283
458,8.375164485950373
459,15.126909498591074
460,11.487888035435503
461,9.805229926442028
462,10.11594705910468
463,9.786705904411114
464,13.02687535000828
465,13.274158032090043
466,12.969832629134595
467,10.300849505311449
468,13.05684394250226
469,11.030165344727367
470,14.173765398735352
471,7.118247724095852
472,11.448694836973894
473,12.93137591150913
474,14.46692064461863
475,9.429082119998393
476,9.756372740457735
477,13.331466437829892
478,7.589617266717131
479,15.128332764388917
480,9.466734956427194
481,13.086605006269686
482,11.838767414254852
483,7.871287499707606
484,9.57446382484516
485,10.841434986836099
486,8.827052332466733
487,10.407780592704816
488,7.3966958604211746
489,13.185370626906758
490,7.351358607860166
491,11.421301189752844
492,11.948413248142012
493,6.231554252939175
494,12.041502708133114
495,7.328967378016954
496,18.40091458095525
497,7.224398810834343
498,6.77599598945819
499,11.29864874603093
500,10.575618657861241
501,7.003249814036527
502,13.250884775397731
503,10.00287746761398
504,8.565255566909862
505,9.928969022571295
506,7.334286785640961
507,8.21177672198029
508,11.139335948815761
509,11.353963202858118
510,6.82100982770523
511,11.558307926233775
512,12.559669580084313
513,7.364201556463864
514,13.620846977284067
515,10.507433738900422
516,15.033997120979
517,6.613308290297429
518,11.520029557884545
519,8.290608796246332
520,13.483912891130204
521,16.247680211491474
522,10.07276082187985
523,6.53506469837303
524,6.925714341906379
525,9.700573868028945
526,7.578057807224157
527,10.590096532566525
528,6.714686251206808
529,11.757633376986153
530,10.095130965334256
531,7.482386803155251
532,18.34581001587645
533,12.076017937950933
534,11.249456881958066
535,11.256477966066544
536,6.596923512558853
537,11.437276922863262
538,9.247832929973123
539,7.5917221637121886
540,14.449642292017604
541,7.752976944542831
542,13.316816874949579
543,15.231203410345012
544,11.22241433591557
545,8.043350248999811
546,6.352292513722439
547,9.687227751081355
548,15.886987146545044
549,15.691289811447618
550,7.765490272864593
551,9.353357464915643
552,10.31279312703745
553,14.256562599458029
554,12.578020714660438
555,11.338250118273216
556,12.475285067238703
557,12.836566134997925
558,9.86521168603916
559,10.296820872361373
560,8.148245256386542
561,10.552802134749383
562,11.804414244866768
563,7.111213833204477
564,9.334548397932254
565,11.1954358051527
566,8.334224571195392
567,11.079458166744327
568,11.397692823397582
569,12.38491911354097
570,11.859465731454955
571,10.95336185883617
572,12.373212313911385
573,14.031354489586386
574,6.466425831128958
575,13.506521516100575
576,11.782376450885979
577,14.20425502725493
578,15.905337157118414
579,14.527465109214107
580,12.794620202589908
581,11.51884876002665
582,9.277612719019507
583,6.707342492628419
584,13.10389079080004
585,7.672260145314836
586,6.330163698677095
587,11.309189793401096
588,6.078134790764634
589,8.872313659410306
590,10.338471457425706
591,7.888498651850525
592,6.522981134717806
593,8.508644713665822
594,11.836586906539585
595,9.313224116293773
596,16.914648113760983
597,9.005688347004671
598,12.925122502805616
599,14.500926634537572
600,9.669163742623276
601,9.812900591591603
602,17.066349671733768
603,12.995285007909006
604,13.604931680192662
605,11.3080426430793
606,13.77173983064402
607,14.96199098692973
608,14.079980831422947
609,15.422321448309788
610,11.612925734666037
611,6.624711645542133
612,7.66335708379176
613,7.415383295750299
614,7.526337151128767
615,11.814873549035537
616,7.579972283803202
617,9.318904910286127
618,6.384603222451633
619,14.19162683823704
620,7.996499183422026
621,8.780253355787462
622,12.584277386020828
623,9.552000308854504
624,15.936306226130366
625,9.542055035046166
626,9.926410887146025
627,9.882534420677967
628,8.209957681593737
629,11.53092286853122
630,12.51815105770314
631,6.517991430389337
632,8.273583927988593
633,12.987403059646333
634,8.681853987264368
635,12.010296510880963
636,19.749588811111114
637,7.243960253848151
638,11.404847551481383
639,14.02051935679928
640,6.310294375293717
641,10.881806714180994
642,14.281299806745865
643,11.232501022376686
644,11.452651058818589
645,8.667933873307701
646,10.03604107460981
647,13.958223853864956
648,12.679651314113404
649,9.61168018366858
650,12.424434351497204
651,6.349775097872474
652,8.293149682582166
653,11.730230671062317
654,8.646595561095651
655,16.447430317551216
656,8.207698511243594
657,12.603292030645237
658,9.499108369663013
659,7.213481318950379
660,7.713635798059956
661,20.990173025618997
662,6.515410336339998
663,12.28668969349705
664,17.249796950661764
665,14.793636660233924
666,8.429405910959405
667,13.802821049444926
668,10.614043356166942
669,7.905468863508676
670,13.771082216404187
671,17.535019057880085
672,12.70364947452531
673,8.631546433256505
674,13.220332206012097
675,9.897103588511824
676,8.73009866395649
677,13.416399725613482
678,11.886304176276417
679,8.916295434397014
680,11.470461712487669
681,9.544362217971143
682,12.628042911095097
683,7.159972985129753
684,11.584584814447567
685,8.100618164178172
686,13.506360490017714
687,7.079609598712992
688,10.787173961287651
689,10.164930521972368
690,11.158821529670803
691,13.20454443162037
692,8.889912677062787
693,6.443533995098449
694,8.295851862253292
695,12.092041849385364
696,9.824783479978157
697,11.977600995876601
698,15.567512229138734
699,13.006915884769551
700,9.995459239704097
701,11.310401656407214
702,13.269887460420861
703,9.643382527435971
704,10.457866587676051
705,9.210391225773694
706,7.0723545679800495
707,7.672748661718053
708,14.513625870382024
709,10.447091673129298
710,6.396613704078171
711,18.134513615345348
712,12.877121010182007
713,7.571368322055042
714,13.316437970941793
715,7.74083151387038
716,7.098753860287807
717,7.195923345010712
718,6.848431114950093
719,14.682292713310343
720,7.071856538026543
721,9.958873162907674
722,14.714894406171688
723,12.284532403834133
724,11.098580412228623
725,16.806103460006323
726,9.637181449909054
727,11.82269485810041
728,9.094598413043494
729,12.195061209106976
730,13.988124457976935
731,6.271657058219607
732,7.018289370911658
733,7.74000282893066
734,8.387150926992323
735,8.523620652679668
736,8.6241422822243
737,14.588413190858272
738,12.902337345750608
739,8.885653787319654
740,10.717243185980209
741,17.230771895400185
742,9.426545846798726
743,8.7498429812216
744,15.935107316837794
745,13.026450198195768
746,8.736915016333349
747,6.0
748,9.314886221091015
749,12.626547544692231
750,10.515925055192819
751,8.022947570333695
752,11.329807504197989
753,8.066034285350334
754,10.286979403899014
755,9.557313530779519
756,12.224709682783674
757,11.093210816571052
758,14.91241827428676
759,12.96614840041226
760,6.760838957067872
761,10.523661939967113
762,12.811350702845818
763,8.340517116977303
764,14.056936659435724
765,8.29006221359214
766,11.868464676720327
767,8.364003209298396
768,10.46936069392627
769,10.314054319824965
770,10.266871749937232
771,7.072222089020478
772,10.167538417840564
773,10.663031068229063
774,14.092485474657316
775,6.5667824755806885
776,10.071094630203346
777,9.917780210090795
778,6.0
779,13.970395164942014
780,10.674568024726597
781,15.543178034041409
782,7.4187935126735045
783,13.272059411046804
784,6.965430685826491
785,7.466397986772338
786,11.419866734865886
787,7.308853694026327
788,7.241331323996555
789,8.080653284780885
790,13.055246058552266
791,10.775186587706902
792,6.427737949496223
793,10.800599414128781
794,12.269869025249898
795,7.738556824589406
796,7.407098834795603
797,10.498058107893714
798,7.32308679645553
799,6.487368872541122
800,9.111683953243514
801,10.806234913904271
802,12.05246892209778
803,11.826255266291454
804,12.268323039459741
805,9.577748829098184
806,13.372208015425368
807,10.741644240803314
808,13.712457334730045
809,9.518630935555086
810,13.585120463189664
811,11.22055276312646
812,7.507254969777646
813,12.615593437597523
814,14.882123197533502
815,14.751049089061505
816,11.528018716155067
817,8.920020712345986
818,7.634703603443905
819,14.75307172697567
820,14.312569727945425
821,9.464138996947248
822,9.27519179938856
823,16.662449197312586
824,8.027553320543126
825,7.053042396779361
826,9.474037112212224
827,10.11110102900256
828,9.405528682697476
829,7.888127912936533
830,11.669724060678975
831,12.297965218056744
832,11.49624286937463
833,11.510311496890875
834,8.748059056862733
835,12.785863427983845
836,10.999216597032078
837,12.255901900959202
838,16.72252931865381
839,9.076172376351787
840,8.623387875828199
841,10.403055420485085
842,8.854704571261573
843,8.357992365323842
844,8.38979235541437
845,14.544229415796176
846,10.193035283441898
847,7.928536025984616
848,10.283168975293853
849,7.834676249720038
850,8.312776426395336
851,10.314010183396437
852,8.196883797321505
853,7.793162952148317
854,11.699667388070202
855,13.364004941605643
856,14.579217649716863
857,8.287071790759594
858,14.724394999212906
859,8.157038387430877
860,9.418480429392494
861,6.0563930675708395
862,10.715319286260023
863,11.696496889722308
864,12.900378405127283
865,8.700710393490873
866,10.92538680348709
867,10.876084971328723
868,11.643352526342458
869,12.362217527208122
870,7.878995938582702
871,14.451179914038416
872,8.29745162765903
873,6.5760083369939615
874,11.602085033372587
875,7.927030535695479
876,8.215148444646339
877,10.825093851929775
878,8.729936860958208
879,8.933842404402718
880,9.581383667677102
881,12.066061417016648
882,11.968640496192167
883,9.410779916520626
884,14.107395910300497
885,16.14747316299854
886,11.88614070237382
887,8.424763653582083
888,12.771611841966699
889,16.675151376905287
890,8.544370379600295
891,8.10044076588515
892,12.425237015168745
893,12.424008320585845
894,12.760580236433258
895,16.97675022141464
896,10.575452884209515
897,8.417977354724568
898,7.2623544909810205
899,8.713031014893703
900,9.399204995093763
901,12.266795825407094
902,12.837211657221184
903,7.894711485424389
904,7.825445846485977
905,10.52140762323988
906,11.354556184420465
907,7.289609303673922
908,8.085992406573203
909,12.585686980511232
910,14.54330813497447
911,11.771014078422652
912,9.174044986044
913,14.180247954975627
914,12.276248328031214
915,9.946836243971658
916,7.956853734310384
917,6.633198562521503
918,9.392289836881345
919,15.048612629598251
920,7.3277431238563695
921,8.137480562003537
922,10.659303645833722
923,9.803163638575965
924,6.796588122343937
925,7.2676141829168195
926,7.415298721732452
927,6.428622817794611
928,6.754337271534417
929,6.240865610351281
930,11.711024516484667
931,7.906531390953041
932,7.273187661087308
933,15.653158358437242
934,9.723543832488971
935,10.798070528161809
936,10.52047240968911
937,10.193713141480586
938,7.248265000091808
939,8.272091094498888
940,9.741023707750596
941,9.07165799620425
942,9.71829293785978
943,9.94360703515911
944,7.1204953620111
945,15.123273547168655
946,12.457504703723801
947,9.539094401469022
948,9.355513842357524
949,8.827867516769093
950,11.897494515933877
951,12.018567548623825
952,7.061644813408934
953,14.743985292739515
954,12.024789086492948
955,12.095343757331166
956,7.0501667360203335
957,7.818818747437076
958,13.521570202944359
959,12.855575155669378
960,12.501092030070815
961,10.372857425210215
962,11.903132807608168
963,11.188415020843072
964,7.418915004496751
965,14.002990626458775
966,6.862204650007948
967,6.704766825851894
968,6.972354688425022
969,8.740103822612593
970,9.612993853083921
971,11.346348113064504
972,15.46213096095276
973,14.124420030646347
974,12.429180057287109
975,10.01088012776852
976,18.35765154676122
977,9.344506929255306
978,14.159673924553415
979,11.774107744846841
980,13.514526454850783
981,9.400250932263518
982,12.987735019435084
983,15.554206673764917
984,7.851215768702524
985,9.735858199557054
986,8.90965271485494
987,10.751383937396591
988,11.889910936221016
989,8.715264646162435
990,14.864857326347993
991,11.725366729394159
992,7.920006989175068
993,10.524547708745981
994,10.243950117689867
995,7.214537088528827
996,7.920739615612436
997,14.306666398236723
998,12.86479090296519
999,10.271344781989514
1000,6.0
1001,18.292162108300104
1002,11.39018887974044
1003,12.205655849361365
1004,13.239947256581049
1005,13.710189529058734
1006,17.124636645595725
1007,12.437692124057422
1008,8.093567039414832
1009,13.814022150054768
1010,7.127557740491806
1011,14.93103737561159
1012,10.327050124566108
1013,10.849964514733808
1014,15.717330320440771
1015,11.126859330567177
1016,6.891833951403494
1017,11.616788948472534
1018,12.584861576701833
1019,11.608531619577525
1020,10.943159956921388
1021,9.07611751838181
1022,11.103765817581163
1023,9.679318251488462
1024,10.97572702574851
1025,9.545352552872435
1026,7.439575708220677
1027,8.522610039880856
1028,17.92113577819349
1029,7.32614288460606
1030,11.128847493933472
1031,11.420530636940343
1032,7.06666149315912
1033,9.414875387380315
1034,13.23820520823275
1035,8.404632125841793
1036,7.254438693941663
1037,9.11700136749414
1038,12.97653513132618
1039,8.452979348465842
1040,14.259241141420716
1041,15.336395611282985
1042,12.86605232052052
1043,11.470555585631496
1044,6.926747925629499
1045,8.105158458972149
1046,8.477850515141261
1047,7.668564487286055
1048,14.591662520474245
1049,15.635663509619736
1050,13.098768219611072
1051,7.450760301994869
1052,14.70594699017282
1053,13.425646020889499
1054,13.555985162304752
1055,14.995084385704137
1056,16.327777301683714
1057,9.167895498419995
1058,12.139161132336213
1059,13.310851498893532
1060,11.613342936919185
1061,14.637820737339473
1062,13.499254419116538
1063,7.777102247467913
1064,9.6946871092996
1065,8.275927954007289
1066,10.655996651112982
1067,11.722659001394215
1068,12.682881447450738
1069,9.053556984261348
1070,10.581857945429586
1071,12.827311990623398
1072,17.73482777134511
1073,13.264105450589652
1074,11.157682005098088
1075,8.654637002852956
1076,14.014732072390817
1077,8.771614643584568
1078,7.710186039688743
1079,10.731550246772972
1080,16.696094144334644
1081,13.653706191338701
1082,8.727942866506842
1083,13.873274165391667
1084,11.28946234518537
1085,13.47377226662766
1086,9.430199787357065
1087,12.342683977577282
1088,9.490019183961682
1089,14.095270618968774
1090,12.7790919467431
1091,12.704046919902833
1092,7.853275917664156
1093,7.380328223732279
1094,7.043165389737973
1095,14.152041374292933
1096,10.196744969983042
1097,10.367276240654375
1098,7.249876062087339
1099,14.859044806418677
1100,17.77995714445072
1101,15.237544636272322
1102,8.648946060533493
1103,14.987003403540857
1104,10.533254826400546
1105,6.8871378274344455
1106,16.349099451515844
1107,9.390101759912467
1108,12.546691742844992
1109,11.699739880430212
1110,14.381677322058025
1111,17.947287883473905
1112,13.323084528619782
1113,11.909593887656142
1114,19.57101627679883
1115,14.187934152949135
1116,11.07728261859236
1117,14.693696451723705
1118,13.903170286763315
1119,17.443839234756894
1120,14.201618605702784
1121,8.659181531104986
1122,7.124293637398999
1123,12.042957225844772
1124,12.19258123784162
1125,7.005801130415061
1126,15.245323819019843
1127,18.4614340915344
1128,12.069084683779101
1129,14.321393289353505
1130,15.023574331627685
1131,15.046123930438878
1132,6.572130943296573
1133,15.693580585782593
1134,17.109970883517605
1135,7.48445877505171
1136,13.436602355445372
1137,10.869328477393358
1138,13.613497454714876
1139,11.131483021474002
1140,14.454555370016456
1141,16.74656302643006
1142,11.293554709313808
1143,9.385664943558819
1144,8.582574531689858
1145,17.65363159068418
1146,12.31875745812573
1147,13.202455029562714
1148,14.931695708769384
1149,12.722129679281501
1150,12.787642518126004
1151,7.1562007259708835
1152,16.705204496561183
1153,9.68354843940776
1154,8.933079708044987
1155,15.161075240228673
1156,7.927046807543423
1157,7.632550045705288
1158,6.752459946127878
1159,11.479811446517157
1160,13.039890047515454
1161,8.629648579068977
1162,6.794772470849996
1163,6.763436358039341
1164,6.653632377360159
1165,11.468285165901992
1166,11.813610759470922
1167,21.44737246986534
1168,11.714004914792493
1169,10.115851076906976
1170,9.483062344083626
1171,10.261187205528495
1172,13.315381952357079
1173,7.533180813750486
1174,6.711878439215831
1175,13.907412045294025
1176,16.684921298296885
1177,13.5523894172775
1178,6.676915281013731
1179,7.141460319645379
1180,12.26061768675922
1181,10.70420383001019
1182,9.553641215945863
1183,8.755238198580566
1184,8.43599250298988
1185,14.385698383690276
1186,8.719851320796698
1187,12.30984333237979
1188,13.622735699784416
1189,15.400716039438773
1190,15.23089961911222
1191,12.218755119564195
1192,8.397095878972003
1193,7.252626466211786
1194,10.918372734367788
1195,9.019067212785584
1196,11.54252842459653
1197,10.513657410058416
1198,17.060189910588587
1199,9.24308543894828
1200,10.882541301172573
1201,7.96044267195718
1202,14.455141398052747
1203,14.37416804386319
1204,12.395211582993706
1205,10.539021066648559
1206,12.879019331337595
1207,6.725534148045251
1208,15.33399939897578
1209,11.386156028864985
1210,10.890885394637026
1211,13.060703556480977
1212,10.40991393322747
1213,16.043256771629512
1214,8.396905717067057
1215,6.978403533703538
1216,8.986020443337074
1217,17.38055569704545
1218,9.558008388243602
1219,8.662452955748098
1220,9.783556542671281
1221,16.97325864671456
1222,16.58342586859483
1223,8.855395243352243
1224,8.890958378021637
1225,9.358881229378545
1226,13.078341183302781
1227,11.22244838638043
1228,14.882802376705143
1229,9.449469955362021
1230,12.095526618486081
1231,18.096722569289184
1232,7.30589755600252
1233,13.04238386611388
1234,8.2306008270457
1235,15.121763626676563
1236,11.239185992275878
1237,8.571358176041201
1238,11.972647385343834
1239,6.0
1240,8.124745569803451
1241,6.878483925291009
1242,11.791163393432976
1243,13.698318554913214
1244,14.830665727567546
1245,15.20016362472098
1246,18.32825601648154
1247,14.740804537482829
1248,7.034810514100709
1249,7.173556849675878
1250,14.909569905472548
1251,10.146597997761138
1252,15.499131999688018
1253,6.773879495756484
1254,13.966974669810467
1255,12.390555772800814
1256,11.835858992772954
1257,9.72640561439877
1258,13.980746983297454
1259,7.626874611056576
1260,8.388528712746458
1261,9.23277332113427
1262,10.949055413135673
1263,13.085373238846605
1264,12.636922664647203
1265,10.011556336556637
1266,13.556738466932753
1267,14.86859510390998
1268,18.425305382166936
1269,12.03084173323069
1270,11.498950811462615
1271,10.7610995315701
1272,11.012653924135218
1273,15.664644550939254
1274,7.50059975145335
1275,15.80221006301903
1276,14.528653489300138
1277,7.6530781514651025
1278,14.816905326822226
1279,12.758506438588334
1280,11.392441509648044
1281,8.51485706168621
1282,13.769686090702223
1283,17.51909837609226
1284,6.05588193753726
1285,9.108063607278297
1286,6.276630282312785
1287,9.96757604799155
1288,8.838767805549743
1289,7.325531252943715
1290,11.471384194098729
1291,13.177551501571726
1292,16.529454170140173
1293,6.76638035807018
1294,13.579049998978402
1295,16.854502889160692
1296,14.526122446818583
1297,6.9338744296106904
1298,12.734830022453055
1299,13.010457968732998
1300,17.414881742140246
1301,8.25072473540365
1302,10.785259594565137
1303,12.648059795872735
1304,10.39131168139618
1305,11.124793846910082
1306,12.933411002176584
1307,8.921411189280803
1308,10.172643458687793
1309,11.490676568505757
1310,15.184473609608041
1311,9.926019391712861
1312,10.02009379363099
1313,6.127220731880055
1314,8.227764977233301
1315,10.440069840871745
1316,13.760251386523114
1317,9.476096623769399
1318,9.965728491701574
1319,11.225942589880834
1320,13.406219034403414
1321,15.416678243396985
1322,10.975455792142542
1323,6.987301826224123
1324,18.73186186016799
1325,11.755822145670557
1326,9.617259146174534
1327,14.766599290694431
1328,15.285198279609302
1329,12.892528177011384
1330,12.723066665533342
1331,7.30779139271578
1332,11.616284725955556
1333,11.673012460877082
1334,13.223037575642222
1335,13.1823311114788
1336,11.992677375430693
1337,8.609847239503885
1338,8.68647212481554
1339,12.740873801553308
1340,11.950561562912853
1341,16.678378997245925
1342,11.27112369015941
1343,9.164000169210489
1344,8.435985936149969
1345,13.249387560570895
1346,11.675780335047506
1347,9.987960281064458
1348,9.18793763773805
1349,11.143765201041916
1350,6.775043821329107
1351,13.915302365704036
1352,9.981989028828876
1353,9.64673414593551
1354,15.130903889886486
1355,11.619426869398302
1356,14.344777392919303
1357,7.205372442882121
1358,13.376437542413123
1359,16.410806603372908
1360,11.31165929699871
1361,10.55382292032101
1362,12.163444956135365
1363,13.257218131123624
1364,7.958142765164169
1365,16.19139276529462
1366,9.92965830474248
1367,14.837837264277455
1368,9.049429301687532
1369,15.943136008118447
1370,16.95495522809916
1371,14.212296345005702
1372,10.852228524587662
1373,9.769293696800007
1374,12.357556168611778
1375,7.77158183380795
1376,12.584171548038595
1377,18.789848075038265
1378,16.707548957263572
1379,11.331825299955959
1380,14.89792092758277
1381,9.946383579174368
1382,13.747721029932956
1383,17.664293295306656
1384,12.603907137546647
1385,12.898670233158917
1386,12.813785288304532
1387,18.714868470564653
1388,10.235179469773687
1389,11.739088053972047
1390,9.491608214203842
1391,17.338048897232607
1392,12.543089064834653
1393,10.024833963040267
1394,9.491152009247315
1395,16.163975121705697
1396,17.771593324164783
1397,11.602374961103761
1398,11.790748183949445
1399,19.681752100542457
1400,10.805139430856833
1401,10.792029477302917
1402,16.200397059182677
1403,12.090682507007486
1404,11.662372916548893
1405,14.102605443312942
1406,6.203820230015601
1407,13.416305705863216
1408,16.93804903617321
1409,9.16802267700516
1410,16.341393559619327
1411,12.492460741843262
1412,11.733205050156121
1413,14.125624248594297
1414,12.454832795146485
1415,12.64074596386275
1416,12.710883611240465
1417,14.242988408814595
1418,7.722312283464126
1419,8.501368460505939
1420,13.975200308615875
1421,11.375386761081096
1422,13.748935625372251
1423,19.36454608725612
1424,6.540921910085606
1425,16.001879085332238
1426,10.907017164022882
1427,9.706414926207781
1428,20.370276404639036
1429,16.34436227782902
1430,11.333781869535441
1431,16.884179512531052
1432,10.471409508825996
1433,10.818014814864531
1434,6.684009737711773
1435,18.3055279701808
1436,8.939497891016483
1437,13.22203465510916
1438,15.84149857515107
1439,12.75830710811959
1440,10.618401239267058
1441,6.320104267779814
1442,8.944740791883616
1443,10.4734709436104
1444,7.521324929545869
1445,13.795928508616361
1446,12.948149384124653
1447,6.568133681920145
1448,14.369870280852151
1449,8.35049883011535
1450,13.08196604200107
1451,12.145140749844947
1452,14.650092729475919
1453,13.2871074540668
1454,14.680503135180256
1455,11.068390172377072
1456,14.902138866093862
1457,11.09084986243179
1458,15.477198179739691
1459,7.575229567653023
1460,13.128196511157272
1461,15.99138381586898
1462,13.340169617917766
1463,15.99422651732324
1464,15.62477185441844
1465,13.317242907972298
1466,15.632738776341625
1467,8.896802664962257
1468,15.454003853819776
1469,9.159742710502082
1470,15.845363263144295
1471,6.841907038447871
1472,17.692018424828497
1473,10.153083397574406
1474,10.605106963571226
1475,12.492385357641057
1476,14.050633728384406
1477,15.029985679957925
1478,10.070304593323703
1479,11.027250019449944
1480,10.29587045411172
1481,16.307368974009137
1482,13.277022815057876
1483,15.268250707839254
1484,8.95220357293454
1485,10.901758607064506
1486,10.108543168599185
1487,20.191056059223992
1488,12.085977939529727
1489,13.66290550982957
1490,10.424689257352126
1491,15.303053772155362
1492,14.03336100140637
1493,12.955449763723163
1494,11.154559242413011
1495,9.776453909280363
1496,11.069273112552372
1497,13.40041996078419
1498,16.04545154966468
1499,15.157896239767986
1500,16.99804517314091
1501,10.2608479001542
1502,11.548795971630978
1503,12.991974316222354
1504,11.581237176239377
1505,16.298855316569806
1506,15.725353571544044
1507,11.139132209371475
1508,10.858439656639304
1509,11.639527447124737
1510,7.8694323853307155
1511,12.285071742475465
1512,9.287718888364209
1513,15.243007470706152
1514,15.557303004185565
1515,14.336420594070887
1516,14.337465357853581
1517,15.299815828369114
1518,13.013260658288825
1519,14.081784474889457
1520,13.352174126784814
1521,15.80184190131891
1522,11.671863281930229
1523,12.900474240291354
1524,9.170800629698453
1525,14.811759287205007
1526,9.15520940268807
1527,14.300688570581402
1528,12.267812278732785
1529,11.19373721806633
1530,8.499613245459484
1531,15.307438468319875
1532,7.3864231457258045
1533,10.617297348816903
1534,9.723692200471287
1535,13.523251676461868
1536,9.72288191500638
1537,9.501264203101147
1538,16.986603114825858
1539,11.342698766441739
1540,15.424236746876609
1541,13.019081473044626
1542,15.283176880304579
1543,11.93363550302941
1544,13.212393193594664
1545,10.313333195261226
1546,12.199047230762869
1547,7.467527108002834
1548,17.277096991771806
1549,9.48923768197788
1550,11.304074801998858
1551,9.795331801465604
1552,12.283630565032842
1553,13.9177229856387
1554,19.494338860147145
1555,8.840915185312648
1556,8.97530342136858
1557,13.427301054077164
1558,7.219255649344674
1559,14.628728708700676
1560,11.05265416885182
1561,10.152150405901857
1562,12.918639549983782
1563,13.13212572209442
1564,10.469251546835894
1565,14.929476784057266
1566,7.620029189021249
1567,9.652863604448381
1568,11.251413023205288
1569,12.364582195567852
1570,14.816543305859804
1571,12.776219956804423
1572,13.256010896973697
1573,10.349262712202787
1574,12.338636189421441
1575,6.326595240132635
1576,8.763235836585173
1577,14.576907535827155
1578,9.117545533851201
1579,11.737562893721705
1580,7.741364272066728
1581,16.12676160712762
1582,12.009015054130568
1583,8.036438280040034
1584,18.64385573326225
1585,6.647003374850237
1586,10.394139199229773
1587,18.33008631014665
1588,14.373836184547958
1589,15.418170714769632
1590,14.836312624304144
1591,10.745203979632121
1592,17.624503445026097
1593,8.139506505954035
1594,14.019747769299878
1595,10.532886856152947
1596,9.491113130739059
1597,10.500470733967974
1598,9.550107038925171
1599,12.34109943568899
1600,16.50535300963646
1601,6.660393820205479
1602,13.01455012108816
1603,19.176364217090047
1604,10.820755590755658
1605,9.88037885096331
1606,16.163741662701984
1607,9.61179649122094
1608,10.615328820703077
1609,9.122999896335031
1610,13.609750263358505
1611,7.0183846648700365
1612,14.81564887876704
1613,10.708007192058647
1614,9.83416491917123
1615,15.00055761546621
1616,8.002028818785892
1617,9.35248437751468
1618,12.259030088887256
1619,7.616134075434317
1620,6.370630278884386
1621,7.47454788282933
1622,9.147080738465963
1623,12.604847006067232
1624,15.780946656665055
1625,6.388641522025411
1626,10.522710104362648
1627,10.224491429745596
1628,14.96497980241931
1629,10.119833634986785
1630,17.09216653140652
1631,13.651107542083722
1632,11.84372059594213
1633,6.026040015399916
1634,7.310164270715767
1635,11.255535367655115
1636,7.236047138466113
1637,9.13073339035126
1638,7.165187607402641
1639,14.03961721417363
1640,17.45655363512603
1641,10.166625154321046
1642,9.371521990587283
1643,6.676064944357198
1644,13.552298278718476
1645,9.492163536707048
1646,10.06796369138971
1647,12.946016468357216
1648,14.478712167209434
1649,19.779240928694303
1650,11.506121703592388
1651,7.511065412736753
1652,11.611462390037161
1653,6.8815273379487145
1654,11.970002751637638
1655,13.628474982983345
1656,10.597630923977524
1657,7.060475179448984
1658,11.210308347446338
1659,8.16216458526115
1660,13.508812863147249
1661,7.819344897394317
1662,9.632861910244792
1663,17.375151328347695
1664,12.004662213667526
1665,9.895267366155954
1666,13.645082802884824
1667,14.578534021483417
1668,14.407095784069705
1669,10.312054721233048
1670,10.364872175781032
1671,8.63666460778195
1672,9.802905957532035
1673,8.229637880472458
1674,11.718336392906465
1675,7.707508054296328
1676,9.119514672261118
1677,10.008095529802414
1678,8.012090699337932
1679,9.15929685843201
1680,13.585721140184122
1681,8.847360514885803
1682,10.206940066052367
1683,12.642492810850346
1684,14.723915070605317
1685,12.704203480450984
1686,10.956173745642095
1687,6.325347112548082
1688,11.419784527865104
1689,9.539503835019012
1690,18.919075413126713
1691,13.311780118875884
1692,10.600886767065363
1693,12.698288509476168
1694,19.242491576870737
1695,12.398983045129722
1696,8.272094986436414
1697,16.83434113257105
1698,9.967960297916797
1699,10.107349390931232
1700,8.89063537977884
1701,10.162386539738343
1702,9.434219260891249
1703,13.689018566742506
1704,16.74437580028651
1705,15.981699523195697
1706,14.08784241358267
1707,15.098112346638796
1708,12.519955455408963
1709,8.093040255406386
1710,9.515125714193896
1711,15.595504503249797
1712,9.524856449648828
1713,9.84855220487194
1714,9.393251014551293
1715,13.349765071878485
1716,14.378742588955998
1717,12.807582124958865
1718,11.200658252731165
1719,9.24765484619315
1720,19.25696476340183
1721,10.062112334224176
1722,10.843926187699388
1723,11.481936370058522
1724,8.941167671637077
1725,19.982249207172327
1726,14.338854570851767
1727,10.957725892850224
1728,19.462705104591166
1729,11.187496862558918
1730,7.687310868703859
1731,9.061018167879022
1732,17.899685616894022
1733,15.343911301125482
1734,10.997073548283845
1735,10.71543614731123
1736,11.87498526237122
1737,11.764973052903475
1738,17.370042448578246
1739,9.8571942255982
1740,9.565559281119677
1741,17.180256615011686
1742,6.3830837897643375
1743,9.296677657713728
1744,10.327374182082385
1745,17.917528430006445
1746,12.726242052667885
1747,7.777482279824294
1748,10.152452754897157
1749,10.122237570427691
1750,16.664278346221728
1751,11.689658835446103
1752,7.749990077904407
1753,19.32627602788015
1754,11.343060649853514
1755,19.682604379216357
1756,14.368653435862615
1757,10.301353701227928
1758,12.412705898931483
1759,12.32763597970643
1760,11.9046989335295
1761,11.987762552634079
1762,12.316540504055899
1763,7.507341231984416
1764,16.191655067114244
1765,9.199572345206409
1766,16.256121882707774
1767,7.276547811472162
1768,16.931250479142232
1769,13.416577785481897
1770,18.67070962140673
1771,16.797687898522625
1772,7.214177438410856
1773,10.999115817035735
1774,9.069072119562053
1775,12.215690127719173
1776,9.50141228773385
1777,11.588144843575078
1778,8.713538610126523
1779,14.304513935254368
1780,10.492109298745138
1781,6.494238252045883
1782,7.184698432690368
1783,9.786371402573273
1784,13.486029131288657
1785,7.602943986949606
1786,7.894276541364807
1787,10.15259714558622
1788,11.951294449623338
1789,12.112801019295459
1790,8.131964813771914
1791,11.409051840124357
1792,11.272830510782672
1793,13.487471843931246
1794,14.544623994403366
1795,8.744682887671216
1796,6.298640215340502
1797,11.494047905457549
1798,7.451594821733804
1799,12.190651216546495
1800,12.185285990088111
1801,14.787253352851225
1802,15.56617718543215
1803,7.605404332080865
1804,9.402719574914434
1805,14.493953358162631
1806,6.665156865941765
1807,11.636782247122394
1808,13.035275113182632
1809,11.662672821854226
1810,7.847469668889252
1811,10.934889119814551
1812,8.052161048298489
1813,6.9328899532546275
1814,16.153971967287735
1815,14.654527398211828
1816,16.40991443950147
1817,12.475385362940276
1818,9.735454842021976
1819,17.49478032189832
1820,14.451992224653226
1821,12.463548234060562
1822,9.473083496422044
1823,12.321713338360693
1824,15.618219931670014
1825,12.228782305306165
1826,13.93057694252825
1827,11.859943541050479
1828,12.557342917344464
1829,9.884852528700351
1830,10.161272009404167
1831,11.790793169062093
1832,6.6695461021882965
1833,9.889937710057207
1834,7.546581826962345
1835,7.600912370724093
1836,6.814819820930714
1837,9.639912876557846
1838,8.115725448466668
1839,8.12859417456084
1840,15.623886407924298
1841,9.12627562453826
1842,11.831926867086082
1843,17.159874601294796
1844,14.173451410224361
1845,8.989735072816924
1846,13.504192983709512
1847,6.4852643201227655
1848,8.881558894013514
1849,14.216494387247346
1850,8.60544632834739
1851,7.758517236501163
1852,6.259016957524688
1853,13.6527123383338
1854,13.476375464510028
1855,18.734862994416755
1856,9.892144850569403
1857,9.64534159073499
1858,9.190969848403519
1859,6.0
1860,8.439678337452806
1861,11.102271438542946
1862,14.838720894627432
1863,9.860233991954267
1864,18.33007943085415
1865,10.215731374650877
1866,11.11760510096509
1867,10.189974516828308
1868,16.415904891055074
1869,14.874111305109905
1870,11.08968845498018
1871,11.350301121693542
1872,11.066610321987007
1873,6.90010437061358
1874,11.4875843606116
1875,9.273516329740854
1876,17.199934157594637
1877,8.986732980072265
1878,8.905230792304277
1879,6.213255947752329
1880,8.067670784013139
1881,6.304166216123703
1882,13.24373514912966
1883,12.80741697437632
1884,12.886695101279795
1885,16.128910450163655
1886,8.563609945718428
1887,17.508962662272108
1888,9.482212507168004
1889,9.356760081765282
1890,13.64269105571508
1891,12.700359249475078
1892,11.201954162319531
1893,18.86093194457703
1894,8.933461159767363
1895,8.391118765979035
1896,11.037285215463674
1897,12.677629374729324
1898,18.607463647508716
1899,11.256884578495397
1900,10.434879049547924
1901,13.253791934300917
1902,7.643430177600962
1903,8.980175071575658
1904,11.508435931731634
1905,11.981939919211216
1906,15.158064571011854
1907,14.848079547284925
1908,11.740431302741149
1909,9.639866543031763
1910,13.042613166489817
1911,9.9931440457195
1912,18.871164108584654
1913,15.681157353316367
1914,13.4637721605969
1915,12.05562088784316
1916,11.944249688659072
1917,7.787477619989476
1918,15.452246019851975
1919,11.892164827171431
1920,10.698574517907316
1921,8.316624108635615
1922,8.715106463918291
1923,10.960349679773104
1924,13.73222105814567
1925,10.633699024666683
1926,11.865335929107559
1927,6.716463907432677
1928,12.667038832194711
1929,7.7558683043720995
1930,8.196227208136902
1931,12.309626953409259
1932,7.177297347736319
1933,15.766941724106955
1934,13.566776142878338
1935,14.777311125077642
1936,14.371400845208518
1937,15.544227748495656
1938,15.391778750147223
1939,10.984031727294841
1940,14.71012688873231
1941,10.446050744008097
1942,9.781839345802288
1943,10.370169228556405
1944,11.136746834912984
1945,6.2663442032911885
1946,13.086632245166356
1947,13.078062135429354
1948,9.550375616157858
1949,6.7646581421238166
1950,8.025991068635658
1951,13.770776996749102
1952,9.891021989191591
1953,13.203884964211635
1954,8.598424232708744
1955,8.346442945419716
1956,9.222515256690516
1957,9.479005704059436
1958,10.71216764832549
1959,11.483202372917779
1960,6.976399223139491
1961,9.67420798098792
1962,12.682538559268274
1963,19.643385997046543
1964,7.641768081869409
1965,12.432596874781325
1966,10.308962297453213
1967,13.942001376178979
1968,10.98945601385009
1969,6.4059028095593815
1970,8.048406269561205
1971,12.33575355616408
1972,15.552542548760947
1973,13.347781028852163
1974,10.633557510960834
1975,11.169786453063582
1976,11.179257283585178
1977,11.117409193964516
1978,11.414330147616996
1979,11.483134999767241
1980,13.687752324161291
1981,11.811329427285632
1982,12.906519922479033
1983,8.695924822471975
1984,13.742890237643392
1985,7.429958171434204
1986,6.781028821919933
1987,12.604765791197261
1988,8.37115004905944
1989,11.031444324174336
1990,13.770435136575703
1991,8.240989008190606
1992,12.863748459071235
1993,11.280711530225908
1994,8.62009929622529
1995,17.68678836407195
1996,10.200714348634094
1997,11.134585152819646
1998,10.406597226333242
1999,13.708839942313405
2000,12.394328841878803
2001,15.755070739472576
2002,9.845473430987191
2003,11.492310776776174
2004,14.519907663061899
2005,7.345906559706334
2006,8.851442873836001
2007,10.810321868869789
2008,16.91348733144701
2009,17.946912006103453
2010,10.474832377421249
2011,17.903996447843248
2012,9.813696507277754
2013,12.750154778763367
2014,7.573287593619067
2015,13.848996230839528
2016,16.099221655786724
2017,6.60703311531297
2018,12.54042502078754
2019,8.792768168157084
2020,10.712846898211996
2021,6.780698301516369
2022,10.137835338125301
2023,17.533367857073372
2024,12.919645257951345
2025,11.784185757314946
2026,12.861862455827273
2027,13.278938830995296
2028,15.512272867665546
2029,12.442885694177374
2030,10.353843466313993
2031,12.33926600920729
2032,12.359619335549786
2033,9.458188148213775
2034,16.6867989949108
2035,15.622214309948069
2036,11.29145806204927
2037,17.79025376231045
2038,8.585620890389869
2039,13.811545769952149
2040,12.834561328917308
2041,12.512503032418637
2042,14.914349792139467
2043,14.725136555037816
2044,16.840068035187983
2045,11.74575545149951
2046,7.712268658514397
2047,9.014779709299797
2048,7.715648695738769
2049,13.48768394722559
2050,11.302720346768306
2051,17.299557849104865
2052,13.69056477787369
2053,17.908875683303528
2054,14.760069324372488
2055,20.528566884156913
2056,15.113715171414116
2057,15.642237306188692
2058,7.327115568992914
2059,18.21832295179279
2060,6.215669791217238
2061,10.835399108131773
2062,13.454155574851931
2063,13.216191962087105
2064,10.543167847263692
2065,6.1732057324134315
2066,14.352961106041692
2067,11.514216544120542
2068,18.969359663374345
2069,8.040843405333568
2070,10.310087459147063
2071,8.355455383123866
2072,10.986445219669376
2073,15.641321617599882
2074,15.563538246586525
2075,6.228514233994471
2076,11.791393895075279
2077,14.139548121647822
2078,17.621198904983668
2079,17.24459650754539
2080,18.0622256104779
2081,13.665027272085085
2082,14.126572842847134
2083,16.107571777308568
2084,9.510488729429555
2085,11.654960714593575
2086,13.622180864099066
2087,9.05445891287646
2088,9.104374709556312
2089,14.256954922772659
2090,7.443667494062627
2091,12.356480215914758
2092,11.657443653943746
2093,13.38552789169771
2094,9.08197059822926
2095,12.130856473435701
2096,14.737908952226977
2097,17.73640242416159
2098,16.520963501368783
2099,6.497565596487358
2100,18.661023923795955
2101,13.883988471752602
2102,10.392480883552116
2103,14.528129043220089
2104,11.317008328653277
2105,12.253241342029929
2106,13.627275945958186
2107,18.44779334101473
2108,17.353636585261544
2109,18.07100292175123
2110,9.463778691373651
2111,8.927625114835065
2112,15.127949896119889
2113,14.978609484254456
2114,13.210514130302007
2115,10.34034478753931
2116,8.264822958784782
2117,16.216987027516495
2118,12.058269672724691
2119,6.451769589854954
2120,12.383881941963425
2121,7.9869577763624715
2122,14.881181088090324
2123,18.05505699202067
2124,15.637476609082572
2125,16.797249049328194
2126,14.771100972878774
2127,6.839584792819431
2128,14.392369027426005
2129,13.173569838030302
2130,9.066285429824335
2131,7.551859847254701
2132,11.279237733631764
2133,14.213217282205527
2134,6.576047835129089
2135,6.919652744224892
2136,12.117977996345804
2137,6.054365899245418
2138,8.848255000790687
2139,9.427664581554762
2140,14.718498843711409
2141,14.811976101325584
2142,7.0317323641784295
2143,13.43729002530736
2144,14.397848847963417
2145,12.036767932164569
2146,10.773337872443102
2147,14.784498733826915
2148,12.031982687668101
2149,7.703917623113698
2150,10.481012108390079
2151,14.612698003980485
2152,6.449947511498307
2153,7.948268085900626
2154,6.491991159910661
2155,15.112533827391246
2156,7.205196443871822
2157,13.31769634593387
2158,7.103414901537117
2159,8.07657100617405
2160,11.901673941768054
2161,7.40570217948033
2162,14.907271816995719
2163,8.39109828272671
2164,11.239172829191343
2165,14.361353108641737
2166,11.638319696494872
2167,8.417237521851067
2168,16.726293129854028
2169,12.906957531893635
2170,10.493288821601144
2171,16.629190805515698
2172,9.184712987979855
2173,11.982698581081141
2174,15.05858090148069
2175,9.088106856088697
2176,9.199052574473125
2177,10.852192556516128
2178,12.186851538567492
2179,8.070757710827262
2180,16.97994623764462
2181,8.640211744029576
2182,18.877881821841115
2183,13.315039570944945
2184,12.650528025621382
2185,16.041545073374433
2186,7.047583017014046
2187,15.598806409598117
2188,8.185134393205567
2189,8.007605811003865
2190,10.65616165552578
2191,8.974803118262699
2192,12.76896312725433
2193,11.337709474156298
2194,11.639900035352358
2195,16.101697087113212
2196,13.269713794743392
2197,7.128401148489632
2198,9.02003386908162
2199,11.974179366413958
2200,7.212041824357351
2201,16.886595495197344
2202,13.825704219046589
2203,10.465191773720056
2204,8.371457265217263
2205,14.989991183556695
2206,12.297393579340973
2207,16.174879037096666
2208,7.910217681654439
2209,9.920009822189483
2210,8.238294018614068
2211,8.074922817855766
2212,8.333788265628984
2213,8.753876305234154
2214,11.53474490882701
2215,11.056575930828574
2216,8.209610786957521
2217,14.234217360594823
2218,12.491156441541056
2219,15.676193930671495
2220,11.188414976256297
2221,9.42609639806953
2222,8.614261118283828
2223,13.890754811787083
2224,8.993513710943509
2225,6.616493314289371
2226,6.090417709682861
2227,15.850433029344323
2228,18.514366575931877
2229,15.494032850012635
2230,8.097414376935054
2231,8.039667305498384
2232,9.71949405526368
2233,17.187665747745335
2234,6.337925642496708
2235,18.681283072663792
2236,8.29553557743458
2237,15.611030633547093
2238,13.525867978303927
2239,7.228092746518947
2240,10.154835886039066
2241,14.795696214257003
2242,13.76511970716397
2243,11.225670823543265
2244,17.6901220528404
2245,19.03709487543743
2246,8.308700367390697
2247,14.398638635756331
2248,15.69512726640502
2249,19.108902364030047
2250,15.049735145708997
2251,11.41627230948963
2252,14.081383678934035
2253,10.961409117446333
2254,9.032275189605409
2255,15.382471753679956
2256,14.904156298440695
2257,18.559723487277637
2258,8.224458098229583
2259,16.223370246224803
2260,15.137650352423831
2261,8.81594229606527
2262,14.601741755769197
2263,13.14272709571762
2264,17.328552285510753
2265,6.597458193549006
2266,16.08451502311612
2267,13.600364317957819
2268,15.722567612376805
2269,10.459001680443501
2270,16.694034766851715
2271,12.610150895986644
2272,9.61072776896539
2273,17.666704058239556
2274,15.012207336536052
2275,15.059812456109073
2276,12.258540997465952
2277,10.684935130722263
2278,12.025295729242492
2279,14.099015631790099
2280,11.86416692886745
2281,9.632293726513941
2282,12.306872682163705
2283,12.788563653880905
2284,11.86680374765231
2285,8.215170226610109
2286,11.679038429844418
2287,17.996515352454782
2288,10.523777642347671
2289,13.279830529946837
2290,13.164314994059547
2291,7.329713755172144
2292,10.83911972737428
2293,11.504762911730785
2294,11.42729255792051
2295,9.330660843907312
2296,13.197126017879592
2297,13.117870465279964
2298,14.815163103921178
2299,9.46875533192802
2300,13.11455477967393
2301,6.9741650312195365
2302,12.47677164013331
2303,12.257437704209636
2304,7.590038035879732
2305,10.25563395307402
2306,11.755706855322313
2307,16.087020255412252
2308,10.078564481756173
2309,8.73782374359754
2310,10.903749885831477
2311,14.44591114186873
2312,8.945691220258308
2313,10.265987967205364
2314,15.153717715425449
2315,14.869633373890132
2316,13.710259230390546
2317,14.581435066411501
2318,11.782488438673893
2319,18.71424143034634
2320,13.54363095377327
2321,13.784867943739052
2322,8.683167366509219
2323,12.912270075940448
2324,14.66701830938975
2325,15.547338837359863
2326,10.323804881706895
2327,12.630657130593628
2328,14.101550146786185
2329,13.018613287888286
2330,14.221148649846237
2331,12.76569623115323
2332,12.36367188041722
2333,11.985265492766006
2334,11.23477723918179
2335,9.840016876810374
2336,15.26546588199707
2337,15.094979903261144
2338,14.040282305072319
2339,13.369942240926452
2340,10.463514788196521
2341,11.064887948262161
2342,10.607911619744652
2343,11.593363367052364
2344,12.506866770350655
2345,12.460437550912896
2346,9.149853022134796
2347,10.438693173949563
2348,8.953951140553647
2349,14.955829837599849
2350,13.578515632966774
2351,11.498484692243396
2352,9.868379614170015
2353,17.025045641144676
2354,14.88398304175665
2355,15.893018910511381
2356,12.783101436209458
2357,9.53966047994644
2358,12.780475946065534
2359,7.928364243531926
2360,7.987567847126615
2361,9.581372246873311
2362,7.750690160179481
2363,13.015156943080683
2364,14.211951462702947
2365,8.22112782434589
2366,12.907731683184403
2367,11.723066407433679
2368,9.729471762987671
2369,16.72943470818689
2370,10.161841714062039
2371,10.219242489447016
2372,16.646069839538942
2373,11.689139895994511
2374,11.307203751754367
2375,6.630140890015468
2376,19.990112327088447
2377,11.28996743014705
2378,15.014711479996196
2379,7.343122273507872
2380,7.122007891455184
2381,12.367130786323719
2382,8.399768350748593
2383,12.949104943716794
2384,17.37576662541214
2385,10.399224380729436
2386,12.729712647858804
2387,10.292249373395844
2388,12.587710055926289
2389,12.622082310236182
2390,19.2541893077718
2391,17.325372627119467
2392,7.508294199579297
2393,16.754748623814066
2394,13.008784088148765
2395,9.882744478481728
2396,12.16982500171273
2397,12.030983899217935
2398,16.623970604410164
2399,11.392248035862004
2400,9.967116661695805
2401,9.358286870603967
2402,19.000789478523153
2403,14.798444844680029
2404,7.309218136800992
2405,14.446266100716509
2406,19.684941214641107
2407,14.36536194268626
2408,12.800017435905627
2409,7.385806714087215
2410,16.856737310552546
2411,7.723322956071014
2412,11.86113960909284
2413,7.88184739970651
2414,8.222196635550413
2415,14.19319754488971
2416,15.571181860659253
2417,13.161803820753194
2418,9.831377951792675
2419,11.523622519218092
2420,14.039278936819493
2421,15.323508301758691
2422,16.176479652416255
2423,6.715633826823008
2424,7.633785605446003
2425,9.53174453622022
2426,12.634456592120058
2427,12.704997997488942
2428,11.061176121125186
2429,15.841240010019206
2430,10.14240515972692
2431,16.60709095135671
2432,12.737680603142412
2433,20.691895390416523
2434,13.685250078112206
2435,8.10183858060385
2436,15.666885612095086
2437,8.492473498323925
2438,10.849489329845369
2439,18.013850098814597
2440,9.569073992832385
2441,7.203281599481325
2442,12.071435284765586
2443,10.986678347624265
2444,12.938056586484826
2445,13.456411394445091
2446,7.611678557205613
2447,15.169948333923497
2448,6.763846103398577
2449,15.578858938865793
2450,10.996761036969874
2451,15.764827507908661
2452,12.339870868695057
2453,13.368252991000054
2454,10.755772555486978
2455,7.188459510478226
2456,12.618792222857522
2457,14.328901991351193
2458,13.328395042170914
2459,14.016885385118385
2460,15.12117161070149
2461,16.237484678773207
2462,12.668454221594345
2463,11.515741049104099
2464,16.049411855729492
2465,9.681793987088628
2466,13.534170380317804
2467,13.080665505743678
2468,9.779742966073888
2469,10.641398664687992
2470,15.962478504215134
2471,6.506693897192191
2472,13.908330814026279
2473,13.611115171789047
2474,10.138756360612906
2475,14.430531525649622
2476,7.6237440184930385
2477,10.291220094834713
2478,10.481003404407554
2479,12.797738282397416
2480,13.1484336867734
2481,17.198085719317987
2482,11.062122999533509
2483,15.663386763739085
2484,9.18908631189889
2485,17.132765597113544
2486,14.035973127633863
2487,14.374881277929676
2488,13.034316205308754
2489,11.810324197535415
2490,9.289707789682186
2491,10.080608957866053
2492,8.272874998984316
2493,6.878647267024885
2494,11.723020471909864
2495,9.449692477358086
2496,12.892743476412669
2497,13.328866305350155
2498,9.74886552510149
2499,11.177304487379681
2500,15.726421997881571
2501,15.213178537224632
2502,18.066177444401998
2503,14.178860168452387
2504,9.235133377995911
2505,10.874262454818227
2506,12.906903898966041
2507,10.40814395001514
2508,13.373281347278942
2509,15.202630789345978
2510,15.529320043458547
2511,9.244599411539303
2512,12.76144990383504
2513,7.901287926794039
2514,9.839939250547413
2515,9.743021575505898
2516,19.000820918402514
2517,12.891764089275757
2518,19.84588482261571
2519,18.348572014313685
2520,11.459629818849223
2521,14.842043212754827
2522,14.746791777406148
2523,12.565033159355698
2524,7.135769697450617
2525,9.385250087959022
2526,15.096942430863585
2527,10.090720125775043
2528,15.571614635875113
2529,11.144767363249944
2530,12.323540182555918
2531,6.9459970717344115
2532,12.52331995643767
2533,9.486920695339776
2534,13.275112027582264
2535,12.84296705239703
2536,10.07677959270343
2537,7.7791129610912835
2538,11.866871367452058
2539,12.360162738313567
2540,10.71426188463113
2541,11.111857645463243
2542,12.30004669396513
2543,13.036646381328543
2544,8.661282385134891
2545,12.525302319500076
2546,12.812145821347523
2547,7.1984117998122334
2548,11.29669909778406
2549,15.884135309396981
2550,10.848009972529514
2551,16.495281308942644
2552,12.3310960574853
2553,15.754186248285784
2554,7.01972359708703
2555,10.04733083381398
2556,8.867351378140167
2557,14.236464403791791
2558,9.990000964636845
2559,13.890311842794308
2560,8.716374172903604
2561,8.442228383092973
2562,6.492638398321927
2563,9.76972646769138
2564,13.72182692133138
2565,6.566181534284368
2566,9.311700321412081
2567,15.181628190028093
2568,10.264220315792649
2569,7.767341837090333
2570,14.839483119534483
2571,16.00274320931482
2572,10.132054780459569
2573,8.786854677976326
2574,12.460715422563965
2575,10.936729207918994
2576,7.395844206552705
2577,13.636421832891815
2578,12.355774759881145
2579,10.571769025255213
2580,8.529066214500421
2581,11.286668035574097
2582,11.861048905067435
2583,9.347002052020173
2584,11.799845962552645
2585,18.582744147723492
2586,8.116964930286057
2587,15.983183389124507
2588,6.208493097932106
2589,15.79412311373132
2590,10.434879557349877
2591,9.049002019509576
2592,13.96756464396805
2593,12.988577747293624
2594,7.146768722562469
2595,16.034402606036657
2596,13.292754159417145
2597,12.195916122007773
2598,12.399198956560992
2599,17.08910400090967
2600,12.822505317832245
2601,10.460190045523097
2602,9.633209806780346
2603,10.775923020963043
2604,12.135629269717429
2605,10.70028588351491
2606,12.505794926088093
2607,12.19656148860687
2608,13.261994414690571
2609,11.122936504069115
2610,14.82943937762964
2611,11.698169719882186
2612,16.118692793655537
2613,16.103455469192525
2614,14.860882402555118
2615,10.86460935614555
2616,6.54070033342268
2617,13.222330717803839
2618,8.811582099766412
2619,14.727526779951372
2620,16.10602287896002
2621,15.267166892108612
2622,13.310045364731009
2623,16.220461177529238
2624,10.085026793939333
2625,12.739915373048095
2626,18.869512896396404
2627,15.924192039753196
2628,6.285921479777889
2629,14.013383269460725
2630,8.897566516021978
2631,8.428950052665833
2632,7.942706051846316
2633,11.658603931191434
2634,15.957922627398247
2635,7.683873862026757
2636,13.387385451077476
2637,8.617507516486528
2638,8.150304807460607
2639,6.4640959787193175
2640,14.038996654703482
2641,13.108950536086658
2642,8.968553923356508
2643,15.100471947570442
2644,10.811382615509077
2645,16.8897728803236
2646,13.295861216596592
2647,12.831334007586175
2648,12.020004667296483
2649,13.592448671824584
2650,9.065658416348871
2651,12.418461556583662
2652,19.237131204643504
2653,8.552004014197646
2654,12.41231310020706
2655,11.058493548523238
2656,8.14473355130593
2657,14.066019097316731
2658,9.035577527746312
2659,9.61492209629857
2660,13.631393733981655
2661,6.281972490029778
2662,11.387258652982284
2663,7.325778657261583
2664,9.925523383804952
2665,11.780862663943491
2666,6.9720167488456015
2667,16.93465077471539
2668,12.419924900152935
2669,12.75332652362024
2670,8.47593927345026
2671,11.67205681257683
2672,16.618520659152633
2673,17.08799913768792
2674,8.523627491776933
2675,16.670622327023572
2676,10.46104094010347
2677,13.906543019330957
2678,14.156732202511062
2679,13.740244735895725
2680,14.401622512637639
2681,11.44558229062153
2682,10.648773603666388
2683,15.420523253348406
2684,9.766155122118477
2685,6.846079089152741
2686,13.120344910169232
2687,7.42808324655279
2688,11.038720709227299
2689,6.208759144769654
2690,13.564608217575877
2691,7.119110392835699
2692,9.535127596661834
2693,10.89805359739883
2694,13.4724269205467
2695,12.220777987701362
2696,10.518403962538372
2697,17.537788574290452
2698,15.899483983537774
2699,13.778210361005188
2700,15.493673411525462
2701,18.566917829508508
2702,12.3498271620891
2703,10.169470240271103
2704,10.789129879442136
2705,12.098243712905795
2706,7.470102319662082
2707,13.646115244036874
2708,8.254464079403155
2709,14.409919877652234
2710,10.816756068800396
2711,11.850235456596998
2712,10.068175145800554
2713,7.807330908074719
2714,18.04464105528226
2715,10.840899330297283
2716,10.706759956928359
2717,8.824860284905293
2718,11.263123180443879
2719,9.374802106416999
2720,10.220179602311562
2721,14.111906697588678
2722,14.361062180293857
2723,17.069147898806783
2724,16.612680715931425
2725,15.916257497203466
2726,16.373549598313723
2727,6.052674745247136
2728,13.20462234755034
2729,15.42299005375959
2730,11.43548795904742
2731,17.576986176665812
2732,12.037941804387813
2733,15.085635208115464
2734,10.957879454040295
2735,14.051908074638911
2736,9.307406177076151
2737,14.555452024860077
2738,8.372043083637138
2739,9.348249334942235
2740,10.144214984919287
2741,7.199894754295806
2742,14.759225627392821
2743,7.584167875126945
2744,8.527194574759863
2745,12.24395618475718
2746,12.817118102246006
2747,6.7303506761635425
2748,7.225243607851253
2749,13.297359140052727
2750,12.943104156963985
2751,16.609084781025334
2752,11.426990024870605
2753,8.837315739076217
2754,12.970452385406203
2755,12.250438937936426
2756,13.198750009147002
2757,8.170377867632077
2758,6.959267610326507
2759,6.538282196347345
2760,15.14401590897873
2761,18.49985596076264
2762,8.511281313775141
2763,11.8120286394994
2764,7.566569933572836
2765,15.170468154868045
2766,8.85595979050264
2767,8.92273455774453
2768,17.293943398428056
2769,19.072818939092173
2770,12.507502178191828
2771,6.0
2772,13.846180174130879
2773,13.437677213581301
2774,6.42970784658184
2775,13.68483652663466
2776,15.089985811345159
2777,15.336831946017362
2778,9.08191286861518
2779,11.922622020433154
2780,7.332494398209029
2781,7.621030919520624
2782,15.986724252096694
2783,13.223595324951102
2784,9.859820652930676
2785,14.694732907118725
2786,15.862938662144403
2787,8.380592498152573
2788,14.667307597420697
2789,13.375670334994215
2790,7.330315755925104
2791,19.948201855022365
2792,10.16511356887447
2793,9.701453793870032
2794,18.286923495327688
2795,7.282810101541119
2796,12.614230113052093
2797,12.069742859678195
2798,9.886502148155827
2799,6.179796477457011
2800,13.938785294601422
2801,11.158926438691283
2802,10.918011630333062
2803,11.176958994304234
2804,7.468951537624472
2805,15.387709763306313
2806,12.871476772103177
2807,11.34423740580741
2808,17.103835020377097
2809,9.462596827761597
2810,8.82278442063221
2811,10.048288701796057
2812,19.705063356646882
2813,19.388974086270636
2814,8.752938234178375
2815,15.545885185971917
2816,16.62417198466487
2817,12.20980436081406
2818,15.621976445412777
2819,10.601455858979884
2820,9.502610958372669
2821,12.239474989112576
2822,14.086892844063005
2823,11.267584412462174
2824,10.451351701013834
2825,9.777656721793983
2826,11.305691333494057
2827,10.062127732817066
2828,11.870280799716129
2829,11.487431000032032
2830,15.854279241413467
2831,9.748485715745774
2832,13.917956909178317
2833,12.671859459508436
2834,14.381263905929359
2835,9.545553729392116
2836,14.504450535352992
2837,7.240753811669514
2838,14.473688577933482
2839,6.459432122055559
2840,11.429712717672583
2841,15.479238358843302
2842,14.804606990864489
2843,17.667598828216303
2844,10.708600381239584
2845,15.184658277175666
2846,19.515362222871904
2847,12.163761215846064
2848,7.325002848897029
2849,6.881303705567049
2850,16.265853335927762
2851,7.699990790157885
2852,12.277829869180016
2853,15.045101689238818
2854,13.373661670091037
2855,15.71597712889711
2856,7.9993404459386355
2857,12.070042651519705
2858,13.95422729354491
2859,7.9428610092318
2860,16.942032979185683
2861,16.65707439430499
2862,14.870332202440633
2863,11.942250580582924
2864,13.79540476230064
2865,6.592695850044299
2866,13.04818259731517
2867,12.740658148581623
2868,11.58510721230341
2869,9.497482911770206
2870,9.360256647364036
2871,11.20694729761158
2872,13.785262889263995
2873,9.837490391445176
2874,12.299643327934442
2875,6.9873142406803534
2876,11.174045084057724
2877,8.844240849979373
2878,7.89338113897472
2879,14.119861723122156
2880,8.97087997416668
2881,17.27529170444322
2882,18.31135905627172
2883,17.464901770414777
2884,10.551827957159968
2885,14.832510987744504
2886,21.844631642617358
2887,14.982446492862147
2888,11.15843813979611
2889,20.17918302460911
2890,13.591086399639352
2891,10.723700331627187
2892,8.05401455603293
2893,9.351950923782873
2894,19.686815829648236
2895,8.214095414330842
2896,13.038282529378051
2897,13.790931457562982
2898,17.206186156024458
2899,13.842441504168931
2900,11.073045183796616
2901,10.53507559550732
2902,13.663751205652918
2903,8.108367078438642
2904,15.922281171026732
2905,11.100346131566171
2906,10.526929379334018
2907,10.511305498368474
2908,11.884370179033644
2909,18.53297305195046
2910,6.688406483354214
2911,18.61795619288937
2912,7.6620533689162995
2913,14.707566217609847
2914,14.5253525143908
2915,13.057370764401394
2916,11.950346120373053
2917,13.97282683321479
2918,8.706724381237054
2919,12.452258340999354
2920,11.213420029893667
2921,10.699930576642942
2922,16.68204615855511
2923,9.343339240816377
2924,14.850201691826701
2925,7.193326846152765
2926,8.97881797921758
2927,13.838055815748255
2928,16.927107076254458
2929,13.01521961033253
2930,9.112769053479468
2931,14.454557971770315
2932,13.962076600033729
2933,9.80025088208439
2934,12.763877844745192
2935,7.371791767651119
2936,12.82077280973339
2937,10.629333749075833
2938,12.849763636498057
2939,19.618220965701212
2940,13.936863255581162
2941,10.235398149457458
2942,15.108945771682201
2943,18.504358349751012
2944,11.260855447596255
2945,7.862665717729184
2946,11.160934314448138
2947,11.134100622401972
2948,16.678845087558354
2949,7.497469885508355
2950,10.39856565840239
2951,17.313925214333405
2952,13.129977864874274
2953,6.621810439627297
2954,7.5273391688513005
2955,11.789775744719156
2956,8.274362852582922
2957,10.749776027009716
2958,7.876586339522896
2959,14.224869359057326
2960,16.322105127086974
2961,13.627823798822346
2962,13.52495384102987
2963,7.7072547832370955
2964,8.137955372600224
2965,12.733104520434042
2966,11.932303417487239
2967,12.919064566809753
2968,6.0
2969,8.975357265203883
2970,11.486896111169859
2971,10.732907690341962
2972,8.14480801347863
2973,11.928557809787408
2974,11.813812358776596
2975,8.684594674769285
2976,12.83590395921705
2977,9.627243167847645
2978,11.245766878466796
2979,7.869971209767583
2980,15.937951545884726
2981,12.295887586726419
2982,13.04888323236458
2983,6.325905344421776
2984,11.942483844950424
2985,8.110984266235667
2986,16.68390981403969
2987,12.239139797628228
2988,14.44670000763779
2989,14.822424312505015
2990,7.589566231184201
2991,17.09232944698836
2992,15.205010880987748
2993,13.098927832913313
2994,8.29836725647711
2995,13.415493431879549
2996,6.623489447664253
2997,10.181075263663312
2998,10.080822796456712
2999,6.0
3000,12.105170106624692
3001,12.293393484450403
3002,9.11509464899455
3003,6.0
3004,11.192681928740052
3005,11.589525067062453
3006,12.180342962938639
3007,18.345002880022367
3008,6.625502973793869
3009,9.809639464860753
3010,15.129773185333896
3011,11.946505508964705
3012,19.132727030558684
3013,9.683402724948342
3014,8.09633561622234
3015,8.378496746605867
3016,14.577147536887976
3017,11.307058567447905
3018,18.009853288629337
3019,7.589738386515674
3020,6.871808540632917
3021,8.046765391941786
3022,9.498787327911096
3023,9.980351436473393
3024,15.287839152086018
3025,7.777764659574209
3026,7.2159135498897164
3027,10.852534913123758
3028,13.371575060042797
3029,9.706475806139585
3030,17.67546796796204
3031,17.88982880029356
3032,10.214111486592458
3033,7.585666013216264
3034,10.65353562700008
3035,8.584923492037165
3036,6.90269370479501
3037,12.05700139295871
3038,17.714883545808153
3039,11.907634194712497
3040,8.035682979403061
3041,15.015133925511218
3042,8.428096025352854
3043,11.096731152793753
3044,9.883730214349452
3045,7.698476240305389
3046,8.884320166644642
3047,13.945720877381547
3048,10.695197609150673
3049,7.63978533170305
3050,16.55249964283591
3051,9.695703332668687
3052,10.51860805390473
3053,15.128004602772569
3054,9.104764678051973
3055,11.883348492845858
3056,15.340978310368024
3057,15.529196169231417
3058,12.418473255733671
3059,7.7308333663003985
3060,13.971552142261006
3061,13.767709945812802
3062,9.4960459730744
3063,11.171299685138317
3064,11.202553138204083
3065,9.063466692377224
3066,10.801774872654256
3067,14.961896298392928
3068,9.526396228764401
3069,12.396514821673513
3070,10.579827990857865
3071,14.668391751172965
3072,17.305513309142295
3073,14.193892392015307
3074,11.500856588364476
3075,10.030311473796628
3076,14.17981923795668
3077,18.62705573823569
3078,13.518825646026537
3079,12.653500242881382
3080,13.86841595979949
3081,6.267510591878654
3082,18.388335041007323
3083,12.315614397446048
3084,11.22224244592211
3085,15.086244559696278
3086,12.272755581292198
3087,12.99952478587316
3088,12.887791951125433
3089,9.390522539907046
3090,15.980539623589332
3091,21.436207060974702
3092,12.197037971227251
3093,17.273756407480967
3094,16.207693516745945
3095,12.109166029435949
3096,15.678681331719712
3097,9.861152797782438
3098,18.791143167853765
3099,13.550945832133543
3100,11.331455091943328
3101,7.658467625728517
3102,14.130189147561069
3103,11.533883610365656
3104,13.067538484215106
3105,15.981524590313434
3106,17.699537992557122
3107,10.154180712320414
3108,11.030486313035022
3109,12.183104854507329
3110,14.540363418070044
3111,14.024922899264151
3112,15.682213696663101
3113,15.033062819159401
3114,12.120959991576816
3115,7.3764153453195185
3116,8.326996058550936
3117,9.779824182302177
3118,22.018507305813234
3119,16.270835505865143
3120,10.85635904464549
3121,12.394402688800987
3122,8.106187142340811
3123,14.552833848838825
3124,11.971445914454563
3125,16.848150635961456
3126,12.87271781592082
3127,16.365791797681386
3128,14.057707930669517
3129,8.59707861408558
3130,19.016410973564483
3131,14.090089751508419
3132,13.646578880717339
3133,19.68205666987212
3134,11.21350081228275
3135,10.90711381944467
3136,17.583684009424683
3137,9.901996021971684
3138,7.611472530657493
3139,14.134462411225067
3140,11.697197658359023
3141,17.062263677624813
3142,12.996064707523507
3143,16.751079877879175
3144,14.584746476230753
3145,12.536450327330591
3146,12.106454516916084
3147,21.108667799750137
3148,6.358740241209237
3149,7.901107280777892
3150,14.521934007386971
3151,8.448450450097008
3152,16.260144147163274
3153,6.472233946636366
3154,19.17938932558762
3155,9.181625232262892
3156,9.483889482768793
3157,13.610482497693978
3158,8.556597544649936
3159,12.18674776843054
3160,15.120385957749988
3161,13.56170235808698
3162,9.942516736240293
3163,9.550460323058934
3164,6.529908886634216
3165,13.614502425592066
3166,16.897726785630308
3167,9.634833143768676
3168,18.51849335765333
3169,12.17522948007636
3170,11.848029605374794
3171,17.67128673873791
3172,14.412643042239065
3173,15.586006402640768
3174,12.800059899048323
3175,15.856988818793594
3176,9.336333335174537
3177,15.06767774931992
3178,13.095817104024999
3179,13.460471233506368
3180,14.66262934120148
3181,14.660069606976567
3182,8.53714052463914
3183,10.602000601665543
3184,8.965159331478059
3185,16.20291169445171
3186,6.384898222896707
3187,14.656587432425829
3188,9.22263201388414
3189,12.887547467535274
3190,11.61095385769523
3191,6.308513405936602
3192,18.608255873182316
3193,10.877411756401285
3194,11.41191657800676
3195,11.033400294636364
3196,11.008885923244762
3197,10.87918899359945
3198,13.149543181940366
3199,14.293216338476576
3200,9.075938492831582
3201,13.748787142086949
3202,13.680494845495106
3203,7.848339373025202
3204,19.63996537346305
3205,14.287827773829957
3206,16.29466538052389
3207,9.031197772518887
3208,11.486160363468727
3209,11.894233498233984
3210,9.388361251718957
3211,7.259261260017689
3212,14.859585920433366
3213,10.91495401187046
3214,14.757021359075646
3215,7.645269093892743
3216,13.380775879880206
3217,14.887258165781525
3218,6.764651502148757
3219,15.183995776724448
3220,12.902781385681633
3221,10.344451856292327
3222,12.487535967980431
3223,11.858099329118458
3224,9.341311757605
3225,13.056558999427564
3226,8.215612794224969
3227,17.235724259714374
3228,9.481465084125874
3229,12.67605170495131
3230,15.712228046198792
3231,6.695500498823724
3232,14.764207777070673
3233,11.527577887678328
3234,17.194149688393974
3235,8.495895390058921
3236,14.939209720812167
3237,13.814764038189043
3238,10.118088101699866
3239,15.997694883130926
3240,7.968102541906246
3241,18.183086976714865
3242,8.140995831407752
3243,8.810262130841362
3244,10.03557595354641
3245,16.79315685956043
3246,10.285218697701271
3247,12.631355696322995
3248,11.288907431767516
3249,15.228290134221849
3250,11.187543217873367
3251,11.38935638518822
3252,12.32906342580258
3253,6.0
3254,13.65877996917991
3255,12.944860849443021
3256,7.170563017851451
3257,18.013405932138316
3258,11.882382567002402
3259,7.159842635999586
3260,13.437549865106343
3261,8.675929632532018
3262,11.88612642042657
3263,12.620942771284856
3264,14.628588545895843
3265,15.656318891822455
3266,18.949744751412073
3267,17.768407453448123
3268,6.419874710424238
3269,16.934187773236093
3270,7.9003454151980845
3271,14.35058082432205
3272,7.888729583768084
3273,7.609546747210114
3274,14.331986370149266
3275,6.690982783042586
3276,11.820536420510251
3277,9.109613670280199
3278,10.287774024122012
3279,12.083548878415623
3280,10.389728782252343
3281,14.4303312286323
3282,11.468540180343368
3283,13.509981802339716
3284,13.374056431247356
3285,12.593511881144938
3286,6.757827789736252
3287,16.374149027448567
3288,15.750847629375473
3289,9.277411434658186
3290,13.424856676342145
3291,8.028393065147506
3292,16.928899515788252
3293,7.962790604696535
3294,15.004598770521541
3295,8.540826264534653
3296,11.794419717173165
3297,6.913185312591897
3298,13.914329952211405
3299,11.01030676191463
3300,12.070292021771358
3301,9.771628006651765
3302,9.97992542337099
3303,13.161816019515916
3304,7.816962032440272
3305,9.049968719605404
3306,10.748831249229822
3307,12.094632231783967
3308,13.620095934113944
3309,12.962160339323667
3310,12.508919520796928
3311,9.563726205547349
3312,11.180982367126797
3313,14.547569932389651
3314,12.588814512884145
3315,13.573331214911287
3316,14.682680725037013
3317,11.639968843401501
3318,9.770902867430905
3319,13.61006726283069
3320,9.502970972138426
3321,17.65331921658659
3322,17.834363024489924
3323,7.768034625911193
3324,10.316400674023535
3325,13.98568125295126
3326,8.624888874851814
3327,17.08860960359996
3328,16.637888781863975
3329,15.478336204490594
3330,15.675860699589961
3331,13.460083933881178
3332,13.254164165461066
3333,13.337837627041376
3334,15.24145090497161
3335,14.233434621947755
3336,10.755173743877885
3337,10.16448496252503
3338,10.534290521764719
3339,10.164127848080923
3340,17.09897842130189
3341,8.077804026393588
3342,10.212316808233252
3343,10.261169581874437
3344,8.858703900718254
3345,15.777652683019886
3346,6.429313946382878
3347,14.55740965458599
3348,8.917593957327751
3349,12.126997646831894
3350,8.419461193770918
3351,10.337648100089247
3352,10.066487881003653
3353,17.57216360829154
3354,11.469082292510052
3355,13.46671840358234
3356,15.115831629105008
3357,13.997626902014531
3358,8.458753234792669
3359,11.808157577105955
3360,15.919418920825049
3361,8.369525869777556
3362,6.982801984994456
3363,14.374086580079096
3364,16.416641433197007
3365,18.88123115462122
3366,15.719599732873107
3367,14.005578236147555
3368,15.529959308958368
3369,7.1852221032511325
3370,15.66185487224225
3371,15.375936993944302
3372,14.503895356889947
3373,9.855005468789843
3374,13.645794352305773
3375,13.720975865024089
3376,12.270109239161856
3377,13.750139961386942
3378,10.132453236400858
3379,21.08807565359017
3380,9.20634136464394
3381,12.440932125597593
3382,10.419063582588198
3383,7.682532564791052
3384,14.696713484721787
3385,16.132925374681925
3386,7.444483181207919
3387,13.200253020543991
3388,10.550765106503917
3389,10.80150202685891
3390,9.763742098811084
3391,10.016696392548269
3392,9.873766879245878
3393,7.5059337551603
3394,6.966937499492276
3395,13.036169906411256
3396,6.5867300916696525
3397,14.005568287117168
3398,13.5992856327653
3399,10.090808407484856
3400,13.401115285481788
3401,7.423414068257058
3402,11.060524316581315
3403,14.53488594864234
3404,13.79028718658327
3405,8.946773588859392
3406,12.09783140962411
3407,8.738449939595819
3408,12.098676138185498
3409,7.021989905926389
3410,10.25841696811139
3411,6.9615891768108575
3412,11.137373349447916
3413,6.194825183601458
3414,10.505614997954442
3415,17.897137585558575
3416,11.739639198303161
3417,18.18827418118358
3418,10.950920197174542
3419,10.536898115130231
3420,9.799654723000522
3421,13.01478053869621
3422,11.228827523209844
3423,15.270174929533493
3424,13.712162746823862
3425,14.961933660508283
3426,9.572779526583448
3427,15.500588352810809
3428,12.10728326959898
3429,8.458879147667858
3430,8.104804650461578
3431,9.876037716454963
3432,7.082172104286813
3433,11.194889523176283
3434,11.598544632719305
3435,15.055355348350277
3436,9.094424550544412
3437,14.617239712024498
3438,7.176854935763449
3439,10.24527937916347
3440,13.980034805856892
3441,14.743034162685777
3442,13.521993259054344
3443,17.89262665724118
3444,8.571117217793082
3445,12.511939237476508
3446,15.638046157137767
3447,15.646763143370244
3448,8.90292877682261
3449,15.166397527800022
3450,14.127932446044285
3451,17.719692202369586
3452,8.138057866789966
3453,8.938097187545047
3454,14.057161607075289
3455,8.929833921616074
3456,7.751140624784748
3457,15.4638362283484
3458,16.799960827052843
3459,7.663668659444242
3460,14.302241223641108
3461,18.43471411558603
3462,12.63028536178778
3463,7.786117824035616
3464,8.688398494535758
3465,13.054586235238101
3466,6.661368147527107
3467,10.283209731930835
3468,12.018463823827682
3469,10.056661248550707
3470,13.920443161105151
3471,12.930870394075187
3472,11.65993573478174
3473,13.308569487747278
3474,14.152984954285813
3475,11.141278678825323
3476,6.430018160205044
3477,12.443113069889158
3478,8.611478496372044
3479,13.049151864532092
3480,17.785986268026598
3481,14.278094641094071
3482,17.138711310360076
3483,6.4508080247593975
3484,7.715639522092457
3485,8.709529770809315
3486,6.0
3487,12.124384696894394
3488,8.667298848143844
3489,7.876788553571456
3490,18.077067815002437
3491,6.572832150720892
3492,12.21844464204326
3493,7.601797553636302
3494,14.390099095916865
3495,11.427717751818903
3496,11.017506798307682
3497,6.41053186557523
3498,9.325808559282818
3499,15.909066314130525
3500,13.565601932121595
3501,14.54409853011028
3502,12.170815442996636
3503,10.261469766571748
3504,12.2919801982819
3505,11.533020912137872
3506,14.275199575907392
3507,7.373318363292853
3508,9.769462349609617
3509,11.437290556171098
3510,19.30104684428692
3511,12.26278660460918
3512,11.202662575433886
3513,13.849306996666604
3514,12.298443124139025
3515,13.495197182412307
3516,14.178218753782595
3517,7.410678764154836
3518,12.966817692068703
3519,8.605987063272664
3520,10.43723545040237
3521,15.961010702529194
3522,13.751821944861174
3523,11.26628501522878
3524,17.54569184259744
3525,10.656791456542127
3526,14.99676757403878
3527,8.275638587620941
3528,12.020480879316866
3529,16.276755996110026
3530,11.083179209952153
3531,15.538947919160693
3532,17.233067679445753
3533,16.570621227348493
3534,13.902270895110417
3535,12.847186381318114
3536,17.15974468792379
3537,8.79075790584745
3538,14.360216938945173
3539,9.502601165734838
3540,9.862990119158194
3541,10.755307945796169
3542,12.075852709257378
3543,16.41663902798717
3544,14.862799182341192
3545,12.261288822541188
3546,14.529632625803051
3547,17.11489998603956
3548,17.712728086311465
3549,11.499317859369695
3550,8.412749913544014
3551,7.931125192712381
3552,6.922885262849296
3553,10.81029922560487
3554,7.208456554984461
3555,7.114055116339123
3556,9.731611931406935
3557,8.86287355451626
3558,7.426458312702479
3559,13.999659116180052
3560,7.762008255017361
3561,11.529248863735116
3562,13.877578460977018
3563,9.31436838954425
3564,15.239362193200705
3565,15.369015493319106
3566,14.527215855329427
3567,11.115730925712183
3568,17.419169450199863
3569,16.2169298711631
3570,9.781856646191168
3571,11.145899823584159
3572,12.713020783053326
3573,16.97124825429436
3574,9.526806555498506
3575,11.569330180336816
3576,7.389119410377249
3577,12.497653246995414
3578,7.643064516817286
3579,14.668551544098461
3580,13.645547420610335
3581,12.724203134301668
3582,10.129076264198634
3583,18.272004523769926
3584,15.40292728646767
3585,12.938542737821454
3586,7.62950855648391
3587,8.718334463057595
3588,10.421764345589088
3589,12.731112061851482
3590,10.834959097395533
3591,12.495846979616479
3592,7.6070926463344035
3593,10.499366158917683
3594,14.533187541969859
3595,10.705631594967173
3596,15.66543325186931
3597,11.60974402300828
3598,12.168676696556018
3599,15.691020835264512
3600,9.04252257248132
3601,10.194700385704117
3602,9.291526782109878
3603,6.74847709136153
3604,9.81428402227905
3605,8.498367216154412
3606,14.390736741221984
3607,11.94109558042198
3608,15.782396592352594
3609,10.239373101945626
3610,10.763656205045843
3611,14.282971309954464
3612,11.944014597695729
3613,10.343063028085329
3614,13.474812546820669
3615,13.153028033144125
3616,13.999337560521841
3617,16.279241009927603
3618,12.402279290867975
3619,14.723583362387144
3620,12.531402304784475
3621,14.526276021436352
3622,6.285987408200018
3623,12.557443089478793
3624,11.719650863807782
3625,11.003234983071879
3626,12.53662258302194
3627,7.6052949294830805
3628,15.199884425016766
3629,13.96589733305764
3630,8.170150186534899
3631,11.523644944220493
3632,18.26288594818441
3633,12.050049560850894
3634,13.85628540425471
3635,10.779358431387353
3636,15.80096118999844
3637,15.323578159223201
3638,9.358227906729224
3639,14.135311528690522
3640,8.876685704240629
3641,16.7633397766053
3642,7.413636103939265
3643,14.628569994866075
3644,16.910472161808084
3645,8.347345186040677
3646,7.601087690367417
3647,12.478971670726978
3648,10.447893761087895
3649,9.548087475026987
3650,11.3291367807721
3651,8.065550141893288
3652,18.453505054414418
3653,10.111842465209433
3654,9.207507402349371
3655,10.246590570420457
3656,13.701521645678195
3657,11.962809730240906
3658,16.870705743373055
3659,16.169997902617038
3660,12.03808131226634
3661,7.488812864064462
3662,12.527954130056639
3663,7.170640924434229
3664,18.491910501295155
3665,9.841789944072394
3666,15.614500895376418
3667,18.44414025085697
3668,6.125458634140277
3669,7.385263213704718
3670,20.596779509533466
3671,15.189959762871558
3672,11.113865264482143
3673,18.00354721801386
3674,13.879520984076247
3675,8.187247289815053
3676,8.092937463830825
3677,10.868316734647332
3678,13.317954853356005
3679,12.353762607502839
3680,15.131697465297442
3681,12.680635114606028
3682,11.708063863594536
3683,11.341520395181846
3684,22.73917405110735
3685,8.986896239696302
3686,12.688738105526156
3687,9.24281883646124
3688,14.225613781972699
3689,6.953425464816198
3690,9.733175860000971
3691,6.654091909493741
3692,16.813936375165035
3693,10.69295655565385
3694,10.9338601162405
3695,10.23613333617004
3696,17.89271337103216
3697,15.840123595768501
3698,9.814721512688319
3699,8.306738356191659
3700,11.603305231210218
3701,8.521528464069279
3702,14.776129865052265
3703,16.68325290848499
3704,14.039652275616827
3705,15.393889004596922
3706,6.45389614736
3707,7.104414703399206
3708,13.745966489130213
3709,8.832589569511994
3710,14.735021205280589
3711,10.797533115203008
3712,12.002811167614793
3713,13.196938934494447
3714,12.876963911090717
3715,16.370635866455146
3716,7.703810944817603
3717,9.612947415139688
3718,16.431012783345672
3719,13.83901033982099
3720,15.156693698547478
3721,13.590944657002778
3722,19.89574991001385
3723,10.80020974923727
3724,19.204384033870497
3725,7.9555422653612915
3726,11.322156621910471
3727,8.373698593536231
3728,12.066187365264677
3729,11.769808113879265
3730,11.874214605847643
3731,16.494891350231097
3732,16.746761544333015
3733,12.861310245870849
3734,13.283617699246966
3735,10.508188876507846
3736,16.51682154404682
3737,14.109353583815958
3738,10.257319046599832
3739,9.078542198897928
3740,20.08146389966354
3741,19.563255700786907
3742,14.13064338855279
3743,9.717835560610842
3744,13.295605390545493
3745,7.652051178327467
3746,11.822974055737587
3747,13.869906852346253
3748,11.876351045890523
3749,16.676322184635193
3750,13.479690300144117
3751,11.824658877441808
3752,11.122375204694379
3753,12.486449743691479
3754,16.544142143396883
3755,12.42221399117023
3756,10.693181235815416
3757,8.419825720303546
3758,11.619773679186185
3759,14.190319204456657
3760,12.439565755645413
3761,13.15255369777283
3762,8.442367468893753
3763,9.23177880679578
3764,13.844481506031343
3765,12.033873853452356
3766,15.05662272776323
3767,16.499260310552565
3768,12.492338741727387
3769,7.137421167442259
3770,10.890469409729633
3771,13.157833466694914
3772,12.09599293430694
3773,12.168179059901362
3774,14.63897209968903
3775,10.426815302076022
3776,14.68267537539102
3777,14.403244785049287
3778,10.648415756145
3779,10.434480786699384
3780,10.272545875722525
3781,14.904673288394607
3782,10.488262620333588
3783,14.289381390191117
3784,7.335533560748702
3785,16.915469687323355
3786,13.584819660775617
3787,11.93190796131055
3788,9.44838189063811
3789,13.826152420925194
3790,16.0441462781722
3791,11.565239397522145
3792,14.435383441747355
3793,15.83131830372754
3794,8.043208114598725
3795,9.408989319131736
3796,13.92182548819535
3797,14.946558021701243
3798,7.799867906862901
3799,14.905277903847047
3800,12.282607901383457
3801,10.667109241499855
3802,12.25685346027588
3803,22.658838814233974
3804,13.75494101217615
3805,11.686245691695348
3806,8.631631921521189
3807,16.42997468788946
3808,6.708263633264084
3809,10.569454340694064
3810,8.132973693798563
3811,12.715063277923036
3812,11.990981081872857
3813,6.0
3814,6.673129100263108
3815,8.861245683600643
3816,13.975412125518451
3817,7.144501542419741
3818,8.280848731860331
3819,8.922682273438362
3820,10.984683175381548
3821,14.754727457415418
3822,13.199475048324363
3823,14.483567984882722
3824,15.494803390018644
3825,16.008691912634244
3826,13.257182299115255
3827,13.112856187006207
3828,17.336128260848056
3829,15.971370739306186
3830,17.33991573598128
3831,14.546578062415959
3832,7.670715424438719
3833,16.57607218805954
3834,13.614754044780272
3835,10.561505204674717
3836,17.37528325030138
3837,11.7326345454506
3838,8.732614148046075
3839,15.567167570876546
3840,13.120626130411244
3841,15.593965608531166
3842,15.461845521986028
3843,10.20215691776664
3844,9.130058072261194
3845,16.38258784136389
3846,9.697635906851392
3847,8.00852164460624
3848,6.439095927149417
3849,12.633474080366954
3850,11.867979251275743
3851,13.717671425210078
3852,7.2032372532947395
3853,17.628485120402978
3854,14.025639120757328
3855,9.21847454139293
3856,6.656325285305523
3857,7.680549715716015
3858,10.23623907605531
3859,10.033771104325844
3860,12.914328172963833
3861,18.393283225420387
3862,13.560276757512487
3863,16.35192593945674
3864,12.397697890199623
3865,18.088963518199282
3866,11.894388355917961
3867,12.30248335735998
3868,11.950673593814638
3869,11.94848629336547
3870,13.84623416594197
3871,13.123290883285152
3872,11.480068134923759
3873,9.645894771526024
3874,11.640607816703588
3875,14.015747887465354
3876,10.278120933700945
3877,10.681457147518593
3878,12.79616313264686
3879,15.853708889733293
3880,13.983020585387505
3881,14.826711423724603
3882,7.956218736928472
3883,13.068372027886333
3884,13.04604684119396
3885,16.090509983806314
3886,11.40173205444544
3887,7.84020384826613
3888,8.963202806888798
3889,17.512246808783008
3890,8.984793960180461
3891,15.339246816664863
3892,14.024383723648704
3893,12.60757653648702
3894,12.79105653146266
3895,14.864584990712752
3896,10.788675133526597
3897,9.356031723709407
3898,12.926937566852986
3899,9.90498137418569
3900,18.994931760131024
3901,15.088041666955341
3902,14.288238712486676
3903,12.307130238461228
3904,10.642164615824152
3905,18.014710574155913
3906,12.939033191570251
3907,11.080652204541707
3908,7.6082398725249005
3909,6.688431855458465
3910,6.093216705986891
3911,15.109441408099455
3912,9.933374699788903
3913,18.709512884947696
3914,12.701545297308552
3915,11.937178735766034
3916,19.21019327464868
3917,13.088339808896995
3918,11.01539465327984
3919,14.602356415238665
3920,8.185466376398637
3921,13.18225390254456
3922,15.373556797492633
3923,9.847282663601002
3924,7.426027262881344
3925,12.656413451841086
3926,12.157444425546018
3927,6.458025411030037
3928,6.924620704545785
3929,6.038129983785056
3930,16.82175237531104
3931,9.37740459986121
3932,11.135595872701101
3933,16.30321338867099
3934,15.612231527882217
3935,14.644466247469044
3936,15.7723727024205
3937,14.310940144463466
3938,6.819405738029806
3939,12.243382199499804
3940,17.128701481164118
3941,8.55377610600476
3942,20.567257157671204
3943,13.171894624928797
3944,11.933272338499684
3945,7.352386836945646
3946,13.659382265124579
3947,9.044246941677441
3948,12.442298003357374
3949,17.225617000614587
3950,8.369576398935257
3951,12.66574673855133
3952,13.043430765516915
3953,15.642182849720989
3954,14.645508855895548
3955,9.348888315346525
3956,15.438494828448757
3957,8.900182312917783
3958,13.642194293886622
3959,7.486395825138788
3960,14.623786156814372
3961,17.862801301117607
3962,17.299092899292948
3963,7.295832123960733
3964,11.462586776260814
3965,14.067917676692094
3966,11.391374520674795
3967,11.380376151346642
3968,16.438130357371424
3969,12.426798785721827
3970,16.287311112364506
3971,9.020000819665178
3972,15.775959685911957
3973,15.035756408753429
3974,10.013984059582608
3975,10.831248260685285
3976,13.08403764508589
3977,11.416730484008806
3978,7.765371268155838
3979,15.435235487367573
3980,10.816114992495693
3981,7.450220649238397
3982,13.173222786860128
3983,12.534287515428026
3984,16.648848064399893
3985,11.374398008820977
3986,12.599013738732289
3987,13.002031268918744
3988,7.400968826085285
3989,10.952527360280554
3990,14.918591489123743
3991,8.359638476613814
3992,10.96104009858245
3993,18.641460387713224
3994,15.012514092053157
3995,7.595925325409647
3996,11.987626184304963
3997,18.50809609161871
3998,15.044500092849526
3999,13.202472887500672
4000,12.568035071442072
4001,13.384069852075752
4002,13.939128634385664
4003,11.117081350636989
4004,9.752114480174912
4005,10.350468698529347
4006,14.297432335171793
4007,12.885681727979724
4008,16.35089350575282
4009,12.231221471295157
4010,12.382013552595547
4011,10.659992629212715
4012,17.70593828897976
4013,11.148848185295908
4014,9.655720828412843
4015,15.271611988715163
4016,12.484952682764332
4017,7.891902695087924
4018,12.303485795447486
4019,12.362735727722391
4020,13.080355706629126
4021,7.509068668608002
4022,8.904169734606553
4023,12.526302298058093
4024,7.818319943908098
4025,12.372322669303443
4026,16.619558889776766
4027,15.948744540264958
4028,9.018887354958705
4029,14.236544913226602
4030,14.172442500647545
4031,15.7856708528631
4032,12.81738846555866
4033,7.670697862467859
4034,10.510422167015728
4035,9.1321720611477
4036,10.733327856240178
4037,7.073250702515613
4038,18.922781106823887
4039,13.443796850392197
4040,7.445835444695798
4041,15.30031270665301
4042,14.434623759627558
4043,12.271783873042855
4044,9.277885679598906
4045,11.189672861295588
4046,13.33103969836846
4047,14.877131584699722
4048,15.01991449061496
4049,8.941266428968891
4050,7.241033384492279
4051,16.436743963261804
4052,9.721307043885403
4053,14.092690762891575
4054,14.552709106807708
4055,12.05212673911787
4056,14.105682815113601
4057,10.665190706205642
4058,6.908008148351427
4059,10.314462453065484
4060,10.834351847304266
4061,12.366489886837641
4062,17.580448723320252
4063,7.823058198737163
4064,15.48347112943368
4065,16.25993595182056
4066,11.093332317346514
4067,14.403473739104562
4068,7.83893627615112
4069,10.175150490808212
4070,10.487273489950024
4071,15.25971872368909
4072,7.927039068134669
4073,14.976703595574877
4074,16.345092594939114
4075,15.203275428293743
4076,11.14879265968599
4077,10.748199321453107
4078,8.486969071534785
4079,13.50099195411131
4080,15.558894873810411
4081,11.990710063224196
4082,8.30499965602225
4083,7.641476820975996
4084,10.41316592142116
4085,13.116108290309814
4086,11.280075992261027
4087,12.203204978202002
4088,9.805101088950524
4089,11.095576480769617
4090,18.494044969604072
4091,12.534879016133155
4092,7.514280606238852
4093,11.775319407689768
4094,11.604944293154954
4095,14.854653392251635
4096,15.542394157966063
4097,13.621231308007195
4098,15.51748860343843
4099,6.947320033675123
4100,20.574226740204786
4101,10.062769522606049
4102,13.785861236533762
4103,13.047599098461038
4104,12.798867078153002
4105,11.437147307232868
4106,15.53156793208032
4107,13.967676283370956
4108,10.686706612623896
4109,16.22282882966082
4110,15.368480184566133
4111,12.540840276592391
4112,11.152335124661773
4113,7.162305105924163
4114,15.677950662406408
4115,14.166401910391945
4116,13.347656522931567
4117,10.477596672711622
4118,12.664561342446664
4119,14.20763516614196
4120,14.486727502468991
4121,14.620613816372535
4122,23.287784376827585
4123,14.29344887484569
4124,8.041854624291151
4125,6.468059345175404
4126,12.288980207910782
4127,14.513832740875815
4128,14.56768227964196
4129,12.052644698268299
4130,9.211131426917701
4131,10.666821059629374
4132,9.958171327634952
4133,20.43270806054392
4134,8.614189167414677
4135,13.600591526554064
4136,18.400528169444826
4137,13.4583109498666
4138,8.739878174735985
4139,11.953907139702201
4140,14.02512307188078
4141,15.754912742050623
4142,11.086682741751028
4143,11.098129739470492
4144,17.903564086055344
4145,10.625809741759433
4146,7.423492991145045
4147,7.035106931904178
4148,15.594662263936495
4149,10.594306327968482
4150,11.088179067761022
4151,7.4738731016081665
4152,15.062650584775852
4153,7.0855627035976365
4154,11.920316521792856
4155,10.884937413117441
4156,11.996513909604236
4157,7.37170877680497
4158,13.977305004329699
4159,14.33534751685656
4160,10.749304694534711
4161,13.17732947702398
4162,15.24035098317611
4163,10.722025899060586
4164,10.234395464395462
4165,17.946227145861094
4166,14.351633929523931
4167,14.332767075631752
4168,16.126109930104736
4169,14.943476143265446
4170,12.967323799825643
4171,8.104590704820051
4172,10.104266565848796
4173,15.09292565530151
4174,11.706415690179806
4175,16.74935225728517
4176,14.610737621779412
4177,8.682977831063264
4178,10.89249502299438
4179,11.953714565352396
4180,14.067122086478193
4181,8.683224894396394
4182,10.04770361905782
4183,15.344354831904683
4184,11.18632463784437
4185,9.306254367371997
4186,13.826901561486903
4187,14.209030481275454
4188,16.18340717025804
4189,18.11097008791319
4190,10.596693636910933
4191,14.959172721960078
4192,10.143032558122377
4193,6.925978682887164
4194,13.496311245358305
4195,15.85651889292276
4196,12.688273474236274
4197,11.24413390342516
4198,10.11122830582119
4199,16.40441226585999
4200,14.932592419742356
4201,14.008021961173013
4202,16.026626521978613
4203,16.064425594308375
4204,13.151857119868161
4205,12.716799749308986
4206,14.183695562538713
4207,14.636226799375468
4208,11.333374515939546
4209,12.319489686543603
4210,8.027461295795261
4211,7.24757117408573
4212,8.902818900385492
4213,11.251050056461409
4214,17.894157793155017
4215,14.599454677830243
4216,9.242825177456565
4217,8.53707647808856
4218,10.933905382895283
4219,12.612583522863071
4220,14.105648024327381
4221,7.109137774794863
4222,17.7923703259147
4223,10.497651695781887
4224,13.698114322056666
4225,16.1981817129447
4226,8.183933761650128
4227,7.997751186321368
4228,11.70834071320247
4229,11.334537483910106
4230,15.562140902594411
4231,14.709612959684435
4232,16.953522347521766
4233,13.095677857408262
4234,13.565278576493974
4235,11.790419524596986
4236,14.082464349159357
4237,6.1655388110876945
4238,17.39732702004952
4239,14.216927421486373
4240,12.671398210431427
4241,10.395857293588183
4242,9.578063734168847
4243,16.729184513048267
4244,12.347618584963179
4245,13.99291705252958
4246,12.396356109395532
4247,7.891880239687772
4248,10.875995232408082
4249,10.039311248794725
4250,13.052898201440852
4251,10.13967152989987
4252,11.43941195312325
4253,14.175262091861253
4254,11.051628223980073
4255,9.316948869060441
4256,16.147110825039416
4257,12.768185932263682
4258,14.485175762972977
4259,15.459328694090912
4260,8.527185527645202
4261,16.25543679851433
4262,11.169608015428711
4263,9.535751216309489
4264,13.547716228374924
4265,15.494076813907927
4266,11.706450017815605
4267,9.831774373655469
4268,10.515419733484588
4269,14.443757181941345
4270,15.01085373968388
4271,7.160455985764772
4272,11.554581630742696
4273,10.216298153330142
4274,7.173199621401041
4275,11.838478818905855
4276,12.121940434501122
4277,6.243329730403069
4278,13.253896543941025
4279,10.538310854683088
4280,16.827127035462574
4281,12.070629358877309
4282,10.568645568049446
4283,11.187386486636242
4284,15.219588703091798
4285,6.9788135419057875
4286,11.124860233426668
4287,11.645915948731217
4288,9.62536900935438
4289,12.912014659747545
4290,12.968011630335187
4291,7.7424174603923435
4292,9.026315661052113
4293,13.671273009412387
4294,16.498774414408736
4295,17.889252856450675
4296,12.452010596233814
4297,10.52914495329689
4298,9.937124365698915
4299,9.167792810477913
4300,14.36722291852518
4301,13.50859709154341
4302,12.000956334562053
4303,8.532104443019968
4304,10.675168242231429
4305,14.250199303851932
4306,18.00512462386004
4307,7.620126440841062
4308,15.068980513704266
4309,11.722947003104858
4310,11.461767030389492
4311,10.10135765219899
4312,16.932286207421413
4313,14.57198210084756
4314,9.60732329028627
4315,17.214707343474256
4316,15.929731882780095
4317,8.946722314685852
4318,15.206643065808825
4319,8.097033924156177
4320,8.230007573594344
4321,15.4504124949568
4322,13.419004820881343
4323,12.293727335248056
4324,14.392078439340196
4325,7.177727130314351
4326,8.635860372676731
4327,18.51761309360259
4328,9.6607661803832
4329,10.406499756403502
4330,12.987247258824587
4331,16.000463569396324
4332,17.015925772286195
4333,15.817539878128432
4334,12.66341629806895
4335,18.173718573481935
4336,10.531120734297314
4337,10.155799952325538
4338,9.800571770990702
4339,10.560070894140363
4340,9.28600163271972
4341,20.179569241758905
4342,13.132071548715487
4343,11.438139963209116
4344,13.836734328594094
4345,11.284182547746545
4346,13.918007458701744
4347,8.074749032618591
4348,6.514881325091386
4349,8.126660959054478
4350,18.765280670793807
4351,11.143164239399512
4352,17.22928010840781
4353,17.19976615276788
4354,13.82371765853609
4355,9.287804106402028
4356,14.65139056285033
4357,15.193169953316607
4358,15.976526798067457
4359,14.935147867977264
4360,8.359829356297805
4361,9.861629307582916
4362,11.754970240926669
4363,15.406707913687944
4364,12.124949892865024
4365,14.86541745590092
4366,10.817510945462947
4367,7.421819843189955
4368,17.436406740748975
4369,9.074323092280057
4370,15.898649340779356
4371,18.934825303156092
4372,7.561281646647395
4373,15.718935136270268
4374,9.518802061299224
4375,6.40884438211056
4376,16.51811890679242
4377,7.995443067269982
4378,12.17544322629792
4379,14.146197611357744
4380,8.999160098794809
4381,10.739734890615617
4382,12.455976294303955
4383,15.34205407261548
4384,13.51215499480861
4385,19.469919338751442
4386,9.273110744263654
4387,18.64497721544593
4388,9.697233400198806
4389,14.457668264303285
4390,13.966532764063249
4391,15.388232484822812
4392,9.131675212276148
4393,6.882855298746671
4394,13.03494983730329
4395,9.483027838881512
4396,12.555145979109138
4397,15.420411045295808
4398,11.818999816731624
4399,13.656209483587478
4400,14.694587317021162
4401,13.492015149640144
4402,11.105591053354201
4403,10.852066691077452
4404,17.256516955791835
4405,13.647820737731697
4406,16.70309968131811
4407,14.944106448897852
4408,8.14168639838523
4409,19.87561339305026
4410,10.516750788615777
4411,11.25001794127042
4412,12.37779669101695
4413,10.257959182696906
4414,16.652707140587133
4415,9.290410058454729
4416,12.86394270023609
4417,16.00331508930454
4418,11.338305705134905
4419,12.284548124668152
4420,16.780270444012412
4421,13.159547954892
4422,12.710151916172865
4423,17.751436048016885
4424,13.641227348527076
4425,14.468811320141057
4426,13.606556043136418
4427,15.402437984238844
4428,14.848699723309691
4429,14.311171110724922
4430,13.220221406530085
4431,11.920416697962402
4432,11.9429836332297
4433,15.043522992972582
4434,9.16505467884966
4435,14.06526268186404
4436,8.454258550280498
4437,8.886700217653317
4438,15.46186216622581
4439,12.789248980172056
4440,12.321681722221976
4441,13.775678652810477
4442,7.331809502243494
4443,7.689370087306627
4444,16.05376443479922
4445,8.023936730562703
4446,9.020494770183504
4447,11.338276314866226
4448,14.773414041088003
4449,15.121977025984261
4450,14.501584352253865
4451,12.991892238448546
4452,15.691148778050284
4453,12.757870471897181
4454,7.341343098470207
4455,8.604925240978845
4456,10.724921500820564
4457,7.509483090459281
4458,15.132701925338408
4459,19.057910225556306
4460,12.241924079124164
4461,11.765344530156797
4462,15.439904359949981
4463,9.892288518716741
4464,15.005480758931144
4465,10.082743796548224
4466,7.7928566590888275
4467,15.155274778125642
4468,9.946395051292255
4469,13.050516226674155
4470,16.59840318507226
4471,8.759279142160045
4472,12.820695373025426
4473,12.528350699877135
4474,14.61886071559651
4475,17.416741781706442
4476,14.041502937987914
4477,12.443221577038514
4478,6.900225607839742
4479,15.373764341947926
4480,11.009021685648824
4481,18.68806936179806
4482,18.04726490200099
4483,15.357594985625
4484,9.186893991087386
4485,9.051716668281722
4486,7.986957898233783
4487,12.489112955735221
4488,13.130666139515402
4489,11.849702888439658
4490,9.352536551036923
4491,7.977377556072674
4492,12.700424249656745
4493,14.996723810607829
4494,9.039445635224457
4495,12.861021249149688
4496,14.060784160454734
4497,10.190466849118064
4498,13.98635890881772
4499,13.045594747580045
4500,9.37730096971294
4501,16.155870428930143
4502,12.57271528145151
4503,8.263186861375614
4504,12.543718416508499
4505,15.994424247053558
4506,6.665428307982396
4507,14.700974849179314
4508,10.650693070614079
4509,12.13800807112647
4510,17.00153535687842
4511,6.0
4512,13.13096755283721
4513,12.727312340838454
4514,10.952144412064996
4515,19.136182850810286
4516,11.281390048479985
4517,11.844554731267399
4518,8.884413374892329
4519,12.427572341824437
4520,12.699401503979981
4521,14.984836905622023
4522,11.600025155453624
4523,16.729701752576705
4524,14.139175369096174
4525,9.506174071084997
4526,9.65800240469154
4527,15.44331474920554
4528,15.351482362199272
4529,19.840261437836382
4530,15.832730744748693
4531,17.35768130535048
4532,16.537711596184902
4533,6.988576078457832
4534,14.77973864661959
4535,13.194230840400458
4536,10.148997495362584
4537,10.772671052417556
4538,13.138088915058624
4539,7.935659866661727
4540,13.049393464953852
4541,13.750223337156761
4542,10.64928331971098
4543,9.041058649189978
4544,15.253468511864288
4545,6.874209121068079
4546,14.568031649527663
4547,19.553039886473236
4548,8.404339507627924
4549,17.28652246070142
4550,11.870364644761755
4551,11.164738193160131
4552,12.882976295367872
4553,15.185669391770192
4554,11.933861371594059
4555,12.440415348344693
4556,13.86239327716823
4557,16.40713074348234
4558,12.380047218437205
4559,10.001739347059244
4560,17.250939305186574
4561,9.169099155829887
4562,10.73137157225229
4563,14.97079736521625
4564,11.23872774726789
4565,10.104598858117654
4566,7.937976525023549
4567,16.475893536291906
4568,10.730180642922756
4569,10.282218146438295
4570,9.035333472616319
4571,6.0
4572,14.949418372052419
4573,12.506807221126541
4574,18.508462776889953
4575,9.25597816999783
4576,6.870996460544925
4577,8.033152518227137
4578,10.288098572609748
4579,10.862337796368529
4580,10.683857791327009
4581,11.694513754320228
4582,12.607604867900108
4583,17.54002384479557
4584,14.53221934313563
4585,9.034960185143737
4586,12.893796570228053
4587,11.818914618192752
4588,9.668349425328769
4589,11.257560925898538
4590,10.654107085113129
4591,9.922536474203493
4592,7.969748462266714
4593,12.193896730784559
4594,13.746906122848136
4595,16.12768001424295
4596,9.26211414597957
4597,15.967373746688487
4598,13.557909783422243
4599,9.779448421699698
4600,11.422282807663503
4601,11.069386971320775
4602,15.002882816669734
4603,12.208135379785165
4604,7.382466444126135
4605,10.85833588753286
4606,12.096778422766064
4607,13.045947342321304
4608,11.14705585085491
4609,7.4272826225788755
4610,14.532159880555918
4611,11.562296064115742
4612,11.076674555467504
4613,11.281738277302534
4614,11.738883413888885
4615,7.7675384573013835
4616,9.674850901179589
4617,13.115864419273183
4618,16.46531061239958
4619,15.617804651519066
4620,9.746175650696243
4621,8.977664400842233
4622,6.133935842481257
4623,12.840756352118813
4624,6.940648471762127
4625,11.938766745253805
4626,9.892849654067955
4627,16.10875210417287
4628,8.195774795275463
4629,10.65925706579531
4630,22.00850309062319
4631,14.105303389510262
4632,17.145135132214765
4633,11.36500219802972
4634,19.372936242302824
4635,14.521223850278046
4636,16.24325457684103
4637,8.74319232766657
4638,11.730234811636592
4639,6.410853787234087
4640,11.961551235679904
4641,10.699649040647426
4642,13.2617391183056
4643,7.719281858524148
4644,11.123568705169514
4645,9.477572603078166
4646,9.491991408242942
4647,12.152520581204193
4648,16.308922512628353
4649,10.49427630194195
4650,14.334497816848145
4651,7.702510507238613
4652,14.715746345221545
4653,11.246933968762304
4654,8.600824313398721
4655,13.266110227485878
4656,13.595493046818913
4657,18.143522912522755
4658,14.3727313582769
4659,7.363728055394988
4660,9.053886034539405
4661,15.271704868004427
4662,9.405491735222617
4663,12.726138744759075
4664,16.284829864112375
4665,11.699052839320142
4666,11.110243348066378
4667,8.437077573623917
4668,6.308523768977208
4669,13.070769275425892
4670,6.497746215329004
4671,12.981253409833716
4672,15.966375813951794
4673,12.66895330656948
4674,10.943298026949446
4675,12.0235595296822
4676,16.51134934803753
4677,6.2431106979064435
4678,11.82175957963686
4679,17.903552372781927
4680,14.212132065648547
4681,15.568525598870938
4682,14.627410094548546
4683,14.168128101490053
4684,17.943461195792946
4685,13.564593870124629
4686,8.676101511098958
4687,10.118452886681688
4688,10.892520761462393
4689,17.68564715639044
4690,12.777668765963393
4691,11.876559825832073
4692,11.996711689234436
4693,12.784935061446673
4694,12.734351720998891
4695,12.81771695350864
4696,12.624578035786165
4697,16.132218292579328
4698,10.307796055807698
4699,21.324659988812638
4700,9.352702296383464
4701,14.04423767050486
4702,11.639102161340338
4703,16.250332492365676
4704,10.2355565837162
4705,7.482988082055322
4706,13.225284134127488
4707,12.889013729496098
4708,12.707635969888075
4709,9.0457576585339
4710,14.139966175537705
4711,8.725052375309858
4712,7.990128705133967
4713,11.795923526818916
4714,16.435036465131297
4715,6.234718100738878
4716,13.620252928882335
4717,16.66008632894017
4718,12.806619112093543
4719,10.531268206511193
4720,9.940974446578187
4721,8.364380235872298
4722,11.088013160587806
4723,18.846993160411344
4724,10.042618062258526
4725,12.518994441993215
4726,13.568645037467796
4727,11.514341474103052
4728,9.473418660220764
4729,13.595835685676741
4730,12.454070729520105
4731,12.50376163852813
4732,17.24747194170756
4733,11.129793200517875
4734,11.0626411232578
4735,10.925027110302725
4736,6.682293677872999
4737,7.8517476887965865
4738,18.98024229658199
4739,13.169724879435037
4740,12.045254723287234
4741,12.419389613602837
4742,11.711668935160917
4743,14.166651363481993
4744,8.063303731443463
4745,14.613827201438923
4746,9.498456754449084
4747,9.220803089508626
4748,12.073046622825304
4749,15.799946930732803
4750,9.952068706624651
4751,12.676106314201139
4752,15.34406911513812
4753,8.267140149091949
4754,12.834379675046886
4755,6.581150647848133
4756,8.469621819061622
4757,9.979235060700478
4758,12.699900486616626
4759,7.719984926295853
4760,8.697319420849265
4761,16.33802627643757
4762,12.829796244793675
4763,13.407283848450435
4764,14.168942842779327
4765,16.151433169199315
4766,11.74746902797252
4767,13.374833488677957
4768,14.293212576766022
4769,12.261124164224139
4770,11.240195206677704
4771,14.970652405389444
4772,16.69905875436923
4773,10.727796537639419
4774,6.82701449306471
4775,13.326213695583144
4776,13.883592659234365
4777,15.466676896740722
4778,10.144709163333795
4779,13.202396859915678
4780,6.201487678099044
4781,13.057268693571155
4782,15.045701655954227
4783,13.48597661593179
4784,14.61638813262776
4785,12.736414988338044
4786,11.140963350047462
4787,17.378388744908065
4788,15.156191095374657
4789,8.749839118870216
4790,7.26687979435981
4791,15.851029176814864
4792,21.463955164566674
4793,11.17510674956167
4794,14.4958023549855
4795,16.309387783737307
4796,14.96884342404443
4797,10.119082146247282
4798,17.660278480247538
4799,15.561633042824004
4800,8.154331897815217
4801,19.34149189265155
4802,9.95892989018797
4803,7.315552580291517
4804,17.147691970511065
4805,6.090357065725651
4806,8.38114692864607
4807,8.119166861856124
4808,16.28603910735852
4809,14.327633931258406
4810,8.004354277990677
4811,16.026991100207123
4812,7.90811174907976
4813,10.51181169402941
4814,10.483377364931384
4815,16.10768002245535
4816,12.905985814298965
4817,12.995554128923168
4818,7.7876179204502645
4819,6.731462358450725
4820,7.633448023405629
4821,14.994415497945043
4822,9.811072851543662
4823,7.731911761439467
4824,10.35828808011302
4825,13.704465010759819
4826,9.204206075180185
4827,8.987635226045334
4828,10.776249461596516
4829,13.050367703809023
4830,7.493137934596903
4831,12.86679982691408
4832,13.960291052376032
4833,14.458310228003674
4834,7.715082932381361
4835,19.154769183307135
4836,15.692420438956374
4837,14.410922323472962
4838,13.06810927811292
4839,10.953369529877088
4840,13.583933672793657
4841,11.548553846265934
4842,19.807304906348957
4843,10.357598520083611
4844,12.723179109964216
4845,12.983047514797635
4846,11.03713458499675
4847,11.685585148775496
4848,11.130928359578641
4849,7.256895735218228
4850,7.938221821929345
4851,12.69501103175831
4852,15.963342543582995
4853,8.536930020995664
4854,10.561682282136772
4855,17.961006507149605
4856,13.994525916737777
4857,15.19903581952189
4858,11.43584844132652
4859,6.719509284263957
4860,7.37844521783616
4861,17.565484905802194
4862,12.842874584123093
4863,6.895986969458303
4864,16.034725174675316
4865,13.354484065308467
4866,12.412356483061117
4867,10.11283028512996
4868,15.093472208653345
4869,10.420658988878305
4870,7.498340693850397
4871,13.402735505875032
4872,10.066890984415714
4873,12.417589478593824
4874,10.439417176864069
4875,11.366980906363404
4876,15.790262545415349
4877,11.206528398577364
4878,6.2659946750613225
4879,16.169960920366773
4880,10.940303090874737
4881,12.061818673368805
4882,6.8431782189912855
4883,14.233016773256848
4884,10.14002860076368
4885,13.577146380935655
4886,7.425185636541149
4887,11.573086790137763
4888,21.231661568800934
4889,7.531290892528642
4890,8.320517351322597
4891,10.261438444084186
4892,12.330445505053467
4893,10.280339287773968
4894,18.038485050162596
4895,9.811708566198797
4896,14.025724315773207
4897,9.347248930015914
4898,11.108251473300173
4899,11.084421287403039
4900,11.450309815711082
4901,10.719206706943124
4902,11.595009871939773
4903,14.17855602956515
4904,15.464435545701313
4905,8.815315010474126
4906,10.766412517208035
4907,16.072632857325182
4908,7.7625352947386
4909,9.617048239102843
4910,9.487704849642592
4911,14.798679753200881
4912,9.998899668825418
4913,11.899222098962523
4914,10.70661371308825
4915,12.730582606779754
4916,11.482327822606177
4917,13.886221321411123
4918,16.768270565191223
4919,13.615402982312315
4920,17.899014657170703
4921,16.94190177665302
4922,15.524911909182276
4923,11.602415681294193
4924,14.75451813506985
4925,11.39641864602293
4926,13.270288822034408
4927,14.436116276761341
4928,13.931189428790212
4929,10.353931139245296
4930,16.706007389594348
4931,10.605263566834319
4932,13.486519598614322
4933,11.355822264087962
4934,16.078153704787855
4935,7.432729060232941
4936,10.261400214933573
4937,9.536279349833281
4938,8.00411619407264
4939,12.735429939351206
4940,15.981631959007556
4941,14.139090524133273
4942,16.013062985642676
4943,20.344718167220528
4944,13.816932598291324
4945,7.305703684857191
4946,10.03532922045312
4947,8.099072231052272
4948,6.501969289496627
4949,10.105485905201522
4950,13.241017778802414
4951,12.0689377133571
4952,10.724561687016251
4953,17.123837962907952
4954,13.577744063079344
4955,16.53619954273226
4956,8.873463123133316
4957,11.408438355177807
4958,11.336492116715764
4959,11.02079239993548
4960,14.458798020683984
4961,11.500186863387878
4962,13.533950062581875
4963,13.037749145459966
4964,15.32670843044937
4965,9.449021687021988
4966,9.09576158372391
4967,8.02333594182444
4968,8.665355053241681
4969,10.919987981801723
4970,11.012302816429841
4971,12.380857204944009
4972,7.229921449735325
4973,15.20875145367994
4974,12.496516716184638
4975,16.447201690093916
4976,13.310946600544101
4977,13.591545859977318
4978,7.701528414955753
4979,9.472844439622657
4980,7.375286191319072
4981,12.399442738521142
4982,9.528866266041486
4983,14.840905713368233
4984,10.589005325147316
4985,9.590011421385158
4986,18.181125207708018
4987,18.312912998722616
4988,8.071589681508394
4989,14.802541578202952
4990,7.034230898667995
4991,10.194247123045114
4992,8.506929716583938
4993,10.420344895126279
4994,14.147735434378765
4995,10.589145802753404
4996,12.88484900349409
4997,12.088542605372027
4998,14.356251026094153
4999,11.74085595107335
5000,7.242431229112866
5001,8.574773852819957
5002,11.102621557636649
5003,12.590677422067044
5004,10.03432946854161
5005,9.86391117219684
5006,15.738513766041944
5007,11.334579918565044
5008,10.448799338737823
5009,13.623468463928814
5010,15.379250990712851
5011,14.620858236925677
5012,13.912200721102968
5013,16.991208458162014
5014,11.941084245520326
5015,6.633071803737318
5016,11.909883013740178
5017,12.903619543720724
5018,11.01925486303145
5019,9.785751406343623
5020,15.116709579280213
5021,11.116025662825724
5022,15.548248447742742
5023,15.802567421102017
5024,6.549810603966259
5025,7.403570343336286
5026,13.702928324626791
5027,12.409646039382654
5028,16.30949795048077
5029,13.319574293838198
5030,6.92815852032792
5031,14.508591246953802
5032,18.522866249040995
5033,15.95301973049818
5034,15.368353869423709
5035,8.752480133225289
5036,18.06201636597135
5037,9.952671906643097
5038,8.157519730140152
5039,13.361735199115865
5040,14.561786730812255
5041,9.771214366963486
5042,10.56235383954617
5043,11.33369657553993
5044,8.588414840392284
5045,17.629324863897907
5046,8.690162491881395
5047,10.898231788752113
5048,7.59993576617155
5049,14.435524637478949
5050,7.832714096207217
5051,12.27298685100603
5052,10.970906794307746
5053,15.02852507682848
5054,12.453444738749953
5055,7.322521474648038
5056,11.564415028051256
5057,12.422302953762966
5058,14.31252680431012
5059,6.696193042933383
5060,9.095089816396298
5061,7.034711677357843
5062,12.897563125369288
5063,17.963474101295326
5064,12.889955299215812
5065,14.509393481026743
5066,10.641213833105565
5067,11.383009115026677
5068,8.894414409147705
5069,9.553632715976267
5070,12.077216393658542
5071,11.607322053527085
5072,16.703526315535303
5073,12.198800759944103
5074,14.80201664275766
5075,16.209963133046127
5076,10.764655565793152
5077,7.130258847508289
5078,14.224075438376618
5079,14.268084808898022
5080,15.704654470563861
5081,12.84181268498523
5082,14.587213317285704
5083,12.574011706337556
5084,15.533244504400315
5085,10.754739283840088
5086,20.449625591593637
5087,17.006686931616187
5088,12.493932323648693
5089,16.271375108071663
5090,8.110793804533673
5091,8.463340754302335
5092,8.934414687967173
5093,12.88151664296541
5094,7.166205654798165
5095,13.187329860878572
5096,8.281781820253242
5097,15.450684415322202
5098,13.366532990839758
5099,12.141927554530575
5100,15.292516332190713
5101,14.469217290343195
5102,22.31934755140607
5103,8.31752943444695
5104,9.328328638484516
5105,10.680724905169557
5106,15.920694018901209
5107,11.61565993289539
5108,12.421494634152062
5109,17.77942800385937
5110,17.512727555260042
5111,8.924809935642745
5112,7.3143591907253835
5113,11.405751750846434
5114,9.046524130991452
5115,13.80584415687615
5116,11.134237262780838
5117,14.628031524904198
5118,7.533819178234768
5119,7.746097732014285
5120,11.584287179550556
5121,6.765778801508284
5122,16.99065018637864
5123,15.44764590698196
5124,11.090925040007738
5125,16.754854446919403
5126,14.451953944184353
5127,18.607624234093453
5128,9.564060560971946
5129,18.003648322907672
5130,9.281474571037519
5131,7.109867755543482
5132,15.097556555647992
5133,7.127951851958504
5134,16.178826307793585
5135,11.190038964881008
5136,11.044695618335773
5137,11.690580374169109
5138,11.189653657724833
5139,15.552952623061293
5140,7.376260339528379
5141,13.35880546628924
5142,10.326132231118795
5143,10.213471465355674
5144,9.836034407984465
5145,15.60721325332781
5146,10.29035955103524
5147,13.062686361797558
5148,14.224839416706624
5149,13.692113901554057
5150,18.41395915216705
5151,7.756303334263504
5152,17.70410136060362
5153,8.325161080776798
5154,9.640717578601596
5155,14.725807664538893
5156,11.734051244998707
5157,11.628865686270817
5158,15.934050420467623
5159,15.24509003727415
5160,11.11574310309347
5161,10.506081103806258
5162,17.643636433479045
5163,10.318653853128291
5164,11.984912228383926
5165,15.393925329949715
5166,7.161625341711062
5167,17.05179168297542
5168,10.944560780880378
5169,8.532690711302983
5170,13.812659278949015
5171,11.906007956751075
5172,7.196920314094937
5173,11.057394318643393
5174,14.503847801948801
5175,11.46898557801851
5176,12.02352326431234
5177,8.270785504946103
5178,11.862216815475302
5179,9.21629662379979
5180,8.242136498388556
5181,13.919389799316605
5182,8.745291240416936
5183,9.764083765139514
5184,7.192702078804132
5185,10.882382207644733
5186,16.068888804935103
5187,10.08431473164857
5188,10.533116816641975
5189,7.800555201337113
5190,12.21155149239473
5191,9.621604133697142
5192,8.661881175028299
5193,10.191216509781851
5194,16.57693339394187
5195,15.093504648371441
5196,9.87310526122546
5197,12.912361853312913
5198,13.310363020850795
5199,11.332043822932897
5200,15.952925705856153
5201,16.970788821262367
5202,17.719346203605216
5203,10.309563103527239
5204,8.60878686423399
5205,12.444059359080473
5206,10.16336108838857
5207,12.603176130780637
5208,15.249187483464155
5209,15.735259312549001
5210,13.003059772412477
5211,8.699783421651988
5212,7.199886158519593
5213,7.445387140303559
5214,12.96653578441352
5215,18.476519896631
5216,18.347498726041795
5217,13.408781455830104
5218,14.260953123656451
5219,7.5750219102313
5220,14.939376099219643
5221,11.84323314985544
5222,14.987480872038775
5223,14.74335229235466
5224,7.493825663161561
5225,7.7564250025664245
5226,10.54387276823524
5227,6.980081970012795
5228,17.587061828160042
5229,12.48074954371857
5230,12.12247474003406
5231,14.994819884129432
5232,12.627403003076893
5233,17.614946452889978
5234,11.252119091491268
5235,9.462471048053809
5236,12.361206470802601
5237,12.60204872547792
5238,17.566616378995587
5239,10.127327467999589
5240,14.94499286606196
5241,14.420353794827463
5242,11.170266810491823
5243,9.717964406975359
5244,12.040374302265283
5245,6.372838480073293
5246,11.167454115264768
5247,16.551722029672888
5248,11.093149360461327
5249,10.454415574910938
5250,13.991139291431562
5251,10.110605349109347
5252,10.981997723802092
5253,13.9421618011903
5254,13.441531778436786
5255,15.174779678551829
5256,8.300886278706955
5257,14.253112121899925
5258,17.580963451922905
5259,9.906467078667804
5260,12.904314206084452
5261,7.776226647324864
5262,16.852280496343415
5263,15.614124229437063
5264,9.276490884507274
5265,7.425169680419465
5266,12.236621019312334
5267,14.128652579211078
5268,11.85269387091818
5269,12.425080808382432
5270,8.110643376834751
5271,12.740420267092517
5272,7.403140459948388
5273,14.769714312680142
5274,10.192653346885356
5275,12.97662082181344
5276,9.956577743792618
5277,12.857884343242128
5278,12.938533811787249
5279,13.167795236568036
5280,13.841140139241471
5281,12.130051185354148
5282,8.979367663550839
5283,10.575518602004749
5284,10.340872652076898
5285,17.26028871641634
5286,11.097508191187385
5287,12.29762992414903
5288,17.305546422799416
5289,17.20462596372497
5290,13.682896727581943
5291,7.518088606289171
5292,9.6871180387885
5293,16.581678257919293
5294,11.692975312422636
5295,13.97735402783988
5296,10.824408908682873
5297,9.862801505181487
5298,17.475970340570925
5299,10.989985085714807
5300,11.677891853214357
5301,11.362117704647066
5302,12.220071158494946
5303,15.507890095978636
5304,10.013389331862452
5305,10.96501857981022
5306,9.108035993363597
5307,16.646318794903827
5308,9.825757232370115
5309,10.561425101585314
5310,9.824122973995987
5311,8.049049122502359
5312,14.59877826291663
5313,15.933404314086864
5314,7.704190326478836
5315,6.845156334067419
5316,8.172145347791387
5317,17.698764928449048
5318,14.793167744863842
5319,7.408096044417114
5320,11.650831715584186
5321,12.551892473346763
5322,14.652831165653714
5323,10.024090745849842
5324,14.610586473307984
5325,8.258298278098973
5326,10.647114066767138
5327,7.3405502084280005
5328,13.809375378534641
5329,13.329864963967868
5330,8.940902749992407
5331,14.924799356641469
5332,9.403078192110778
5333,7.261367130804881
5334,17.6654046081537
5335,13.606708560791924
5336,10.469594865003556
5337,12.577145061247654
5338,11.239038216379523
5339,6.0
5340,8.402198164223524
5341,13.582372618958157
5342,13.273533126932286
5343,12.524756618832102
5344,7.640716493352346
5345,11.076893122044527
5346,14.125475875709672
5347,6.051623147867502
5348,8.766255894923201
5349,7.5735057088803135
5350,9.91020668099329
5351,11.653657545152715
5352,11.505990053160806
5353,9.960744308131643
5354,7.310811413244765
5355,17.887902541698445
5356,13.025882260441167
5357,12.876402919557258
5358,11.550493364089233
5359,9.74710940394489
5360,10.297961600937132
5361,14.340547611849502
5362,16.726823948490836
5363,9.586888816090159
5364,8.612686052657262
5365,12.684159139641055
5366,16.484985277985317
5367,12.269125250268846
5368,12.192611440574339
5369,15.945288686486093
5370,13.912919368382353
5371,12.063690050946683
5372,12.376518293452515
5373,14.983570457638628
5374,12.850188387366854
5375,19.291505168432497
5376,13.03404527657061
5377,9.215642331246455
5378,12.577779612468706
5379,9.895395040126694
5380,13.895186867094138
5381,11.35426876843055
5382,14.085586162669703
5383,11.72664563172157
5384,10.714708696441997
5385,9.830951589779684
5386,13.569943270539211
5387,12.734148917108593
5388,10.205769451754419
5389,9.884882164024834
5390,12.316729135465948
5391,13.577714806074193
5392,10.59774978370807
5393,15.15867184901422
5394,14.560596104037034
5395,17.226040097146594
5396,10.413469737188041
5397,14.253748054898551
5398,15.96527883517874
5399,6.015405403562519
5400,12.444362105500156
5401,6.287130289781608
5402,16.37341253255208
5403,9.477156013101101
5404,12.296586036603724
5405,15.153620039629432
5406,10.546788744448273
5407,12.698381306395795
5408,10.057115836949658
5409,7.267456625180585
5410,12.338140482504157
5411,10.362901270962423
5412,9.804005131498993
5413,15.341096849440126
5414,16.268486445276956
5415,6.0
5416,14.244991956108422
5417,11.700426589934866
5418,17.860346020311983
5419,9.010631017668892
5420,12.799906175144468
5421,7.7986197280265985
5422,11.503607176233198
5423,10.437715266519714
5424,10.250714680956818
5425,15.849366050497588
5426,15.962142865091202
5427,7.7806104393542865
5428,16.380951245678933
5429,12.95992286789998
5430,12.746678151183088
5431,11.476619886246336
5432,9.812674419037373
5433,18.139847583601046
5434,17.465151667256634
5435,9.566204520740255
5436,16.59077473388368
5437,8.819889830755171
5438,13.730407070924104
5439,7.518381895787146
5440,17.576622151874847
5441,7.692290827064356
5442,12.395883187416468
5443,12.3597257371477
5444,16.15422619485729
5445,15.36968482225596
5446,12.649098113872313
5447,16.59577277220105
5448,20.59346712165556
5449,6.979773073975219
5450,9.685111094286368
5451,9.3487569341635
5452,6.460920405797614
5453,10.14939439990403
5454,14.487790507205556
5455,7.327033649118079
5456,12.762603216245068
5457,7.72906586922563
5458,9.823456363632294
5459,22.028927982734977
5460,15.926865044126444
5461,14.124539600001944
5462,12.650266452846619
5463,10.213773889131858
5464,8.24489820037298
5465,11.551881471401687
5466,8.72945144649631
5467,8.506079968694033
5468,7.351414845578772
5469,15.34600174169954
5470,14.720798096145238
5471,13.431759770747508
5472,9.649456344001395
5473,14.39435637671075
5474,8.887236998563813
5475,11.562502410928225
5476,11.173671014111434
5477,10.856909702384543
5478,8.418619948844288
5479,11.64275192255265
5480,10.168084729168273
5481,11.194632657219246
5482,10.904833105070209
5483,13.327861096992756
5484,8.725703016364248
5485,10.596560181439358
5486,12.676285464045517
5487,11.429494709695012
5488,14.20058977589719
5489,11.128307163135636
5490,12.451910828823475
5491,15.214709932944157
5492,12.427071303611791
5493,10.272190937579964
5494,11.803743931440172
5495,13.222448447742018
5496,14.896827819301475
5497,12.718655100549096
5498,16.827947311555864
5499,11.193588547950531
5500,17.110119654506878
5501,12.141863035150319
5502,13.424309286051582
5503,6.478095913589786
5504,7.4836411938624945
5505,15.938361990030142
5506,16.364020025424768
5507,13.744075347803223
5508,7.34757501941827
5509,15.24588061443922
5510,10.318149361532415
5511,9.531298085753487
5512,10.447198271978701
5513,7.0786678750585486
5514,10.287597371294334
5515,12.381291646840232
5516,18.230536005675543
5517,7.0618366761865925
5518,12.25516117329868
5519,15.156277086507545
5520,13.387323087493824
5521,12.896528314317683
5522,10.325235067441858
5523,9.342836118276185
5524,6.673562949538442
5525,10.728563665506762
5526,7.703098851175619
5527,14.4315648209508
5528,6.336896464694796
5529,14.997864789790526
5530,11.41851130693351
5531,10.937853921799908
5532,10.936808408447419
5533,14.249741806741387
5534,17.744406379536457
5535,15.680204952824019
5536,10.19835381753805
5537,14.079281580638959
5538,7.6605455712971064
5539,12.737578394993053
5540,8.759233360860174
5541,7.547833118725752
5542,18.24652606133489
5543,12.029107121810519
5544,13.300890034816435
5545,6.373700817775248
5546,6.552158463919154
5547,17.637428115755437
5548,12.823174415717451
5549,16.233645185642924
5550,14.215740517111058
5551,7.2480104428683365
5552,16.203305511244604
5553,14.547881031066812
5554,9.171328026739758
5555,10.400659438546779
5556,17.773524355413766
5557,13.348782022582323
5558,10.504780008910267
5559,9.99992328259145
5560,15.084908806716395
5561,13.80364675797979
5562,14.7643440427854
5563,6.710656957249485
5564,16.688783793415876
5565,7.683815254912644
5566,13.46182169952477
5567,7.648627819356045
5568,11.661882785259369
5569,14.429506170920527
5570,13.02280363365375
5571,7.140595368565724
5572,10.779782235281584
5573,16.12910118519534
5574,14.161629609353543
5575,14.410141289181214
5576,15.378569432960578
5577,11.754751134949611
5578,14.82724706320199
5579,15.375744374685318
5580,14.340913451375105
5581,13.060163846431376
5582,14.035694480202244
5583,14.007825779543163
5584,15.636599824462357
5585,10.085776978171342
5586,13.646618343380496
5587,13.247166922616683
5588,8.821047618319703
5589,9.79340996458114
5590,11.27834128390462
5591,9.986047262035447
5592,10.538255768506007
5593,11.238178906375119
5594,17.20455057861739
5595,10.844811238785757
5596,15.751733590075093
5597,14.929670680037903
5598,17.233091902483643
5599,9.896451643441507
5600,14.096754313429736
5601,10.168432717682819
5602,13.374631732774237
5603,6.366540861561858
5604,10.437502353702824
5605,13.347331599444898
5606,6.8460275010011955
5607,11.16729619152004
5608,18.99617150138785
5609,18.839653494173188
5610,6.0
5611,10.558137356392603
5612,15.817969593536526
5613,11.603305556314188
5614,19.528204584626266
5615,14.698247978149304
5616,16.693690384297224
5617,20.71138054767679
5618,15.369497623510478
5619,14.562320218044515
5620,6.900379930515751
5621,6.600921954788857
5622,9.084134452669177
5623,10.179757854247645
5624,11.257351867075002
5625,17.140241049791776
5626,6.795056744089484
5627,14.879613343178603
5628,17.96127507338493
5629,11.154296682715064
5630,10.485627623434212
5631,17.943478175438482
5632,10.286316632521737
5633,11.810061648438719
5634,11.309019610244269
5635,13.388080922445734
5636,7.674210431517096
5637,14.025635633153534
5638,11.016394729849832
5639,15.59333544882371
5640,9.371441414572491
5641,16.291956467821795
5642,6.136039405647993
5643,7.7532418568675725
5644,13.113169877009106
5645,9.964003688386775
5646,13.648181215521737
5647,13.165702407807899
5648,15.478767210427467
5649,15.448317042286002
5650,7.253863308140482
5651,10.751227286057201
5652,14.151170590945517
5653,11.378280359358605
5654,12.99974741104005
5655,12.411048249932552
5656,11.25342020806345
5657,14.690239398809634
5658,10.242912264934008
5659,7.367984358154028
5660,12.329381739530664
5661,16.857430161312774
5662,13.675869909528958
5663,11.635110796887124
5664,12.35388751910246
5665,15.3276482250029
5666,10.827963953859046
5667,9.771906075216993
5668,6.722298203879326
5669,12.897299723032173
5670,12.686194017088505
5671,7.139857891153735
5672,16.122438569562313
5673,19.356455556186866
5674,11.570851941412586
5675,14.762928516692703
5676,7.84462491122044
5677,13.731300873402514
5678,9.027594987445887
5679,16.217764691448544
5680,14.760778260294636
5681,12.299420258789997
5682,7.708360734430324
5683,16.27189364292664
5684,10.46661991852827
5685,11.141626262275874
5686,12.869562383817279
5687,10.675411604306204
5688,13.810006814961673
5689,10.960731491680495
5690,6.6542038028503425
5691,18.09536018794587
5692,14.029917688101136
5693,8.367578206047924
5694,16.092085305598818
5695,10.289465521694744
5696,7.0508187550059125
5697,21.880911737771534
5698,13.224162748976566
5699,9.406365310308471
5700,9.611450976393929
5701,14.732333334515285
5702,17.75145544834418
5703,14.588043344212725
5704,17.591737654875224
5705,12.297621880003748
5706,15.4922517887714
5707,7.306768711749776
5708,12.153531890238614
5709,10.159452727904192
5710,16.682719265262694
5711,15.194667135794312
5712,10.995374296618833
5713,10.968274150772627
5714,15.751728449397827
5715,9.831719990404933
5716,13.107754607524523
5717,10.786815039978013
5718,11.760798081196915
5719,15.279649634931937
5720,10.706723530651916
5721,12.065855045318532
5722,12.098179659049766
5723,13.565362703552914
5724,18.422052627244952
5725,15.115095152471481
5726,10.379456379916858
5727,15.21129006991055
5728,14.245731224397577
5729,11.500011999019806
5730,7.923469671791001
5731,19.78755043208472
5732,20.802228598034358
5733,14.609649186901901
5734,13.718992780356137
5735,15.791317447385167
5736,7.900945043619043
5737,13.409325490147332
5738,8.244931013424996
5739,12.665573712383072
5740,14.215771678860426
5741,15.4800534017802
5742,13.81417889318272
5743,9.543428758474061
5744,12.753132761618632
5745,8.989960200497565
5746,17.959602559428014
5747,12.315853581797088
5748,12.255140886969325
5749,6.084317820358761
5750,12.977129979382129
5751,9.767487119197794
5752,8.018874841747818
5753,8.217342368194714
5754,15.038969357344525
5755,8.919896147142303
5756,9.449291279631899
5757,11.162315270408506
5758,7.643813190420495
5759,11.657860274594418
5760,13.110670019588364
5761,14.576420855661487
5762,11.297246654690351
5763,14.107233869598405
5764,17.698704474915075
5765,8.676817624491177
5766,8.424707200406104
5767,7.586369346883085
5768,13.364281790454898
5769,15.00238914824186
5770,6.911732106156705
5771,7.712280961264169
5772,14.729984474530891
5773,13.895589036803566
5774,11.927479833945656
5775,18.122334321911097
5776,12.040774410794686
5777,14.829220205093804
5778,15.215621069970476
5779,12.779027639733245
5780,13.520567373890353
5781,8.452707567581598
5782,11.803588313679729
5783,10.370450651427442
5784,15.115409649824022
5785,16.494949618782197
5786,8.486928958281789
5787,9.042814899054479
5788,12.058959414987934
5789,12.460814531733632
5790,15.183266691218051
5791,11.741352816540896
5792,15.575105173174999
5793,7.57665354277851
5794,13.710642324927667
5795,15.986763902885388
5796,14.131909827124787
5797,10.15602043702216
5798,15.114794339575033
5799,12.007053147878299
5800,15.961187065653986
5801,8.81699223728088
5802,11.916082547620709
5803,6.772774289132541
5804,15.760094167725
5805,11.68650276094138
5806,8.500213433848891
5807,10.312793232692767
5808,16.73287415132625
5809,6.329065055984381
5810,12.465000881132282
5811,11.37100134313148
5812,17.66682262275612
5813,8.855853353027133
5814,12.260479364190015
5815,14.793167979982194
5816,18.294493423170277
5817,15.378034627005935
5818,12.723781761266112
5819,9.922699458221075
5820,15.115444099634734
5821,10.814169332311995
5822,18.765315658515593
5823,10.964904135679152
5824,13.490725932418872
5825,15.515962408947441
5826,10.078272811567853
5827,14.205233922430805
5828,10.524920458995297
5829,11.654222912554095
5830,10.371462337076473
5831,6.929523734242538
5832,10.735793229441864
5833,15.89865209076261
5834,7.546905334790256
5835,15.229757065928338
5836,7.848762914699802
5837,13.850108978376328
5838,16.58485087384676
5839,7.257408675740518
5840,13.990195696790773
5841,9.025587388024617
5842,11.469967560139956
5843,10.773111266004042
5844,7.279915485935513
5845,15.296037073855098
5846,14.255697406033727
5847,10.933020380705766
5848,10.810904409089087
5849,14.328599985500619
5850,9.28350967671291
5851,13.132322201375409
5852,11.613697318537856
5853,9.731534242429856
5854,9.951523414889287
5855,13.224748148724148
5856,9.71255514871215
5857,15.672027902982652
5858,17.349015089724617
5859,13.308878421676242
5860,10.010774769430052
5861,11.8426456846363
5862,11.147104202792233
5863,9.239874956796529
5864,15.745625989707966
5865,10.736680447823964
5866,11.403653991107888
5867,13.517112165757455
5868,10.559435342565022
5869,9.401270839288458
5870,8.948453433780958
5871,8.18198047915301
5872,13.89704018066866
5873,14.352319810705053
5874,11.702362910828379
5875,15.901533328559132
5876,13.290172404306402
5877,9.02090150310042
5878,10.99509239502527
5879,10.538035381383692
5880,18.614488383565654
5881,9.283613420084045
5882,15.719208745749317
5883,8.252657319486238
5884,14.944188136596939
5885,10.924079848524283
5886,7.762919830259342
5887,11.678881097190304
5888,10.069382598551611
5889,15.442467608143895
5890,11.298495060791172
5891,7.825768517168253
5892,7.701439041423061
5893,11.844952359169588
5894,9.437882183297406
5895,18.350678483380154
5896,11.388175732882752
5897,15.413167746148055
5898,12.646545136017902
5899,8.062593330801588
5900,7.089616518599685
5901,7.627432609100626
5902,9.926023041153165
5903,11.29643765328507
5904,14.66211903500585
5905,18.168066302659476
5906,12.156893946699455
5907,11.057349496164418
5908,14.547188183967549
5909,12.905881623602525
5910,15.801921952190023
5911,13.926329646929819
5912,17.858065894244124
5913,17.41198119311623
5914,6.586947713885554
5915,15.599534341834985
5916,13.30171229344198
5917,12.753423937913642
5918,9.640372273816299
5919,9.932284290811985
5920,8.900220715881744
5921,13.265036830734415
5922,12.414289947373856
5923,13.593953914017504
5924,13.003456312773977
5925,7.90778270963703
5926,17.034088895762228
5927,8.55127466607075
5928,11.295557057842112
5929,7.54578553188807
5930,8.619839744640371
5931,20.910521753539037
5932,8.97161097016392
5933,10.519009945239457
5934,16.16898672753443
5935,16.596372301724873
5936,13.428267230585256
5937,11.452129357387019
5938,8.533149985636715
5939,16.32644759257858
5940,13.853979276164957
5941,15.466807706375137
5942,7.353753178112959
5943,10.28061570869783
5944,13.123762516731201
5945,13.181062178188757
5946,11.784633403311428
5947,14.513475516982364
5948,11.494034108565735
5949,9.531897989880902
5950,16.232855423772136
5951,7.3076729459631915
5952,8.303467222005542
5953,12.254711423136223
5954,11.175614800068269
5955,14.181792963785632
5956,11.96909819522505
5957,13.199152921846638
5958,12.606921955507072
5959,12.290979153781265
5960,7.081803234334222
5961,6.341999607938939
5962,10.86504583846335
5963,21.033046336934063
5964,12.842595470361601
5965,9.783210117091397
5966,6.2195221461484
5967,7.189026586919371
5968,7.2479335509154135
5969,10.140700186020046
5970,17.929694323531702
5971,12.58294079759942
5972,19.0743448675522
5973,10.868402620340529
5974,11.700006558171781
5975,13.580031299938106
5976,11.953930836455724
5977,15.58085233466151
5978,11.709473312046931
5979,15.504243342738356
5980,9.906334450461
5981,7.626455395041293
5982,9.978654817162582
5983,10.383336570079493
5984,8.908586281926848
5985,12.039860112143627
5986,8.19308316213238
5987,7.330793578993977
5988,8.252427069086224
5989,13.278864620023779
5990,13.50645403270759
5991,8.071269701297247
5992,9.444762952665926
5993,14.488147318757777
5994,15.16615872813648
5995,8.433725886435269
5996,12.881852706219263
5997,12.051923395437747
5998,7.968213364117785
5999,16.07475985476051
6000,21.441959274386022
6001,10.300086393792306
6002,6.233890234658644
6003,17.197621221152033
6004,9.57283588228631
6005,17.771208271089936
6006,11.585996980027101
6007,9.538477689997476
6008,16.60334165655631
6009,12.331091740902384
6010,13.009858472331002
6011,16.270296114169888
6012,7.853806700928703
6013,10.012381881813646
6014,12.213911460642935
6015,8.104443132490484
6016,10.322099574595745
6017,7.098149381985376
6018,7.269115470300545
6019,8.002057338432458
6020,16.247747929283967
6021,12.838824192138622
6022,6.785345276012417
6023,7.136129171143325
6024,13.357691153906174
6025,15.761542944200716
6026,13.176909631874029
6027,8.576819714619633
6028,14.89314491494131
6029,14.698079785478974
6030,16.26898512246589
6031,15.52949047469862
6032,8.758046965920357
6033,7.30830617698411
6034,13.970027006345687
6035,7.968451818691499
6036,13.978566461300845
6037,10.061876350828493
6038,9.518119292654898
6039,13.287226467882283
6040,9.75943506563183
6041,12.405759982204897
6042,11.211191503243708
6043,9.71937991224973
6044,10.595775955487813
6045,13.77836093899844
6046,16.81008447128296
6047,11.130388749228024
6048,11.398777459709759
6049,10.629175459516688
6050,19.04677750637778
6051,11.151188734929343
6052,15.887135082239034
6053,16.312385406690602
6054,11.603813233308745
6055,15.942652971289862
6056,20.467921019168223
6057,18.75007648022661
6058,10.219081049928153
6059,10.217832869744065
6060,12.797273194339045
6061,13.050982768614304
6062,15.65056696793171
6063,13.686334618447304
6064,13.755113693550676
6065,16.22842228363855
6066,7.426543078696223
6067,19.104884077929114
6068,11.855655664581784
6069,12.901577701324912
6070,13.88956919055554
6071,14.657924708753619
6072,11.807540837540413
6073,8.781103012665561
6074,17.36159028068308
6075,7.754748839207145
6076,6.349915347355111
6077,9.581802701837415
6078,6.463017225313879
6079,11.508904990659925
6080,14.083061312204778
6081,10.823040106486305
6082,10.356794740378817
6083,13.291268874617035
6084,14.738594396228397
6085,9.757020452347714
6086,11.81216809719913
6087,13.5426792310979
6088,6.204710095726799
6089,17.74385897865693
6090,7.177980431614641
6091,15.44693177255912
6092,8.694208819762405
6093,11.01055564088935
6094,13.00909451735294
6095,16.154298800003968
6096,19.729560038265912
6097,16.502682630079264
6098,10.621909721161897
6099,13.607569387378554
6100,9.77030794804272
6101,10.986863791016471
6102,13.307470696693208
6103,13.594982060103145
6104,12.143911834126886
6105,8.790136448049282
6106,11.073966025901274
6107,11.56337535373795
6108,15.052032036050592
6109,10.375428324089787
6110,8.426994741074841
6111,13.899114519096868
6112,13.436165971714631
6113,8.194861577697916
6114,12.990839937666317
6115,6.887807973511525
6116,18.326220390322018
6117,10.34047328674276
6118,9.942075662697132
6119,16.34685990069647
6120,15.10121998586646
6121,11.102640314005361
6122,17.389881895690877
6123,10.081622960904559
6124,8.184761325102238
6125,17.649115193900688
6126,10.385428536111581
6127,11.601294801695579
6128,10.630970207209069
6129,7.9987966841857805
6130,12.67117382571129
6131,6.553307928089954
6132,12.07759563367696
6133,7.870988127117786
6134,11.98264429754975
6135,13.323026648270458
6136,6.810816388735202
6137,7.35454112365905
6138,13.218635090363989
6139,9.773615552111822
6140,12.01699268791852
6141,8.020295287310626
6142,14.22681938277261
6143,12.716758577778771
6144,13.319781415404545
6145,9.655215472769171
6146,13.438540691640444
6147,16.296600866945806
6148,18.771501478052976
6149,14.334857005338524
6150,6.380962181670463
6151,17.965815184714618
6152,12.473371679027503
6153,11.489278982059842
6154,14.674893254404607
6155,14.635955796331453
6156,12.539495598772225
6157,15.624496277029307
6158,12.441938186169526
6159,10.95449430308219
6160,12.341690329274494
6161,10.052193995264144
6162,10.086942311840886
6163,9.395071628571886
6164,12.962766446634408
6165,14.583284343228783
6166,12.719324764788956
6167,11.533035359451722
6168,9.917409161317654
6169,12.235666270832397
6170,16.601015108487026
6171,6.606247636716944
6172,7.849063106655499
6173,15.630676492939003
6174,10.061145724069751
6175,10.576751496180508
6176,10.285798685961252
6177,16.20714488336467
6178,13.485007590943928
6179,8.286577406830641
6180,13.981962246720332
6181,7.220170886097936
6182,8.362864882438931
6183,11.874411828349015
6184,6.644914407449286
6185,11.903255247444068
6186,15.2686754950158
6187,9.231539357870076
6188,8.034530564613574
6189,13.146327796970374
6190,11.712625873177595
6191,21.014221596148403
6192,13.363522024273726
6193,13.979631238956317
6194,8.80507045315322
6195,11.33076598674633
6196,10.20711061209563
6197,16.204381275946645
6198,16.76443954182835
6199,14.076596372631236
6200,15.497893865749077
6201,12.451154977735584
6202,13.668777917492523
6203,14.959058871701266
6204,12.285603601012363
6205,13.737858501303515
6206,20.807117891350078
6207,18.164426081038595
6208,10.858385818714401
6209,11.329278279547745
6210,11.834181969664828
6211,13.50959037706239
6212,16.633627199547778
6213,10.07787342661646
6214,11.098864515638384
6215,8.783658964231522
6216,11.58172694871119
6217,9.865060781886228
6218,8.154992121731787
6219,8.018358648599063
6220,10.93909406575673
6221,12.022422487131296
6222,17.673106814355975
6223,11.201821611451432
6224,9.268789184709869
6225,15.233864819629114
6226,11.69253742059133
6227,12.56741842347877
6228,10.19878913407096
6229,8.74617000857033
6230,16.097303265610226
6231,10.952284264095985
6232,10.06049117515573
6233,16.72107030145249
6234,10.259225619427573
6235,14.929658594107103
6236,12.895448156769199
6237,13.768326224110966
6238,11.31660475654716
6239,13.631530274924156
6240,18.355245704793038
6241,15.520968126498229
6242,17.8594867762364
6243,15.54160913421813
6244,20.569504523667746
6245,14.20605408248604
6246,13.101959122451369
6247,17.36528533750482
6248,7.261632231568646
6249,6.01819377199117
6250,19.296489683212453
6251,15.74071505038897
6252,11.001736614108118
6253,15.261535826192292
6254,9.585430821233743
6255,9.022435525040663
6256,15.572389598971677
6257,10.188063816175413
6258,6.981494512720029
6259,12.569726607842405
6260,17.1921210571484
6261,16.31197859075949
6262,10.020671408127194
6263,11.039112610605262
6264,10.057635276604602
6265,12.324929688657843
6266,13.844844297364455
6267,18.115668042121666
6268,10.933642998979147
6269,11.04435086296915
6270,11.984142080400394
6271,17.106510891077754
6272,7.1805242993451825
6273,10.438943356412885
6274,15.292904224971554
6275,7.229432307559784
6276,14.629569814153099
6277,17.502571381092572
6278,8.773418922550075
6279,10.364030558365386
6280,14.077204110880617
6281,11.92952340947707
6282,15.782577029214732
6283,11.60628447969307
6284,7.985277355064545
6285,13.137728030464249
6286,8.54673947077426
6287,8.983000007602822
6288,7.575115927273742
6289,12.706930813244718
6290,15.609163646208131
6291,14.130208247577091
6292,18.816682809147835
6293,10.704580749276392
6294,12.781535882930635
6295,7.997360206257449
6296,7.856505195292479
6297,15.405805884569672
6298,13.280916034442798
6299,17.48628054907937
6300,11.536466872745859
6301,9.502895109050554
6302,12.089302694016625
6303,12.486170057647128
6304,17.195940320174962
6305,12.565691541166226
6306,13.304384494078638
6307,10.873327278928878
6308,14.092696473861572
6309,7.553517863456121
6310,9.304646621035264
6311,10.693584639459717
6312,15.651016942021283
6313,7.5353951677110524
6314,8.973904748953842
6315,12.021023681458937
6316,7.756115026583175
6317,8.327904362920107
6318,10.35394849938798
6319,11.8740389950974
6320,11.653915921611574
6321,9.596915094604876
6322,16.910111670446533
6323,10.005842515817884
6324,8.384490926733648
6325,13.580705847255865
6326,10.641628101478036
6327,9.585950477079669
6328,13.456598807731764
6329,9.876886419798542
6330,15.66539202988393
6331,10.633331709995366
6332,13.378369621088392
6333,9.261553849578661
6334,18.06745976216305
6335,7.159144990061966
6336,14.176042693926755
6337,16.120364710590913
6338,11.700678203615036
6339,9.261686637718089
6340,6.6430336685485765
6341,14.592177070958204
6342,13.668438443930233
6343,18.210942676157334
6344,7.656548171416168
6345,14.506609755299221
6346,13.876288310724668
6347,19.098937016612492
6348,10.719308071613922
6349,10.176727934690573
6350,9.503832439943743
6351,8.680277332286204
6352,9.569211775294136
6353,11.659234233873464
6354,10.195014677851944
6355,9.841761766586286
6356,10.673128573414436
6357,16.67864134479732
6358,15.641161364230562
6359,7.140653446378909
6360,10.269807471474419
6361,13.735356143547323
6362,15.266570770344021
6363,11.656229225257585
6364,11.139193320641244
6365,18.024087539264592
6366,18.133072174541088
6367,18.64355643187401
6368,10.361601197065376
6369,12.520556448845394
6370,7.993049988803163
6371,9.001978534885795
6372,16.145916895919353
6373,13.91641078083769
6374,14.78504994471128
6375,9.313664719865072
6376,10.224284265444142
6377,6.081758320781143
6378,15.790864649024291
6379,12.098386874091286
6380,10.173357458273514
6381,10.797988477269506
6382,11.195019751128845
6383,11.291117723407291
6384,8.50749290346346
6385,12.142281574917552
6386,14.29131024051565
6387,8.184841003590956
6388,6.1559268351134415
6389,7.926402491278269
6390,12.27250661724546
6391,7.8818788562059305
6392,16.251107682884303
6393,10.730462499295088
6394,7.086967349527498
6395,12.214561303157035
6396,11.054733426206079
6397,12.337698784466621
6398,17.504481431960503
6399,18.676530380428794
6400,10.253101916058416
6401,14.251242628079488
6402,13.656398322414194
6403,9.262367728870515
6404,8.518924002025624
6405,11.713718551598914
6406,11.68781889853331
6407,9.186194988646182
6408,16.272862018086972
6409,7.546373465539371
6410,15.159689579885043
6411,13.284909619908477
6412,17.044580463824524
6413,6.9163774947454035
6414,13.187514758212217
6415,10.371392852378913
6416,14.65054891721915
6417,13.217031878822716
6418,13.901088737384162
6419,6.283028613022871
6420,9.247124711466645
6421,8.920275355613693
6422,8.403297286456484
6423,6.323516288626168
6424,15.513432423915637
6425,9.496093426167157
6426,12.051871424916424
6427,10.31806512447416
6428,8.27027269981897
6429,16.381361259945628
6430,10.903751516047247
6431,13.847405981609382
6432,11.210222299104753
6433,12.26655270371051
6434,18.236859721341176
6435,22.575428877642768
6436,8.924906799221404
6437,12.10150324228522
6438,17.611066575715498
6439,12.252057452389524
6440,10.278509393620851
6441,8.030352971809139
6442,10.460642674972272
6443,11.48779849156988
6444,9.666564872453941
6445,7.341921404952507
6446,7.62936077802665
6447,11.514959317097507
6448,6.9873769243891415
6449,16.375046602885686
6450,14.68619953903497
6451,16.686337240648804
6452,12.757681753087136
6453,15.545331070603359
6454,8.60000035970508
6455,10.943349205190444
6456,15.897983166834434
6457,17.173158698280464
6458,16.108958616094146
6459,7.786578588023333
6460,13.872489462766879
6461,13.471799430767474
6462,9.383157110569606
6463,13.534543236358472
6464,14.842816619935
6465,13.09170502214845
6466,13.538733093692056
6467,16.127822170877252
6468,12.588848261912966
6469,8.24065736875589
6470,8.160179573534506
6471,10.253666873529204
6472,17.193934313121513
6473,12.639155567068558
6474,16.125800762098994
6475,8.023948408187113
6476,15.48892661571667
6477,8.145108450452636
6478,10.336222911969637
6479,11.91301368259692
6480,7.401540800421954
6481,10.475668055641698
6482,10.290999451377088
6483,11.575435238834
6484,11.216728087086452
6485,12.828644714786284
6486,6.0
6487,8.859101260974272
6488,8.72543113409736
6489,11.214736353330352
6490,13.093239269404524
6491,13.72152820336932
6492,13.477330962654817
6493,6.727361659482634
6494,6.633060181730952
6495,9.825568054520021
6496,14.942912136362795
6497,13.51104342568953
6498,10.909907585113393
6499,14.712872895224745
6500,14.943797213955266
6501,8.234938114705248
6502,10.855820765300358
6503,9.023625579472874
6504,11.374597619195976
6505,6.749221482162035
6506,7.623817158140821
6507,8.002462619783513
6508,15.27463176435973
6509,6.660980767616111
6510,10.222980690262231
6511,8.350850472281337
6512,7.503853074063468
6513,16.351429019055917
6514,10.355612127840374
6515,13.942430584397812
6516,13.075739414794395
6517,12.956379500808287
6518,13.554279276254197
6519,13.669696721612198
6520,18.714104714816862
6521,12.98679633711335
6522,12.26546594649411
6523,14.616253719196104
6524,11.694297765256106
6525,14.051045044311397
6526,6.556354374786869
6527,8.359143142584285
6528,12.869959870105257
6529,9.414613371012159
6530,11.673086677965898
6531,18.15879100371136
6532,17.15477836660881
6533,12.07644794872015
6534,15.261830753845834
6535,15.972365695214211
6536,7.361158268573283
6537,14.268920141643356
6538,10.922660213846353
6539,11.800541128086351
6540,15.499179638647544
6541,11.101873940929014
6542,6.0
6543,10.60521636444733
6544,11.753493332689109
6545,11.70711868308858
6546,7.381942158377986
6547,17.48418794176902
6548,10.845264348647117
6549,18.14873890232695
6550,10.968533781677696
6551,10.800443129187702
6552,15.310771482988978
6553,8.310061370022716
6554,6.902864955031684
6555,8.728028594319873
6556,12.02391901988923
6557,7.415914858652165
6558,15.61978604690833
6559,12.138552146927893
6560,11.34415448710815
6561,11.990184296621186
6562,9.34427820805304
6563,7.649457241653497
6564,11.764781455139932
6565,8.669143936306453
6566,15.683655307064502
6567,8.80240039730907
6568,14.481906556594607
6569,9.879278815218381
6570,11.807506253856952
6571,6.214746863907691
6572,10.269147340537476
6573,10.583045991842503
6574,7.199995683892646
6575,15.002391386851848
6576,6.734554691873466
6577,11.887705964925823
6578,10.38373592964596
6579,14.486931596076285
6580,13.314182543642838
6581,7.713889269325816
6582,16.741144945582754
6583,13.3319515236177
6584,9.45956816716122
6585,6.0
6586,6.99679149792449
6587,12.07266709969531
6588,12.535929473219046
6589,14.145616828267952
6590,10.492635995965319
6591,19.285188333918768
6592,18.02163390915024
6593,14.990510472243615
6594,7.521857651745815
6595,13.285641408101798
6596,14.201410891899634
6597,7.249953738468082
6598,13.727656077826154
6599,16.94816746010916
6600,15.226802587222915
6601,8.8620827340777
6602,13.012139195446169
6603,17.15822729251819
6604,15.493825408140571
6605,9.50675850983339
6606,10.042842106751554
6607,14.623282258352246
6608,13.286593189877605
6609,10.609371138289577
6610,13.074930137643632
6611,16.654860944750126
6612,15.050992686044262
6613,13.948168434447322
6614,10.140758125229473
6615,13.860069617174902
6616,10.910183064400826
6617,9.140756074086566
6618,14.405506525067306
6619,11.101813961063096
6620,9.975490350760639
6621,13.095119393805438
6622,18.077914160913135
6623,12.83933944671067
6624,16.63444887521494
6625,7.376065361170756
6626,10.316403245172792
6627,8.143386444311762
6628,6.320448099826307
6629,11.720826854848537
6630,12.69205392448599
6631,6.949356167484414
6632,13.413807753139505
6633,7.524224330909886
6634,11.127187024169874
6635,13.879092363355463
6636,8.35219999215188
6637,8.264487314013177
6638,10.16610315488253
6639,10.549472371221402
6640,10.187019045345634
6641,17.843516148534725
6642,13.646610366304248
6643,13.04009464657285
6644,11.906923765801778
6645,13.070502248521784
6646,17.109084062178194
6647,12.103376478679316
6648,15.433752523829499
6649,6.759033878209302
6650,8.31032258572992
6651,14.716769358094702
6652,10.802448393453405
6653,10.08529013356801
6654,7.3705342471211175
6655,13.737014248755164
6656,19.87393416708667
6657,16.277468977668654
6658,12.537675019510298
6659,11.023854614501102
6660,10.183104976197955
6661,14.626819319509524
6662,16.118899024491537
6663,7.040346578333022
6664,9.273905689962277
6665,14.00550912110949
6666,11.680335760823699
6667,9.559381208696053
6668,11.991169284637529
6669,14.413163998557684
6670,14.600856133425966
6671,16.005028654855124
6672,11.27431752126175
6673,6.078120227011009
6674,10.426638408235219
6675,6.814937997165618
6676,11.933977223556468
6677,16.616420557255324
6678,13.11972124520811
6679,19.158449861221698
6680,10.666003123894793
6681,8.564558930123168
6682,6.40751187117331
6683,10.267289948954412
6684,15.610034473990824
6685,12.284039066952525
6686,19.424886910659502
6687,15.647971444637845
6688,13.38743812906391
6689,12.863823733890833
6690,14.711042267343633
6691,13.824515056058
6692,9.933711218132656
6693,14.64896008328623
6694,6.937704605964121
6695,13.325975095394456
6696,6.544857288135697
6697,8.13428955801292
6698,8.028671942545834
6699,6.584251448822627
6700,14.307149458792615
6701,19.120479952333877
6702,8.183885548836809
6703,10.008615085277011
6704,19.185880296912337
6705,11.755114446247442
6706,13.631950210646648
6707,7.53444677071463
6708,14.999420193414098
6709,14.11862336148647
6710,7.524536877452167
6711,10.981921121316248
6712,13.207768994125122
6713,11.711255378861276
6714,9.307163922235247
6715,11.516450542831763
6716,13.391193452894361
6717,12.380644224492878
6718,12.322337009629084
6719,11.697389187727762
6720,12.927194220472575
6721,7.653886148715154
6722,11.254894586204962
6723,12.415140533807456
6724,11.97746353984645
6725,10.351433487416246
6726,9.611669910489722
6727,16.575234448882615
6728,13.536525013074542
6729,11.850652938704101
6730,10.784204355410477
6731,15.691412556607327
6732,15.377352284679974
6733,12.222604253179414
6734,10.873652799518286
6735,14.74117741448675
6736,7.8884341922203145
6737,8.352077203202503
6738,14.828611093261266
6739,11.740935163492386
6740,10.402331590564948
6741,9.765884188001792
6742,12.29855243085887
6743,12.474408752349989
6744,9.082655665651973
6745,17.891339651403655
6746,20.694584039090845
6747,16.99014387439521
6748,10.713986162326838
6749,11.293310171723382
6750,14.727963099815966
6751,9.556938385897183
6752,13.238279272599708
6753,15.415177325020101
6754,15.384439171207047
6755,7.63157714143486
6756,12.059497725985873
6757,15.715741427364614
6758,15.035243640108714
6759,10.241565917926916
6760,9.805129182693348
6761,10.618574864992967
6762,12.6502358724069
6763,17.047693041858015
6764,13.658479839954513
6765,14.145586495677653
6766,9.570620242913861
6767,10.99416520513901
6768,16.2594966667281
6769,10.36348542669985
6770,10.146462738575876
6771,11.501410665697925
6772,15.013850159254023
6773,12.633885051718261
6774,9.935527773913085
6775,15.005260616837107
6776,14.526989500054333
6777,7.010385201776944
6778,13.285416495847278
6779,14.846062926864606
6780,18.324177450935352
6781,10.2583585476303
6782,14.438412590987065
6783,6.311810274256339
6784,8.388592205401263
6785,13.551531706280008
6786,10.523153353177237
6787,7.100816591803909
6788,12.654915828335781
6789,6.036723353771569
6790,8.804908090716253
6791,10.173016010868517
6792,10.274783107197015
6793,16.07105370357464
6794,12.514282114371548
6795,17.888664486908926
6796,8.246135302208005
6797,9.291724705911566
6798,12.12770908573426
6799,13.939154229769448
6800,15.10776038887106
6801,12.445379346271368
6802,7.39111711790649
6803,7.646237853912952
6804,7.90201407605539
6805,15.019917767732144
6806,13.963480405213563
6807,10.317790738310574
6808,7.067758849242847
6809,17.551037841492516
6810,7.326575542545244
6811,15.587195586163434
6812,7.758314356209867
6813,12.32661227930841
6814,7.1878080159946185
6815,13.604553205214499
6816,8.293157831452545
6817,12.022391740040492
6818,7.047361286067203
6819,14.086848863615879
6820,8.550646477902552
6821,9.61884037507463
6822,8.498068070505699
6823,13.366387603824597
6824,12.631573333949358
6825,11.44883473902151
6826,15.284684161869189
6827,10.408920373562854
6828,7.727365140369742
6829,10.49811887141637
6830,10.216449489047815
6831,14.511516019847667
6832,13.669213504262421
6833,12.953304792856638
6834,10.595001255412452
6835,11.011336619501996
6836,11.223233689385486
6837,15.050912762892525
6838,17.204467521151884
6839,16.18188463667657
6840,9.16937210736549
6841,12.273621021928289
6842,17.435314209657278
6843,11.379271560046705
6844,12.60172494334658
6845,15.77039444689355
6846,14.261322781232348
6847,16.864970447731224
6848,14.225932573247103
6849,12.531526597628673
6850,17.57534746342787
6851,8.978213206529606
6852,14.157992473177009
6853,18.11031807661034
6854,8.845585114989978
6855,7.103631435399521
6856,6.4834278851444065
6857,12.565039662481345
6858,11.80754928732835
6859,19.44430547712166
6860,10.827202204480832
6861,9.274913479391708
6862,8.791929062198664
6863,8.006184509428671
6864,10.938642624599948
6865,9.935079864327898
6866,18.23574588773881
6867,17.552413281984645
6868,11.6349702881604
6869,13.311274472974945
6870,11.345626065015004
6871,7.542161137977599
6872,7.650865559743706
6873,11.901144944407687
6874,9.423821006831812
6875,19.196103591447283
6876,10.724365504769192
6877,11.234038669133925
6878,6.867493114552469
6879,13.785952454362873
6880,14.471333704308318
6881,11.714077919147174
6882,14.643094859104304
6883,11.682152138959271
6884,14.783716722376232
6885,8.621566598734484
6886,13.125267145670398
6887,16.497943464423493
6888,11.958660627169683
6889,15.526797354949817
6890,8.831542221057276
6891,9.420292022394369
6892,14.19854853952697
6893,13.453640639993973
6894,17.318273525091445
6895,14.25327884063908
6896,13.435171671754064
6897,9.063869501389913
6898,9.814910043445721
6899,10.473067857606473
6900,8.968371929060387
6901,11.23952450346865
6902,14.20032226399551
6903,16.733410525371514
6904,13.327692781113557
6905,12.639166725219873
6906,12.330692558608051
6907,10.181040838578355
6908,10.635157688426457
6909,14.36550365564127
6910,11.428694543136277
6911,14.134281560664588
6912,11.518193734548044
6913,13.80790881450929
6914,10.874702098100943
6915,13.048743724786076
6916,11.336595080872842
6917,7.592722837385096
6918,10.953370141747413
6919,7.5911004605251895
6920,14.525352433860752
6921,9.029991179070105
6922,10.455842323697624
6923,16.56600798671412
6924,10.443786881811269
6925,17.263541523273034
6926,14.524029757431382
6927,9.501891030918097
6928,14.875249967222237
6929,11.447896940601089
6930,11.744393372102998
6931,8.786417374079017
6932,14.68015510494731
6933,12.144074676221097
6934,15.052676305881594
6935,7.38151486601834
6936,13.627052064643975
6937,7.6092909681521075
6938,8.8003895378945
6939,7.7571185523745445
6940,18.708455531457417
6941,10.205845422718507
6942,17.69765864644183
6943,14.756215628349416
6944,15.04392249398097
6945,9.521976748836346
6946,10.533483455465745
6947,13.926674833015271
6948,17.21104339424315
6949,20.616767680700725
6950,14.403077724057084
6951,11.790993647581354
6952,11.548448860061514
6953,12.551054433694743
6954,14.167008371032516
6955,11.162979044225196
6956,7.829822644545583
6957,12.180257772946232
6958,8.154853599605916
6959,14.806571988350715
6960,9.19981070212783
6961,18.392739329028462
6962,7.040663982651816
6963,12.334769606010953
6964,12.396259218174553
6965,10.690342012008715
6966,11.123899122414896
6967,15.041353974974406
6968,14.55621409630711
6969,8.788002097805334
6970,7.5570762970239915
6971,8.916056332345699
6972,11.268985291023139
6973,12.561190056823444
6974,14.364560624615992
6975,12.92482055146381
6976,16.34153560791253
6977,15.86863973903298
6978,13.514686531926385
6979,12.321644108627128
6980,17.036251268870274
6981,10.258838513934673
6982,12.100442258814448
6983,13.896476395287833
6984,12.989686843108862
6985,9.591868907720471
6986,6.841039995080512
6987,11.873070996408476
6988,6.839927399940187
6989,7.130145800323685
6990,15.06094374254277
6991,9.913557803894207
6992,10.534927788146781
6993,11.042635489829722
6994,14.154040002772437
6995,8.941077312206554
6996,9.3628951418899
6997,9.213656060334534
6998,8.874279505903045
6999,16.147531880978928
7000,8.154289185213507
7001,11.42937540296256
7002,15.190450253576444
7003,15.809073201970913
7004,9.833259343804873
7005,8.064853961516654
7006,10.974630032500366
7007,7.947674712230676
7008,9.752364801620176
7009,10.0847771644517
7010,10.973316130819486
7011,15.915292269450735
7012,14.763019663393708
7013,16.425135227276645
7014,8.613719940131961
7015,16.375742436571564
7016,14.418172085243112
7017,11.599512860971286
7018,14.210205330515164
7019,7.354492468012267
7020,6.74915689008993
7021,14.935081608069853
7022,10.373307056840238
7023,12.08860045899935
7024,11.756518855268753
7025,10.76947231281783
7026,15.770005429145984
7027,7.016406747103517
7028,18.97224569450872
7029,10.890348453968562
7030,13.025127440440112
7031,10.590415584997078
7032,10.596213557829172
7033,11.65777258620182
7034,11.029367742687725
7035,13.061451957294373
7036,11.854857066075215
7037,15.97842336245801
7038,9.067832494795729
7039,15.058954805996663
7040,7.734154193682563
7041,13.083026839480707
7042,15.203138023765899
7043,10.90116197842237
7044,17.019345229248874
7045,11.88597356912097
7046,15.729523699667011
7047,12.80937294666112
7048,7.4329616628691735
7049,15.098117869675068
7050,9.628882593386384
7051,7.123837385858418
7052,6.519397008818954
7053,16.710536994312015
7054,11.041005054627906
7055,10.342341226459398
7056,14.301300838059351
7057,6.213014013467224
7058,8.668816036347986
7059,14.748329308627124
7060,14.936105101531457
7061,12.66474392848074
7062,10.230989763605034
7063,9.495652709273076
7064,9.299637547521352
7065,10.833014213368731
7066,9.049072468846083
7067,10.96217459166067
7068,13.277164474727769
7069,10.492718716153982
7070,9.480499883872413
7071,13.336220590865254
7072,18.235741020193203
7073,16.50789884608352
7074,11.48938136454087
7075,10.133545506539827
7076,12.744191781779778
7077,16.661522522667102
7078,14.74783892382899
7079,10.84472134209716
7080,16.216355508739444
7081,16.43251306881616
7082,14.636124187138396
7083,6.744793972181647
7084,7.285758636922964
7085,8.810540756939142
7086,13.609878800212035
7087,17.860454868376795
7088,13.095972536194395
7089,9.476775805101772
7090,6.722725392339342
7091,16.862113976210512
7092,13.161961839150763
7093,12.81667504299111
7094,10.503225569854779
7095,9.634002461696818
7096,8.963954337668156
7097,15.583089304093084
7098,11.389024601636379
7099,10.948993107485641
7100,14.215539457137655
7101,14.542145463475444
7102,11.49884981104384
7103,9.118967309694998
7104,13.238681613528492
7105,7.937260656190029
7106,7.532857922817894
7107,12.661968156165733
7108,11.351338602077586
7109,10.819463863934875
7110,8.08435723400221
7111,10.668408836485236
7112,12.594385066710608
7113,8.987348915035403
7114,9.08232695771793
7115,14.53873207895608
7116,11.846685143158666
7117,12.414662219244672
7118,9.028076273170951
7119,14.839217691356335
7120,8.084973170707144
7121,10.594257994254109
7122,12.229065128919352
7123,9.97213414346728
7124,8.892656490181636
7125,10.070490534769622
7126,8.521335642283656
7127,12.886879166031292
7128,12.377412297722389
7129,15.862419009486409
7130,15.554110746644014
7131,9.510849256012769
7132,14.720643276382717
7133,11.641166369963349
7134,13.737110032250161
7135,15.159904999099725
7136,10.5770524144286
7137,10.284213949499618
7138,8.839864934468396
7139,9.6193598250271
7140,14.37789936998734
7141,12.986897134359435
7142,13.619396733627942
7143,7.310956428418029
7144,10.676832117002094
7145,19.414140958658315
7146,12.958932517817727
7147,15.402011603396497
7148,7.0878404337232475
7149,9.696835397106705
7150,15.149823658515176
7151,11.487927001143506
7152,13.377254440382085
7153,8.290224517800723
7154,15.565947929478957
7155,16.38453162550685
7156,17.20049352392648
7157,14.068231265087823
7158,11.30092976514892
7159,12.291565612765433
7160,11.193069473835276
7161,13.83534190813144
7162,15.585232772273079
7163,9.23114852010534
7164,10.682257051662221
7165,10.53820007302307
7166,12.729840188520278
7167,11.785451805784527
7168,14.813075302656587
7169,16.122535644470467
7170,6.818700611156486
7171,15.135699833553986
7172,11.756218263975919
7173,8.62489064327229
7174,8.334250882644662
7175,12.695654989098255
7176,15.808857397896055
7177,7.319403398281953
7178,7.157579450454022
7179,11.43120399498593
7180,6.789804327884042
7181,13.722048160595138
7182,11.994002456920956
7183,12.665482170273627
7184,18.596956936595614
7185,14.628373230767986
7186,8.023646737300348
7187,11.821990437197725
7188,17.17252246895819
7189,16.477357554200054
7190,13.751145080566078
7191,12.366840650247271
7192,15.094072993409231
7193,14.847025471935682
7194,16.196405521380512
7195,16.515237554307795
7196,14.03130048941449
7197,7.039814552746911
7198,12.84699886205847
7199,13.472554886979582
7200,11.181305859138789
7201,7.347208148651854
7202,9.983692540812319
7203,6.6260313268658
7204,10.125623066517555
7205,16.85784373892985
7206,20.11954669173444
7207,12.961223562798214
7208,10.047318510276806
7209,19.17209741745694
7210,10.561845899620042
7211,8.800056378856645
7212,6.4605769785154825
7213,8.841188523812859
7214,9.658376713523674
7215,15.862781392569099
7216,6.26955902327189
7217,6.0
7218,17.89020340731313
7219,16.639707061889418
7220,19.06964002057626
7221,14.145913036691612
7222,10.9693011520557
7223,17.107954942740374
7224,7.724196927491812
7225,10.082205900863253
7226,16.166332805842828
7227,14.775986022830454
7228,16.488828244882857
7229,10.366139089679928
7230,15.359675730912361
7231,13.920669684192669
7232,10.602890743223144
7233,11.285416258475784
7234,15.710398712529566
7235,16.423784460812097
7236,13.314782003650457
7237,11.318148633874571
7238,14.314715973630214
7239,6.958337131041073
7240,13.745144731661497
7241,10.575293200090668
7242,18.075548280472265
7243,11.045349002224185
7244,11.528476667362293
7245,9.254126473589183
7246,9.211581199202858
7247,10.743873604834677
7248,7.604107729798569
7249,11.338852779261059
7250,8.828235303349718
7251,15.528726953803773
7252,6.558119213690304
7253,10.49226563820637
7254,7.659921079182478
7255,13.763463975574522
7256,15.391867489046556
7257,6.0
7258,12.298467698587194
7259,8.86575053668927
7260,11.962657484374724
7261,14.035024338632926
7262,10.941921761633342
7263,16.85784465828119
7264,7.3237834426695105
7265,11.119082798624955
7266,13.834452732260267
7267,6.263894410676791
7268,8.643457895027979
7269,12.42993804778363
7270,9.550962767275019
7271,15.55510689392566
7272,8.435806278145726
7273,18.517869798259433
7274,13.039425209137068
7275,12.432141476060291
7276,14.235904103850809
7277,14.575884869917285
7278,10.34451680255895
7279,10.444235974701662
7280,14.415832711893595
7281,7.057195507623785
7282,15.796339733509102
7283,17.771562109223858
7284,7.465499298960415
7285,20.473181473001215
7286,11.043480116844899
7287,10.286828337331775
7288,14.184493850546163
7289,12.54440918684462
7290,11.767889710640945
7291,12.519124666521579
7292,16.397315440841393
7293,8.582540328181809
7294,16.22162742110756
7295,14.563752829319402
7296,7.301560679345826
7297,8.92655283620835
7298,13.286694804259318
7299,16.673522893181417
7300,13.897291662385305
7301,10.040394511424783
7302,12.978132707336252
7303,13.77363878143295
7304,10.218082730311249
7305,14.618301910286682
7306,11.605481242004082
7307,12.25028753104713
7308,19.053463867479437
7309,12.454801447836187
7310,13.477266176506456
7311,13.73394092891604
7312,11.890267277466014
7313,13.70843437731451
7314,10.434149360034612
7315,17.289378538917283
7316,11.786999201156448
7317,6.779240108189179
7318,17.502258562063815
7319,11.80415292330097
7320,16.24799270930114
7321,10.401420755215714
7322,9.782736136048127
7323,12.490493110840873
7324,11.186486986205018
7325,9.863202792832682
7326,13.835385893054022
7327,8.55158621463785
7328,15.931431634815434
7329,12.961402465068849
7330,13.950654898783133
7331,13.895431726280208
7332,7.782262968102361
7333,17.63466112437263
7334,9.05942121629916
7335,12.570773116653667
7336,9.956000131862899
7337,14.282003583894317
7338,9.29818877567437
7339,7.368578584026852
7340,18.463219864399747
7341,10.485065420871555
7342,12.168330803850502
7343,8.405116119276121
7344,18.641060556551384
7345,11.32787072503258
7346,10.406225359466394
7347,6.329083940551454
7348,16.258189982571725
7349,10.687460375787238
7350,14.069942679589492
7351,17.110725479751235
7352,13.66832031958543
7353,16.522700958490248
7354,16.58455044258949
7355,11.069784295824272
7356,12.41283710389796
7357,11.743012917353722
7358,14.114683693626256
7359,12.293228957444395
7360,14.277940251341045
7361,14.484343421526747
7362,16.462442010312838
7363,8.844360493860552
7364,14.826361372226494
7365,16.04707514607464
7366,8.625801061539464
7367,12.774848271603148
7368,11.685668825532924
7369,8.983054879009012
7370,13.545671323109808
7371,11.959033717212243
7372,7.74989296292049
7373,6.511480855365929
7374,10.579974214861691
7375,15.757417817571516
7376,10.480065343746302
7377,12.892422113166047
7378,11.36725358182552
7379,14.42276226983996
7380,18.680424544469226
7381,9.97721818075401
7382,6.380656277453752
7383,11.839858377118668
7384,15.9041331454563
7385,7.551370572389831
7386,14.82887183167613
7387,8.13308408705361
7388,7.228734858872046
7389,17.077622510284197
7390,13.232659497769303
7391,15.274286963471756
7392,11.0198093790582
7393,10.158849023331653
7394,9.028579097021378
7395,7.884215237126542
7396,9.31414016345249
7397,12.054166006891423
7398,9.91946973807433
7399,12.73832324238144
7400,8.433954925813397
7401,14.936937666686067
7402,9.466137396359661
7403,8.374847247864674
7404,8.294518972603115
7405,10.373647718678727
7406,10.491843485674469
7407,10.284752978850127
7408,15.937221450059429
7409,16.452383686748345
7410,12.26948977652874
7411,8.247030676818671
7412,16.62841420826849
7413,12.372377885008731
7414,9.469707242272255
7415,9.80761284502034
7416,10.725867831297776
7417,7.10445946543332
7418,15.03534975430537
7419,7.526494483529221
7420,10.967160573790853
7421,14.929475752883917
7422,7.125857855984814
7423,18.228861599317263
7424,18.59981373706298
7425,10.77610236177834
7426,17.654427680452585
7427,15.844946024454464
7428,14.796075306528394
7429,13.612849695969713
7430,18.219984748687224
7431,12.358454317618847
7432,14.777199765400885
7433,8.799718700438754
7434,7.41448631125643
7435,11.772000876929338
7436,12.959454337921807
7437,16.149246971577842
7438,8.183917454205538
7439,7.856005249383156
7440,14.062606609407023
7441,15.1743167564517
7442,11.986562413489231
7443,14.260069995201397
7444,11.99723861929566
7445,8.8025458052326
7446,15.89370409897176
7447,6.144580672627673
7448,15.22663517204235
7449,9.301951519508274
7450,13.0299473729548
7451,8.752628324215351
7452,9.466133360788533
7453,13.18975663497259
7454,10.32066515649561
7455,16.821648097623243
7456,11.168143932347459
7457,11.453195603289107
7458,8.054864779252819
7459,15.374589413246555
7460,6.725504810386296
7461,19.61823548152839
7462,14.84126469274108
7463,16.622107160299233
7464,12.151823241328254
7465,12.970968789211165
7466,16.513443818567538
7467,14.980046701861857
7468,12.285168374984405
7469,7.757964711920423
7470,15.37797979932363
7471,10.757591025657804
7472,10.613572751392242
7473,17.01662945579975
7474,12.131606882749141
7475,12.074126736328138
7476,14.886625894459154
7477,12.462092923524532
7478,11.181071826253682
7479,15.518658515456355
7480,15.637548652622527
7481,8.29836894936119
7482,8.62554690722058
7483,12.537417463556155
7484,19.204762321666298
7485,6.843296030137394
7486,14.277670826273937
7487,13.933601476438005
7488,9.638731480947092
7489,10.223835228429591
7490,7.160385124807442
7491,13.077967772314052
7492,10.299695797606784
7493,12.148491539074834
7494,10.721647855424054
7495,9.754855213002651
7496,19.49748787519703
7497,9.058804934893722
7498,16.801144482712434
7499,13.997909490535374
7500,10.793675787071251
7501,9.151201069451636
7502,14.832117258330056
7503,13.266102753079117
7504,12.05446312404412
7505,14.12646071943306
7506,18.060575494856234
7507,7.548096953613201
7508,16.861349739692407
7509,8.125408388487166
7510,14.010273887320865
7511,16.90229292659737
7512,12.994642039759121
7513,17.670018553299492
7514,13.512022833205027
7515,8.762902075936534
7516,12.828547545736184
7517,14.57259945081465
7518,11.973663055506204
7519,9.095859687708856
7520,7.70098760171455
7521,12.654832068716091
7522,12.346778038312003
7523,15.554542052618409
7524,11.481961253022238
7525,7.221901844979744
7526,15.00128452294506
7527,11.072366378964423
7528,7.57748142050035
7529,10.442074315957488
7530,7.316687785021935
7531,12.890894455596635
7532,19.684879764667333
7533,10.160662607030666
7534,9.099607141886198
7535,9.199866279038662
7536,8.50274908106825
7537,9.208128764607828
7538,14.182056183567134
7539,9.861460458741627
7540,9.872856256558292
7541,16.16894354959189
7542,13.411852036388987
7543,10.907222680180382
7544,14.22737858361716
7545,16.359677622789107
7546,11.408856876486045
7547,6.0
7548,13.548853569717961
7549,17.487797433941186
7550,14.52657265309828
7551,13.929673729210538
7552,11.619442963020314
7553,15.47819938459873
7554,13.093620120949367
7555,6.476087379234214
7556,17.57708321629169
7557,14.243670837431104
7558,6.339101081754869
7559,11.878053322742865
7560,16.473303173499907
7561,7.413395623979628
7562,8.43033767313153
7563,13.61572441790779
7564,8.136018174500553
7565,10.517748181825523
7566,9.77677040906214
7567,11.344125661845508
7568,12.746564562090283
7569,11.130585421874324
7570,9.920934710264795
7571,9.179168682991987
7572,15.108976993144175
7573,6.987889628888476
7574,15.238516838892048
7575,12.199650537540075
7576,12.158991999697502
7577,7.542881016948141
7578,9.338766695517027
7579,9.078369783293825
7580,12.66956806159028
7581,7.928580908611372
7582,10.510487350126889
7583,14.67495096306394
7584,13.417082268695133
7585,13.732071175291205
7586,12.320868274926287
7587,7.563738992214593
7588,10.90343388072795
7589,12.023811583882132
7590,16.771448276717894
7591,14.804158826088067
7592,7.977792723767018
7593,13.745548306747072
7594,11.36065603474313
7595,10.895567599622625
7596,12.79175493023667
7597,11.040984837795984
7598,13.904597837988383
7599,10.242043053944473
7600,7.314274561602566
7601,16.18519252014689
7602,17.745067885986252
7603,15.612071575260195
7604,10.771909822514885
7605,9.06275332526184
7606,16.894929053386825
7607,10.353660579442392
7608,8.426107417573045
7609,12.731947114470062
7610,8.108573585346036
7611,13.73672850009764
7612,15.095253109885508
7613,11.27204933548901
7614,11.665213894527705
7615,9.985238144299473
7616,13.707264879468624
7617,12.630455997460372
7618,8.022055025594916
7619,15.584625105597912
7620,15.29226936340841
7621,13.316320172992484
7622,13.016946274189142
7623,6.975239196309882
7624,7.921433913115775
7625,13.765687346436978
7626,16.01159413515525
7627,12.903729974238402
7628,17.79836358157765
7629,10.008675106843015
7630,10.02263596749007
7631,16.76547293525497
7632,10.780893669347284
7633,12.87255826353364
7634,7.656066488468692
7635,16.942978020599714
7636,7.550698039118001
7637,18.895345906280728
7638,15.542109704872274
7639,17.08716339908774
7640,18.322476390838897
7641,10.731277811903112
7642,6.8969424653915565
7643,13.431440458718043
7644,9.50891078132601
7645,6.094187556911159
7646,17.52546831801942
7647,15.428031961041299
7648,19.082823314339347
7649,12.401739497906709
7650,15.38125007564153
7651,6.965689644619702
7652,13.050986398216118
7653,8.419420527087816
7654,10.41531801280039
7655,13.905977918348048
7656,10.716992566814405
7657,19.189582113201183
7658,10.468700000033952
7659,9.643676873819299
7660,14.39473461756232
7661,8.939907006365798
7662,11.642756331249526
7663,6.738426484703054
7664,6.860232981375263
7665,15.803774548155243
7666,15.057320305448211
7667,8.600526130768182
7668,17.167552048469624
7669,7.765337307165936
7670,16.03055129280853
7671,9.010432915540246
7672,7.168163005084049
7673,11.504218429832836
7674,18.098348475912562
7675,7.28205257541237
7676,16.97645945754638
7677,8.060966137821527
7678,13.10554394603613
7679,17.112217239859543
7680,7.982130992416966
7681,13.72379526610133
7682,15.166127050682219
7683,12.970548866102531
7684,13.604649533328205
7685,11.318209339672348
7686,10.421779425568737
7687,11.641620175083988
7688,13.615960942562646
7689,11.776920027271643
7690,9.5798523085142
7691,9.650540287984885
7692,8.632890663334218
7693,9.334565046493347
7694,7.108593374801137
7695,14.999851246915565
7696,12.691902338048978
7697,12.122039181935582
7698,9.510466451628805
7699,8.972623066071652
7700,7.35122039529747
7701,12.825214677925775
7702,14.368114978398529
7703,16.29455558768163
7704,7.81260266598526
7705,10.522732695493366
7706,11.165767222201389
7707,18.515256660333193
7708,10.834739539084866
7709,13.702076762870801
7710,10.312848229438686
7711,18.81604617687217
7712,7.13370440831788
7713,12.40975288497744
7714,6.52475546722095
7715,6.231862394561487
7716,11.940545693696569
7717,21.301819030817025
7718,7.3807358091543325
7719,10.324490405052497
7720,14.577177180391544
7721,13.80881134484628
7722,13.456849182052455
7723,7.239573481794598
7724,14.044682686582332
7725,16.02975778205567
7726,9.550711806008525
7727,6.7091668675142815
7728,7.257397398452672
7729,17.77448786941684
7730,15.610290639372511
7731,10.08244712083564
7732,6.408266224796818
7733,13.385728643961395
7734,13.160822593433569
7735,7.182214140894542
7736,9.842171147955785
7737,6.549324363302044
7738,18.681793892412774
7739,8.323878049116878
7740,15.05688516999002
7741,16.54574010239818
7742,7.3621749118710795
7743,12.587762953286866
7744,10.19524410187663
7745,11.505462550696897
7746,8.375142765061048
7747,11.165418829216513
7748,14.834321924758227
7749,9.167355005675926
7750,9.42830137263164
7751,16.471993626383732
7752,8.116672654225326
7753,11.591937550959182
7754,12.886162262846478
7755,8.628130557266966
7756,6.6816904582320324
7757,7.070945983662047
7758,16.184732187249203
7759,8.16968459069146
7760,16.765019855684272
7761,7.316047740651999
7762,9.339891376695684
7763,9.126092578388036
7764,14.053051524642964
7765,13.664978885087876
7766,11.068393422526725
7767,10.950630444922846
7768,8.976954209393279
7769,6.551369141547044
7770,15.950749784945899
7771,10.489237911863562
7772,6.580673535016471
7773,9.93043300079245
7774,10.19983469132244
7775,11.33248532593415
7776,13.407862544568355
7777,16.06259411790114
7778,13.804798802773329
7779,11.719229545339989
7780,16.85357866331005
7781,9.010751645210227
7782,10.623857070448862
7783,16.181809236452008
7784,8.013270399797879
7785,12.3438843087426
7786,12.403061652409544
7787,9.288407484789268
7788,7.89725134623976
7789,10.902974105195547
7790,6.859667916920389
7791,11.647696509704415
7792,11.072472894805601
7793,9.166662568941673
7794,13.030248386930852
7795,6.896478697239425
7796,16.336094514086355
7797,8.02129024744089
7798,16.624174580061705
7799,9.683262761748267
7800,11.707071442612783
7801,16.96071574226924
7802,16.389528234475996
7803,15.34968654808262
7804,14.469107198042693
7805,11.915306352413584
7806,11.365957269204253
7807,15.679485845060615
7808,7.231480880689998
7809,8.19116848110825
7810,11.029652170871557
7811,12.585385946144417
7812,16.750809656615786
7813,6.85858859967154
7814,14.43846019834785
7815,11.588498747539731
7816,8.664085935722992
7817,14.068488939365041
7818,11.355238758282423
7819,17.65080160513455
7820,12.6495424105167
7821,14.022618610571044
7822,10.697933828806816
7823,10.209354831409504
7824,14.128918268371596
7825,11.62672446380693
7826,14.302035269927856
7827,13.439242592317509
7828,21.953924043792885
7829,13.275187117606654
7830,8.79052134719921
7831,20.472892102956358
7832,14.376340349498133
7833,7.833461298300547
7834,9.60306568053751
7835,13.514966023477939
7836,10.504619372307358
7837,9.005833750545115
7838,15.583618011424946
7839,16.171458712450153
7840,11.5104306852607
7841,7.608327388240759
7842,8.843832956127713
7843,13.19544059332448
7844,17.72501360063477
7845,9.087017504915394
7846,11.501820830171688
7847,9.1072275462127
7848,16.096860558239726
7849,12.459656081143873
7850,7.272141036507647
7851,13.411937282212975
7852,11.159160512119962
7853,8.467042328673504
7854,15.52983835757654
7855,6.760659517865296
7856,7.783520161714261
7857,6.142939877726951
7858,11.370549837452842
7859,10.530966213500049
7860,12.509294496857976
7861,13.27041087459848
7862,7.233989696847201
7863,11.648720869100792
7864,9.389875035497473
7865,7.933151215480935
7866,13.09610771492952
7867,13.254408014865982
7868,10.363877101228566
7869,10.879015692547298
7870,11.669777134354982
7871,8.573953457778515
7872,8.515158281271718
7873,17.988962117075985
7874,6.0
7875,14.851357010565028
7876,11.261514530703932
7877,10.948862283625786
7878,8.594621567788748
7879,12.822502150485596
7880,6.705288544065956
7881,14.637545735588217
7882,16.180555794251365
7883,13.548565088504233
7884,12.922663966268145
7885,14.020078907457952
7886,8.502288821875856
7887,12.724706782441412
7888,9.436701363022166
7889,12.378831975999145
7890,13.13859877662586
7891,13.54807830963796
7892,8.003490861875811
7893,8.045095638454978
7894,7.255674160679081
7895,11.059435047481143
7896,13.820184087528213
7897,8.840055255647746
7898,13.218604634099313
7899,12.560558128443883
7900,14.834194274085178
7901,7.875291937581172
7902,7.98017050748818
7903,18.662456514870478
7904,12.810213791788986
7905,11.054927746831144
7906,14.44911565874679
7907,10.151474650214615
7908,12.5377631022229
7909,6.110810941704796
7910,10.104731577360843
7911,7.068353820405079
7912,8.54334584678887
7913,13.585270818924899
7914,9.405398029817574
7915,8.714376993575444
7916,11.359488397555893
7917,7.775075082866483
7918,7.170346453226621
7919,6.001560782022188
7920,9.433684706089005
7921,14.077417163045343
7922,17.77855360521308
7923,15.175727906440308
7924,12.354812250621837
7925,13.436089830752987
7926,12.300494032196202
7927,9.953117977643661
7928,7.399770193520657
7929,9.072764289534845
7930,7.952269436352237
7931,10.55746498632333
7932,13.282394767909375
7933,18.009779544941782
7934,11.359166311935079
7935,17.626274861631643
7936,10.4407531063918
7937,8.532713936896053
7938,13.100712449306103
7939,13.282949295052461
7940,7.562925016769255
7941,6.285396860928288
7942,14.549188371208428
7943,7.789002309338905
7944,15.815459393997546
7945,12.34111391469974
7946,15.201616515448336
7947,16.128713369944613
7948,6.5772244191920795
7949,14.60358125403205
7950,9.183147307159329
7951,13.63467322501169
7952,12.02720046997446
7953,18.2731563431638
7954,14.51063782686575
7955,13.92832628847431
7956,15.30110021832774
7957,13.464184972802832
7958,9.501366342499983
7959,12.618365370718669
7960,11.370571139793334
7961,12.118612541291625
7962,17.109563691143155
7963,7.854407351438116
7964,14.436511320392167
7965,6.074068318178972
7966,10.69326668438357
7967,16.072939997227007
7968,10.613145620512942
7969,7.480133030132402
7970,17.690156068507218
7971,7.468408421961881
7972,13.051641869478564
7973,10.685105026313972
7974,13.620520074833834
7975,7.2626011632548595
7976,7.115076785172734
7977,9.531468430468767
7978,13.949630742386969
7979,7.922453006308354
7980,8.010880854584554
7981,11.9646081940953
7982,12.504987358016711
7983,10.011150964222495
7984,12.4310827044852
7985,10.958754876528625
7986,6.0
7987,17.07723201460514
7988,11.219435301458844
7989,12.716357162420222
7990,14.094756550668425
7991,6.889545349846771
7992,11.879883929079046
7993,16.10514584064923
7994,8.620837514002373
7995,12.225690960735557
7996,13.354273882695832
7997,14.812605029892227
7998,14.026942052732212
7999,7.011190944110026
8000,8.066137237461373
8001,8.377181450492213
8002,6.747856435514735
8003,15.371670329422178
8004,15.65901943319214
8005,6.700679836103174
8006,7.114750301434502
8007,14.44358748365422
8008,12.906724604752652
8009,12.3276131755173
8010,7.128608917727348
8011,12.969773572876193
8012,8.520677696709765
8013,9.159381276021296
8014,14.400059406560912
8015,8.895127246925938
8016,11.212932889779228
8017,8.8315140862897
8018,10.341547599224308
8019,10.244718386733075
8020,11.230736882944054
8021,14.812522467740488
8022,12.41176177061175
8023,9.728639728122737
8024,12.232383906109051
8025,7.642240724364749
8026,6.792545278425213
8027,13.876450888530876
8028,13.334369945491295
8029,11.335442289830283
8030,14.778349770321134
8031,16.974607589791614
8032,18.811189001201456
8033,15.3294208219789
8034,15.025905833516758
8035,9.401397179657058
8036,11.333176260988795
8037,7.480318227108613
8038,10.141753827495732
8039,6.870003567213048
8040,8.550801583955197
8041,13.744899868501136
8042,15.101669855734999
8043,9.980810650917322
8044,10.415161410362307
8045,11.948800289498024
8046,10.639343557228472
8047,15.572598522207075
8048,7.699432764573053
8049,16.95583490087906
8050,13.835167306854494
8051,12.12415977024663
8052,15.06434259106096
8053,9.858738784524075
8054,9.326081998742913
8055,10.928441415656234
8056,10.506461303552184
8057,17.202411796878167
8058,9.239189831190163
8059,17.298051907977175
8060,10.095160818467146
8061,10.974193719722287
8062,9.133700606635134
8063,6.084973331137201
8064,9.441772645870735
8065,13.611663510788917
8066,8.23766497000522
8067,17.671838942844257
8068,12.030749828943184
8069,9.840395346388481
8070,14.986036054255012
8071,14.104314430100803
8072,9.879718095951
8073,8.688598954817257
8074,12.748693257736647
8075,15.329892895384262
8076,10.016426077712413
8077,15.794168919358833
8078,12.823338906962963
8079,12.159723026887972
8080,8.821741075378277
8081,15.684316574683038
8082,19.348715397069927
8083,8.075343063362695
8084,8.294003607292602
8085,12.69036891776274
8086,7.685785592553273
8087,14.005906799130784
8088,7.691192654589319
8089,18.42752134573431
8090,9.7999512227521
8091,15.373793996004244
8092,12.25312333571303
8093,13.318373575750007
8094,9.125585297437715
8095,13.895585335172441
8096,13.189907511182046
8097,10.881628245801467
8098,17.34470552493996
8099,11.541824710970817
8100,18.553186814148052
8101,7.002827281354701
8102,19.37115276569006
8103,6.64274274187071
8104,13.050409714635283
8105,11.052967415978907
8106,15.670390836963925
8107,14.371777341672669
8108,14.134635017425902
8109,7.577354827336145
8110,17.031981632708824
8111,12.74057150853772
8112,9.438210134520057
8113,8.986351950512278
8114,15.160101082698114
8115,10.490011906133127
8116,9.36612082847342
8117,10.457800056817387
8118,13.419688487772843
8119,9.932121255912442
8120,7.159917202097638
8121,10.633618794573978
8122,13.705683491244464
8123,16.712244576477165
8124,7.175934431822937
8125,13.682900574894326
8126,14.771799119236599
8127,11.835377285706667
8128,16.399820673985634
8129,7.812709543247499
8130,12.49701590786802
8131,14.826266247656092
8132,13.140785903530075
8133,8.348644874317744
8134,14.52732584352338
8135,12.551842460987373
8136,7.73711932002326
8137,12.488556826582762
8138,14.314008939646811
8139,14.264818996475467
8140,11.4516019034961
8141,14.255078799961613
8142,11.958860821696593
8143,14.354008770850266
8144,16.979807069704485
8145,12.664423990413404
8146,11.368561931230534
8147,6.65590260768092
8148,7.320055264900372
8149,8.396447773674764
8150,8.165651855993477
8151,13.923891162552863
8152,12.724373949486477
8153,13.083549951826505
8154,11.70756582297154
8155,11.439662998443687
8156,7.165247931922815
8157,10.975912151585888
8158,14.501385726229636
8159,12.479073663999262
8160,10.878750614349117
8161,14.071423932886443
8162,11.864057412068906
8163,13.782554145582514
8164,9.99442763788961
8165,12.647499227313606
8166,13.598913685324021
8167,16.18807951147932
8168,17.2957159670049
8169,8.324178387066542
8170,15.257806668037128
8171,8.302809954681534
8172,16.60250710841348
8173,14.609417138528292
8174,7.7897566097593565
8175,10.550523158398713
8176,7.486249390625851
8177,13.05009635625982
8178,12.735876688889238
8179,11.31117495149898
8180,11.763750281796959
8181,8.83262353338247
8182,12.004956402912232
8183,9.54120890132566
8184,15.896200373517821
8185,17.059279063573634
8186,8.47199368440012
8187,14.747779646211807
8188,15.429468563451682
8189,15.714761965913434
8190,16.38090333360781
8191,10.71986485143044
8192,9.59032006186154
8193,12.979381067609076
8194,9.351987229863026
8195,12.015845532967168
8196,11.216505453093255
8197,17.34504032327767
8198,15.635579294873605
8199,7.202777133331065
8200,16.96581075146905
8201,12.01377747082263
8202,8.077191744964733
8203,12.236082336407293
8204,14.390760171827152
8205,12.268031199618529
8206,15.098296544433603
8207,13.849763224785699
8208,8.871995392304143
8209,15.989241423501603
8210,13.610632355411758
8211,10.010046206151818
8212,14.670668376371486
8213,7.576045334773685
8214,7.556769495381618
8215,10.152487110755146
8216,14.647069373869726
8217,15.24087704430707
8218,23.051754040098263
8219,8.948752836032707
8220,16.22540008697098
8221,10.9583510273831
8222,17.23360456559207
8223,7.81913390216092
8224,11.705607010035955
8225,17.251908600483713
8226,8.98260185993672
8227,8.022586492893208
8228,9.399812902569563
8229,9.228469116311024
8230,14.196881350375397
8231,14.589723516802025
8232,18.55358980006293
8233,10.01920993236949
8234,11.451274386157655
8235,9.141634363416383
8236,10.801957508980113
8237,11.892676663210718
8238,9.60727762766896
8239,13.619167071368741
8240,8.133800551931884
8241,11.390671177546567
8242,14.721030109195235
8243,9.54824570556681
8244,7.236076288198166
8245,12.553969117621667
8246,13.86946930486622
8247,16.83968970770247
8248,12.314176974612032
8249,11.680021889285305
8250,8.422497145003684
8251,12.400704258676571
8252,11.126389258867736
8253,8.373086539286408
8254,10.72424675695329
8255,17.79927793281603
8256,11.9475220861598
8257,6.565364486069787
8258,10.293984003691477
8259,10.778857541488053
8260,10.384358088332043
8261,15.90525667493665
8262,14.120994558814383
8263,11.11179867012379
8264,12.490998545781896
8265,6.746697613632118
8266,17.17691199254918
8267,15.590346370834371
8268,12.816830540666965
8269,16.607083541702014
8270,9.23716941636084
8271,14.370250869803993
8272,13.842917381949924
8273,10.54098799549738
8274,8.769503186550503
8275,8.5164743259975
8276,12.603416384622273
8277,12.591877482429517
8278,10.996848039340804
8279,17.73115733205855
8280,9.314083494117336
8281,9.738501028847617
8282,11.155777260676345
8283,15.753800208010388
8284,13.949141949356655
8285,8.504301993918958
8286,9.586816139191061
8287,10.666921357613573
8288,14.641313075439966
8289,16.33390593464161
8290,9.397589639396365
8291,17.670200847297306
8292,12.419590839135717
8293,14.313222742658017
8294,13.538087794831974
8295,10.040360016268183
8296,8.029398185310713
8297,7.237190144249783
8298,16.59067212943348
8299,18.96248423704999
8300,11.313631567446343
8301,13.760400273814486
8302,14.55080539479727
8303,13.14847538903413
8304,13.739029882038889
8305,15.047816864388412
8306,15.3968711878735
8307,15.089592767973635
8308,16.544603167720396
8309,10.27673435680517
8310,12.577240493911836
8311,12.012387961546645
8312,7.7587342384030284
8313,10.91457718640318
8314,10.754329636094761
8315,15.428055798967158
8316,14.473325975596877
8317,17.80708893650833
8318,13.170492831192291
8319,18.346604300156816
8320,6.627816861756014
8321,13.81835620776683
8322,6.6347525818097575
8323,10.867348456359156
8324,9.135555562818935
8325,14.392383830449447
8326,9.518688766877293
8327,11.520418187359443
8328,10.556254043962868
8329,9.707267425691823
8330,9.182007813161329
8331,11.808511105213652
8332,15.570877164052783
8333,11.661028226756718
8334,15.214127314196238
8335,10.615162423333738
8336,6.856568451912115
8337,16.684136609720447
8338,7.963726335684118
8339,8.474117439626403
8340,10.866067519992535
8341,8.510549993085117
8342,9.2201467845798
8343,10.08026715647102
8344,7.5345636131710645
8345,12.729549526523758
8346,10.893328396025703
8347,10.944445112033963
8348,12.1157478887419
8349,6.280433274670366
8350,12.947570860151803
8351,11.328790878271294
8352,16.567348685847854
8353,8.978285909341473
8354,14.059231066032266
8355,13.55397460357213
8356,8.38709492852108
8357,9.525362089170967
8358,9.140767953407076
8359,7.308422746628359
8360,16.72012844938522
8361,13.762557393907517
8362,11.326346283635605
8363,7.77864716694104
8364,17.5341625583358
8365,12.376169221551134
8366,13.506848967955737
8367,7.959668679489787
8368,10.444344937668856
8369,14.36378675719359
8370,13.70102354948356
8371,8.997751390130329
8372,12.976811271795697
8373,7.2358472974433585
8374,12.231768004067664
8375,17.947923651914778
8376,6.346535708347029
8377,19.61333632210899
8378,6.117620022222562
8379,8.211541562839832
8380,14.996199682726356
8381,13.528048668124056
8382,11.705862745195242
8383,9.657746731107666
8384,18.97418518756013
8385,8.96747643579218
8386,19.478477105821263
8387,9.643501995854493
8388,10.188538666749812
8389,11.42520943419461
8390,10.134032063942104
8391,8.624641865914622
8392,7.183747409237113
8393,12.050669053548438
8394,7.72636863802954
8395,8.332378394331235
8396,14.804629685718009
8397,7.531723424840574
8398,12.39269233034522
8399,11.088035842799856
8400,12.869381393333937
8401,7.934979418494486
8402,16.916681191745898
8403,22.570618233858546
8404,7.918894984209748
8405,12.508530315159465
8406,12.162191407093935
8407,12.054518025028466
8408,11.717466531955303
8409,13.32731607227527
8410,9.935860679145518
8411,10.655375855107486
8412,10.941996546628737
8413,19.713730964333806
8414,9.947692712215332
8415,11.877140684301454
8416,13.170376113569843
8417,6.710384762983237
8418,7.122819962721988
8419,16.34504845057507
8420,13.386132961457651
8421,19.315765022424785
8422,13.899105168750568
8423,10.43430324250139
8424,15.11037349078866
8425,17.201200433573003
8426,15.705454740609904
8427,12.588504920489187
8428,9.091323322531844
8429,12.634201159349743
8430,15.994621847421127
8431,9.20633845438614
8432,14.27899625014368
8433,12.022910781965424
8434,17.5128495177471
8435,21.05413416382844
8436,13.3919450725893
8437,12.580617724097262
8438,13.019195245175839
8439,14.475154854992892
8440,15.853705164267634
8441,12.003216983072473
8442,16.86394080602992
8443,11.573562306332509
8444,16.495938198226412
8445,9.880586710578882
8446,9.791319864673977
8447,12.013671580229795
8448,7.5907687223777875
8449,15.754561676232573
8450,6.418328822147254
8451,17.616862896457242
8452,9.013084457145135
8453,12.448466763155063
8454,14.677566410342116
8455,7.217620592935787
8456,18.803271564688092
8457,13.2978173073414
8458,11.601210256802
8459,19.18508022038997
8460,16.453523792624335
8461,16.114288566691645
8462,13.0450360745106
8463,18.9807907749678
8464,11.300951428118225
8465,12.224669315013655
8466,9.522011941860201
8467,13.96221904749591
8468,16.321479144915553
8469,15.51793055885881
8470,13.035145322829688
8471,12.440524504826868
8472,15.129735710577256
8473,12.81443496159873
8474,7.396201064919941
8475,13.859932343345562
8476,8.923895764928188
8477,11.771658233092754
8478,11.10630661256107
8479,6.119411319209392
8480,16.326629264461182
8481,10.932048423657934
8482,7.746403037517707
8483,13.037811785862985
8484,11.03405151849964
8485,12.893209954878316
8486,15.10529027981996
8487,10.80527144645442
8488,16.415769755781422
8489,10.512044156645901
8490,9.69722127278105
8491,16.340680505541492
8492,11.625853510303246
8493,15.4129135518179
8494,11.748023019496749
8495,12.437480834568248
8496,16.957375685932224
8497,16.333370318935753
8498,12.152233713789634
8499,13.210831545134264
8500,11.54825602909055
8501,8.058880600252586
8502,13.797211911224046
8503,13.112848490066167
8504,16.704055944069655
8505,14.317167580654276
8506,12.879857029947607
8507,6.397031947996344
8508,14.344743969758529
8509,16.567975518561354
8510,10.131060175145723
8511,12.697790332071236
8512,14.86674031283065
8513,17.552613895991716
8514,12.432905420924833
8515,10.99913937096513
8516,11.857393924632106
8517,14.356154425703469
8518,17.117774475281067
8519,19.413073340054908
8520,6.943561544309506
8521,14.605294895186413
8522,11.455114264922974
8523,12.58488155387373
8524,13.009733105343335
8525,14.661070570359282
8526,11.366869425292332
8527,10.480494668824358
8528,17.56525485797682
8529,16.00101969894656
8530,9.503465530666228
8531,15.415558279653366
8532,7.975184608421398
8533,22.19340897991765
8534,12.602874989140998
8535,11.359444361458495
8536,13.420049335688512
8537,11.054734788207242
8538,7.470290496868612
8539,15.390163384489092
8540,7.509925599979204
8541,16.81958178873006
8542,8.477269786411597
8543,11.561168836935101
8544,16.328878681116294
8545,19.12688032267983
8546,13.552632250068822
8547,9.635184045627216
8548,12.190083636711016
8549,10.165551051465021
8550,10.0161569327701
8551,12.825032991609849
8552,11.550014687231311
8553,10.14020805527482
8554,12.522728143750049
8555,9.227606533236758
8556,10.380224897515408
8557,18.13335530098131
8558,10.013795710837233
8559,7.445373725277126
8560,13.291592966682552
8561,11.566084370217737
8562,11.509393721371138
8563,9.471252806003594
8564,15.727107551988208
8565,13.099799798135928
8566,9.621831829485433
8567,8.028575991775064
8568,13.42918298159475
8569,7.753867132779806
8570,11.777661332429888
8571,13.329963911500842
8572,10.02358865992233
8573,10.703359174932476
8574,20.129825444554434
8575,9.20575766353187
8576,6.9222140321301895
8577,15.759190505917761
8578,10.3160015604115
8579,10.463502589923038
8580,14.396577795990154
8581,12.05240014080306
8582,7.79967062436684
8583,19.76242738452707
8584,15.30601902788404
8585,13.579723147300294
8586,15.089505149326357
8587,14.340730500817505
8588,9.832377517404202
8589,9.409332039900569
8590,15.028213343611343
8591,12.55474835787586
8592,10.791281966860574
8593,16.06310409774038
8594,14.941365569147022
8595,19.783737520389387
8596,11.906423271731073
8597,12.425634486254229
8598,10.4917029436747
8599,11.366266287210093
8600,7.132686997392406
8601,7.313858339150218
8602,12.188082300643305
8603,11.893856911310644
8604,9.69481291613292
8605,10.090430462612714
8606,6.660048302617718
8607,16.017417981304266
8608,11.764721351478162
8609,7.312559561462334
8610,15.898968442665703
8611,12.381187463528526
8612,11.477637632964113
8613,6.80373718587784
8614,12.39757234459207
8615,14.152982998389561
8616,17.672260246550813
8617,15.221045730342514
8618,8.358738977554527
8619,16.7851141115045
8620,7.028458034704605
8621,13.159857646480974
8622,18.62472469819939
8623,13.271820158608936
8624,13.64548704908784
8625,11.85805936386922
8626,10.502791468506338
8627,19.725601061734505
8628,18.171481249413123
8629,13.928123194145282
8630,15.749158743155776
8631,12.48865094186074
8632,18.02951410502215
8633,7.836944074461494
8634,15.253615711108019
8635,12.259936746611233
8636,10.273926792065344
8637,13.069942190560667
8638,13.001129206000906
8639,13.511896883057235
8640,9.960704309889525
8641,15.960794203571076
8642,10.647562022275322
8643,9.754537090923302
8644,14.76469279365123
8645,15.44494914456746
8646,10.661014173703323
8647,7.844915683135149
8648,8.592974794281348
8649,11.219604281221242
8650,14.070314151424466
8651,11.417018080166873
8652,7.986898882641631
8653,11.553428326277933
8654,7.127578251717358
8655,14.52375154736028
8656,11.442170910221243
8657,14.346914960706501
8658,7.615621453062671
8659,9.474254428469532
8660,12.571849189337168
8661,7.988647735491883
8662,15.184464569612274
8663,9.272345837219316
8664,17.485567416404876
8665,11.303280310570695
8666,17.19756684209878
8667,12.276851203819186
8668,10.658279506655393
8669,9.788145087531175
8670,9.155116068928011
8671,10.486186132677034
8672,9.021161749155386
8673,9.965159057143282
8674,9.983334795962053
8675,10.560815085747908
8676,16.61955369860536
8677,11.406394015867452
8678,13.95304958279743
8679,13.983262050542754
8680,16.59388711443103
8681,14.148836555683342
8682,18.108297508299643
8683,9.573061056846937
8684,15.169289045911256
8685,6.39024009813251
8686,16.759980527829406
8687,10.398414131601857
8688,16.242890276287802
8689,6.382644468311544
8690,11.05768908074184
8691,13.773642783167908
8692,15.664329700323085
8693,17.537820897875992
8694,16.700585481525355
8695,10.785417068230743
8696,17.3924205267643
8697,7.232983169388525
8698,12.651447493062008
8699,6.417085840536136
8700,10.522952246237598
8701,12.596158887701158
8702,8.923848269013574
8703,15.7769317345431
8704,13.978329199038525
8705,12.658366861267467
8706,18.35814605852681
8707,13.341033419074373
8708,9.411165271535793
8709,12.296869063443696
8710,11.9105381188928
8711,11.863949298850171
8712,14.06817974726824
8713,9.086502654303374
8714,8.49619236616931
8715,9.57048567361366
8716,10.209999666144173
8717,14.003493755043666
8718,15.392124694920046
8719,12.011025732997913
8720,18.279781291008717
8721,14.053997070670219
8722,13.74332814307225
8723,10.640660542205023
8724,14.760928797943961
8725,14.64329249524904
8726,9.451108597113214
8727,9.637204520327302
8728,15.00554325098729
8729,18.092198781979892
8730,7.980213605837319
8731,18.481879376397174
8732,9.58400452521475
8733,8.074560851637216
8734,6.8343022435516465
8735,10.358978968112353
8736,17.814770355557265
8737,15.30232911608182
8738,15.239737604099172
8739,8.708161991441946
8740,9.031788743058165
8741,10.031128598143827
8742,15.743897688923559
8743,9.652321505909567
8744,12.9313291314023
8745,11.67768431286088
8746,8.605563247747536
8747,15.938100394283426
8748,11.233594932763285
8749,11.839541666262678
8750,11.858596924861116
8751,9.879739827332743
8752,13.035199009604895
8753,6.62720007454752
8754,11.713711455128914
8755,10.318210929068117
8756,13.762471931666083
8757,11.990077890850795
8758,13.33267346204825
8759,11.93245744815989
8760,13.248802650264288
8761,10.020814748229895
8762,13.639627593137543
8763,12.671437558839166
8764,12.60904412368296
8765,14.666670882491955
8766,6.986670007186976
8767,13.95795580808355
8768,18.855537232830727
8769,11.369784506327314
8770,14.756781199297366
8771,13.238605729071232
8772,12.865962838877646
8773,15.819776783061682
8774,15.752617524772463
8775,16.71544119237161
8776,10.212703932213318
8777,9.724463124484139
8778,15.911022033205555
8779,8.185520503859733
8780,11.47007056542279
8781,13.646963083027321
8782,7.407635443173079
8783,10.05881879182191
8784,12.889575447046465
8785,12.736086423965098
8786,8.409197348215585
8787,14.15911609586209
8788,15.3560927608224
8789,16.71223417117203
8790,15.215433646451809
8791,11.335716823096744
8792,7.93667273480081
8793,7.46659231702481
8794,14.54657544360787
8795,11.924225607803926
8796,10.301872397222716
8797,6.972281034192703
8798,10.34979072490169
8799,16.125337223729666
8800,17.35109030604271
8801,14.707835887121325
8802,6.0
8803,10.621154494464049
8804,10.665720779044921
8805,10.855053808318328
8806,10.980106066500598
8807,12.698393737401178
8808,9.143280788453241
8809,13.758048632074672
8810,12.671182257865182
8811,12.828422635062948
8812,11.202343482506834
8813,7.905177681507956
8814,8.209931293462896
8815,6.978772587478079
8816,20.411943041779146
8817,10.10464896933354
8818,8.678726330760728
8819,14.125825602861129
8820,14.371797919283392
8821,15.156557397473827
8822,17.76136443635069
8823,15.541121329570915
8824,18.538815251763076
8825,14.383802882075972
8826,12.881337867956368
8827,8.584614738389478
8828,11.555935393460762
8829,9.915975972236852
8830,6.423228587539993
8831,8.551700093004627
8832,19.171785959022642
8833,10.016686501108559
8834,9.951239422005491
8835,11.841695704965877
8836,11.427503135666631
8837,12.431464117286701
8838,8.4183106444827
8839,13.21297117509148
8840,10.20357294987757
8841,13.390062498787518
8842,10.81076621268555
8843,16.246278222404282
8844,9.2524871149901
8845,8.07559752173383
8846,12.242177932209858
8847,10.528457579769993
8848,8.156579264378296
8849,11.395657286886394
8850,10.588156598796388
8851,13.239622460919916
8852,10.994200677344486
8853,9.14611014416113
8854,6.5257416026665265
8855,13.89362712662031
8856,10.983375639112596
8857,7.97347184394983
8858,8.72325421204592
8859,14.46673876613849
8860,9.032586239868504
8861,14.38898940747272
8862,8.993143194624984
8863,7.202828322164271
8864,7.244613445185535
8865,7.896610030068158
8866,11.116127547830423
8867,10.583672547210204
8868,13.141313695765838
8869,14.685880179439073
8870,9.420606444895816
8871,9.032796598608515
8872,13.324734049156373
8873,10.593983029814204
8874,8.560919125176392
8875,8.928164782041227
8876,12.993824141110899
8877,9.041617935674784
8878,16.12705430276362
8879,17.000861477973224
8880,11.168932778642258
8881,13.07002318641361
8882,10.001398455593986
8883,6.0
8884,9.711361052430256
8885,7.757405245838637
8886,8.080972829772254
8887,10.20478552660031
8888,12.138179502668434
8889,7.9323358140436016
8890,20.109037681400206
8891,9.169660737199543
8892,15.299933428878175
8893,12.408709030169902
8894,14.503020951940776
8895,20.985560762031273
8896,10.177888964293388
8897,16.08530899306737
8898,14.200325838927851
8899,7.932157659854202
8900,9.407833953571991
8901,6.513718351662503
8902,7.317132855665683
8903,20.00963573948317
8904,11.332831338455867
8905,15.469780445235624
8906,13.482200321864571
8907,17.57009548084225
8908,15.86868930314817
8909,8.529167006309516
8910,14.665338452562434
8911,13.08482054013935
8912,14.211858734742412
8913,15.893440072083925
8914,15.215877100530994
8915,14.48904161100531
8916,9.040184609008907
8917,11.130542270674994
8918,10.538742222219645
8919,15.737050168283629
8920,6.190214142229999
8921,10.76216922549236
8922,18.992903496713907
8923,6.155267603494119
8924,15.548644639462156
8925,13.650011058975553
8926,10.321830711457029
8927,16.011623399808954
8928,18.825735512621698
8929,18.184676380971222
8930,10.258157978621718
8931,10.707583445092705
8932,16.080222129868037
8933,16.08987969819531
8934,13.349869975489561
8935,14.31667038261031
8936,10.323743406101059
8937,12.417036187480525
8938,12.447330580906653
8939,7.673494408336081
8940,15.891767378151734
8941,11.715022775727888
8942,7.657708515729608
8943,17.360069735672056
8944,17.216490894544815
8945,9.273178086065153
8946,15.126503671587171
8947,13.808779387105844
8948,11.714343215812262
8949,11.851432877353764
8950,14.571726676851599
8951,8.250165183020703
8952,17.424560520520757
8953,19.117803154655036
8954,11.121873151313558
8955,11.921819341761335
8956,13.244615138315053
8957,14.672531223316891
8958,10.966804341402838
8959,11.292732578637652
8960,17.764825194929223
8961,7.495333526912064
8962,8.985540019612976
8963,16.898637981780126
8964,10.137675446125305
8965,14.048767206892133
8966,9.554241599050192
8967,12.757370698163603
8968,7.59024685096719
8969,10.845212437475922
8970,10.018104762053685
8971,12.724585659177016
8972,6.588510069708398
8973,13.802936858783324
8974,8.001267456694894
8975,9.203254114082041
8976,12.432379197933964
8977,11.954204845258564
8978,9.576315281996532
8979,13.046958921792111
8980,7.559937528960703
8981,9.945100215077321
8982,11.38793174552175
8983,14.967360771059054
8984,15.332189895569888
8985,7.267399528269853
8986,16.91823149139958
8987,11.358055547821843
8988,15.61784045692567
8989,13.033698762265656
8990,14.635043993373305
8991,6.522486597326903
8992,12.650432187113372
8993,16.3584351826349
8994,14.075255557570314
8995,11.713527093888626
8996,16.08770628289505
8997,8.53685606362074
8998,7.866422011799599
8999,13.90206004538898
9000,15.617308162148946
9001,15.172826434907451
9002,8.960613543056203
9003,13.934568833408537
9004,7.029523509917422
9005,10.371662201951745
9006,13.907524914127803
9007,14.944814478004854
9008,13.89105840477797
9009,9.307516145140951
9010,9.656927698850792
9011,17.8051415009733
9012,7.141434290354714
9013,8.919723675786049
9014,12.784306613853001
9015,16.100412928317212
9016,11.61666413701064
9017,7.650560263100063
9018,15.05106539119635
9019,12.336058198543048
9020,16.46378601954878
9021,14.889553414013008
9022,7.824584041802894
9023,12.725672425697143
9024,6.96383205918382
9025,17.05589297774606
9026,7.567704757267671
9027,8.660464851311577
9028,9.215444285858082
9029,18.51224057242366
9030,13.559182968867132
9031,16.864463373052004
9032,13.411605313914672
9033,8.338073691413264
9034,12.044306728870247
9035,7.289938626131041
9036,18.999013631551822
9037,11.299680029964074
9038,16.418781803311663
9039,9.096583806528567
9040,13.68605650066872
9041,11.2138169522227
9042,12.953970059881426
9043,18.011586326514237
9044,12.054912661492411
9045,13.289292183663486
9046,13.103692537536341
9047,7.931134754865585
9048,14.854213929941828
9049,15.108164217948513
9050,11.030080685080785
9051,15.343429430868413
9052,8.152446986315487
9053,11.378835319990314
9054,12.31136567666747
9055,12.887348580636
9056,6.960005345896074
9057,11.051259248405652
9058,10.22297043500388
9059,10.626637677815548
9060,10.983313322509458
9061,14.704381134696966
9062,11.293055587621911
9063,7.251950202768905
9064,9.65920908461839
9065,17.855406666774286
9066,9.826073802106723
9067,6.3306809249809195
9068,12.247915846177671
9069,11.40968365935252
9070,11.326196712090466
9071,7.612987837192381
9072,12.477555500014144
9073,14.14779555364258
9074,9.660753115089852
9075,15.562536272475247
9076,9.423834073632918
9077,13.481733400865883
9078,6.931634194599776
9079,8.255728878399836
9080,6.106088412905126
9081,8.887367087474308
9082,12.891844283335008
9083,14.23236843529732
9084,13.435592975001446
9085,11.910302822461997
9086,7.515322583565237
9087,17.232584968099417
9088,6.413993878593337
9089,6.34083379145861
9090,9.908334057548656
9091,8.94010132611602
9092,13.82599926138706
9093,9.33769797315114
9094,13.600609304654903
9095,15.751434645287073
9096,16.468803091622007
9097,11.997467294385727
9098,11.64571889299166
9099,10.346549728957982
9100,13.671504675537367
9101,12.708471419211687
9102,9.940786597404841
9103,11.091448737791643
9104,8.834291245108703
9105,9.823737962180928
9106,13.797263848964473
9107,10.336688524823442
9108,10.227428358210053
9109,17.84923182093065
9110,10.227585197875936
9111,16.64767502275162
9112,6.0
9113,13.222812972300437
9114,11.766131890686237
9115,7.3136557181786515
9116,7.360123299689967
9117,11.308032263498294
9118,11.01897471489191
9119,18.454831750008598
9120,11.709808383584006
9121,9.999518013062609
9122,9.754061441841852
9123,17.79490553245603
9124,9.051505024340251
9125,14.980212924788505
9126,13.011050199469379
9127,14.858022174505228
9128,19.603386176763905
9129,13.51081262095738
9130,6.977494481203047
9131,15.499201685098148
9132,7.288000603075782
9133,16.61938992435439
9134,8.291493244030047
9135,9.158853314800416
9136,12.280868095943214
9137,11.224720200922228
9138,12.583149983894907
9139,13.074921297176136
9140,13.333444841922393
9141,13.072417746145508
9142,13.571289342140519
9143,8.738852749194495
9144,7.473380360268163
9145,13.731742618994668
9146,8.261982629574566
9147,18.212069062849846
9148,16.016346045875697
9149,11.58000817933055
9150,6.032473067833714
9151,8.1350031243054
9152,15.39519444940303
9153,15.207398846377856
9154,18.988113105414612
9155,11.840511286990171
9156,9.271500917331851
9157,10.547279613695203
9158,13.14704300834454
9159,9.293121104885348
9160,8.980240269088686
9161,10.928112174030932
9162,18.127608952780445
9163,19.336901041233247
9164,13.348489566082536
9165,10.994479184000413
9166,15.24855736486768
9167,12.891719754705477
9168,11.177788268923887
9169,18.92808761790468
9170,9.331385290682263
9171,11.616756493022377
9172,10.010857581596982
9173,11.371946500890903
9174,11.839693508129956
9175,14.642819400316338
9176,12.543334831932446
9177,12.829378661191406
9178,12.997423550930426
9179,13.15546269358999
9180,12.31192819150725
9181,15.080233155084862
9182,16.806861041955933
9183,13.258213130394802
9184,6.372045413433194
9185,13.871762600219956
9186,9.15154192656059
9187,11.884264131412497
9188,18.22350371421719
9189,11.534832515393171
9190,16.92106434877936
9191,10.888892509694237
9192,6.996684779500615
9193,9.548118710846389
9194,11.864142618835794
9195,9.92048869606671
9196,9.181603796584291
9197,11.659455132582742
9198,15.88527713946825
9199,19.625419149737034
9200,16.178219013425505
9201,10.322182709665219
9202,7.957502716236512
9203,15.075434170365428
9204,17.356047845192908
9205,11.0270655439509
9206,18.126459186208034
9207,13.256251932580446
9208,11.21987027199375
9209,15.29318058704945
9210,11.91401799324494
9211,7.410438841113957
9212,12.924950961448163
9213,8.903123273679427
9214,14.140430660287372
9215,13.889618167681727
9216,7.462362578875608
9217,15.725995615236773
9218,11.417763714819593
9219,12.908340260453533
9220,11.755159102252133
9221,10.257061822231131
9222,12.141891772141971
9223,7.713585697112048
9224,10.813654896653581
9225,12.96899342190019
9226,7.102306597952446
9227,6.407126096016485
9228,11.358929444060841
9229,12.59117133273397
9230,14.386332730894814
9231,14.451957904313845
9232,11.378243873952467
9233,11.86036843033434
9234,13.487550084658102
9235,11.826558526948194
9236,16.309561116952445
9237,11.59407243926428
9238,12.754306777776542
9239,10.857705994340852
9240,7.9397964512753605
9241,13.036144086660785
9242,10.598099202656643
9243,14.44638856182937
9244,6.847436517393849
9245,19.492323225913932
9246,17.085844459196963
9247,17.662730094878075
9248,8.753069290783625
9249,8.913319444077565
9250,13.96125409331156
9251,12.448620992059409
9252,8.831842314651219
9253,13.003362105890526
9254,11.581812410712407
9255,10.749913359484424
9256,17.183660252907636
9257,10.251254933254051
9258,15.836513210945936
9259,10.54709207975259
9260,7.918700929235391
9261,8.052972199001633
9262,20.107957764765057
9263,12.011470905940671
9264,11.565558803220274
9265,14.655670089622156
9266,10.788717378589155
9267,8.284687069483292
9268,12.04897371458526
9269,15.225970704579233
9270,12.603140122669348
9271,17.69903529340744
9272,15.624585460891787
9273,20.67583551561162
9274,12.839279670591392
9275,9.312612339311247
9276,9.176376004745109
9277,13.13531759584089
9278,11.267876808070406
9279,15.588543171851224
9280,17.259722288587593
9281,12.728216216246087
9282,13.30622672485236
9283,8.900827416554645
9284,12.834606624246776
9285,14.637306639834527
9286,14.78496283493823
9287,14.472360310783461
9288,14.045109187718223
9289,14.123213781557366
9290,14.648095682982605
9291,6.884202750328429
9292,8.26174321831013
9293,12.800744060261977
9294,11.069597966965768
9295,13.619955200160579
9296,13.173098975208143
9297,9.171134853778549
9298,11.144661137382377
9299,14.979454790650669
9300,6.309919262061119
9301,10.667571634113749
9302,12.746928056037033
9303,8.935720143504398
9304,8.063239107407094
9305,6.716912963801746
9306,11.701766665995947
9307,6.720718767510298
9308,14.55516984614724
9309,9.554298313298899
9310,9.932524682613737
9311,10.100945494720628
9312,14.84094965160657
9313,7.502994164965652
9314,7.60694999445619
9315,8.108877122161458
9316,9.703332058372121
9317,11.882464799886119
9318,9.077287501098187
9319,13.130695001442392
9320,7.864641924068639
9321,11.608905604552005
9322,10.99142136306219
9323,10.709424578309918
9324,10.969004683914946
9325,15.552633852165622
9326,11.794777679656706
9327,16.50226977461845
9328,11.734352117462379
9329,7.226500900564528
9330,13.012722335324204
9331,6.272684496730052
9332,7.739154832308471
9333,10.528178460159294
9334,9.870280286703673
9335,8.15172578588185
9336,11.622450752079937
9337,11.13254472018772
9338,16.994457504709814
9339,10.636184564834243
9340,16.019983830831947
9341,7.119849425931458
9342,14.72912714060637
9343,11.613426356125936
9344,7.358926150249584
9345,10.448881703680545
9346,13.63363736073625
9347,14.891651144101115
9348,7.916649869314976
9349,7.958892190005209
9350,7.622527023351159
9351,14.563722821954716
9352,9.14551656896788
9353,12.099145969947013
9354,15.398555256689681
9355,17.84049344412379
9356,12.373731810290757
9357,6.627686523064924
9358,11.391385226038599
9359,12.64435299995088
9360,10.570240138163687
9361,12.619183517154676
9362,12.019821007060624
9363,7.790155716956431
9364,12.739831416756621
9365,7.064827447708885
9366,8.569411919604894
9367,10.060711768164694
9368,14.316442753631623
9369,10.724411565401464
9370,9.169142337612103
9371,9.322710766088614
9372,12.290701017696438
9373,10.767015899463154
9374,9.830164745584536
9375,16.423931891269707
9376,10.865770311431914
9377,6.613326217800712
9378,13.290071867430697
9379,6.749268330376086
9380,17.129450300522016
9381,7.346388286942697
9382,16.783710172005993
9383,15.486949679564116
9384,7.989358951945199
9385,17.607293969555272
9386,13.804215599499964
9387,15.453109679605477
9388,6.503689590981117
9389,11.976418446760691
9390,15.47224234822124
9391,15.84996625108458
9392,7.351945632487963
9393,6.771730282551378
9394,9.706390063712197
9395,13.476371561355398
9396,8.904886807027882
9397,16.55029826462265
9398,10.516946655251235
9399,17.25160060247752
9400,10.981964573854144
9401,7.403144465587659
9402,10.895782563243532
9403,14.672663945530447
9404,13.697678854858209
9405,8.603244934764136
9406,14.237247066982093
9407,9.303494118292056
9408,7.948010038582954
9409,9.126605866727614
9410,9.312115469542515
9411,12.292356390569143
9412,14.342526223857915
9413,6.97098873821349
9414,10.869076637812007
9415,12.251993297562908
9416,8.012953055276947
9417,7.911212959870641
9418,10.351217290075269
9419,18.631922374260288
9420,13.459469706441322
9421,7.285762188466053
9422,12.667923002679204
9423,14.858020337002056
9424,12.089637330971826
9425,8.051930547428139
9426,11.772073486190244
9427,11.533109082966032
9428,17.9546712916962
9429,11.92977923447539
9430,7.424892675400787
9431,14.960468647405422
9432,6.873675291120458
9433,13.204154327929965
9434,12.672217707382735
9435,13.354065885807941
9436,16.094684201233946
9437,13.719311733700312
9438,7.599835202734902
9439,15.821086233241628
9440,11.729722669085188
9441,11.970439023623022
9442,15.468626181279308
9443,7.57594280902007
9444,13.746946670663144
9445,14.134398493032128
9446,17.641207137277995
9447,9.891697562522587
9448,9.113567771215685
9449,6.5480856490752295
9450,10.552040354236974
9451,7.524830089398241
9452,17.483303339397104
9453,10.754116432761267
9454,7.682302527790742
9455,11.446921595252961
9456,14.762140534445619
9457,7.392518055718149
9458,12.694838577420168
9459,10.03854476658328
9460,13.655425629497596
9461,10.665198996932709
9462,8.720546348813741
9463,16.286454126603047
9464,16.132100554358637
9465,15.089841715562365
9466,7.570946978314372
9467,9.776837620236199
9468,12.398964352673005
9469,14.017742447543718
9470,11.43539622100531
9471,11.291882212129538
9472,16.490198338507223
9473,14.158473941033376
9474,10.381946597890618
9475,8.140936664136913
9476,10.242290577049333
9477,8.155714052688664
9478,12.77401918418718
9479,7.180706004755398
9480,9.560111214216041
9481,11.278812535791403
9482,12.59894655739623
9483,19.209173431716415
9484,21.401592519888652
9485,11.933891928236637
9486,22.562534899329812
9487,19.4962441619501
9488,14.27311900800696
9489,12.447384544041249
9490,12.378261287663186
9491,10.022222775967355
9492,11.473562782547521
9493,15.989619269107761
9494,14.340013113604382
9495,11.543397868590224
9496,7.229864799136303
9497,10.573393050722055
9498,8.669569847595389
9499,8.402432971853347
9500,12.433935326668418
9501,10.416860887329515
9502,11.47191047129823
9503,11.262482914311942
9504,14.159741553472438
9505,17.537028325028157
9506,9.367219469481013
9507,13.390872432643132
9508,8.872886663615738
9509,10.247493156530622
9510,17.032483328782767
9511,10.610303804834372
9512,7.472641715018462
9513,9.971753839480202
9514,7.589110027947758
9515,12.403788429418698
9516,7.84716203430495
9517,10.42722642093064
9518,17.75355227569441
9519,9.417774932540878
9520,13.270807605233925
9521,12.64652248159176
9522,9.322749362862918
9523,16.376453263062814
9524,14.155929115754036
9525,17.189284848620552
9526,15.78628090167586
9527,16.543199800540965
9528,10.640233448598263
9529,7.133952818978732
9530,10.206521186106949
9531,10.404097287453036
9532,10.870374278257653
9533,10.863508070379291
9534,14.999288177190174
9535,13.437538552790574
9536,15.072795845639257
9537,11.034905393462592
9538,7.649768759106393
9539,18.872546917513034
9540,7.109020907270881
9541,7.880067308238329
9542,10.509165491396079
9543,10.207228667264147
9544,10.00936358853219
9545,10.834083091969372
9546,13.927485248701283
9547,10.867138544026666
9548,6.424553375523972
9549,17.883512191326947
9550,13.583214098850508
9551,14.394673405485301
9552,7.960924755142054
9553,13.843034694932243
9554,10.136399272916801
9555,7.868888048763943
9556,10.81499919888336
9557,9.95168472946011
9558,8.776245753481644
9559,13.887575500388904
9560,10.442282181788979
9561,11.680225020092562
9562,14.913015845349605
9563,8.429050444654383
9564,11.451763163570659
9565,8.443305240613224
9566,7.453082382029243
9567,8.174634403851176
9568,6.771176043550389
9569,13.54169822415904
9570,11.109060572310893
9571,17.614723894816027
9572,16.26890972214945
9573,15.15529734517719
9574,16.267295053526073
9575,13.201965438862361
9576,15.347398285816379
9577,9.190381086069497
9578,15.2698585607266
9579,9.68959880847365
9580,19.210286157450454
9581,7.506132773425999
9582,12.813222819408779
9583,8.094085509149767
9584,13.235912704409612
9585,10.357219989967255
9586,11.40908067872333
9587,8.034004798351306
9588,15.56272984358734
9589,6.771324786286421
9590,9.4573196564433
9591,12.694694614951727
9592,9.001935766005865
9593,8.421753084931082
9594,14.151546181429431
9595,7.318025298640229
9596,16.3822066214475
9597,15.881782995178586
9598,13.048610571553915
9599,16.93474254742938
9600,12.126733999981848
9601,9.038479646242738
9602,13.622890688682965
9603,15.579114641192172
9604,8.543495734340448
9605,9.931536502288601
9606,6.689679910137349
9607,12.076249369021467
9608,12.683050617348707
9609,6.427881992470475
9610,9.76113879977665
9611,14.483618899301069
9612,10.180267397973584
9613,14.261542422335312
9614,11.722399087459058
9615,8.695445592886351
9616,19.26986241856925
9617,7.7517753875461315
9618,12.893734747226437
9619,17.286154771585295
9620,9.135957283674843
9621,11.587264860412315
9622,14.379042030204372
9623,11.698445262189248
9624,12.524747733102291
9625,9.445135296912675
9626,8.526930146367684
9627,8.859192812609152
9628,12.052840155896053
9629,9.853562884530929
9630,10.378965900099244
9631,13.828232527366328
9632,15.236487341728996
9633,8.740934445112394
9634,6.679673555211104
9635,7.218425249370988
9636,14.355834627023588
9637,15.674977969011833
9638,13.179421636269879
9639,7.59986160074027
9640,12.896583731556628
9641,8.253362030055392
9642,10.748123238702066
9643,13.772300612222152
9644,14.04633236036155
9645,9.169600105814386
9646,13.28147219325511
9647,8.832452557642087
9648,9.085324023713811
9649,12.962965174801703
9650,12.7935754237543
9651,6.79943770289701
9652,9.935517336702047
9653,9.29244971615536
9654,15.311668980659524
9655,9.010629795642558
9656,9.519760445902019
9657,13.533914823456437
9658,7.710112055806405
9659,9.941426278157742
9660,17.154631651182914
9661,16.551720027265475
9662,14.861321730419613
9663,17.372628715603277
9664,10.750418873388421
9665,8.063453576634572
9666,10.526725183449804
9667,12.454481915215329
9668,12.50611882324131
9669,12.834392884496648
9670,7.2828351459277805
9671,10.92975208957721
9672,7.99118188319047
9673,15.824151979910797
9674,14.014735025101059
9675,6.4262903575950325
9676,10.94168855378395
9677,13.518870641337578
9678,14.204912391072295
9679,16.940061667454202
9680,8.7580465378176
9681,10.874830041606474
9682,12.057554953349433
9683,10.824508914782337
9684,12.730463567712478
9685,15.184278942506038
9686,10.497091845839572
9687,10.93798741856097
9688,10.439457421273781
9689,13.170594213943929
9690,14.625144285426792
9691,9.283844741840028
9692,11.485849147935932
9693,9.305350765372188
9694,8.566639695554763
9695,6.837492737096053
9696,10.3747591184035
9697,6.520652827725035
9698,10.47036590003494
9699,6.469604115779046
9700,9.059543790116246
9701,15.492391881098362
9702,12.300275588622089
9703,12.977208469832302
9704,11.733011576914112
9705,14.72708426103748
9706,15.323877181690147
9707,12.217746929355782
9708,12.501488644544306
9709,8.589017622086253
9710,14.634714765635163
9711,12.349875547254618
9712,6.696396452013282
9713,6.927694655092495
9714,14.493099246597044
9715,9.26388183247391
9716,12.04097510084397
9717,11.04385923965026
9718,6.615651849533687
9719,10.463751635135
9720,7.983912839169872
9721,11.191692291831485
9722,12.469733402552693
9723,8.98562685118436
9724,11.533035834872681
9725,8.344200273750369
9726,13.529986359884196
9727,6.878271365819541
9728,10.256348674509358
9729,11.843190720229494
9730,15.801876602233019
9731,15.404732725642594
9732,12.711690785959282
9733,14.643779554033836
9734,14.239191383745998
9735,13.151982617590976
9736,12.054834812492299
9737,10.852057941859366
9738,10.532060854654446
9739,12.471615887692085
9740,8.96570035695343
9741,11.586342763966792
9742,16.526007610334787
9743,9.2228282046483
9744,6.800324274302794
9745,13.81905998114231
9746,10.054011355413227
9747,8.504531608492213
9748,13.147630739841915
9749,8.09585815906692
9750,11.01831064666803
9751,10.02430435239479
9752,12.762185314033747
9753,7.1969565945133525
9754,12.014150515726662
9755,16.93411827218738
9756,9.941136399246677
9757,8.128413817738771
9758,10.385120757726083
9759,14.093382100106206
9760,12.781664970262883
9761,16.541133115633205
9762,14.342262523601145
9763,7.012760476120286
9764,15.306643137722721
9765,11.454557597941356
9766,17.49906952695452
9767,15.862345381095075
9768,8.415693248257014
9769,12.10915140064841
9770,16.503012673984138
9771,14.986575231922322
9772,9.967085290501984
9773,6.775722891998859
9774,12.490564860794493
9775,10.85607322517494
9776,13.107790827111513
9777,14.454869823145215
9778,12.151751924154961
9779,15.943486923981538
9780,9.22289795372089
9781,12.156549529588526
9782,10.550597632359466
9783,12.564238813667576
9784,15.576548717297673
9785,17.15582687701474
9786,6.9683987744766975
9787,11.500012360416067
9788,13.561355349531617
9789,12.607449957401638
9790,18.1075828866844
9791,15.844330304588029
9792,11.547020235417165
9793,10.059540638601367
9794,13.63327347806787
9795,6.657794152430064
9796,13.72748424841796
9797,7.1048579938523835
9798,13.90768603344334
9799,6.990776108070382
9800,13.245308312590277
9801,9.062678084343803
9802,6.013350921837077
9803,13.54540336217787
9804,12.216057439396726
9805,14.55926071478614
9806,12.789605527506813
9807,14.98033759930017
9808,13.596493305456992
9809,9.316104545060611
9810,20.922205987831088
9811,19.25907869212948
9812,11.392590209717412
9813,7.714406383906273
9814,13.368986636797018
9815,11.376996265366936
9816,14.459619655199095
9817,11.983500706722753
9818,15.877520492496219
9819,8.670382820063317
9820,13.03409547349454
9821,15.086946979854648
9822,10.498736385003632
9823,6.0290612700273964
9824,14.82967321807327
9825,7.444120718641142
9826,11.72912929300821
9827,12.581547578818299
9828,12.419791682422456
9829,7.173045814321109
9830,11.019370989154273
9831,8.815691536832782
9832,14.886367801357311
9833,13.850435942487211
9834,13.365970306024364
9835,12.974150995121578
9836,12.193205512895124
9837,6.589027216723588
9838,10.10123337502687
9839,14.807043692522127
9840,6.7249823675930855
9841,11.786908826043854
9842,12.401208439467059
9843,8.385711090891801
9844,17.90362343333961
9845,11.26516411119433
9846,8.407335712372562
9847,14.409223027798747
9848,12.852706565262565
9849,10.212543544285534
9850,12.349908875843887
9851,10.416945533434033
9852,8.550083300450838
9853,7.351121259950277
9854,12.794992192063118
9855,15.5340746910223
9856,12.5828663863434
9857,11.844697868824849
9858,13.85216430395425
9859,8.837961045858135
9860,14.1492545223804
9861,17.413847998318925
9862,8.63739726853861
9863,13.684587872996087
9864,7.210284020542478
9865,19.95286581972743
9866,16.719522306185468
9867,8.59418823459379
9868,19.798442460489827
9869,10.711490641284433
9870,14.095962557791363
9871,18.32280508926893
9872,15.847331449105978
9873,17.74481314506946
9874,15.00311124558347
9875,8.382995338823996
9876,11.063200961742021
9877,14.824435833667955
9878,10.811055444634112
9879,20.839119673846156
9880,8.534097957574472
9881,8.468909341906192
9882,17.945774146033504
9883,11.502413673815283
9884,11.272554193295983
9885,9.278742459007336
9886,17.926493973003648
9887,12.790676738233026
9888,10.597919036979222
9889,12.879744628058678
9890,18.33576383957759
9891,10.452191395974854
9892,7.5901268202308
9893,11.400472672431816
9894,15.162941757202502
9895,13.42288964831962
9896,11.212196607535144
9897,12.895103927549814
9898,6.751333626174793
9899,12.508126749397796
9900,11.824848644492144
9901,8.983078742198133
9902,15.200543714571896
9903,12.02951549539797
9904,9.663417883727558
9905,13.018181967471401
9906,17.251828860919904
9907,12.996105056694482
9908,9.654146751786252
9909,7.954764329276761
9910,12.19159976366385
9911,16.618066238407902
9912,6.745567988794794
9913,16.631550477417758
9914,13.367774143809807
9915,12.14927443598331
9916,11.0443385308523
9917,7.992305476866167
9918,9.980750619133655
9919,12.50358499974264
9920,9.334417616185227
9921,10.560259870831025
9922,18.13534584184468
9923,15.013573052173173
9924,20.41343515432792
9925,16.442200016842627
9926,17.153327594790984
9927,7.562983554527803
9928,12.503984311828974
9929,12.608279267006626
9930,9.935407559683513
9931,13.76188030428347
9932,14.621239848560805
9933,11.942239935886638
9934,12.360351377522418
9935,8.14626550147178
9936,12.68400966746254
9937,15.740334739651308
9938,12.870020060753435
9939,18.14869898003603
9940,12.671662043163542
9941,13.318311110772699
9942,12.239878590257991
9943,15.224333252448277
9944,11.371176403598703
9945,11.0804147496348
9946,12.356335413131225
9947,18.15172543867895
9948,17.92777506492228
9949,7.583466513329981
9950,17.539828094251334
9951,12.590684597034134
9952,17.281943055248373
9953,11.27078466831992
9954,15.662944799299764
9955,10.564954565537088
9956,13.405102684859518
9957,18.29047831741227
9958,13.910995158511563
9959,14.801008503258707
9960,16.907394163564792
9961,12.59670641498993
9962,11.226320774809349
9963,14.641926151609361
9964,10.487721625528177
9965,14.594912856371867
9966,10.7088560771714
9967,15.560013290389707
9968,13.948462405609533
9969,10.520906915284737
9970,15.826571469643296
9971,15.91772885902081
9972,14.110463982027614
9973,12.118157449361032
9974,13.022694562296364
9975,14.649403594693059
9976,7.849103780313832
9977,9.112387284754185
9978,14.767049546279578
9979,13.626570994539428
9980,9.870463588037316
9981,10.074673246308892
9982,10.53374193093072
9983,7.810488204234142
9984,11.499177672414838
9985,9.098516283184686
9986,8.791941679056787
9987,6.983131828916213
9988,12.929206567746773
9989,17.047611155351586
9990,8.791495123521038
9991,16.610488800586502
9992,10.244698529686847
9993,15.601677935915117
9994,10.181190612277026
9995,8.866757157683736
9996,6.46841102244152
9997,13.20647312781313
9998,8.150857944303912
9999,14.223606523323156
10000,6.228622075730509
