ID,int_rate
1,12.9142
2,14.7369
3,8.9155
4,15.7976
5,16.1962
6,7.5066
7,12.051
8,8.7633
9,14.222
10,19.4792
11,6.0
12,15.3966
13,13.5031
14,16.5665
15,14.7905
16,10.0919
17,14.1359
18,14.5168
19,10.2884
20,15.0358
21,9.825
22,16.7027
23,9.9111
24,13.2168
25,12.6407
26,7.1083
27,18.232
28,18.6986
29,14.8439
30,18.0873
31,9.2222
32,7.4377
33,12.3551
34,17.3245
35,12.2692
36,14.1859
37,13.2286
38,7.8681
39,9.8199
40,13.5036
41,11.4186
42,17.2611
43,9.2127
44,15.3945
45,14.9161
46,15.0492
47,21.6843
48,17.5488
49,6.7585
50,8.6593
51,11.0747
52,20.8661
53,8.928
54,9.3534
55,10.3621
56,13.9348
57,7.4712
58,13.3436
59,12.5534
60,11.933
61,17.3227
62,11.3442
63,19.7454
64,13.0607
65,15.2107
66,10.5724
67,7.8509
68,6.3791
69,8.1436
70,15.74
71,12.4965
72,13.3651
73,10.1848
74,11.3034
75,13.2422
76,16.1269
77,13.52
78,9.1543
79,9.6732
80,7.0339
81,11.7257
82,9.9118
83,13.8433
84,7.7382
85,16.153
86,9.5427
87,7.3952
88,7.2873
89,6.0
90,12.726
91,7.558
92,11.4625
93,10.034
94,8.4781
95,12.947
96,11.1926
97,7.6716
98,13.8338
99,8.5779
100,8.4937
101,13.965
102,10.5385
103,8.9412
104,6.653
105,8.6671
106,18.9773
107,12.8061
108,18.4398
109,7.9881
110,6.6587
111,12.1146
112,13.0275
113,15.7307
114,10.1032
115,13.0629
116,10.1986
117,14.4147
118,6.8693
119,9.1159
120,14.0235
121,13.4823
122,13.154
123,6.1767
124,11.6524
125,16.1956
126,6.5441
127,6.4888
128,14.6647
129,9.6223
130,8.1979
131,8.3224
132,14.3541
133,8.4652
134,13.0612
135,7.999
136,15.9096
137,7.893
138,16.7914
139,8.9183
140,12.3624
141,19.1358
142,12.5681
143,9.3161
144,18.8322
145,11.4573
146,17.5259
147,12.5787
148,8.6077
149,12.5822
150,7.7353
151,11.9886
152,8.178
153,9.1011
154,7.5683
155,6.1076
156,16.1112
157,8.0237
158,6.4352
159,9.5999
160,10.3115
161,8.1821
162,10.5496
163,17.8981
164,14.6278
165,7.095
166,10.7667
167,6.7974
168,11.5673
169,14.8939
170,8.1276
171,15.9286
172,6.3387
173,9.7393
174,9.92
175,17.8583
176,16.8153
177,6.3502
178,7.9375
179,8.1491
180,10.4514
181,16.5931
182,11.5013
183,13.7879
184,9.4235
185,8.5163
186,15.7712
187,12.8007
188,15.339
189,8.1599
190,12.63
191,9.597
192,9.9012
193,9.9941
194,7.2352
195,7.9515
196,12.2814
197,11.0736
198,14.2357
199,10.8745
200,10.9764
201,15.6315
202,15.0541
203,10.9313
204,12.883
205,9.1643
206,8.318
207,10.6834
208,17.8245
209,9.5467
210,13.5924
211,14.2745
212,6.6321
213,10.671
214,10.6301
215,9.5471
216,8.2029
217,7.1418
218,8.0829
219,11.2747
220,10.0151
221,14.1059
222,15.71
223,7.2169
224,9.7188
225,18.968
226,9.9489
227,18.1233
228,12.215
229,18.07
230,10.9679
231,8.2574
232,12.0629
233,7.044
234,12.9429
235,8.8402
236,17.8155
237,10.2132
238,12.5123
239,11.4263
240,6.4368
241,8.9572
242,12.9981
243,7.7368
244,21.8593
245,19.7005
246,17.7939
247,13.5712
248,16.9985
249,11.8536
250,13.5338
251,9.6127
252,8.7804
253,9.8056
254,11.399
255,14.8856
256,8.7391
257,14.3284
258,15.6924
259,7.5918
260,14.0907
261,15.8223
262,9.6676
263,9.11
264,10.7082
265,8.3447
266,15.3236
267,10.8871
268,15.6984
269,11.7597
270,11.0907
271,6.0
272,6.5409
273,14.3179
274,11.4649
275,15.3017
276,11.2298
277,11.189
278,11.8054
279,7.4286
280,15.4815
281,14.1169
282,10.0959
283,8.668
284,8.3966
285,8.0481
286,8.0224
287,11.6872
288,13.3136
289,10.9208
290,6.6805
291,8.0757
292,6.5833
293,9.0198
294,6.8777
295,14.9614
296,7.546
297,14.0119
298,7.7003
299,14.4131
300,9.3641
301,12.2475
302,8.1361
303,7.1326
304,14.0532
305,11.1957
306,10.3949
307,7.0169
308,7.195
309,10.391
310,9.4821
311,13.7658
312,6.743
313,15.1443
314,11.1137
315,9.4966
316,8.7759
317,11.7594
318,10.167
319,8.8631
320,14.2807
321,15.5983
322,14.9819
323,13.0781
324,16.3711
325,9.9714
326,13.0645
327,9.8056
328,7.8222
329,10.2645
330,9.6853
331,13.9619
332,12.2691
333,13.0861
334,8.8589
335,12.3905
336,8.5047
337,13.6699
338,14.3607
339,6.7352
340,6.3395
341,15.6833
342,9.0252
343,6.729
344,8.6184
345,14.258
346,9.2872
347,11.7779
348,9.6549
349,11.3629
350,11.0701
351,6.7566
352,17.9059
353,11.9772
354,16.5709
355,12.3905
356,12.172
357,13.1718
358,11.6276
359,17.9136
360,15.903
361,7.493
362,12.2317
363,15.3138
364,10.0143
365,7.4682
366,12.0585
367,7.8503
368,13.0602
369,10.818
370,6.5625
371,12.0041
372,13.021
373,11.7848
374,14.8941
375,17.8842
376,17.8799
377,14.7652
378,9.1501
379,13.3286
380,8.7377
381,16.9444
382,6.9359
383,9.1039
384,13.8966
385,18.0676
386,13.6789
387,12.94
388,13.1352
389,13.2138
390,9.3191
391,11.2089
392,8.9902
393,7.7508
394,7.5021
395,8.8785
396,14.4283
397,9.9202
398,11.5818
399,8.8788
400,10.315
401,10.9092
402,11.2695
403,9.5754
404,19.3953
405,7.6072
406,10.2321
407,12.8359
408,13.6768
409,15.8875
410,13.0523
411,12.3867
412,7.2244
413,9.9238
414,10.2027
415,6.7064
416,9.2004
417,10.2445
418,8.9246
419,14.7613
420,8.3271
421,13.5726
422,14.1894
423,7.9899
424,15.8314
425,6.3566
426,9.4418
427,15.4855
428,7.9384
429,9.9316
430,11.7326
431,8.3802
432,8.4641
433,7.3092
434,8.3018
435,12.8778
436,9.4632
437,8.0575
438,6.9892
439,13.3561
440,16.9115
441,16.6742
442,13.3136
443,9.4977
444,7.758
445,14.5511
446,14.0857
447,14.2899
448,9.3383
449,9.0888
450,19.5059
451,10.4831
452,13.907
453,10.971
454,12.3945
455,15.823
456,9.4192
457,13.5879
458,7.907
459,15.1569
460,12.222
461,9.2955
462,10.3059
463,11.0511
464,13.1358
465,13.0209
466,12.2073
467,10.3347
468,12.0703
469,11.1033
470,15.2049
471,7.0446
472,11.1001
473,12.8953
474,14.4681
475,9.7859
476,10.6402
477,13.7489
478,7.4554
479,16.1754
480,9.4184
481,14.8322
482,11.2249
483,7.7976
484,9.3372
485,11.3021
486,8.3609
487,10.564
488,7.511
489,12.3444
490,7.5059
491,10.7278
492,11.3308
493,6.0
494,11.2845
495,7.0963
496,18.5904
497,6.7348
498,7.0363
499,11.804
500,10.7286
501,6.7152
502,13.4379
503,9.6049
504,8.4658
505,9.8802
506,7.234
507,8.0687
508,10.2828
509,11.019
510,6.8119
511,10.187
512,12.9904
513,7.2179
514,14.5601
515,9.8346
516,15.3822
517,7.2978
518,11.2446
519,8.358
520,12.8453
521,16.9203
522,9.4802
523,7.0025
524,6.9841
525,9.9275
526,7.693
527,10.3191
528,6.9863
529,11.4744
530,9.5285
531,7.5237
532,17.7077
533,11.8207
534,10.932
535,10.7129
536,6.4844
537,12.3998
538,9.0026
539,7.4757
540,14.3403
541,7.8264
542,13.2006
543,14.9889
544,9.4803
545,7.9449
546,6.0
547,9.4544
548,15.8957
549,16.226
550,7.9262
551,8.9876
552,9.8435
553,13.7212
554,12.7227
555,12.8302
556,13.0609
557,12.9343
558,9.9449
559,10.393
560,8.0441
561,9.2461
562,11.2929
563,6.6318
564,9.1173
565,10.4011
566,8.2877
567,11.2379
568,11.2866
569,13.9731
570,11.5477
571,11.055
572,11.2858
573,14.0495
574,6.3135
575,12.6092
576,13.2103
577,13.8021
578,14.3461
579,13.5731
580,12.7162
581,10.5688
582,9.1858
583,6.9615
584,13.368
585,8.1492
586,6.5341
587,11.0858
588,6.3929
589,8.8248
590,10.58
591,7.4356
592,6.5852
593,8.3552
594,12.3548
595,10.3818
596,16.8316
597,8.7465
598,12.566
599,13.678
600,9.5691
601,9.845
602,16.1557
603,11.5756
604,13.3674
605,11.9878
606,14.7127
607,15.1044
608,14.0359
609,14.9694
610,11.9082
611,6.3083
612,7.4171
613,7.4189
614,7.3818
615,12.0099
616,7.4668
617,9.4482
618,6.3467
619,14.0871
620,8.1357
621,8.6956
622,12.1154
623,9.1766
624,14.7491
625,9.9132
626,9.2527
627,10.6903
628,8.1455
629,11.6414
630,12.8818
631,6.2328
632,8.7097
633,12.4515
634,8.3911
635,11.5477
636,18.1295
637,7.9442
638,10.8426
639,13.7777
640,6.5542
641,10.9268
642,13.973
643,11.4298
644,11.0505
645,9.0305
646,9.8791
647,14.0323
648,11.4049
649,9.4538
650,12.7109
651,6.2675
652,9.5641
653,12.1448
654,8.2706
655,15.6983
656,8.7152
657,12.635
658,9.5302
659,6.8821
660,8.5637
661,20.7623
662,6.3595
663,10.6815
664,16.1754
665,14.4159
666,8.3743
667,13.4541
668,9.9037
669,7.9064
670,12.9829
671,17.3811
672,12.2729
673,8.0084
674,13.3469
675,10.4228
676,9.2402
677,13.4715
678,11.6681
679,9.5944
680,11.8661
681,9.8067
682,12.132
683,7.3267
684,11.1125
685,8.2742
686,13.3684
687,6.6292
688,10.5642
689,9.7353
690,10.5922
691,13.4809
692,9.8635
693,6.2947
694,8.1245
695,11.9949
696,10.0337
697,11.7698
698,14.7313
699,12.9119
700,9.7022
701,11.166
702,13.0398
703,9.2598
704,9.8171
705,10.375
706,7.1447
707,7.8823
708,14.7116
709,11.1039
710,6.1326
711,17.6933
712,12.1925
713,7.2825
714,12.8951
715,7.348
716,6.8318
717,6.8917
718,7.3738
719,13.943
720,7.3001
721,10.4567
722,14.3801
723,13.2307
724,8.6126
725,15.877
726,9.1479
727,11.2497
728,9.1262
729,13.5975
730,14.002
731,6.2004
732,7.2046
733,7.8687
734,8.7544
735,8.1891
736,10.2764
737,12.8153
738,12.94
739,8.8096
740,9.9134
741,17.1361
742,9.6317
743,8.8296
744,16.1042
745,12.7126
746,8.3463
747,6.1336
748,9.1303
749,12.7902
750,10.2303
751,8.0012
752,11.5075
753,8.2586
754,10.3528
755,9.7906
756,12.1635
757,10.8712
758,14.6227
759,13.1419
760,6.5884
761,10.1882
762,12.6708
763,9.0093
764,14.2381
765,8.2969
766,11.7063
767,8.4885
768,10.1795
769,9.913
770,8.766
771,6.9653
772,10.7858
773,12.4207
774,14.0652
775,6.5816
776,9.6487
777,11.0495
778,6.0
779,13.4477
780,10.8536
781,14.2249
782,7.2002
783,11.9524
784,6.1539
785,7.7345
786,10.7934
787,7.5151
788,7.3642
789,8.0018
790,12.0874
791,10.4968
792,6.0
793,11.0073
794,12.217
795,7.1128
796,7.0643
797,10.7449
798,6.3311
799,7.0338
800,10.0618
801,10.955
802,12.3907
803,12.7538
804,12.2172
805,9.1112
806,13.9993
807,10.5781
808,12.1895
809,9.3934
810,13.3507
811,10.7454
812,8.552
813,13.1131
814,14.3887
815,14.4603
816,10.9541
817,9.0019
818,7.781
819,13.2816
820,14.2477
821,9.1091
822,9.2021
823,16.3016
824,7.9162
825,6.9574
826,9.3382
827,10.0074
828,9.8752
829,7.7767
830,11.2855
831,12.6596
832,11.459
833,11.4256
834,9.0619
835,12.3047
836,10.8952
837,11.3542
838,17.3252
839,9.3284
840,8.7012
841,9.7349
842,8.3092
843,8.4355
844,8.0711
845,13.1689
846,10.1811
847,7.3754
848,10.0393
849,8.0554
850,8.986
851,9.6017
852,8.0023
853,8.9299
854,11.5672
855,13.0507
856,13.6697
857,8.1727
858,14.0527
859,8.1146
860,10.1554
861,6.0
862,10.1281
863,11.1145
864,12.249
865,8.7095
866,10.7435
867,10.7307
868,11.6047
869,12.3821
870,7.014
871,15.3515
872,9.0954
873,6.3888
874,11.8114
875,8.0104
876,8.047
877,11.2316
878,8.9472
879,8.661
880,9.5767
881,11.9238
882,12.0081
883,9.5944
884,13.7087
885,16.4042
886,11.5443
887,8.1442
888,12.5579
889,15.6141
890,8.1447
891,9.0539
892,12.6647
893,11.9017
894,13.2661
895,16.1933
896,9.193
897,8.512
898,7.482
899,8.72
900,9.5289
901,11.1867
902,12.0423
903,7.8329
904,8.0653
905,11.338
906,11.3214
907,6.8975
908,8.1103
909,11.6767
910,14.4656
911,11.1077
912,9.1733
913,16.1822
914,11.9864
915,10.0122
916,8.2293
917,6.4667
918,9.1718
919,14.7677
920,7.5654
921,8.5038
922,10.57
923,9.26
924,6.2761
925,7.7421
926,7.482
927,6.5046
928,6.8733
929,7.0193
930,11.542
931,7.5188
932,7.5307
933,16.7377
934,8.784
935,10.9118
936,10.3932
937,9.8963
938,7.209
939,8.0507
940,9.8346
941,9.1784
942,8.7748
943,10.8266
944,7.5245
945,14.5633
946,12.5724
947,9.8102
948,9.8709
949,9.4225
950,12.7442
951,11.4098
952,6.501
953,15.0608
954,11.1377
955,11.7704
956,6.5807
957,8.5063
958,13.6957
959,13.3033
960,12.7542
961,9.5929
962,12.3836
963,10.9488
964,6.9601
965,14.9581
966,6.6841
967,6.6454
968,6.7498
969,8.766
970,9.8857
971,11.0646
972,14.7954
973,14.2122
974,12.923
975,9.9672
976,18.108
977,9.4114
978,13.3584
979,11.0582
980,12.5152
981,9.4572
982,12.9369
983,14.7125
984,7.4281
985,9.8429
986,8.3407
987,10.2412
988,13.4228
989,9.0769
990,15.1939
991,12.9685
992,8.1363
993,10.6241
994,9.9573
995,6.62
996,7.7113
997,14.5374
998,12.6149
999,9.9237
1000,6.1365
1001,17.1962
1002,11.4267
1003,12.3414
1004,12.8863
1005,13.6738
1006,16.8948
1007,12.5617
1008,7.305
1009,13.5237
1010,6.6393
1011,14.5055
1012,10.1455
1013,10.1543
1014,15.8933
1015,10.6891
1016,6.2564
1017,10.6192
1018,12.0036
1019,11.9513
1020,11.4561
1021,8.592
1022,11.1564
1023,10.0824
1024,10.8389
1025,9.8356
1026,7.1746
1027,7.7841
1028,17.1928
1029,7.0837
1030,9.99
1031,10.9592
1032,6.8312
1033,9.2683
1034,12.5848
1035,8.0001
1036,7.0862
1037,8.8185
1038,13.6144
1039,8.8101
1040,14.6087
1041,15.0663
1042,11.7488
1043,10.9879
1044,7.2258
1045,8.3258
1046,8.4821
1047,7.6951
1048,14.3553
1049,17.0218
1050,13.0338
1051,8.5754
1052,13.9806
1053,13.5682
1054,13.8783
1055,15.1442
1056,15.0306
1057,9.1033
1058,12.8708
1059,13.011
1060,12.9917
1061,15.5491
1062,12.942
1063,6.9769
1064,9.3189
1065,8.4214
1066,10.6097
1067,10.5724
1068,12.7376
1069,8.5663
1070,11.3253
1071,13.1306
1072,16.0155
1073,14.6836
1074,11.1173
1075,7.1486
1076,14.0271
1077,9.9371
1078,7.3993
1079,11.2039
1080,16.8733
1081,14.0321
1082,8.7647
1083,13.9661
1084,11.2983
1085,14.2254
1086,8.887
1087,12.9125
1088,9.6027
1089,14.5905
1090,12.8115
1091,13.7485
1092,7.4903
1093,7.0052
1094,7.0074
1095,13.9796
1096,10.2272
1097,9.4702
1098,6.7944
1099,14.3355
1100,17.1982
1101,15.3122
1102,9.2624
1103,14.6593
1104,10.179
1105,7.2001
1106,15.6152
1107,9.9971
1108,14.0708
1109,12.1037
1110,15.1451
1111,17.9249
1112,12.9825
1113,11.7693
1114,18.4356
1115,14.977
1116,10.6229
1117,14.3845
1118,12.2634
1119,16.4689
1120,14.8981
1121,8.5657
1122,6.7238
1123,11.3428
1124,12.6668
1125,6.9875
1126,14.8441
1127,17.6041
1128,11.5427
1129,13.9752
1130,14.7105
1131,15.254
1132,6.7395
1133,15.2581
1134,16.7943
1135,7.7064
1136,13.8701
1137,11.0702
1138,14.3655
1139,10.8181
1140,15.0191
1141,17.4004
1142,11.1956
1143,9.4624
1144,8.5864
1145,18.6699
1146,12.7182
1147,12.3635
1148,14.7558
1149,13.2209
1150,12.2856
1151,6.4615
1152,16.2893
1153,9.4294
1154,9.6706
1155,14.3841
1156,8.1231
1157,7.7736
1158,6.3766
1159,12.6142
1160,12.7961
1161,9.8667
1162,6.887
1163,6.6382
1164,6.9758
1165,10.9218
1166,11.7782
1167,21.8569
1168,12.1031
1169,11.9466
1170,10.4451
1171,9.8218
1172,13.1315
1173,7.2738
1174,6.432
1175,14.1897
1176,16.0667
1177,13.2136
1178,6.5194
1179,7.1032
1180,12.7137
1181,10.7904
1182,9.8336
1183,8.5026
1184,8.5851
1185,14.7828
1186,8.7732
1187,12.0128
1188,14.8247
1189,14.6047
1190,15.4504
1191,12.1961
1192,8.4178
1193,6.4735
1194,10.4337
1195,9.0768
1196,11.4035
1197,10.89
1198,16.4237
1199,9.5312
1200,10.8458
1201,8.4796
1202,15.1739
1203,14.3604
1204,12.6528
1205,10.8222
1206,12.8184
1207,6.4447
1208,15.5915
1209,11.6186
1210,10.2575
1211,12.8664
1212,10.0456
1213,15.0335
1214,8.8978
1215,7.433
1216,8.8146
1217,17.1209
1218,9.581
1219,8.4312
1220,9.8922
1221,17.2924
1222,17.1025
1223,8.2466
1224,8.7733
1225,9.5772
1226,13.7818
1227,11.3836
1228,13.8441
1229,9.2035
1230,13.1686
1231,18.0096
1232,7.2868
1233,13.1282
1234,8.453
1235,15.5452
1236,11.1707
1237,8.8927
1238,11.4568
1239,6.0
1240,8.6502
1241,6.6014
1242,10.985
1243,14.6812
1244,15.1338
1245,16.0335
1246,18.2975
1247,13.3978
1248,6.9369
1249,6.6169
1250,13.4247
1251,10.8717
1252,15.6401
1253,6.4332
1254,13.9972
1255,12.5416
1256,11.624
1257,9.5275
1258,14.0258
1259,7.4716
1260,8.3295
1261,9.0507
1262,11.7341
1263,12.9449
1264,13.2023
1265,9.7627
1266,13.4681
1267,15.4086
1268,18.7529
1269,12.0049
1270,11.2027
1271,10.2473
1272,11.0284
1273,16.3385
1274,7.5778
1275,16.6149
1276,14.9858
1277,7.6056
1278,14.5636
1279,12.668
1280,10.9452
1281,8.3802
1282,13.5219
1283,16.3471
1284,6.1697
1285,8.84
1286,6.1456
1287,9.8181
1288,8.7897
1289,7.3882
1290,11.8578
1291,13.7515
1292,17.1227
1293,6.6861
1294,14.1048
1295,16.7276
1296,14.8533
1297,6.6106
1298,12.3394
1299,13.6053
1300,17.4105
1301,7.6806
1302,11.2334
1303,12.3815
1304,10.5032
1305,11.1633
1306,13.0064
1307,9.3311
1308,9.7573
1309,10.3068
1310,15.5822
1311,9.5713
1312,9.8226
1313,6.3435
1314,7.6823
1315,11.0901
1316,13.835
1317,8.5013
1318,10.1254
1319,11.8749
1320,14.3092
1321,16.068
1322,10.8698
1323,7.569
1324,19.5286
1325,12.3414
1326,9.6358
1327,14.3908
1328,14.2762
1329,12.0437
1330,13.5297
1331,7.4255
1332,10.7019
1333,11.6727
1334,13.1826
1335,13.2662
1336,11.9255
1337,9.0445
1338,8.7391
1339,12.8026
1340,12.2675
1341,17.2421
1342,11.1146
1343,10.178
1344,8.7584
1345,13.723
1346,11.7398
1347,9.2621
1348,9.8374
1349,11.5915
1350,6.3352
1351,13.7984
1352,9.7522
1353,9.2992
1354,13.8808
1355,11.9536
1356,14.276
1357,6.841
1358,12.948
1359,16.4249
1360,11.4577
1361,10.2022
1362,11.9751
1363,13.0362
1364,7.8175
1365,15.2865
1366,9.4156
1367,14.4894
1368,9.1282
1369,16.6008
1370,16.4298
1371,13.5308
1372,11.1655
1373,9.8606
1374,12.3513
1375,7.5999
1376,13.0378
1377,18.386
1378,17.5388
1379,11.4979
1380,15.7419
1381,9.9144
1382,12.8425
1383,17.2746
1384,11.8768
1385,12.4685
1386,13.7026
1387,19.9217
1388,10.4576
1389,11.5569
1390,9.112
1391,16.1962
1392,13.6383
1393,10.1565
1394,9.2531
1395,16.3337
1396,19.3056
1397,11.8253
1398,11.4422
1399,18.8638
1400,10.8317
1401,9.8051
1402,16.4439
1403,12.2212
1404,11.5697
1405,14.6595
1406,6.4437
1407,12.3635
1408,17.0078
1409,9.2103
1410,16.6034
1411,12.0543
1412,11.8722
1413,13.7218
1414,12.3591
1415,12.694
1416,13.2271
1417,13.9989
1418,7.7025
1419,8.6663
1420,15.544
1421,11.0005
1422,14.0652
1423,19.9205
1424,6.6542
1425,16.1631
1426,12.1744
1427,9.3041
1428,20.2586
1429,16.9469
1430,11.7509
1431,16.3144
1432,10.0804
1433,10.7303
1434,6.6401
1435,19.3051
1436,9.2777
1437,13.1777
1438,16.1762
1439,13.8497
1440,10.5163
1441,6.0
1442,8.7824
1443,9.9455
1444,7.4346
1445,13.2466
1446,12.9179
1447,6.3014
1448,14.4661
1449,7.9561
1450,13.7824
1451,11.929
1452,14.3869
1453,13.0154
1454,14.6854
1455,11.5386
1456,14.742
1457,11.0523
1458,15.1848
1459,7.9699
1460,13.1524
1461,15.4923
1462,13.5203
1463,15.8442
1464,15.7335
1465,13.6976
1466,14.1252
1467,8.8843
1468,15.4109
1469,8.8719
1470,15.9969
1471,6.8087
1472,18.078
1473,9.6307
1474,11.4882
1475,12.8641
1476,14.0343
1477,15.0002
1478,8.1438
1479,10.962
1480,10.1638
1481,15.935
1482,13.3136
1483,14.7679
1484,8.936
1485,10.9015
1486,10.2215
1487,20.7231
1488,12.8547
1489,13.3598
1490,11.4404
1491,14.2125
1492,14.1652
1493,12.9628
1494,11.0206
1495,9.4672
1496,9.5883
1497,13.2686
1498,15.9185
1499,15.5778
1500,16.8851
1501,9.8537
1502,11.4336
1503,12.3141
1504,11.9
1505,16.0197
1506,15.2352
1507,11.0715
1508,10.2751
1509,10.6987
1510,8.3968
1511,12.3359
1512,9.3664
1513,15.393
1514,15.1093
1515,15.0297
1516,15.9843
1517,15.1612
1518,13.0433
1519,14.0146
1520,12.8663
1521,15.6118
1522,11.3793
1523,13.564
1524,8.8949
1525,14.2105
1526,9.2708
1527,13.993
1528,12.535
1529,11.4035
1530,8.7864
1531,15.4035
1532,7.2763
1533,10.4832
1534,9.7667
1535,14.3518
1536,9.4955
1537,9.1359
1538,16.7209
1539,11.3545
1540,15.8043
1541,12.2732
1542,15.4773
1543,11.8929
1544,13.1873
1545,10.5495
1546,11.5477
1547,7.2814
1548,16.2735
1549,9.3243
1550,11.2671
1551,9.3477
1552,12.0674
1553,13.1359
1554,20.8198
1555,8.8447
1556,9.038
1557,13.4338
1558,7.3254
1559,14.5504
1560,9.9937
1561,10.3493
1562,13.0037
1563,12.4668
1564,10.3504
1565,14.1693
1566,8.0085
1567,9.8074
1568,10.4315
1569,12.1496
1570,13.7595
1571,12.624
1572,13.2112
1573,10.0812
1574,11.5611
1575,6.0
1576,8.4833
1577,14.295
1578,9.4644
1579,12.5713
1580,7.4294
1581,16.4248
1582,11.7511
1583,7.5115
1584,17.8809
1585,6.7167
1586,10.5564
1587,18.8797
1588,14.5174
1589,15.081
1590,16.9552
1591,10.2738
1592,17.5486
1593,7.8447
1594,13.341
1595,11.7841
1596,9.4593
1597,10.3667
1598,9.0316
1599,12.096
1600,17.1116
1601,7.1836
1602,13.0485
1603,20.1053
1604,10.5426
1605,9.8686
1606,18.1955
1607,9.864
1608,9.5181
1609,8.9368
1610,15.1714
1611,6.6597
1612,13.6127
1613,10.0403
1614,10.0102
1615,13.4768
1616,8.4234
1617,9.5491
1618,11.9016
1619,7.5818
1620,6.766
1621,7.2741
1622,9.3312
1623,14.2405
1624,16.7616
1625,6.0
1626,11.2974
1627,9.986
1628,15.169
1629,9.5433
1630,17.0049
1631,13.0394
1632,13.0665
1633,6.0
1634,6.6751
1635,11.4863
1636,7.5136
1637,9.3209
1638,7.3923
1639,13.8926
1640,17.9047
1641,9.6362
1642,10.1763
1643,6.745
1644,13.8786
1645,9.4236
1646,10.2486
1647,12.9587
1648,14.203
1649,19.023
1650,11.6525
1651,7.2237
1652,11.657
1653,6.4531
1654,11.5214
1655,14.6439
1656,9.9916
1657,7.1723
1658,10.8861
1659,8.9472
1660,13.873
1661,7.7412
1662,9.4262
1663,18.2775
1664,11.4704
1665,9.4711
1666,14.0683
1667,14.2949
1668,16.309
1669,9.9217
1670,11.9443
1671,8.484
1672,9.1483
1673,7.7831
1674,11.2099
1675,8.2528
1676,8.8215
1677,9.4168
1678,8.1073
1679,7.4914
1680,12.9535
1681,7.8861
1682,10.1657
1683,12.8167
1684,14.6774
1685,12.5331
1686,12.2052
1687,6.1233
1688,11.3242
1689,10.0801
1690,18.8876
1691,13.4449
1692,11.0584
1693,13.6822
1694,19.8508
1695,12.1747
1696,7.7996
1697,17.8881
1698,9.2613
1699,11.1701
1700,7.9072
1701,10.9583
1702,9.4287
1703,13.2795
1704,15.7165
1705,15.0046
1706,14.2739
1707,14.3756
1708,12.3472
1709,7.6361
1710,9.0562
1711,15.0363
1712,8.6384
1713,9.638
1714,9.2863
1715,13.1181
1716,14.2905
1717,14.7919
1718,10.8332
1719,8.6267
1720,18.5368
1721,11.2467
1722,11.0219
1723,11.7995
1724,8.8117
1725,18.6148
1726,14.6373
1727,10.5583
1728,19.4665
1729,11.3741
1730,8.0194
1731,9.437
1732,17.1051
1733,15.466
1734,10.6697
1735,10.207
1736,11.6683
1737,11.6049
1738,17.2311
1739,10.0988
1740,8.9312
1741,16.7452
1742,6.0163
1743,10.4226
1744,10.2957
1745,18.5703
1746,12.1587
1747,6.7127
1748,10.2667
1749,9.9632
1750,17.3044
1751,10.9577
1752,7.7122
1753,19.4062
1754,11.2782
1755,19.9806
1756,14.7567
1757,10.7648
1758,12.5601
1759,12.7307
1760,12.1454
1761,11.1769
1762,12.7778
1763,7.5392
1764,16.2733
1765,9.4875
1766,16.7835
1767,7.0021
1768,15.618
1769,13.2667
1770,18.7889
1771,15.3842
1772,7.6203
1773,10.9201
1774,8.4974
1775,13.838
1776,9.7808
1777,12.759
1778,8.772
1779,13.9793
1780,10.6373
1781,6.3915
1782,6.5609
1783,10.256
1784,14.0077
1785,7.6629
1786,7.712
1787,10.3638
1788,11.8258
1789,12.4228
1790,8.201
1791,11.311
1792,13.5082
1793,13.2044
1794,15.7195
1795,8.601
1796,6.2317
1797,10.1989
1798,8.437
1799,11.5661
1800,12.7834
1801,15.2612
1802,15.2865
1803,7.2924
1804,9.4396
1805,14.806
1806,6.5724
1807,12.1526
1808,13.4817
1809,12.064
1810,8.2321
1811,10.6102
1812,8.0174
1813,6.8441
1814,16.2002
1815,14.5194
1816,16.2502
1817,12.7059
1818,11.3119
1819,18.232
1820,14.7025
1821,12.7325
1822,8.7982
1823,12.3504
1824,15.7704
1825,11.4259
1826,13.2257
1827,11.7273
1828,12.3442
1829,9.6087
1830,10.0934
1831,12.8314
1832,7.3309
1833,10.1933
1834,7.7474
1835,7.4611
1836,6.6475
1837,9.2767
1838,8.3178
1839,8.0666
1840,16.7236
1841,9.112
1842,11.5141
1843,16.2342
1844,13.6774
1845,9.0424
1846,13.5126
1847,6.4175
1848,9.0614
1849,13.5983
1850,8.5226
1851,8.2167
1852,6.0
1853,13.5464
1854,13.0311
1855,18.3155
1856,9.8767
1857,9.4993
1858,9.4238
1859,6.0
1860,8.8327
1861,11.2725
1862,13.8727
1863,10.5054
1864,18.108
1865,11.1277
1866,10.8281
1867,10.5046
1868,15.3942
1869,15.4721
1870,11.2302
1871,10.5237
1872,10.2556
1873,6.5598
1874,11.0297
1875,9.1591
1876,16.7066
1877,8.6453
1878,8.5212
1879,6.0707
1880,7.9729
1881,6.5674
1882,13.1114
1883,13.3464
1884,12.7207
1885,16.0629
1886,8.6015
1887,19.9323
1888,10.3415
1889,8.4065
1890,12.4418
1891,12.1183
1892,11.1345
1893,19.9701
1894,8.9018
1895,8.6079
1896,11.0608
1897,13.0605
1898,19.524
1899,11.6205
1900,10.6929
1901,13.1088
1902,8.3278
1903,8.6486
1904,12.4123
1905,11.493
1906,15.2783
1907,14.7292
1908,11.04
1909,8.8861
1910,12.568
1911,10.3378
1912,19.4094
1913,15.9776
1914,13.0843
1915,11.9082
1916,10.8973
1917,7.4638
1918,14.5887
1919,12.0603
1920,10.2796
1921,8.6099
1922,8.0483
1923,10.4933
1924,13.0472
1925,10.516
1926,12.221
1927,6.5497
1928,12.1871
1929,7.5551
1930,8.2389
1931,11.2613
1932,7.2599
1933,16.6841
1934,13.8411
1935,15.7322
1936,13.9395
1937,14.4511
1938,15.0981
1939,11.2136
1940,14.3233
1941,10.9234
1942,9.7271
1943,10.2701
1944,10.4018
1945,6.1877
1946,12.8303
1947,12.1946
1948,9.3357
1949,6.1539
1950,8.3529
1951,13.4904
1952,9.8136
1953,13.3426
1954,8.4983
1955,8.1138
1956,9.717
1957,9.7414
1958,11.1195
1959,11.4116
1960,7.5782
1961,9.5566
1962,11.4761
1963,19.1101
1964,7.5306
1965,12.3136
1966,9.921
1967,14.2774
1968,11.4874
1969,6.3357
1970,7.7772
1971,12.0703
1972,15.2789
1973,13.9238
1974,12.4168
1975,11.0454
1976,10.7104
1977,11.4148
1978,12.3782
1979,10.7673
1980,13.7512
1981,11.7664
1982,13.2707
1983,8.8498
1984,13.7013
1985,7.3356
1986,7.0945
1987,11.8421
1988,8.0348
1989,10.8831
1990,13.0682
1991,8.2307
1992,11.396
1993,11.4783
1994,8.7177
1995,16.6435
1996,10.7149
1997,11.2573
1998,9.9038
1999,12.5952
2000,14.3749
2001,17.0871
2002,9.5194
2003,10.7805
2004,14.2388
2005,7.5628
2006,9.5712
2007,10.1587
2008,17.4103
2009,18.7985
2010,10.0472
2011,18.1967
2012,9.1796
2013,11.8619
2014,7.7871
2015,12.5155
2016,16.3129
2017,6.6768
2018,12.5638
2019,8.7033
2020,10.3862
2021,6.6082
2022,9.809
2023,17.5539
2024,12.2229
2025,11.6683
2026,12.9856
2027,12.8911
2028,15.2584
2029,12.6532
2030,9.9769
2031,12.2095
2032,13.7908
2033,9.3363
2034,16.8556
2035,15.1806
2036,10.5179
2037,16.6463
2038,8.3166
2039,14.9315
2040,12.878
2041,11.559
2042,14.1787
2043,14.8598
2044,15.9254
2045,11.8037
2046,7.3681
2047,9.068
2048,7.7248
2049,11.6902
2050,11.0473
2051,16.8591
2052,15.4124
2053,17.4632
2054,14.9279
2055,20.2186
2056,15.9154
2057,15.5599
2058,6.6779
2059,18.0939
2060,6.1041
2061,10.7947
2062,12.7028
2063,13.3724
2064,10.6272
2065,6.2936
2066,13.4795
2067,11.2399
2068,19.3857
2069,8.8332
2070,10.7709
2071,8.719
2072,10.937
2073,14.8388
2074,16.1891
2075,6.0844
2076,11.3178
2077,14.1987
2078,17.0771
2079,16.9899
2080,17.7041
2081,13.9733
2082,13.7574
2083,15.1071
2084,9.3266
2085,12.0618
2086,13.0627
2087,8.931
2088,8.3053
2089,15.1511
2090,7.2643
2091,12.3976
2092,12.167
2093,12.6585
2094,9.2376
2095,12.3809
2096,14.9098
2097,17.44
2098,16.2586
2099,6.0
2100,19.3462
2101,13.6849
2102,10.8929
2103,13.8153
2104,11.4789
2105,13.2632
2106,14.689
2107,20.0192
2108,16.836
2109,18.4404
2110,9.3237
2111,8.5553
2112,15.1537
2113,14.0804
2114,12.8278
2115,10.1091
2116,8.2386
2117,16.9734
2118,12.0342
2119,6.6985
2120,12.2219
2121,8.0931
2122,14.1209
2123,17.623
2124,16.1575
2125,17.5725
2126,14.5482
2127,6.3682
2128,13.7555
2129,12.6892
2130,8.5153
2131,8.0212
2132,12.6255
2133,13.7584
2134,6.3125
2135,6.5788
2136,11.471
2137,6.0
2138,8.8368
2139,9.3614
2140,14.5177
2141,13.5891
2142,6.8118
2143,12.852
2144,14.3761
2145,10.9166
2146,10.3595
2147,15.0568
2148,12.1207
2149,7.7513
2150,10.8543
2151,14.4985
2152,6.0
2153,7.7429
2154,6.2296
2155,15.4229
2156,7.1511
2157,13.9225
2158,7.9963
2159,7.8635
2160,12.2418
2161,7.3023
2162,15.3819
2163,7.7555
2164,10.819
2165,14.6037
2166,11.656
2167,8.3488
2168,18.5887
2169,13.3226
2170,10.4978
2171,16.9019
2172,9.2325
2173,12.0319
2174,14.5407
2175,8.8086
2176,9.5814
2177,10.3559
2178,11.509
2179,7.8286
2180,17.0348
2181,8.5778
2182,18.7098
2183,13.3687
2184,12.9154
2185,15.6389
2186,6.5062
2187,15.9608
2188,8.67
2189,8.1754
2190,10.5811
2191,8.873
2192,13.8146
2193,11.0287
2194,12.4845
2195,16.0321
2196,12.9084
2197,7.4889
2198,9.2615
2199,12.3139
2200,6.7489
2201,17.4119
2202,13.6874
2203,11.2986
2204,7.9835
2205,15.7004
2206,11.8996
2207,16.919
2208,9.0133
2209,9.4862
2210,9.0821
2211,7.3236
2212,9.0873
2213,8.3457
2214,12.8286
2215,11.3912
2216,9.1478
2217,12.8065
2218,11.821
2219,15.1478
2220,11.7525
2221,8.9254
2222,8.2444
2223,14.0062
2224,8.6918
2225,6.7143
2226,6.0
2227,15.4131
2228,19.3002
2229,15.8045
2230,7.7059
2231,7.8004
2232,9.7442
2233,17.2522
2234,6.4829
2235,17.0904
2236,7.9863
2237,15.3092
2238,13.1031
2239,7.4832
2240,9.7744
2241,14.821
2242,13.219
2243,10.5611
2244,17.7487
2245,19.4201
2246,8.5581
2247,14.2199
2248,15.8199
2249,19.4546
2250,14.0024
2251,11.7186
2252,14.5992
2253,9.6674
2254,8.6878
2255,14.9234
2256,14.1253
2257,18.5261
2258,8.9173
2259,16.3092
2260,15.3431
2261,8.9909
2262,14.9602
2263,12.8112
2264,17.2247
2265,6.362
2266,16.2156
2267,13.1307
2268,15.6707
2269,11.5118
2270,15.9807
2271,13.5347
2272,9.441
2273,17.9487
2274,16.3131
2275,16.5125
2276,11.848
2277,10.6628
2278,12.7576
2279,14.1115
2280,12.0143
2281,9.3761
2282,11.8159
2283,12.8754
2284,12.5142
2285,8.1836
2286,11.9783
2287,17.9683
2288,11.6002
2289,12.8921
2290,13.6122
2291,7.3856
2292,10.5825
2293,11.4941
2294,10.623
2295,10.4453
2296,12.3682
2297,13.6572
2298,14.5612
2299,9.1139
2300,13.3144
2301,7.022
2302,12.3556
2303,12.8935
2304,7.7384
2305,10.4819
2306,12.5482
2307,16.5439
2308,10.3998
2309,8.579
2310,10.9685
2311,14.1026
2312,8.3576
2313,10.5007
2314,14.5321
2315,14.4747
2316,13.1339
2317,13.4956
2318,11.7305
2319,18.7209
2320,13.8535
2321,13.6269
2322,7.9813
2323,12.4
2324,13.4104
2325,13.6522
2326,10.3817
2327,12.6214
2328,14.4078
2329,12.9337
2330,15.0108
2331,11.3795
2332,12.3105
2333,11.8373
2334,11.1872
2335,10.2039
2336,14.5684
2337,14.3755
2338,15.1736
2339,13.6324
2340,9.2141
2341,11.4577
2342,10.4549
2343,11.7811
2344,11.8693
2345,13.1045
2346,8.8879
2347,10.8517
2348,8.7196
2349,14.4756
2350,13.9799
2351,10.754
2352,10.2783
2353,16.7091
2354,14.7256
2355,15.6576
2356,13.5137
2357,9.3682
2358,14.0958
2359,8.7831
2360,8.7847
2361,9.102
2362,7.4844
2363,12.5042
2364,14.2835
2365,8.1576
2366,14.7793
2367,12.756
2368,9.8638
2369,16.3677
2370,9.8937
2371,10.5095
2372,17.2175
2373,11.7253
2374,11.6886
2375,6.5003
2376,20.3677
2377,11.9197
2378,15.0572
2379,7.1201
2380,7.3606
2381,11.7706
2382,8.2996
2383,13.6545
2384,16.3443
2385,11.2061
2386,12.7511
2387,10.4471
2388,12.3132
2389,13.0011
2390,18.9912
2391,16.5404
2392,7.0391
2393,17.4511
2394,13.2359
2395,9.9474
2396,10.2853
2397,11.3439
2398,18.0663
2399,11.0248
2400,10.4118
2401,9.4788
2402,18.1775
2403,15.3358
2404,6.6598
2405,14.947
2406,21.0282
2407,13.8912
2408,13.1284
2409,6.34
2410,16.8154
2411,7.3802
2412,11.3903
2413,7.5891
2414,8.3017
2415,13.6702
2416,16.0717
2417,13.804
2418,10.4549
2419,12.016
2420,14.3916
2421,15.2378
2422,16.9076
2423,6.6188
2424,7.7748
2425,9.5551
2426,13.05
2427,10.8315
2428,10.8082
2429,15.3289
2430,9.3226
2431,17.3786
2432,13.5855
2433,20.6033
2434,13.4468
2435,8.2474
2436,15.7626
2437,8.562
2438,10.8343
2439,17.3702
2440,10.277
2441,7.1752
2442,11.9985
2443,9.8811
2444,12.8549
2445,13.7046
2446,7.1212
2447,14.7751
2448,6.3361
2449,15.7014
2450,11.0202
2451,15.2017
2452,11.6571
2453,13.1914
2454,10.9202
2455,6.8968
2456,12.3569
2457,13.8065
2458,13.4949
2459,15.5417
2460,15.225
2461,16.1265
2462,11.8711
2463,10.7703
2464,15.4197
2465,9.8748
2466,13.8283
2467,13.6318
2468,9.8411
2469,10.8108
2470,17.0409
2471,7.0441
2472,13.7294
2473,13.9298
2474,10.3263
2475,13.4428
2476,7.3028
2477,11.201
2478,10.4335
2479,12.6686
2480,13.7189
2481,17.3439
2482,10.7701
2483,15.7092
2484,9.3813
2485,17.3534
2486,14.4147
2487,13.0471
2488,13.493
2489,11.8335
2490,8.3367
2491,10.4514
2492,7.9518
2493,7.5747
2494,12.0145
2495,9.6021
2496,12.5846
2497,13.048
2498,9.6195
2499,10.9361
2500,15.2406
2501,13.7463
2502,17.294
2503,13.8956
2504,9.0716
2505,9.8635
2506,12.8877
2507,10.741
2508,11.8376
2509,14.0556
2510,15.6411
2511,9.192
2512,12.4561
2513,8.3346
2514,9.9284
2515,9.4452
2516,18.9733
2517,12.8247
2518,19.8799
2519,17.9965
2520,11.2489
2521,15.0957
2522,14.9055
2523,13.1325
2524,7.5473
2525,8.5631
2526,13.8807
2527,10.0241
2528,15.291
2529,10.335
2530,11.8553
2531,6.6966
2532,12.6063
2533,10.8102
2534,13.4976
2535,12.6569
2536,9.4539
2537,7.6107
2538,11.5111
2539,11.9683
2540,10.9824
2541,10.8952
2542,12.7268
2543,13.2726
2544,8.8954
2545,12.6255
2546,12.9427
2547,7.2122
2548,12.4112
2549,15.4
2550,10.8958
2551,17.2105
2552,12.1416
2553,15.3268
2554,6.8678
2555,9.6778
2556,9.3693
2557,15.8392
2558,10.2796
2559,13.7024
2560,8.918
2561,7.9049
2562,6.287
2563,9.6907
2564,13.8052
2565,6.4023
2566,9.7954
2567,15.4592
2568,10.1457
2569,7.4855
2570,15.1559
2571,15.9566
2572,9.5991
2573,9.0679
2574,12.4828
2575,10.5837
2576,7.1663
2577,13.2366
2578,12.3042
2579,10.3063
2580,7.983
2581,11.5964
2582,12.1173
2583,10.0683
2584,12.0382
2585,19.0206
2586,7.91
2587,15.2999
2588,6.7069
2589,16.0392
2590,10.2792
2591,8.0529
2592,13.6873
2593,13.1996
2594,7.2716
2595,15.3256
2596,12.915
2597,12.0204
2598,12.3638
2599,18.2062
2600,13.6721
2601,9.7357
2602,10.116
2603,11.1482
2604,12.1981
2605,10.5649
2606,12.2098
2607,12.0733
2608,13.2403
2609,10.574
2610,15.3505
2611,11.7571
2612,15.2842
2613,16.7119
2614,15.0052
2615,10.6544
2616,6.3296
2617,12.1007
2618,9.6067
2619,14.5702
2620,16.2293
2621,14.5967
2622,12.3506
2623,14.472
2624,10.269
2625,12.6742
2626,20.5571
2627,15.3813
2628,6.0765
2629,14.6947
2630,9.5992
2631,8.6079
2632,8.5775
2633,12.9061
2634,15.3179
2635,7.9578
2636,15.7457
2637,9.7556
2638,8.2467
2639,6.0
2640,14.0769
2641,13.1276
2642,9.3639
2643,15.1814
2644,10.8755
2645,16.2001
2646,13.7312
2647,13.4677
2648,12.1869
2649,13.6744
2650,8.1725
2651,12.2161
2652,19.6932
2653,8.4774
2654,11.8926
2655,11.7983
2656,8.2083
2657,15.1794
2658,9.2743
2659,8.7571
2660,15.2486
2661,6.4688
2662,11.0966
2663,7.1157
2664,9.9627
2665,11.2536
2666,7.446
2667,16.3037
2668,12.261
2669,12.8934
2670,8.5193
2671,11.5888
2672,16.8259
2673,17.2092
2674,10.317
2675,16.1599
2676,9.8292
2677,13.0165
2678,13.8705
2679,14.6248
2680,13.9174
2681,11.8695
2682,10.5766
2683,15.0989
2684,9.2018
2685,6.8559
2686,12.791
2687,6.8654
2688,10.7163
2689,6.0765
2690,13.7071
2691,7.4636
2692,9.5943
2693,10.6189
2694,12.0075
2695,12.9042
2696,10.5052
2697,17.479
2698,15.076
2699,13.2463
2700,15.0864
2701,18.7988
2702,12.2234
2703,10.2866
2704,10.1277
2705,11.3655
2706,7.5
2707,13.3349
2708,7.7935
2709,14.2161
2710,10.3117
2711,12.1951
2712,9.8055
2713,7.3135
2714,16.6916
2715,10.5126
2716,11.191
2717,8.8221
2718,10.9358
2719,9.8181
2720,10.0663
2721,13.7897
2722,14.3414
2723,17.8718
2724,16.9405
2725,13.4503
2726,15.5512
2727,6.0329
2728,13.6081
2729,16.6193
2730,10.1721
2731,17.5406
2732,12.9361
2733,14.6647
2734,11.7851
2735,14.2325
2736,9.9504
2737,16.4354
2738,9.0575
2739,9.3854
2740,10.0113
2741,7.212
2742,15.5141
2743,7.4767
2744,8.4669
2745,12.9887
2746,12.3982
2747,6.6412
2748,7.0914
2749,12.9558
2750,13.1605
2751,15.9627
2752,11.6408
2753,8.596
2754,13.2094
2755,11.9299
2756,12.0233
2757,8.3558
2758,6.9983
2759,6.7154
2760,14.7539
2761,18.1186
2762,8.3563
2763,12.2945
2764,7.789
2765,15.2148
2766,9.1018
2767,9.0365
2768,16.6006
2769,19.0754
2770,12.4079
2771,6.0
2772,13.1482
2773,13.2188
2774,6.2765
2775,14.1553
2776,15.012
2777,15.2689
2778,9.4358
2779,11.9159
2780,7.6605
2781,7.7071
2782,15.7401
2783,13.0829
2784,9.4036
2785,13.4806
2786,16.3354
2787,9.4203
2788,14.1242
2789,13.9635
2790,7.392
2791,20.2387
2792,9.6322
2793,9.8499
2794,18.2074
2795,7.4087
2796,12.9334
2797,11.1612
2798,10.2243
2799,6.1017
2800,14.4547
2801,12.1059
2802,10.897
2803,11.6849
2804,7.3396
2805,15.6208
2806,13.1134
2807,11.0472
2808,16.8786
2809,9.1311
2810,9.067
2811,9.8209
2812,18.6955
2813,18.0457
2814,8.0382
2815,15.0334
2816,16.1969
2817,12.8072
2818,15.2983
2819,10.03
2820,8.9731
2821,12.5354
2822,13.9281
2823,11.2532
2824,10.1406
2825,10.3449
2826,11.9888
2827,10.0043
2828,11.8917
2829,11.2637
2830,15.6905
2831,10.5355
2832,13.2551
2833,13.2762
2834,14.6527
2835,9.7953
2836,14.4046
2837,7.2259
2838,12.9069
2839,6.2806
2840,10.7307
2841,15.7377
2842,14.6047
2843,18.2248
2844,10.2345
2845,16.2887
2846,19.4266
2847,12.2005
2848,7.3518
2849,6.617
2850,15.0037
2851,7.8918
2852,12.1754
2853,14.8345
2854,12.6351
2855,15.075
2856,7.3521
2857,12.0542
2858,13.5582
2859,7.5248
2860,17.1934
2861,16.5905
2862,14.3394
2863,12.7332
2864,12.488
2865,6.4486
2866,12.8697
2867,11.5101
2868,12.6807
2869,9.5815
2870,9.0413
2871,11.6881
2872,12.2199
2873,9.2396
2874,13.8618
2875,7.2933
2876,11.3948
2877,8.8824
2878,8.0026
2879,14.4281
2880,9.6138
2881,18.6618
2882,18.6037
2883,16.6427
2884,10.7922
2885,14.0605
2886,20.1255
2887,14.2656
2888,11.8713
2889,20.5831
2890,13.1008
2891,11.3227
2892,8.0058
2893,10.0203
2894,19.7294
2895,8.3434
2896,13.9071
2897,13.6551
2898,16.3247
2899,12.7641
2900,11.2468
2901,9.8322
2902,13.6719
2903,10.3149
2904,15.5442
2905,11.435
2906,10.4641
2907,10.9739
2908,12.2984
2909,18.5808
2910,6.7227
2911,19.6277
2912,7.5615
2913,13.5894
2914,15.3847
2915,12.4566
2916,10.2422
2917,14.7206
2918,9.2929
2919,12.4752
2920,11.4859
2921,10.6198
2922,17.6608
2923,9.0148
2924,15.744
2925,7.7147
2926,9.0678
2927,13.3741
2928,15.9642
2929,12.4374
2930,9.3167
2931,14.2543
2932,13.4058
2933,10.5998
2934,12.8931
2935,7.205
2936,12.54
2937,10.9532
2938,13.6279
2939,20.0295
2940,15.235
2941,11.1102
2942,15.345
2943,17.9908
2944,11.2037
2945,7.5269
2946,11.4256
2947,11.7041
2948,16.9991
2949,7.5368
2950,10.0058
2951,17.6077
2952,13.5789
2953,6.5576
2954,7.1981
2955,11.2468
2956,7.9392
2957,10.8008
2958,7.588
2959,14.5021
2960,15.7214
2961,14.1824
2962,13.7394
2963,7.4926
2964,8.4834
2965,12.5859
2966,11.7996
2967,14.5051
2968,6.0
2969,8.8081
2970,11.5346
2971,10.4581
2972,7.7968
2973,11.1532
2974,11.2093
2975,8.6179
2976,12.6759
2977,9.193
2978,11.4855
2979,7.9849
2980,15.2873
2981,12.5355
2982,13.6288
2983,6.0
2984,11.715
2985,7.9775
2986,16.5837
2987,11.8133
2988,14.306
2989,15.774
2990,6.5139
2991,16.8795
2992,15.6684
2993,13.8223
2994,8.5822
2995,12.8353
2996,6.3407
2997,10.4548
2998,11.1053
2999,6.0
3000,11.6852
3001,11.7094
3002,9.215
3003,6.0527
3004,11.1067
3005,11.5403
3006,12.0778
3007,18.3591
3008,6.4163
3009,9.8925
3010,15.4734
3011,11.8355
3012,19.0421
3013,10.1222
3014,7.595
3015,7.3603
3016,14.4844
3017,11.2273
3018,18.6098
3019,7.5994
3020,6.9158
3021,8.1363
3022,8.9672
3023,10.2116
3024,15.3763
3025,8.2173
3026,6.8326
3027,11.1548
3028,13.1688
3029,10.1914
3030,16.6609
3031,17.4016
3032,9.6989
3033,7.264
3034,10.9972
3035,8.3786
3036,6.2259
3037,12.2187
3038,18.8783
3039,13.2626
3040,8.1681
3041,14.4314
3042,8.3843
3043,10.929
3044,9.3395
3045,7.1451
3046,8.6873
3047,14.7726
3048,10.1843
3049,7.1644
3050,17.0297
3051,10.7774
3052,9.8086
3053,14.9954
3054,8.7874
3055,11.9007
3056,16.4168
3057,15.2764
3058,12.1675
3059,7.3787
3060,14.4977
3061,14.7512
3062,9.3786
3063,10.816
3064,11.1398
3065,8.9405
3066,11.0675
3067,14.346
3068,9.103
3069,13.6626
3070,11.7649
3071,14.7758
3072,16.2652
3073,13.5473
3074,11.6068
3075,9.6221
3076,13.8661
3077,17.6317
3078,13.0429
3079,12.127
3080,14.5872
3081,6.6948
3082,18.5617
3083,11.9183
3084,11.0155
3085,14.8069
3086,13.5133
3087,12.9933
3088,14.6842
3089,9.5627
3090,16.2625
3091,20.9134
3092,12.7071
3093,16.8572
3094,17.5168
3095,12.1518
3096,15.245
3097,9.3574
3098,18.144
3099,12.6476
3100,11.7189
3101,7.6599
3102,13.9536
3103,11.0012
3104,12.4346
3105,15.6262
3106,19.0813
3107,11.0728
3108,10.9489
3109,11.152
3110,14.0392
3111,14.3913
3112,17.8429
3113,14.9774
3114,12.5905
3115,8.2867
3116,8.523
3117,9.853
3118,22.0644
3119,15.8442
3120,10.4987
3121,11.7998
3122,8.0219
3123,15.0174
3124,11.9659
3125,14.9741
3126,12.2139
3127,16.2513
3128,13.0796
3129,7.9495
3130,18.9085
3131,14.5687
3132,14.4613
3133,19.5614
3134,11.2831
3135,10.0964
3136,17.9836
3137,9.5236
3138,7.2047
3139,13.9415
3140,12.1044
3141,15.4148
3142,13.2874
3143,16.9249
3144,14.9923
3145,12.7746
3146,11.1458
3147,21.1439
3148,6.6839
3149,8.3121
3150,14.4773
3151,8.9947
3152,15.3898
3153,6.0878
3154,19.835
3155,9.1973
3156,9.4048
3157,14.1418
3158,8.2482
3159,11.5804
3160,14.5375
3161,13.2417
3162,10.3857
3163,9.4841
3164,6.0
3165,13.5862
3166,16.3348
3167,10.1661
3168,18.0291
3169,12.0029
3170,12.3821
3171,17.6824
3172,14.1339
3173,14.918
3174,12.9571
3175,14.0368
3176,8.7898
3177,15.0277
3178,13.7327
3179,13.273
3180,13.9062
3181,15.007
3182,8.2595
3183,10.4802
3184,9.2074
3185,16.4822
3186,6.2873
3187,14.4182
3188,8.9094
3189,12.3106
3190,11.4233
3191,6.0
3192,17.8852
3193,10.0413
3194,10.8933
3195,11.0161
3196,11.2976
3197,10.3706
3198,14.669
3199,15.082
3200,9.2768
3201,14.5925
3202,14.2772
3203,8.4771
3204,19.1536
3205,15.7155
3206,17.0268
3207,8.8459
3208,11.5292
3209,11.6252
3210,9.4909
3211,7.2753
3212,14.231
3213,10.8648
3214,14.648
3215,7.8767
3216,11.3885
3217,14.8926
3218,6.9253
3219,15.4248
3220,13.3425
3221,10.0716
3222,12.3153
3223,11.4685
3224,10.8368
3225,13.0268
3226,7.9728
3227,16.8176
3228,9.7783
3229,13.4089
3230,15.153
3231,6.0
3232,14.7365
3233,11.7426
3234,15.9407
3235,8.797
3236,15.6212
3237,13.3717
3238,10.8584
3239,15.521
3240,8.0672
3241,17.9123
3242,8.834
3243,7.3966
3244,9.5568
3245,15.6326
3246,9.7079
3247,13.4884
3248,10.4409
3249,14.3052
3250,10.9989
3251,10.2178
3252,11.5823
3253,6.0
3254,14.1002
3255,13.3262
3256,7.0361
3257,18.0678
3258,12.9038
3259,7.7357
3260,13.6542
3261,8.0668
3262,11.5504
3263,11.4442
3264,14.5377
3265,16.0477
3266,19.3076
3267,17.6636
3268,6.1989
3269,17.322
3270,7.8889
3271,14.6962
3272,7.8837
3273,7.1677
3274,14.4023
3275,6.6126
3276,11.7167
3277,9.5161
3278,10.2549
3279,12.1561
3280,10.0465
3281,15.024
3282,11.6876
3283,13.5367
3284,13.5251
3285,11.0448
3286,7.2241
3287,16.4309
3288,16.0443
3289,9.3599
3290,13.3609
3291,7.6877
3292,16.8174
3293,7.6162
3294,15.3073
3295,8.2172
3296,11.3995
3297,6.8803
3298,15.274
3299,10.9768
3300,12.396
3301,8.3421
3302,10.4614
3303,12.8043
3304,7.5576
3305,7.8499
3306,10.5476
3307,11.5779
3308,13.0936
3309,13.8063
3310,11.5465
3311,9.8547
3312,11.6985
3313,14.264
3314,13.9044
3315,11.966
3316,14.3085
3317,11.2737
3318,9.9425
3319,13.4032
3320,9.4362
3321,18.1757
3322,17.5327
3323,8.953
3324,10.5788
3325,13.7738
3326,8.2946
3327,17.4589
3328,16.2819
3329,15.0645
3330,15.1776
3331,14.3977
3332,12.4467
3333,13.7886
3334,15.6209
3335,13.3259
3336,10.7951
3337,9.9008
3338,10.5744
3339,10.0019
3340,17.6813
3341,7.9377
3342,10.4994
3343,10.5911
3344,9.0533
3345,16.3315
3346,6.3063
3347,15.0779
3348,8.4705
3349,10.8122
3350,9.8889
3351,10.1915
3352,10.1539
3353,17.06
3354,10.683
3355,13.1396
3356,15.0743
3357,13.341
3358,8.4989
3359,11.5911
3360,16.6656
3361,8.8999
3362,7.1922
3363,14.5026
3364,16.3781
3365,19.6468
3366,15.0966
3367,13.6161
3368,15.1302
3369,7.2324
3370,15.2111
3371,15.0873
3372,14.7293
3373,9.1492
3374,13.9745
3375,15.3146
3376,11.9389
3377,14.0356
3378,9.849
3379,20.6964
3380,10.3161
3381,12.6873
3382,10.7855
3383,7.8652
3384,14.7006
3385,16.3503
3386,7.5907
3387,13.2828
3388,10.8205
3389,10.9594
3390,9.0229
3391,10.4361
3392,9.4974
3393,7.753
3394,7.5102
3395,12.458
3396,6.0115
3397,13.3342
3398,13.0893
3399,10.5619
3400,15.0572
3401,7.576
3402,11.2334
3403,14.3521
3404,13.6382
3405,8.4951
3406,12.2402
3407,8.126
3408,11.3503
3409,7.3169
3410,11.1999
3411,6.83
3412,11.2613
3413,6.0
3414,10.7194
3415,18.2445
3416,11.4282
3417,18.5501
3418,10.5018
3419,10.7726
3420,9.5858
3421,12.7494
3422,11.3502
3423,15.6629
3424,13.2154
3425,14.0229
3426,9.2824
3427,14.9075
3428,12.1999
3429,7.9306
3430,8.2727
3431,9.8173
3432,7.2253
3433,11.0612
3434,12.489
3435,15.6383
3436,9.3522
3437,14.4959
3438,7.5683
3439,10.7902
3440,13.3481
3441,15.032
3442,13.457
3443,18.9561
3444,8.3478
3445,12.0645
3446,15.2637
3447,14.3746
3448,8.6994
3449,14.6318
3450,13.8323
3451,17.1674
3452,8.3454
3453,8.6581
3454,13.1781
3455,8.879
3456,7.4096
3457,16.2136
3458,15.8811
3459,7.8233
3460,13.3872
3461,18.2744
3462,11.8
3463,7.5687
3464,9.0164
3465,12.7101
3466,7.333
3467,10.5726
3468,11.5883
3469,9.8257
3470,14.8968
3471,12.7514
3472,11.4327
3473,15.0094
3474,14.4427
3475,10.8771
3476,6.336
3477,12.3378
3478,8.2972
3479,12.8573
3480,18.8102
3481,14.1345
3482,17.0397
3483,6.0
3484,7.7371
3485,8.7
3486,6.0
3487,10.6028
3488,8.7962
3489,7.5754
3490,17.7767
3491,6.7541
3492,13.2479
3493,7.4585
3494,13.7499
3495,11.2473
3496,11.2295
3497,6.6499
3498,9.2128
3499,15.7451
3500,13.9522
3501,14.5486
3502,11.5923
3503,10.2548
3504,11.9989
3505,11.7631
3506,13.3086
3507,7.5053
3508,9.6138
3509,10.5774
3510,19.5002
3511,11.268
3512,10.7713
3513,14.0228
3514,12.0573
3515,13.476
3516,14.0682
3517,7.5854
3518,13.2483
3519,9.4998
3520,11.2728
3521,15.9135
3522,14.2631
3523,12.3189
3524,16.9371
3525,10.5819
3526,14.5288
3527,8.1126
3528,13.0995
3529,16.2123
3530,10.677
3531,16.0394
3532,16.6821
3533,16.5942
3534,13.7291
3535,12.8988
3536,16.5963
3537,8.2193
3538,14.1484
3539,9.5583
3540,9.534
3541,11.232
3542,12.8862
3543,15.7819
3544,14.9815
3545,11.9002
3546,13.2999
3547,17.6229
3548,18.2844
3549,9.7806
3550,8.2089
3551,8.2766
3552,6.6749
3553,10.2973
3554,7.4343
3555,7.1252
3556,9.8159
3557,8.8651
3558,7.6311
3559,14.1337
3560,7.7578
3561,11.037
3562,13.9537
3563,8.2236
3564,15.8174
3565,15.3176
3566,13.3958
3567,11.3306
3568,17.5225
3569,17.2478
3570,9.5038
3571,10.4564
3572,12.9318
3573,16.6113
3574,9.6931
3575,10.5919
3576,6.7548
3577,12.3206
3578,7.5199
3579,14.6504
3580,13.2774
3581,11.595
3582,11.3946
3583,18.775
3584,14.0329
3585,12.8415
3586,7.1259
3587,8.9987
3588,10.0046
3589,12.2892
3590,11.2088
3591,12.7666
3592,7.0535
3593,9.951
3594,13.7535
3595,10.7181
3596,15.852
3597,10.9367
3598,12.3804
3599,16.8996
3600,8.9607
3601,10.1401
3602,9.1363
3603,6.8105
3604,9.781
3605,8.082
3606,13.6035
3607,11.8072
3608,14.7592
3609,10.4466
3610,10.4735
3611,15.6409
3612,9.5215
3613,10.5203
3614,13.2418
3615,13.0818
3616,13.1687
3617,17.1555
3618,11.9344
3619,14.7572
3620,12.6449
3621,14.9741
3622,6.0
3623,12.1209
3624,10.4691
3625,10.9888
3626,12.6287
3627,7.2779
3628,15.7968
3629,14.3787
3630,8.4795
3631,12.1543
3632,17.0422
3633,13.5837
3634,13.7384
3635,10.5281
3636,15.505
3637,15.066
3638,9.7332
3639,13.8258
3640,9.2061
3641,15.9404
3642,7.3375
3643,14.329
3644,17.1176
3645,7.923
3646,7.4315
3647,11.6615
3648,10.0303
3649,9.3373
3650,10.5077
3651,8.1806
3652,18.1734
3653,9.8418
3654,8.2928
3655,9.9256
3656,11.5921
3657,11.2512
3658,16.872
3659,16.8603
3660,11.5181
3661,7.4086
3662,12.8039
3663,7.2999
3664,18.668
3665,9.5214
3666,16.7028
3667,18.0995
3668,6.0
3669,7.3235
3670,20.3369
3671,15.3295
3672,11.8128
3673,16.8007
3674,14.5767
3675,9.8135
3676,7.7941
3677,10.8646
3678,13.5485
3679,12.3551
3680,14.7479
3681,12.3954
3682,11.1036
3683,10.9622
3684,22.5536
3685,8.9674
3686,12.7263
3687,9.4258
3688,14.513
3689,6.7262
3690,9.554
3691,6.4431
3692,16.1587
3693,11.0909
3694,11.3963
3695,10.9106
3696,18.1104
3697,15.0809
3698,10.044
3699,7.8248
3700,11.6993
3701,8.3699
3702,16.2917
3703,16.9067
3704,13.5048
3705,14.5442
3706,6.427
3707,7.1297
3708,14.6036
3709,8.8264
3710,14.6873
3711,10.0412
3712,13.0698
3713,13.2393
3714,13.4558
3715,16.1762
3716,7.8987
3717,8.8618
3718,16.9099
3719,13.2923
3720,15.3427
3721,13.3057
3722,19.6847
3723,10.4334
3724,18.7934
3725,7.7256
3726,12.26
3727,8.3362
3728,11.4733
3729,11.9551
3730,12.2305
3731,16.7919
3732,15.6979
3733,13.5885
3734,13.2356
3735,10.3533
3736,18.5665
3737,13.7456
3738,9.8792
3739,8.7611
3740,19.6635
3741,18.3774
3742,15.4632
3743,8.8213
3744,12.4481
3745,7.388
3746,11.6502
3747,14.1213
3748,11.618
3749,16.1171
3750,12.7112
3751,11.6209
3752,10.2296
3753,12.2906
3754,14.1529
3755,12.1621
3756,10.4601
3757,8.2338
3758,12.0013
3759,13.9631
3760,12.5632
3761,12.0101
3762,8.8296
3763,8.2167
3764,14.0043
3765,11.757
3766,17.5183
3767,16.4739
3768,12.3535
3769,6.7829
3770,11.1433
3771,13.3496
3772,11.527
3773,12.46
3774,13.4556
3775,10.7941
3776,14.2888
3777,14.096
3778,10.4809
3779,10.204
3780,10.1897
3781,14.8408
3782,11.5062
3783,15.3172
3784,6.8331
3785,16.9663
3786,13.7036
3787,11.2858
3788,9.6119
3789,13.9114
3790,15.4911
3791,11.6975
3792,13.9419
3793,15.536
3794,7.9567
3795,8.7796
3796,13.8479
3797,17.1115
3798,7.8412
3799,14.5342
3800,12.0397
3801,9.8275
3802,11.6521
3803,22.1371
3804,14.1235
3805,12.6456
3806,8.7112
3807,15.7954
3808,6.2474
3809,10.321
3810,7.8331
3811,12.1854
3812,12.2095
3813,6.0
3814,6.505
3815,9.8875
3816,13.1636
3817,7.5352
3818,8.2347
3819,9.2959
3820,11.0275
3821,15.2416
3822,12.7814
3823,15.9838
3824,14.5794
3825,17.1435
3826,12.4917
3827,13.5992
3828,16.9942
3829,17.1703
3830,17.7498
3831,14.6326
3832,7.1528
3833,17.3265
3834,12.9334
3835,10.4415
3836,16.4444
3837,11.5985
3838,8.9322
3839,14.755
3840,12.1884
3841,15.2698
3842,16.2314
3843,9.2301
3844,9.1906
3845,17.3161
3846,10.3439
3847,7.1239
3848,6.4753
3849,12.2086
3850,11.1973
3851,13.0304
3852,7.4589
3853,17.5082
3854,13.4248
3855,8.9501
3856,6.0
3857,7.8026
3858,10.5745
3859,10.6096
3860,12.8037
3861,18.1145
3862,14.6632
3863,16.94
3864,12.4164
3865,17.5621
3866,11.9505
3867,12.1809
3868,12.1797
3869,11.5925
3870,13.4133
3871,12.5903
3872,11.256
3873,9.8567
3874,10.7501
3875,15.7344
3876,10.2821
3877,10.6022
3878,12.8351
3879,17.8028
3880,12.0743
3881,14.344
3882,7.326
3883,13.4536
3884,14.0448
3885,16.4807
3886,11.3633
3887,8.0125
3888,8.9778
3889,17.0778
3890,8.4769
3891,15.4707
3892,13.5018
3893,12.5001
3894,11.9472
3895,15.6399
3896,10.9883
3897,8.8726
3898,13.4771
3899,10.0756
3900,19.051
3901,14.5071
3902,13.9149
3903,12.6705
3904,10.3251
3905,18.3481
3906,12.0673
3907,10.447
3908,6.7376
3909,6.4433
3910,6.0
3911,15.4264
3912,9.2039
3913,18.2232
3914,12.0086
3915,12.1228
3916,20.2615
3917,12.9362
3918,11.1989
3919,14.8418
3920,8.1082
3921,13.0991
3922,14.2855
3923,10.6296
3924,7.5777
3925,12.3361
3926,11.6881
3927,6.7149
3928,6.7672
3929,6.0
3930,16.6664
3931,9.0324
3932,11.2021
3933,15.4628
3934,15.8414
3935,14.9407
3936,16.6571
3937,14.0999
3938,7.1262
3939,11.3354
3940,17.0523
3941,8.6773
3942,19.8967
3943,14.1726
3944,12.2957
3945,6.8693
3946,13.6091
3947,9.171
3948,11.5073
3949,17.165
3950,9.2389
3951,13.1164
3952,12.5695
3953,15.3594
3954,14.6463
3955,9.1096
3956,16.2276
3957,8.5537
3958,13.6371
3959,7.3214
3960,14.618
3961,17.9643
3962,17.7832
3963,6.9545
3964,11.3022
3965,14.1974
3966,11.339
3967,11.379
3968,16.9062
3969,11.3842
3970,16.1786
3971,8.7159
3972,16.3384
3973,15.2827
3974,10.0682
3975,11.6141
3976,12.8526
3977,11.2873
3978,8.8446
3979,15.0587
3980,10.5512
3981,7.6604
3982,13.279
3983,11.0242
3984,16.3172
3985,11.6991
3986,13.4513
3987,12.968
3988,7.7602
3989,10.7646
3990,15.2971
3991,8.4541
3992,9.816
3993,18.15
3994,14.7701
3995,6.9184
3996,11.8068
3997,17.4864
3998,16.1187
3999,12.984
4000,13.3809
4001,12.6911
4002,13.3495
4003,10.9816
4004,9.3925
4005,9.8778
4006,11.7809
4007,13.546
4008,16.6737
4009,13.2473
4010,12.71
4011,11.4496
4012,17.1072
4013,11.6485
4014,9.523
4015,15.4318
4016,12.0457
4017,8.1092
4018,12.3873
4019,11.6763
4020,12.9892
4021,7.3061
4022,8.9412
4023,11.9292
4024,7.5723
4025,11.9543
4026,14.6552
4027,13.8468
4028,8.4542
4029,13.6141
4030,14.7834
4031,15.0833
4032,14.3254
4033,7.9771
4034,10.7224
4035,8.593
4036,10.1378
4037,7.0295
4038,19.5913
4039,13.89
4040,7.4822
4041,15.0983
4042,13.7751
4043,12.4495
4044,8.6774
4045,11.5705
4046,12.7884
4047,14.4785
4048,14.7661
4049,8.8963
4050,7.1596
4051,16.308
4052,10.0763
4053,14.5021
4054,15.239
4055,10.9979
4056,14.4667
4057,10.8447
4058,6.5628
4059,10.385
4060,11.0706
4061,13.2663
4062,18.8019
4063,8.1166
4064,15.8474
4065,15.3226
4066,12.5495
4067,14.816
4068,8.4047
4069,9.9063
4070,9.8785
4071,15.3298
4072,8.0063
4073,14.537
4074,16.4456
4075,13.2624
4076,11.9487
4077,10.4798
4078,8.8851
4079,14.1919
4080,15.4722
4081,11.6751
4082,8.3251
4083,7.683
4084,10.1983
4085,13.1477
4086,11.851
4087,11.3334
4088,9.4505
4089,10.7995
4090,17.8879
4091,13.0356
4092,7.1883
4093,11.5006
4094,12.2813
4095,14.6629
4096,14.4581
4097,13.0813
4098,16.1707
4099,6.8336
4100,21.9402
4101,9.7986
4102,13.6459
4103,12.3061
4104,13.0678
4105,11.1878
4106,15.0154
4107,11.3133
4108,10.9616
4109,16.0203
4110,15.106
4111,11.753
4112,10.6146
4113,7.3269
4114,15.2044
4115,14.2562
4116,13.7471
4117,10.5295
4118,12.7767
4119,13.898
4120,16.1568
4121,13.2418
4122,22.5796
4123,14.9504
4124,7.7648
4125,6.2436
4126,12.7641
4127,13.556
4128,15.2785
4129,12.3118
4130,9.5811
4131,12.0411
4132,10.4999
4133,19.9815
4134,8.422
4135,13.0054
4136,19.127
4137,13.7111
4138,8.4519
4139,11.1516
4140,13.9695
4141,16.0167
4142,11.3734
4143,11.3374
4144,18.9415
4145,10.6694
4146,6.7304
4147,6.7589
4148,14.8471
4149,10.4182
4150,11.1059
4151,7.3895
4152,15.0026
4153,6.775
4154,12.0513
4155,10.6934
4156,12.1979
4157,6.9192
4158,13.7512
4159,14.6824
4160,11.318
4161,12.0969
4162,15.7057
4163,11.0373
4164,10.2484
4165,18.6406
4166,13.9956
4167,15.0137
4168,16.0655
4169,13.5422
4170,11.9542
4171,8.0716
4172,9.9752
4173,13.9486
4174,12.0664
4175,16.6983
4176,15.4459
4177,9.381
4178,10.761
4179,12.5015
4180,14.3507
4181,8.0969
4182,10.4606
4183,15.8767
4184,12.1114
4185,9.4567
4186,14.3799
4187,14.5849
4188,15.957
4189,17.4243
4190,9.9134
4191,14.9621
4192,10.7154
4193,6.7833
4194,14.4167
4195,16.1348
4196,14.6221
4197,10.9998
4198,10.1425
4199,16.8692
4200,13.985
4201,14.2846
4202,15.9203
4203,16.8399
4204,13.4987
4205,12.8358
4206,14.6921
4207,15.8322
4208,10.9081
4209,12.1783
4210,8.0085
4211,6.9603
4212,9.0467
4213,11.2591
4214,18.3391
4215,14.3925
4216,9.414
4217,8.055
4218,10.6474
4219,11.9527
4220,14.5576
4221,6.8727
4222,17.4096
4223,11.2834
4224,13.4381
4225,16.555
4226,8.5343
4227,8.1967
4228,11.6468
4229,11.3815
4230,16.0268
4231,14.7935
4232,15.5818
4233,12.7144
4234,13.2402
4235,11.7849
4236,13.1969
4237,6.2463
4238,17.3998
4239,14.1774
4240,12.3959
4241,12.8407
4242,9.4607
4243,16.8426
4244,12.656
4245,13.0655
4246,12.2828
4247,7.7562
4248,11.0608
4249,9.6137
4250,11.8078
4251,10.0295
4252,10.6873
4253,13.8854
4254,10.9112
4255,9.2581
4256,18.2168
4257,12.0376
4258,13.0478
4259,14.5524
4260,8.2907
4261,15.7103
4262,10.4399
4263,8.7754
4264,14.0976
4265,15.2861
4266,13.0075
4267,10.2001
4268,10.5485
4269,13.2337
4270,13.788
4271,7.4874
4272,11.7632
4273,11.0097
4274,7.2397
4275,12.0509
4276,12.7645
4277,6.391
4278,12.9526
4279,11.0005
4280,16.4398
4281,11.3469
4282,9.9854
4283,11.2878
4284,15.3599
4285,7.3603
4286,10.7547
4287,11.8488
4288,9.9524
4289,13.4613
4290,12.3777
4291,7.7296
4292,8.2325
4293,14.2781
4294,16.2028
4295,16.2408
4296,14.0691
4297,10.9662
4298,10.5336
4299,9.1802
4300,13.4681
4301,13.081
4302,12.2493
4303,9.3295
4304,10.3361
4305,14.1146
4306,18.4477
4307,7.8095
4308,15.6303
4309,11.2306
4310,11.1828
4311,10.0522
4312,17.5268
4313,11.6806
4314,9.1584
4315,18.6592
4316,15.6956
4317,9.3126
4318,15.9273
4319,8.0166
4320,9.1443
4321,14.2186
4322,14.5624
4323,12.1638
4324,13.3727
4325,7.6512
4326,7.6618
4327,17.47
4328,9.5724
4329,10.1219
4330,13.5797
4331,17.5218
4332,17.5895
4333,16.6075
4334,14.0333
4335,17.7199
4336,11.2853
4337,10.6002
4338,9.7575
4339,10.7746
4340,9.1075
4341,20.3795
4342,12.7847
4343,12.1962
4344,13.6357
4345,11.7712
4346,13.816
4347,8.1009
4348,6.3471
4349,7.998
4350,17.7044
4351,10.9477
4352,17.9189
4353,15.9125
4354,13.1215
4355,9.4171
4356,14.3159
4357,14.3703
4358,15.9351
4359,14.6754
4360,8.6528
4361,10.3265
4362,11.3685
4363,16.469
4364,9.8202
4365,14.6733
4366,11.7633
4367,7.7477
4368,16.7156
4369,8.5315
4370,16.3575
4371,18.8283
4372,7.4803
4373,16.0795
4374,10.0003
4375,6.2048
4376,17.1296
4377,7.9373
4378,12.3178
4379,14.0073
4380,9.6863
4381,10.428
4382,10.217
4383,15.6849
4384,13.5194
4385,19.5472
4386,9.7068
4387,18.3417
4388,9.4058
4389,13.891
4390,14.0968
4391,16.8253
4392,9.0161
4393,7.9366
4394,13.0802
4395,9.4949
4396,11.316
4397,15.3554
4398,11.6503
4399,13.6812
4400,14.8303
4401,15.1597
4402,11.6054
4403,10.5397
4404,17.6702
4405,14.0906
4406,16.7593
4407,14.2025
4408,8.0117
4409,20.0613
4410,9.4835
4411,11.5052
4412,12.0464
4413,10.4195
4414,16.8509
4415,9.6279
4416,13.1095
4417,15.8904
4418,11.0794
4419,12.1901
4420,16.8468
4421,12.7668
4422,13.4224
4423,18.2187
4424,13.6596
4425,16.2745
4426,14.838
4427,14.0179
4428,15.4956
4429,15.3374
4430,14.1951
4431,11.1648
4432,12.2806
4433,14.8511
4434,8.9994
4435,13.8798
4436,8.1141
4437,8.5085
4438,16.2472
4439,13.0004
4440,12.5582
4441,13.5044
4442,7.025
4443,7.543
4444,15.885
4445,7.8929
4446,9.2206
4447,11.6268
4448,14.2002
4449,14.99
4450,14.9538
4451,12.6512
4452,15.3175
4453,12.9706
4454,6.9026
4455,8.6975
4456,11.3434
4457,6.8462
4458,15.2623
4459,19.1876
4460,10.1674
4461,12.2468
4462,15.2834
4463,9.4552
4464,14.9257
4465,9.6123
4466,7.3656
4467,15.5686
4468,9.551
4469,12.6789
4470,15.1489
4471,9.8071
4472,12.981
4473,13.0671
4474,13.5195
4475,18.0683
4476,15.776
4477,12.2158
4478,7.0397
4479,15.6762
4480,11.4477
4481,16.7623
4482,18.0489
4483,14.5997
4484,8.7399
4485,8.7397
4486,7.8852
4487,11.8108
4488,13.7249
4489,11.2294
4490,9.4297
4491,8.4323
4492,12.8615
4493,15.4553
4494,8.8367
4495,11.547
4496,14.4783
4497,9.9857
4498,13.5878
4499,11.888
4500,10.0841
4501,15.3798
4502,13.5731
4503,8.1569
4504,12.7902
4505,16.4927
4506,7.2528
4507,14.5187
4508,11.4523
4509,11.9051
4510,16.8298
4511,6.0
4512,12.9586
4513,13.339
4514,11.3889
4515,19.4161
4516,11.7578
4517,11.8135
4518,8.9226
4519,11.6662
4520,12.0382
4521,15.3528
4522,12.067
4523,16.0109
4524,14.897
4525,10.3994
4526,9.9263
4527,15.917
4528,15.0639
4529,19.0987
4530,15.6156
4531,16.6432
4532,16.7881
4533,6.6118
4534,16.8296
4535,13.4677
4536,9.8442
4537,10.4376
4538,12.734
4539,7.7815
4540,13.6275
4541,13.7508
4542,10.3584
4543,9.7375
4544,14.7788
4545,6.754
4546,14.4288
4547,19.4642
4548,8.4151
4549,17.1332
4550,12.4567
4551,11.5269
4552,13.0873
4553,14.1486
4554,12.1426
4555,12.7741
4556,13.1396
4557,17.3107
4558,11.2941
4559,12.2249
4560,17.7085
4561,8.8297
4562,10.6802
4563,14.9144
4564,10.8642
4565,9.6332
4566,7.3156
4567,16.2777
4568,10.7572
4569,9.8279
4570,8.3984
4571,6.0
4572,15.5172
4573,11.9472
4574,16.8395
4575,9.0049
4576,6.5585
4577,7.6583
4578,10.2684
4579,10.8068
4580,10.4469
4581,11.8244
4582,12.4549
4583,17.0314
4584,14.6119
4585,8.8012
4586,11.9876
4587,11.6162
4588,9.73
4589,11.7155
4590,11.3529
4591,10.0541
4592,7.7342
4593,12.0579
4594,13.1196
4595,16.9479
4596,10.002
4597,15.7982
4598,13.3211
4599,9.3777
4600,11.3333
4601,10.4165
4602,14.1539
4603,11.9188
4604,7.9694
4605,12.1785
4606,11.8449
4607,13.1676
4608,9.1251
4609,6.9663
4610,14.9743
4611,11.5612
4612,11.085
4613,10.9888
4614,11.9179
4615,8.0252
4616,10.0099
4617,12.552
4618,16.2728
4619,15.3255
4620,9.4039
4621,8.9165
4622,6.0
4623,13.1992
4624,6.506
4625,12.1683
4626,10.0727
4627,17.2184
4628,8.5186
4629,11.0804
4630,22.656
4631,13.1501
4632,17.0567
4633,11.0821
4634,20.6315
4635,14.9495
4636,16.075
4637,8.8269
4638,11.4945
4639,6.0
4640,11.9222
4641,10.6834
4642,13.3172
4643,7.4951
4644,11.0883
4645,9.2655
4646,9.4428
4647,11.2992
4648,14.5801
4649,10.4767
4650,16.5009
4651,7.848
4652,14.3572
4653,11.169
4654,8.1765
4655,13.2634
4656,13.351
4657,18.4272
4658,15.0762
4659,7.1336
4660,9.4159
4661,14.8951
4662,9.2552
4663,13.1943
4664,16.2893
4665,10.702
4666,11.1289
4667,8.0859
4668,6.0
4669,13.73
4670,6.8753
4671,12.7415
4672,16.3296
4673,12.5515
4674,12.697
4675,11.6996
4676,15.0364
4677,6.076
4678,12.0262
4679,17.7417
4680,13.8144
4681,14.0816
4682,14.9864
4683,14.1177
4684,17.1373
4685,14.1992
4686,8.5034
4687,9.1758
4688,10.297
4689,17.1259
4690,12.0747
4691,12.4506
4692,11.377
4693,12.2974
4694,12.5528
4695,13.2891
4696,11.8348
4697,15.4879
4698,10.3604
4699,21.408
4700,8.603
4701,14.3242
4702,11.6396
4703,16.2425
4704,9.991
4705,7.2091
4706,13.8006
4707,13.4181
4708,13.5318
4709,8.4719
4710,14.6616
4711,8.2767
4712,7.5055
4713,11.4657
4714,16.1773
4715,6.4238
4716,13.5955
4717,15.524
4718,12.8133
4719,10.4628
4720,9.7174
4721,8.3043
4722,10.2003
4723,17.9439
4724,10.4237
4725,12.3278
4726,13.3022
4727,10.8887
4728,9.6901
4729,12.6947
4730,12.0766
4731,11.6781
4732,17.3741
4733,11.6096
4734,11.0546
4735,10.7954
4736,6.6004
4737,7.6577
4738,19.1274
4739,12.9934
4740,12.1537
4741,12.0395
4742,10.6396
4743,14.8105
4744,7.9031
4745,12.8453
4746,8.7147
4747,9.017
4748,12.2598
4749,16.4987
4750,9.7606
4751,13.1909
4752,16.8185
4753,8.4193
4754,12.2774
4755,6.1746
4756,9.0412
4757,10.2305
4758,13.2583
4759,7.1359
4760,9.0586
4761,16.3646
4762,12.2073
4763,13.366
4764,13.5343
4765,16.205
4766,11.6991
4767,13.6978
4768,13.221
4769,11.7871
4770,11.5058
4771,15.1237
4772,18.0703
4773,10.5268
4774,7.3987
4775,12.8601
4776,14.0331
4777,14.0019
4778,11.2025
4779,11.9629
4780,6.1062
4781,13.0902
4782,14.5964
4783,12.1963
4784,15.301
4785,12.3152
4786,11.0109
4787,17.5142
4788,16.1463
4789,8.3833
4790,7.4462
4791,15.8736
4792,21.7387
4793,11.7157
4794,14.3882
4795,16.8889
4796,15.231
4797,10.4936
4798,17.9302
4799,15.2655
4800,8.1317
4801,19.4883
4802,9.2509
4803,7.2991
4804,17.1432
4805,6.0
4806,8.1271
4807,10.2808
4808,16.5895
4809,14.9252
4810,8.2535
4811,15.5213
4812,6.9353
4813,11.0752
4814,9.4462
4815,16.5678
4816,13.1936
4817,13.574
4818,7.6815
4819,6.4366
4820,7.3416
4821,14.9595
4822,9.4127
4823,8.4603
4824,10.3956
4825,13.1858
4826,9.0957
4827,9.4628
4828,11.0791
4829,12.6546
4830,7.2627
4831,12.9153
4832,13.6729
4833,14.6702
4834,7.9934
4835,19.2785
4836,14.7459
4837,14.584
4838,13.2221
4839,10.7853
4840,12.6323
4841,11.4235
4842,19.8132
4843,10.2674
4844,11.9729
4845,13.1297
4846,10.7836
4847,11.7967
4848,11.9877
4849,7.2487
4850,8.2697
4851,12.4248
4852,16.3983
4853,8.1858
4854,10.2274
4855,16.6595
4856,13.5364
4857,14.996
4858,11.2625
4859,6.4706
4860,8.5336
4861,16.6276
4862,12.1876
4863,6.9767
4864,17.4771
4865,13.4622
4866,12.8242
4867,10.1427
4868,15.4599
4869,10.5051
4870,7.0079
4871,13.9472
4872,10.6557
4873,12.7794
4874,10.8238
4875,11.3635
4876,16.0346
4877,11.2339
4878,6.1744
4879,16.5999
4880,10.51
4881,12.4325
4882,6.654
4883,14.5669
4884,10.3905
4885,13.9698
4886,6.9898
4887,11.2769
4888,20.7656
4889,6.9988
4890,8.2969
4891,10.4158
4892,11.5316
4893,10.0326
4894,16.875
4895,10.6233
4896,13.5262
4897,9.0497
4898,10.6894
4899,11.1402
4900,11.2715
4901,10.8245
4902,11.7001
4903,13.1891
4904,16.4627
4905,9.1833
4906,10.9912
4907,16.217
4908,8.1389
4909,10.0731
4910,9.612
4911,14.2807
4912,9.3595
4913,12.6167
4914,10.4893
4915,13.0122
4916,11.6318
4917,13.1526
4918,17.8706
4919,13.6237
4920,17.619
4921,17.0139
4922,13.8977
4923,11.4189
4924,14.7352
4925,11.3209
4926,13.6101
4927,13.9612
4928,15.4079
4929,9.0418
4930,16.9556
4931,10.3253
4932,14.2529
4933,11.9034
4934,15.9953
4935,7.56
4936,11.6211
4937,11.1358
4938,7.8686
4939,12.1555
4940,16.3562
4941,14.9679
4942,16.7228
4943,20.6615
4944,13.5233
4945,6.7224
4946,10.0473
4947,7.6973
4948,6.3343
4949,9.8199
4950,13.0042
4951,13.1012
4952,9.6007
4953,17.2921
4954,13.1042
4955,17.0122
4956,9.169
4957,11.5863
4958,11.3581
4959,11.2396
4960,14.8405
4961,11.8965
4962,12.7952
4963,12.9234
4964,14.9921
4965,9.3067
4966,8.6916
4967,7.9202
4968,8.6858
4969,11.0689
4970,10.811
4971,11.3883
4972,7.0592
4973,15.7333
4974,12.6779
4975,17.5026
4976,12.7844
4977,13.4378
4978,6.6263
4979,9.4596
4980,7.0967
4981,12.4648
4982,10.4597
4983,15.1083
4984,11.2729
4985,9.7881
4986,17.7724
4987,19.7658
4988,8.3202
4989,14.4262
4990,7.3371
4991,10.4764
4992,8.2671
4993,10.3462
4994,12.203
4995,10.364
4996,12.6722
4997,12.5467
4998,14.8573
4999,11.0728
5000,7.128
5001,8.335
5002,10.5597
5003,12.6029
5004,8.5651
5005,9.8705
5006,16.0552
5007,11.3718
5008,10.4607
5009,13.9002
5010,15.2606
5011,14.0825
5012,13.6187
5013,17.3077
5014,11.3698
5015,6.5656
5016,11.6089
5017,12.0906
5018,11.6299
5019,9.8757
5020,16.8011
5021,10.677
5022,15.3189
5023,17.0472
5024,6.0
5025,7.383
5026,13.6496
5027,12.9173
5028,16.6734
5029,14.4403
5030,7.1371
5031,14.2369
5032,18.8362
5033,15.0091
5034,15.9245
5035,8.1514
5036,18.344
5037,9.4748
5038,7.9316
5039,13.4282
5040,15.485
5041,9.3434
5042,11.6502
5043,11.1736
5044,8.7077
5045,17.7066
5046,8.8996
5047,11.0582
5048,7.6194
5049,13.9996
5050,8.0469
5051,13.4214
5052,11.2104
5053,14.0827
5054,12.2643
5055,7.3275
5056,11.8467
5057,12.2778
5058,15.2903
5059,6.6862
5060,9.2552
5061,7.0462
5062,12.1424
5063,18.4113
5064,13.3319
5065,14.4015
5066,9.8666
5067,10.9955
5068,9.1218
5069,10.4019
5070,12.0178
5071,11.1468
5072,16.6301
5073,12.172
5074,16.5287
5075,16.435
5076,11.1589
5077,7.0378
5078,15.2076
5079,14.1632
5080,15.2816
5081,12.9254
5082,14.8641
5083,11.6736
5084,15.893
5085,11.1037
5086,20.0849
5087,16.9092
5088,11.9165
5089,15.9533
5090,7.5831
5091,8.5532
5092,9.3607
5093,13.1683
5094,6.0712
5095,13.0586
5096,9.2805
5097,16.0754
5098,13.0038
5099,11.7516
5100,14.7715
5101,15.0401
5102,23.3117
5103,8.3726
5104,9.7964
5105,10.5962
5106,16.0932
5107,11.7806
5108,12.1968
5109,17.4398
5110,17.9021
5111,8.8035
5112,7.1307
5113,11.1159
5114,8.7994
5115,14.6654
5116,8.3569
5117,15.2666
5118,7.0623
5119,8.1954
5120,12.0509
5121,6.7697
5122,17.0844
5123,14.6256
5124,11.2162
5125,17.9024
5126,14.7245
5127,20.344
5128,9.0933
5129,17.8605
5130,8.2781
5131,7.4284
5132,15.506
5133,7.0107
5134,16.096
5135,11.2136
5136,11.1005
5137,11.2935
5138,11.5783
5139,16.3829
5140,7.3261
5141,13.3019
5142,11.4725
5143,10.0616
5144,9.535
5145,15.7612
5146,9.7377
5147,14.0892
5148,14.9946
5149,14.1536
5150,18.0202
5151,7.9015
5152,18.2507
5153,8.6194
5154,10.1504
5155,15.2186
5156,11.5483
5157,11.9672
5158,16.9379
5159,15.1526
5160,11.2808
5161,9.2512
5162,17.2267
5163,10.2284
5164,11.0977
5165,15.3228
5166,7.569
5167,16.4865
5168,11.0015
5169,8.1269
5170,13.1838
5171,12.3246
5172,7.5899
5173,10.7339
5174,14.629
5175,10.6807
5176,11.4489
5177,9.2976
5178,11.4824
5179,9.4995
5180,7.8754
5181,13.4679
5182,8.5806
5183,9.8828
5184,6.8169
5185,10.4403
5186,16.2281
5187,9.2731
5188,11.1178
5189,7.5662
5190,12.0388
5191,9.4838
5192,9.1157
5193,10.131
5194,16.4936
5195,15.5824
5196,9.6665
5197,11.1427
5198,13.398
5199,11.6326
5200,15.609
5201,17.5261
5202,16.8361
5203,9.4929
5204,8.6022
5205,12.716
5206,10.208
5207,13.2104
5208,14.8474
5209,16.4716
5210,11.5254
5211,8.8107
5212,7.1366
5213,7.1378
5214,12.6733
5215,18.7971
5216,17.3468
5217,13.7882
5218,14.3747
5219,7.3665
5220,14.8853
5221,12.3793
5222,14.4002
5223,13.2634
5224,8.0705
5225,7.6517
5226,10.3367
5227,6.9013
5228,16.9625
5229,11.8965
5230,12.0108
5231,14.1672
5232,12.4082
5233,17.5712
5234,10.207
5235,8.9159
5236,13.951
5237,12.5964
5238,17.438
5239,10.8439
5240,15.3292
5241,14.2124
5242,12.1232
5243,9.2367
5244,13.2611
5245,6.0333
5246,10.717
5247,17.4717
5248,11.2387
5249,10.8069
5250,14.2083
5251,9.8823
5252,11.0449
5253,14.7063
5254,14.4665
5255,14.9985
5256,8.3681
5257,13.3016
5258,16.8668
5259,9.5061
5260,12.8132
5261,7.3063
5262,17.5853
5263,15.2635
5264,9.511
5265,7.887
5266,12.7822
5267,14.5879
5268,11.5325
5269,12.1928
5270,8.3908
5271,11.644
5272,7.0302
5273,15.0033
5274,10.2345
5275,13.3687
5276,9.8567
5277,12.4394
5278,12.7077
5279,12.3876
5280,13.5618
5281,11.5492
5282,9.3538
5283,11.3415
5284,11.051
5285,17.0716
5286,10.8187
5287,12.2974
5288,15.9429
5289,17.1194
5290,15.0803
5291,7.9688
5292,10.7994
5293,16.6423
5294,12.5608
5295,14.7519
5296,10.3595
5297,9.8301
5298,17.2358
5299,11.7779
5300,11.6967
5301,12.7024
5302,12.1745
5303,15.4201
5304,9.7851
5305,10.3096
5306,9.0098
5307,17.7556
5308,10.3991
5309,11.0189
5310,9.3194
5311,8.3539
5312,14.6183
5313,16.3932
5314,7.6886
5315,7.0301
5316,7.7963
5317,17.2694
5318,14.7724
5319,7.092
5320,11.6669
5321,12.1778
5322,15.9057
5323,9.8038
5324,14.5993
5325,8.3261
5326,10.9221
5327,6.7991
5328,13.9586
5329,13.4069
5330,8.7355
5331,13.1504
5332,9.7693
5333,6.8195
5334,17.8294
5335,14.0711
5336,9.9643
5337,14.0501
5338,11.2334
5339,6.0
5340,7.8184
5341,12.2792
5342,12.84
5343,12.8176
5344,7.0153
5345,10.5799
5346,14.0363
5347,6.2706
5348,8.7385
5349,8.1906
5350,11.1237
5351,11.6098
5352,11.6207
5353,10.078
5354,7.0969
5355,18.2143
5356,13.5258
5357,13.327
5358,11.4213
5359,10.6088
5360,10.4855
5361,13.98
5362,16.3453
5363,9.207
5364,8.3919
5365,13.6753
5366,13.9049
5367,13.4148
5368,13.0436
5369,16.1763
5370,13.9431
5371,11.5858
5372,11.6921
5373,14.385
5374,14.794
5375,17.9836
5376,13.5111
5377,9.0259
5378,12.7861
5379,9.7668
5380,14.3872
5381,10.6419
5382,14.613
5383,12.2947
5384,10.3024
5385,9.9474
5386,13.1929
5387,12.2232
5388,10.4947
5389,9.6825
5390,11.8163
5391,13.9367
5392,10.3517
5393,15.6302
5394,14.7757
5395,15.5843
5396,10.8774
5397,14.2852
5398,14.0073
5399,6.0001
5400,12.6122
5401,6.3263
5402,16.2838
5403,9.5444
5404,10.9444
5405,15.2883
5406,10.6957
5407,12.1996
5408,9.4564
5409,6.7436
5410,13.3987
5411,10.0975
5412,9.3632
5413,15.6048
5414,16.7559
5415,6.0
5416,15.4282
5417,13.4405
5418,17.8585
5419,9.042
5420,11.9167
5421,7.9153
5422,10.0111
5423,10.7428
5424,10.3654
5425,16.0328
5426,17.6346
5427,7.2262
5428,15.4721
5429,12.5346
5430,12.4905
5431,11.4382
5432,10.0639
5433,19.7336
5434,18.3459
5435,10.0118
5436,16.6104
5437,8.7136
5438,14.5535
5439,7.6436
5440,19.4399
5441,7.3356
5442,12.2224
5443,12.9215
5444,15.5268
5445,15.245
5446,12.3261
5447,16.8738
5448,19.8915
5449,6.8707
5450,10.3599
5451,10.7141
5452,6.382
5453,9.7009
5454,14.5914
5455,7.343
5456,13.0812
5457,7.8291
5458,9.3137
5459,22.8665
5460,15.7724
5461,14.7461
5462,12.4713
5463,11.424
5464,8.1794
5465,11.2018
5466,8.2573
5467,7.3863
5468,6.9606
5469,16.2471
5470,14.1631
5471,13.5344
5472,9.2832
5473,13.7377
5474,8.1216
5475,11.5073
5476,10.9318
5477,10.8643
5478,8.0293
5479,10.9871
5480,9.3888
5481,12.0304
5482,11.7437
5483,12.9851
5484,8.0631
5485,10.7108
5486,12.4748
5487,11.2558
5488,13.3709
5489,10.6724
5490,12.3959
5491,15.6398
5492,11.9266
5493,9.6458
5494,11.1805
5495,14.9923
5496,14.2533
5497,13.1398
5498,16.0004
5499,10.7149
5500,17.443
5501,13.8726
5502,13.4198
5503,6.7595
5504,7.6749
5505,15.4957
5506,16.5485
5507,13.9576
5508,7.296
5509,13.3564
5510,11.2784
5511,8.5123
5512,10.8873
5513,6.9327
5514,10.8586
5515,13.625
5516,19.8003
5517,7.2669
5518,11.5744
5519,15.6155
5520,13.7734
5521,12.941
5522,10.2964
5523,8.6284
5524,6.9265
5525,10.915
5526,6.9002
5527,14.151
5528,6.2812
5529,13.3406
5530,11.7303
5531,10.897
5532,10.5916
5533,13.6208
5534,17.3
5535,15.6914
5536,10.1407
5537,14.114
5538,7.8793
5539,12.5926
5540,8.5408
5541,7.7537
5542,18.7005
5543,11.7853
5544,13.1637
5545,6.4639
5546,6.2676
5547,16.6097
5548,12.7418
5549,16.2067
5550,13.1808
5551,6.8332
5552,15.7267
5553,14.7843
5554,9.0214
5555,10.8137
5556,17.2161
5557,13.2896
5558,10.909
5559,10.3087
5560,15.213
5561,13.915
5562,17.017
5563,6.2592
5564,17.7142
5565,7.8415
5566,13.2297
5567,8.0837
5568,8.6429
5569,14.6879
5570,13.0902
5571,7.1527
5572,10.3592
5573,15.7562
5574,14.6772
5575,14.1507
5576,15.3514
5577,12.1376
5578,14.1329
5579,15.0771
5580,13.7663
5581,12.8241
5582,13.255
5583,14.3246
5584,15.7942
5585,10.1113
5586,13.1532
5587,13.6431
5588,8.7041
5589,9.701
5590,11.5587
5591,10.5087
5592,9.8747
5593,11.3756
5594,16.684
5595,11.2132
5596,15.6543
5597,14.7892
5598,16.1067
5599,10.2308
5600,13.8833
5601,12.0925
5602,14.2501
5603,6.0061
5604,10.1347
5605,13.9698
5606,6.7241
5607,11.0917
5608,20.0854
5609,18.9415
5610,6.2637
5611,12.0785
5612,14.9
5613,12.1525
5614,19.537
5615,13.9884
5616,16.1893
5617,21.4388
5618,14.7433
5619,15.9303
5620,6.5073
5621,7.4053
5622,9.3344
5623,10.158
5624,10.7013
5625,17.7831
5626,6.8595
5627,15.2333
5628,17.9924
5629,12.1081
5630,10.7772
5631,17.4888
5632,10.2996
5633,13.0497
5634,11.4441
5635,13.6415
5636,7.3245
5637,13.2719
5638,10.8712
5639,15.8339
5640,9.0845
5641,16.8069
5642,6.6747
5643,9.0009
5644,12.6635
5645,11.0911
5646,14.1633
5647,13.0326
5648,15.4186
5649,15.4807
5650,7.0821
5651,10.567
5652,13.6446
5653,11.078
5654,12.6355
5655,11.9129
5656,11.1884
5657,15.3919
5658,9.9173
5659,7.1465
5660,12.4158
5661,16.6302
5662,14.3984
5663,12.6547
5664,13.027
5665,14.0922
5666,11.3149
5667,9.5779
5668,6.0
5669,13.2921
5670,13.2208
5671,7.5611
5672,15.9128
5673,19.6552
5674,12.1078
5675,14.9285
5676,7.0869
5677,12.9987
5678,9.3416
5679,16.7609
5680,14.3531
5681,12.6418
5682,7.6365
5683,15.6728
5684,10.7643
5685,10.9324
5686,14.0853
5687,10.618
5688,13.6186
5689,11.9515
5690,6.734
5691,18.41
5692,13.8541
5693,8.2261
5694,15.8818
5695,10.4439
5696,7.3545
5697,21.4073
5698,12.9954
5699,9.7583
5700,9.088
5701,14.7328
5702,17.3219
5703,13.5316
5704,18.3756
5705,11.612
5706,15.1268
5707,7.3286
5708,12.6401
5709,9.8691
5710,17.6723
5711,15.3563
5712,11.2221
5713,11.6242
5714,16.2114
5715,9.6069
5716,12.7209
5717,10.8405
5718,11.59
5719,15.7246
5720,10.9524
5721,12.3203
5722,11.722
5723,14.2106
5724,18.7186
5725,16.4739
5726,10.9773
5727,14.4435
5728,13.1196
5729,10.9722
5730,7.4856
5731,18.5906
5732,18.9905
5733,14.0861
5734,14.4794
5735,14.9574
5736,7.7719
5737,12.1482
5738,8.1962
5739,11.9709
5740,13.9885
5741,13.7452
5742,13.953
5743,9.7704
5744,12.6918
5745,8.9273
5746,18.1633
5747,12.1464
5748,11.9091
5749,6.2674
5750,12.9853
5751,9.587
5752,7.8457
5753,8.3418
5754,15.7955
5755,10.194
5756,9.7485
5757,10.737
5758,7.4519
5759,10.9939
5760,13.1079
5761,14.4271
5762,11.5556
5763,13.7883
5764,16.7101
5765,8.5165
5766,7.8373
5767,7.6407
5768,12.6422
5769,14.4064
5770,6.8228
5771,7.6498
5772,15.4092
5773,13.9941
5774,11.9603
5775,18.0061
5776,12.2616
5777,14.9336
5778,14.8939
5779,12.602
5780,14.3498
5781,8.278
5782,11.086
5783,9.8145
5784,15.0189
5785,17.7027
5786,7.8002
5787,9.0643
5788,11.8377
5789,12.4349
5790,15.5589
5791,11.2237
5792,15.7963
5793,7.5355
5794,13.8551
5795,16.2337
5796,14.5533
5797,10.3376
5798,14.5569
5799,11.8986
5800,16.2
5801,8.4122
5802,10.5852
5803,6.4071
5804,16.1828
5805,11.1267
5806,7.8821
5807,10.2865
5808,15.843
5809,6.0
5810,12.5587
5811,12.8607
5812,18.413
5813,9.3617
5814,13.2503
5815,14.8937
5816,17.7241
5817,15.2856
5818,12.6695
5819,10.0385
5820,16.0942
5821,10.8425
5822,17.7919
5823,11.3718
5824,13.5336
5825,12.9144
5826,10.3134
5827,15.3972
5828,10.6824
5829,12.2777
5830,9.5653
5831,7.2169
5832,11.2655
5833,15.633
5834,7.308
5835,14.2927
5836,7.9581
5837,14.2135
5838,14.7426
5839,7.3086
5840,13.879
5841,9.1
5842,11.5294
5843,10.5445
5844,7.1093
5845,15.1942
5846,13.9626
5847,10.7295
5848,11.1139
5849,13.6045
5850,9.0306
5851,13.0933
5852,10.3407
5853,9.6297
5854,11.1861
5855,12.3185
5856,10.1589
5857,15.769
5858,16.6171
5859,16.087
5860,10.94
5861,12.3886
5862,10.7372
5863,9.4147
5864,15.5684
5865,10.2754
5866,11.1743
5867,14.6861
5868,11.0268
5869,9.3082
5870,8.0179
5871,7.7855
5872,13.6599
5873,14.5744
5874,12.0346
5875,15.8963
5876,14.1022
5877,9.2585
5878,11.1147
5879,9.8694
5880,17.372
5881,8.6047
5882,15.1409
5883,8.7481
5884,14.5508
5885,10.8672
5886,7.9196
5887,11.6724
5888,9.7628
5889,15.9704
5890,11.0775
5891,7.0241
5892,8.4163
5893,10.6003
5894,8.6723
5895,18.2806
5896,11.3338
5897,16.6603
5898,12.0996
5899,8.1807
5900,7.2359
5901,7.6696
5902,10.5977
5903,10.9413
5904,15.5829
5905,17.7011
5906,11.922
5907,10.7369
5908,14.4674
5909,12.7236
5910,15.9543
5911,13.8554
5912,17.8054
5913,17.6443
5914,6.1592
5915,15.5935
5916,12.5239
5917,12.071
5918,10.2705
5919,9.3247
5920,9.2266
5921,16.1585
5922,12.8445
5923,13.9323
5924,12.756
5925,7.8832
5926,17.5551
5927,8.6408
5928,11.2546
5929,7.147
5930,8.7741
5931,20.7125
5932,9.244
5933,10.5251
5934,16.5384
5935,16.8189
5936,13.2109
5937,11.2862
5938,8.0443
5939,16.3241
5940,12.9343
5941,14.8847
5942,7.0824
5943,9.7241
5944,12.1637
5945,12.3938
5946,10.96
5947,13.5932
5948,10.9693
5949,10.0224
5950,16.7431
5951,7.3031
5952,9.3959
5953,12.0195
5954,9.7695
5955,14.823
5956,11.6165
5957,13.5171
5958,12.7765
5959,11.4499
5960,6.9868
5961,6.0
5962,10.2055
5963,21.4691
5964,11.9052
5965,9.8628
5966,6.0
5967,7.4725
5968,7.5132
5969,9.9288
5970,16.8552
5971,12.0942
5972,20.1648
5973,10.9006
5974,13.3402
5975,14.192
5976,11.4279
5977,15.0174
5978,11.4942
5979,16.1503
5980,9.8562
5981,7.6168
5982,9.1073
5983,10.4065
5984,8.9115
5985,12.98
5986,8.7104
5987,7.0501
5988,8.3243
5989,13.1186
5990,13.6043
5991,8.6306
5992,9.1057
5993,12.4817
5994,14.5761
5995,8.0584
5996,13.0296
5997,11.1361
5998,8.5152
5999,14.8429
6000,21.86
6001,10.7201
6002,6.467
6003,17.0197
6004,8.0769
6005,17.3313
6006,10.6702
6007,9.3433
6008,17.9355
6009,12.8158
6010,13.5205
6011,15.9525
6012,7.8733
6013,10.4494
6014,12.119
6015,8.5746
6016,11.6893
6017,6.6813
6018,7.3343
6019,6.5729
6020,16.2702
6021,12.9268
6022,6.6734
6023,6.9869
6024,13.9309
6025,15.9921
6026,12.8055
6027,8.4404
6028,14.5901
6029,14.0147
6030,16.4533
6031,15.0275
6032,8.705
6033,7.393
6034,14.0355
6035,7.9686
6036,14.3768
6037,9.9268
6038,10.8042
6039,13.7317
6040,9.8049
6041,12.271
6042,11.1823
6043,9.4374
6044,11.0128
6045,14.0831
6046,15.3131
6047,11.1365
6048,11.282
6049,10.6791
6050,19.3304
6051,10.6515
6052,15.6599
6053,16.6694
6054,11.255
6055,16.0116
6056,19.8513
6057,17.7316
6058,11.5185
6059,9.2033
6060,11.8417
6061,12.8642
6062,17.069
6063,14.0344
6064,13.6146
6065,16.961
6066,7.5801
6067,17.9215
6068,12.1243
6069,12.6905
6070,14.0506
6071,15.0925
6072,11.8926
6073,8.6137
6074,17.685
6075,7.2727
6076,6.0513
6077,9.5145
6078,6.1058
6079,10.7261
6080,15.3412
6081,10.9274
6082,10.9031
6083,13.6643
6084,14.8487
6085,9.7403
6086,12.2838
6087,13.4779
6088,6.0734
6089,17.7007
6090,6.9662
6091,15.7732
6092,9.2068
6093,10.8568
6094,12.9831
6095,15.2558
6096,20.1555
6097,16.1925
6098,10.4454
6099,12.5559
6100,9.4884
6101,11.3078
6102,13.4999
6103,14.2014
6104,11.6174
6105,8.0258
6106,10.7249
6107,11.3614
6108,14.7227
6109,10.5162
6110,8.2569
6111,14.5222
6112,13.5504
6113,8.891
6114,12.8524
6115,6.9082
6116,17.5812
6117,10.3514
6118,9.8436
6119,16.73
6120,15.9408
6121,11.7819
6122,17.968
6123,10.2122
6124,7.9252
6125,17.8561
6126,10.478
6127,11.4222
6128,10.8354
6129,7.9728
6130,12.3973
6131,6.535
6132,12.5423
6133,7.5847
6134,11.6715
6135,11.7419
6136,6.792
6137,7.1927
6138,13.1747
6139,9.7013
6140,12.7905
6141,8.5112
6142,15.3766
6143,12.6286
6144,12.865
6145,10.2993
6146,12.7866
6147,15.9706
6148,18.6751
6149,13.9841
6150,6.0
6151,19.2808
6152,13.49
6153,11.7763
6154,15.3109
6155,13.9209
6156,12.3819
6157,15.0936
6158,12.7074
6159,10.8714
6160,11.5654
6161,10.4503
6162,10.3088
6163,9.2719
6164,12.5887
6165,14.5246
6166,11.5519
6167,11.8679
6168,9.5556
6169,12.35
6170,16.9668
6171,6.4592
6172,8.8726
6173,16.9022
6174,10.3118
6175,9.5511
6176,10.3204
6177,15.9862
6178,13.2363
6179,9.3221
6180,15.285
6181,6.5387
6182,7.8586
6183,11.7277
6184,7.3862
6185,12.1014
6186,14.8973
6187,9.278
6188,7.815
6189,13.3287
6190,12.3772
6191,21.6756
6192,13.2737
6193,14.4679
6194,8.4665
6195,11.0871
6196,10.3129
6197,15.7105
6198,16.4078
6199,13.9985
6200,15.0279
6201,12.5073
6202,13.3967
6203,15.3045
6204,12.4032
6205,14.0585
6206,22.6692
6207,19.2942
6208,10.9661
6209,10.6599
6210,12.4215
6211,10.982
6212,15.8356
6213,10.2584
6214,11.8124
6215,9.1409
6216,11.2911
6217,9.2727
6218,8.9628
6219,8.3051
6220,10.8592
6221,12.1514
6222,18.3155
6223,11.4095
6224,8.9764
6225,14.4471
6226,11.2863
6227,12.5346
6228,10.1401
6229,8.5438
6230,16.4046
6231,11.3146
6232,10.6045
6233,16.4712
6234,10.1288
6235,13.4658
6236,12.1895
6237,14.0098
6238,11.3519
6239,14.3539
6240,17.7566
6241,15.4139
6242,18.5073
6243,14.5096
6244,21.3725
6245,14.4147
6246,13.3254
6247,18.6306
6248,6.7656
6249,6.0
6250,19.7244
6251,15.6636
6252,10.5127
6253,15.2684
6254,9.6972
6255,9.1945
6256,13.6063
6257,10.2121
6258,6.7763
6259,12.5176
6260,17.1569
6261,16.5517
6262,10.1271
6263,10.571
6264,8.947
6265,12.589
6266,12.7019
6267,17.68
6268,11.54
6269,12.1957
6270,12.8669
6271,17.1546
6272,6.9639
6273,10.8295
6274,15.6442
6275,6.7754
6276,14.5838
6277,17.0608
6278,8.7257
6279,10.3291
6280,14.608
6281,12.239
6282,15.9897
6283,11.0125
6284,7.6847
6285,15.0465
6286,8.2979
6287,8.3916
6288,7.698
6289,12.4005
6290,15.5563
6291,14.231
6292,19.8956
6293,10.4415
6294,11.5201
6295,8.287
6296,7.6788
6297,15.8667
6298,12.7339
6299,17.0592
6300,13.8402
6301,9.6252
6302,12.0847
6303,11.6794
6304,16.8372
6305,12.6505
6306,12.8999
6307,10.5621
6308,14.0472
6309,7.6018
6310,9.7253
6311,9.8801
6312,15.3964
6313,6.6627
6314,8.9431
6315,12.279
6316,7.27
6317,8.3227
6318,10.984
6319,11.734
6320,11.369
6321,10.0395
6322,16.1731
6323,9.7399
6324,7.8454
6325,12.1225
6326,10.195
6327,9.5222
6328,12.8745
6329,10.0069
6330,15.9277
6331,9.8503
6332,13.9454
6333,8.8112
6334,16.8303
6335,6.4714
6336,14.4916
6337,15.3202
6338,11.5161
6339,9.8468
6340,6.0
6341,14.9341
6342,14.1034
6343,18.3954
6344,7.5442
6345,14.4489
6346,13.1829
6347,19.5258
6348,10.7035
6349,10.1206
6350,9.4046
6351,8.7445
6352,9.4964
6353,11.8294
6354,11.4129
6355,10.4316
6356,10.5493
6357,16.6938
6358,16.0972
6359,7.4797
6360,9.4169
6361,13.6152
6362,16.3155
6363,11.3288
6364,10.9268
6365,17.5035
6366,16.8836
6367,18.4804
6368,11.1921
6369,12.9985
6370,7.7573
6371,8.2386
6372,14.5562
6373,14.4933
6374,14.9931
6375,9.4002
6376,10.4512
6377,6.1319
6378,16.2557
6379,11.9148
6380,9.4739
6381,10.6333
6382,11.3517
6383,11.0031
6384,8.5197
6385,12.1202
6386,14.852
6387,8.4667
6388,6.0078
6389,7.7831
6390,13.7834
6391,7.4239
6392,16.5878
6393,10.6808
6394,6.0
6395,12.1758
6396,10.9634
6397,12.4345
6398,18.9163
6399,18.5988
6400,9.7817
6401,13.5923
6402,12.9689
6403,9.6098
6404,8.108
6405,12.1273
6406,12.0226
6407,9.4289
6408,16.6218
6409,8.2776
6410,15.208
6411,13.2216
6412,17.7245
6413,6.6632
6414,12.3778
6415,10.3784
6416,14.2304
6417,12.4885
6418,13.8617
6419,6.0
6420,9.1302
6421,9.073
6422,8.8688
6423,6.116
6424,14.7576
6425,9.5558
6426,12.2378
6427,10.6618
6428,8.5506
6429,15.8754
6430,11.1553
6431,13.5246
6432,11.58
6433,11.5112
6434,17.9793
6435,22.1666
6436,8.7344
6437,11.4667
6438,17.357
6439,12.4833
6440,10.1473
6441,8.1827
6442,10.2672
6443,12.0182
6444,9.6595
6445,7.2662
6446,6.6756
6447,12.3939
6448,7.1109
6449,15.7592
6450,14.6928
6451,17.1161
6452,12.9492
6453,15.7118
6454,8.3423
6455,10.2239
6456,15.1077
6457,17.8822
6458,16.7936
6459,7.5316
6460,14.0543
6461,12.8405
6462,9.427
6463,13.2757
6464,16.5287
6465,13.7317
6466,13.4362
6467,17.3706
6468,14.639
6469,8.0895
6470,7.4858
6471,10.0218
6472,16.182
6473,12.9776
6474,16.0718
6475,7.5518
6476,14.7764
6477,7.8014
6478,11.4475
6479,12.2762
6480,6.9365
6481,10.4499
6482,10.7809
6483,11.3145
6484,10.5897
6485,15.1866
6486,6.0
6487,9.1269
6488,8.9235
6489,10.4767
6490,13.1468
6491,13.4717
6492,13.2207
6493,6.4177
6494,6.6341
6495,9.5385
6496,12.8129
6497,13.9502
6498,11.4347
6499,15.0046
6500,13.6126
6501,7.7517
6502,10.8865
6503,8.869
6504,11.0392
6505,6.3389
6506,7.5922
6507,8.3541
6508,16.0448
6509,6.582
6510,10.3022
6511,8.4908
6512,7.312
6513,16.5685
6514,10.2801
6515,13.4398
6516,13.1318
6517,13.5568
6518,13.386
6519,13.2208
6520,18.0438
6521,12.8373
6522,11.8405
6523,15.7819
6524,11.449
6525,12.5698
6526,6.6618
6527,8.1498
6528,12.2987
6529,9.2513
6530,12.0089
6531,18.7328
6532,16.7576
6533,12.085
6534,15.5025
6535,18.0874
6536,7.1854
6537,14.4633
6538,10.2228
6539,11.9022
6540,15.5151
6541,11.4245
6542,6.0
6543,10.0402
6544,11.0508
6545,12.0531
6546,7.1541
6547,17.4366
6548,11.1977
6549,17.9908
6550,11.3715
6551,11.5221
6552,15.949
6553,9.4404
6554,6.9115
6555,8.7324
6556,12.4807
6557,7.0738
6558,15.515
6559,12.5493
6560,11.0365
6561,12.2762
6562,9.1376
6563,7.544
6564,11.7947
6565,7.9348
6566,16.2254
6567,8.8577
6568,13.5418
6569,9.12
6570,11.6947
6571,6.0
6572,10.5182
6573,10.648
6574,7.1946
6575,15.2367
6576,6.5344
6577,12.2668
6578,10.5827
6579,13.4094
6580,13.4283
6581,7.2879
6582,15.4915
6583,13.8375
6584,9.1986
6585,6.0
6586,6.9353
6587,11.8983
6588,12.9296
6589,13.5253
6590,10.6155
6591,19.7731
6592,18.398
6593,15.3856
6594,7.5603
6595,13.6989
6596,14.049
6597,7.3869
6598,13.5086
6599,17.4513
6600,15.8628
6601,9.2668
6602,16.1732
6603,16.8826
6604,16.1119
6605,8.1917
6606,9.9407
6607,14.7449
6608,12.5796
6609,10.8551
6610,13.0381
6611,16.0386
6612,15.0849
6613,13.9764
6614,10.3701
6615,13.6103
6616,10.7901
6617,9.61
6618,14.5997
6619,10.5591
6620,9.518
6621,13.2734
6622,17.6974
6623,11.1611
6624,16.7853
6625,7.032
6626,10.9426
6627,7.9876
6628,6.1302
6629,12.2126
6630,12.594
6631,8.1283
6632,13.7571
6633,7.5012
6634,10.9578
6635,12.2115
6636,8.8576
6637,8.0172
6638,9.1238
6639,11.0839
6640,9.9349
6641,19.1648
6642,14.3188
6643,12.4444
6644,11.1521
6645,12.5877
6646,17.5647
6647,12.2592
6648,14.92
6649,6.7977
6650,8.4698
6651,14.3518
6652,10.4485
6653,10.5434
6654,7.0227
6655,14.5451
6656,18.7516
6657,15.2307
6658,12.877
6659,10.5863
6660,10.0437
6661,14.1626
6662,15.6766
6663,6.7468
6664,8.9748
6665,13.213
6666,10.7472
6667,9.5279
6668,11.9633
6669,12.8589
6670,15.129
6671,15.7634
6672,10.9615
6673,6.1737
6674,9.6339
6675,6.2402
6676,11.5653
6677,16.9125
6678,12.7193
6679,19.117
6680,11.7951
6681,8.6856
6682,6.9666
6683,11.064
6684,15.9926
6685,12.8115
6686,20.0447
6687,17.2374
6688,14.2438
6689,12.6179
6690,14.1103
6691,12.8526
6692,9.9277
6693,14.4111
6694,6.5848
6695,13.7203
6696,6.0024
6697,8.051
6698,7.6867
6699,6.7104
6700,14.0169
6701,17.9714
6702,8.9325
6703,9.4788
6704,18.9433
6705,12.1889
6706,13.4208
6707,7.1623
6708,14.7703
6709,14.4121
6710,8.1248
6711,9.9159
6712,12.4821
6713,11.613
6714,9.0235
6715,11.6466
6716,13.6335
6717,11.7347
6718,12.406
6719,11.8239
6720,12.2915
6721,6.8645
6722,11.3931
6723,11.5703
6724,12.2354
6725,9.5831
6726,9.5354
6727,17.0963
6728,12.7274
6729,11.8487
6730,10.9697
6731,15.1994
6732,15.5235
6733,12.3707
6734,11.7379
6735,14.3774
6736,8.4674
6737,7.4776
6738,14.9124
6739,11.636
6740,10.3641
6741,9.692
6742,11.8046
6743,12.1289
6744,9.4897
6745,18.2438
6746,20.4117
6747,17.429
6748,10.9431
6749,10.9293
6750,14.1605
6751,9.5484
6752,12.9133
6753,15.8038
6754,15.5322
6755,7.1995
6756,11.9495
6757,16.9996
6758,14.5977
6759,9.2109
6760,9.1067
6761,10.5595
6762,12.0399
6763,16.0338
6764,15.8262
6765,13.7066
6766,9.5527
6767,11.1052
6768,15.4433
6769,10.6649
6770,10.3555
6771,11.245
6772,14.3089
6773,13.1501
6774,9.5659
6775,16.1699
6776,14.1312
6777,7.2133
6778,12.1149
6779,15.7891
6780,16.9388
6781,10.0218
6782,14.9354
6783,6.0
6784,8.3582
6785,13.7761
6786,12.0516
6787,7.0007
6788,11.3824
6789,6.1072
6790,8.8894
6791,9.945
6792,10.969
6793,17.048
6794,12.9444
6795,17.4438
6796,7.8154
6797,9.8366
6798,12.4069
6799,15.1156
6800,15.1138
6801,11.6021
6802,7.3782
6803,7.7633
6804,7.6588
6805,14.5481
6806,14.103
6807,10.7513
6808,7.5835
6809,17.096
6810,7.0677
6811,15.2187
6812,8.2303
6813,12.6502
6814,7.074
6815,13.1684
6816,8.2084
6817,12.7453
6818,6.8489
6819,14.3119
6820,8.4939
6821,9.0975
6822,8.1062
6823,14.4629
6824,11.8228
6825,11.8018
6826,15.8027
6827,10.416
6828,7.3291
6829,9.8274
6830,11.1712
6831,15.1132
6832,13.8615
6833,12.5566
6834,10.8572
6835,12.5779
6836,10.5081
6837,15.3392
6838,17.441
6839,15.3631
6840,9.0251
6841,12.0311
6842,18.4358
6843,11.6569
6844,13.9385
6845,14.7747
6846,13.1804
6847,17.0159
6848,14.3584
6849,12.9062
6850,17.1725
6851,8.8113
6852,13.9137
6853,18.2804
6854,8.8066
6855,7.1526
6856,6.2727
6857,11.8622
6858,11.3379
6859,20.4614
6860,10.777
6861,9.7131
6862,8.771
6863,8.0835
6864,10.7626
6865,9.993
6866,19.4571
6867,17.075
6868,11.3592
6869,14.4745
6870,11.1274
6871,8.0356
6872,7.9121
6873,11.2318
6874,9.0216
6875,20.6775
6876,10.4583
6877,10.7933
6878,6.8616
6879,14.5654
6880,13.868
6881,10.2545
6882,14.4424
6883,12.8084
6884,15.3784
6885,8.1997
6886,13.4593
6887,16.2881
6888,12.1255
6889,15.8224
6890,8.5506
6891,8.9921
6892,14.862
6893,14.2022
6894,17.5861
6895,13.8963
6896,11.8628
6897,9.211
6898,10.7721
6899,10.8964
6900,8.9843
6901,11.7849
6902,14.2978
6903,16.6542
6904,13.2029
6905,12.5855
6906,12.3179
6907,9.7191
6908,10.58
6909,14.2542
6910,11.4562
6911,13.5908
6912,12.1619
6913,13.7064
6914,10.4347
6915,12.507
6916,11.6228
6917,8.3143
6918,10.8406
6919,7.5098
6920,13.9002
6921,9.4046
6922,9.1275
6923,16.7305
6924,10.3552
6925,16.3966
6926,13.6897
6927,9.0406
6928,14.1471
6929,11.791
6930,11.6926
6931,8.8006
6932,13.5875
6933,12.0474
6934,14.8024
6935,8.4169
6936,14.1262
6937,7.7587
6938,8.3756
6939,8.0039
6940,19.3738
6941,10.1998
6942,16.6239
6943,14.2732
6944,15.0515
6945,10.3546
6946,10.2994
6947,14.4721
6948,16.6112
6949,20.183
6950,14.091
6951,11.7232
6952,11.8083
6953,12.7121
6954,13.7909
6955,10.9462
6956,7.9615
6957,12.1468
6958,8.2136
6959,15.2924
6960,8.721
6961,17.6075
6962,7.0228
6963,13.1089
6964,11.3849
6965,10.5468
6966,10.9984
6967,15.2135
6968,16.0728
6969,8.3811
6970,7.119
6971,9.011
6972,9.9457
6973,12.5348
6974,14.6804
6975,13.1087
6976,16.31
6977,16.2173
6978,12.8828
6979,13.9366
6980,16.5531
6981,10.0174
6982,11.5322
6983,13.2959
6984,12.8378
6985,8.9147
6986,6.9268
6987,11.9566
6988,6.4216
6989,7.0733
6990,15.6145
6991,9.9265
6992,10.2979
6993,11.1235
6994,14.4168
6995,8.7559
6996,9.2893
6997,8.6419
6998,8.3962
6999,16.4156
7000,8.2155
7001,12.888
7002,14.8753
7003,15.6934
7004,10.0841
7005,7.7574
7006,11.128
7007,7.4671
7008,9.3923
7009,9.0912
7010,11.3352
7011,16.5814
7012,14.8695
7013,15.8301
7014,8.1742
7015,17.1343
7016,16.0421
7017,11.6474
7018,14.8904
7019,7.0666
7020,6.5199
7021,14.9062
7022,10.0458
7023,12.0276
7024,11.9025
7025,12.2043
7026,15.4734
7027,7.2919
7028,18.9232
7029,11.7474
7030,12.3473
7031,11.2543
7032,10.6549
7033,11.5077
7034,11.327
7035,13.2402
7036,11.9065
7037,16.083
7038,8.9021
7039,14.8705
7040,7.5
7041,12.5313
7042,15.4657
7043,11.076
7044,16.3173
7045,11.9705
7046,16.0316
7047,13.4953
7048,7.2085
7049,15.6338
7050,10.2197
7051,7.1199
7052,6.3885
7053,17.7141
7054,12.3407
7055,9.5637
7056,15.4138
7057,6.0717
7058,8.9325
7059,14.7201
7060,16.1136
7061,12.2973
7062,9.8524
7063,9.472
7064,9.1678
7065,10.2671
7066,9.5403
7067,11.0155
7068,12.9744
7069,9.2017
7070,9.1887
7071,14.3787
7072,17.9553
7073,17.1027
7074,11.1237
7075,10.2096
7076,11.9675
7077,16.281
7078,13.7788
7079,11.4586
7080,15.5055
7081,16.6278
7082,14.7964
7083,6.2213
7084,7.2421
7085,8.1518
7086,13.9366
7087,18.2714
7088,12.0419
7089,9.929
7090,6.7628
7091,17.0059
7092,12.4913
7093,12.6629
7094,10.4797
7095,9.31
7096,8.8105
7097,15.996
7098,12.3064
7099,11.1539
7100,12.9378
7101,14.6805
7102,11.236
7103,9.2775
7104,13.426
7105,8.683
7106,7.2008
7107,13.249
7108,11.0837
7109,11.9988
7110,7.5676
7111,10.3049
7112,12.6477
7113,9.0547
7114,9.2334
7115,14.6667
7116,11.4463
7117,12.2837
7118,9.2001
7119,15.1228
7120,8.1023
7121,10.5384
7122,12.5387
7123,10.0138
7124,8.87
7125,8.7861
7126,8.2909
7127,12.8961
7128,12.2433
7129,15.1475
7130,17.0499
7131,9.9897
7132,14.4047
7133,11.0903
7134,13.6439
7135,15.0197
7136,11.2272
7137,10.3229
7138,9.0372
7139,9.3739
7140,15.0705
7141,13.037
7142,13.0798
7143,6.832
7144,10.5572
7145,18.4212
7146,12.7042
7147,15.8573
7148,7.3612
7149,9.3191
7150,15.3974
7151,11.487
7152,13.842
7153,7.9237
7154,15.8647
7155,16.1034
7156,14.4711
7157,13.1298
7158,11.2036
7159,12.7532
7160,11.3552
7161,13.1718
7162,15.853
7163,9.4381
7164,11.2295
7165,10.5572
7166,11.5792
7167,12.0037
7168,13.6962
7169,15.3954
7170,6.5571
7171,16.513
7172,11.9114
7173,9.0928
7174,8.1114
7175,13.5977
7176,16.0079
7177,7.2632
7178,6.9242
7179,11.8522
7180,7.0216
7181,13.8242
7182,12.267
7183,11.4833
7184,18.7634
7185,15.0327
7186,8.1748
7187,11.4277
7188,16.5451
7189,16.1576
7190,14.4846
7191,12.7016
7192,14.9647
7193,15.2954
7194,15.4662
7195,17.4662
7196,15.8047
7197,6.6224
7198,12.4828
7199,13.3606
7200,11.9786
7201,7.6003
7202,9.7881
7203,6.4217
7204,9.5052
7205,16.5781
7206,20.6121
7207,12.5874
7208,9.8517
7209,18.365
7210,10.55
7211,8.257
7212,6.5747
7213,9.6296
7214,9.0525
7215,16.4536
7216,6.5643
7217,6.0
7218,17.3695
7219,17.359
7220,19.9849
7221,14.6014
7222,10.8407
7223,17.0379
7224,7.2546
7225,10.2122
7226,15.8692
7227,14.4078
7228,15.9427
7229,9.6664
7230,15.7786
7231,14.5484
7232,10.6508
7233,10.5772
7234,16.4966
7235,16.587
7236,14.6213
7237,11.3466
7238,13.5703
7239,6.883
7240,13.6337
7241,10.8142
7242,17.7571
7243,11.3817
7244,12.1971
7245,8.8473
7246,8.9504
7247,10.7704
7248,7.6086
7249,10.6604
7250,8.7836
7251,15.784
7252,6.7176
7253,9.4343
7254,7.5115
7255,13.9082
7256,15.8338
7257,6.0
7258,11.5497
7259,9.0422
7260,10.6616
7261,14.011
7262,10.9424
7263,16.9896
7264,7.1306
7265,10.5905
7266,13.488
7267,6.0
7268,8.7501
7269,12.2239
7270,8.7906
7271,15.7409
7272,7.7582
7273,18.2058
7274,13.0393
7275,12.5398
7276,13.7216
7277,14.5388
7278,10.1102
7279,10.6862
7280,14.5253
7281,7.3212
7282,15.1118
7283,16.2778
7284,7.8217
7285,19.4007
7286,10.8396
7287,10.9499
7288,14.2434
7289,14.1158
7290,11.9385
7291,12.4436
7292,17.2231
7293,8.1438
7294,17.0225
7295,14.8762
7296,7.0538
7297,9.1446
7298,13.6786
7299,16.2538
7300,16.1577
7301,10.0325
7302,12.324
7303,13.2514
7304,10.5128
7305,14.3248
7306,13.7298
7307,11.9168
7308,19.0449
7309,12.5875
7310,14.0402
7311,12.9375
7312,10.9887
7313,13.3458
7314,10.9615
7315,18.4375
7316,11.704
7317,6.124
7318,17.3674
7319,10.4395
7320,15.6744
7321,11.1833
7322,9.2521
7323,12.6261
7324,11.0751
7325,9.2366
7326,13.2483
7327,9.2573
7328,15.5498
7329,11.6013
7330,13.759
7331,14.0411
7332,7.5331
7333,17.6457
7334,9.1651
7335,13.275
7336,9.9731
7337,12.6132
7338,8.4552
7339,6.8723
7340,18.7007
7341,10.2857
7342,12.0397
7343,8.3513
7344,19.05
7345,10.2406
7346,10.7972
7347,6.5989
7348,14.8093
7349,10.6707
7350,13.9974
7351,17.0613
7352,14.5709
7353,17.0148
7354,16.6376
7355,12.2272
7356,11.6012
7357,11.5854
7358,13.9698
7359,11.9183
7360,14.0081
7361,14.7514
7362,15.6096
7363,9.8179
7364,14.6803
7365,16.2708
7366,8.1177
7367,12.8361
7368,12.0068
7369,9.1952
7370,13.3835
7371,12.9548
7372,7.0192
7373,6.0
7374,10.9121
7375,15.021
7376,10.9501
7377,12.3482
7378,10.1556
7379,14.747
7380,18.1417
7381,10.0174
7382,6.0186
7383,11.8131
7384,14.5213
7385,7.553
7386,15.0466
7387,7.9261
7388,7.1366
7389,17.5199
7390,14.0142
7391,15.7155
7392,9.8949
7393,9.8158
7394,9.0583
7395,8.234
7396,8.9323
7397,12.1979
7398,9.0097
7399,12.799
7400,8.506
7401,15.7912
7402,9.3819
7403,7.7483
7404,8.8102
7405,10.5307
7406,10.2539
7407,10.1193
7408,16.2372
7409,17.0141
7410,11.6819
7411,8.1007
7412,15.435
7413,12.6552
7414,9.5566
7415,9.5484
7416,10.6666
7417,6.5723
7418,16.7694
7419,7.6633
7420,11.4524
7421,15.0255
7422,6.9179
7423,18.2082
7424,18.7327
7425,10.8823
7426,17.9416
7427,14.9183
7428,14.6907
7429,14.0365
7430,18.7774
7431,12.6356
7432,13.0571
7433,8.738
7434,7.2552
7435,11.531
7436,14.1685
7437,14.8306
7438,8.0664
7439,7.4134
7440,15.7942
7441,14.4774
7442,12.4307
7443,13.746
7444,11.7095
7445,9.1643
7446,15.6109
7447,6.2581
7448,15.4384
7449,9.3087
7450,12.9778
7451,8.3537
7452,8.6013
7453,12.8301
7454,10.3714
7455,17.208
7456,11.3233
7457,11.0876
7458,8.0017
7459,15.3104
7460,6.542
7461,18.1149
7462,15.0925
7463,15.1773
7464,12.1424
7465,12.6161
7466,17.4888
7467,15.6415
7468,12.4851
7469,7.6964
7470,15.5425
7471,10.0588
7472,11.0815
7473,15.9395
7474,11.4936
7475,11.6777
7476,14.7525
7477,12.1399
7478,11.6707
7479,15.4523
7480,15.4505
7481,7.9922
7482,9.0015
7483,12.15
7484,18.9654
7485,6.613
7486,14.0973
7487,14.2832
7488,9.5611
7489,11.1128
7490,6.5082
7491,12.5692
7492,10.3662
7493,12.1958
7494,11.2707
7495,10.0718
7496,19.0759
7497,9.9272
7498,16.8464
7499,13.4038
7500,11.0378
7501,8.952
7502,15.2346
7503,13.4894
7504,12.4627
7505,13.4251
7506,17.1297
7507,7.4393
7508,15.5845
7509,8.487
7510,14.5301
7511,17.2741
7512,13.5915
7513,17.0355
7514,13.9056
7515,8.4759
7516,12.6263
7517,14.8503
7518,11.0023
7519,9.3438
7520,7.3652
7521,12.595
7522,12.2591
7523,14.7613
7524,11.0525
7525,7.0189
7526,13.187
7527,10.678
7528,8.3052
7529,10.8667
7530,7.2654
7531,12.2127
7532,19.5943
7533,10.1139
7534,8.9045
7535,9.05
7536,8.4861
7537,10.0408
7538,14.5659
7539,9.7938
7540,10.3829
7541,16.291
7542,13.7997
7543,10.8685
7544,14.651
7545,17.7603
7546,11.4551
7547,6.285
7548,14.4556
7549,17.3677
7550,15.7702
7551,13.4748
7552,10.9679
7553,15.7075
7554,12.7158
7555,6.7918
7556,18.5614
7557,14.0917
7558,6.5946
7559,11.63
7560,15.8961
7561,7.4437
7562,8.2593
7563,13.1955
7564,7.7869
7565,9.6461
7566,8.8927
7567,11.7429
7568,12.3481
7569,11.2642
7570,10.9587
7571,9.1939
7572,15.4615
7573,6.9415
7574,15.8817
7575,12.356
7576,11.6274
7577,7.1634
7578,9.4121
7579,8.9051
7580,12.8248
7581,7.6084
7582,10.7766
7583,15.0384
7584,13.8512
7585,13.8382
7586,12.7279
7587,7.8592
7588,10.6062
7589,11.8218
7590,15.9676
7591,14.2692
7592,8.0931
7593,14.4301
7594,12.0839
7595,11.0299
7596,13.0882
7597,11.0584
7598,13.3077
7599,10.4878
7600,7.2416
7601,15.7994
7602,17.8207
7603,16.3647
7604,10.8902
7605,9.9004
7606,16.4655
7607,10.1687
7608,8.6928
7609,12.8825
7610,7.2624
7611,12.7592
7612,15.5502
7613,11.3173
7614,11.4244
7615,9.834
7616,14.1613
7617,12.2582
7618,8.1197
7619,15.8469
7620,15.4473
7621,13.1715
7622,14.3423
7623,8.04
7624,7.7625
7625,14.7005
7626,15.6753
7627,14.3332
7628,17.2368
7629,10.3407
7630,10.0274
7631,15.1271
7632,10.7677
7633,13.2916
7634,7.982
7635,16.7753
7636,7.6641
7637,19.5255
7638,16.1522
7639,17.2766
7640,18.6234
7641,10.1079
7642,6.7395
7643,13.9101
7644,9.505
7645,6.0083
7646,16.4737
7647,15.3286
7648,19.9754
7649,12.4187
7650,15.2846
7651,6.226
7652,13.4845
7653,8.5147
7654,10.0865
7655,14.5271
7656,10.8755
7657,21.0056
7658,11.3096
7659,10.3386
7660,14.2804
7661,8.8707
7662,11.16
7663,6.5311
7664,6.7204
7665,15.7308
7666,16.2323
7667,8.0027
7668,17.093
7669,7.512
7670,15.6639
7671,9.1877
7672,6.7062
7673,10.5699
7674,18.0916
7675,7.5748
7676,16.672
7677,8.1031
7678,11.9127
7679,16.6175
7680,8.0877
7681,13.7604
7682,16.0355
7683,13.262
7684,12.3975
7685,11.0158
7686,10.3579
7687,12.0863
7688,13.9217
7689,11.1231
7690,9.4438
7691,8.2845
7692,8.9165
7693,8.6602
7694,7.5662
7695,14.9831
7696,12.7522
7697,12.3395
7698,9.2328
7699,8.3008
7700,7.9334
7701,11.0789
7702,13.3761
7703,14.7225
7704,7.2214
7705,10.0963
7706,11.816
7707,18.7831
7708,10.4782
7709,13.8076
7710,9.8173
7711,18.6963
7712,7.152
7713,12.1641
7714,6.3976
7715,6.0
7716,11.2265
7717,18.8551
7718,7.1442
7719,11.1351
7720,13.7609
7721,13.2817
7722,11.7907
7723,7.0825
7724,12.5053
7725,16.5949
7726,9.7023
7727,6.6204
7728,7.2179
7729,19.7323
7730,16.5772
7731,9.7077
7732,6.3355
7733,12.8322
7734,13.2454
7735,7.0248
7736,10.1697
7737,6.2249
7738,17.234
7739,8.0284
7740,16.7981
7741,15.5361
7742,8.0437
7743,12.4755
7744,10.1584
7745,11.2472
7746,8.2266
7747,10.3772
7748,14.121
7749,9.1639
7750,8.6043
7751,16.4836
7752,8.2033
7753,11.5659
7754,12.7966
7755,9.5451
7756,6.7058
7757,6.8402
7758,15.6695
7759,8.0094
7760,14.7349
7761,7.6813
7762,9.7452
7763,8.9286
7764,14.2184
7765,13.4041
7766,11.0906
7767,9.0883
7768,8.6394
7769,6.1637
7770,16.3871
7771,10.1866
7772,6.5659
7773,9.951
7774,9.0389
7775,10.5722
7776,13.8623
7777,15.7579
7778,13.1163
7779,12.7267
7780,16.3992
7781,8.4619
7782,11.179
7783,16.1892
7784,8.2931
7785,13.869
7786,13.0217
7787,9.248
7788,7.7217
7789,10.4095
7790,6.7884
7791,11.3684
7792,11.1254
7793,9.1222
7794,13.2813
7795,7.0224
7796,16.7717
7797,7.4941
7798,17.2434
7799,9.9225
7800,11.9555
7801,16.5764
7802,16.0244
7803,16.2585
7804,15.0652
7805,12.0468
7806,12.2104
7807,15.4933
7808,6.8357
7809,7.6926
7810,10.2836
7811,13.3414
7812,16.5377
7813,6.6348
7814,13.4847
7815,12.0407
7816,8.1734
7817,14.9755
7818,11.1391
7819,17.2009
7820,12.3826
7821,14.995
7822,10.9785
7823,10.1015
7824,13.5844
7825,10.8965
7826,15.1594
7827,13.3172
7828,21.9504
7829,12.31
7830,8.9229
7831,19.4416
7832,14.991
7833,8.6822
7834,9.0442
7835,13.3848
7836,10.6521
7837,8.8161
7838,13.922
7839,17.2646
7840,11.8917
7841,7.3575
7842,9.028
7843,13.3275
7844,18.2894
7845,8.4536
7846,12.3969
7847,8.7981
7848,17.022
7849,12.3367
7850,6.7998
7851,13.3802
7852,10.8747
7853,9.1218
7854,15.5143
7855,7.1452
7856,7.8178
7857,6.0
7858,11.8849
7859,10.6489
7860,12.0334
7861,12.6898
7862,6.7948
7863,11.8203
7864,9.2563
7865,8.022
7866,12.6849
7867,12.7047
7868,8.9814
7869,10.8441
7870,11.7569
7871,8.3205
7872,7.5352
7873,19.415
7874,6.0
7875,14.6507
7876,11.0877
7877,11.1484
7878,7.8849
7879,13.1603
7880,6.7112
7881,16.4142
7882,15.3987
7883,12.961
7884,11.6079
7885,14.3049
7886,8.7053
7887,12.6786
7888,9.2348
7889,13.02
7890,12.646
7891,14.9425
7892,8.2565
7893,7.8534
7894,6.6688
7895,11.3297
7896,13.0075
7897,8.8642
7898,13.2086
7899,12.5869
7900,15.0375
7901,7.5836
7902,7.7493
7903,18.4058
7904,12.338
7905,11.2033
7906,14.8185
7907,10.0689
7908,12.9462
7909,6.0
7910,11.3215
7911,6.6164
7912,8.3875
7913,13.2531
7914,9.546
7915,8.8746
7916,10.7664
7917,7.4628
7918,7.1959
7919,6.0
7920,9.6888
7921,14.1693
7922,17.9399
7923,15.5165
7924,12.6517
7925,13.4975
7926,16.0157
7927,9.4659
7928,6.8813
7929,9.2805
7930,7.8578
7931,9.7805
7932,13.0985
7933,18.4068
7934,11.3472
7935,17.7128
7936,10.3725
7937,8.0354
7938,14.6622
7939,13.5765
7940,7.7688
7941,6.4471
7942,14.5254
7943,7.561
7944,16.6608
7945,12.1204
7946,14.9422
7947,16.1892
7948,6.7472
7949,14.8645
7950,9.1119
7951,13.3285
7952,12.1866
7953,18.1359
7954,14.8603
7955,13.3455
7956,14.8485
7957,13.9575
7958,9.8498
7959,12.6538
7960,12.4158
7961,11.5699
7962,17.7276
7963,8.0693
7964,12.9364
7965,6.1651
7966,10.2572
7967,16.2051
7968,10.6017
7969,7.5844
7970,17.5531
7971,8.2533
7972,12.1315
7973,10.3313
7974,13.8487
7975,7.3969
7976,7.0343
7977,9.3356
7978,13.3584
7979,7.9407
7980,7.4674
7981,11.7496
7982,11.1418
7983,10.0587
7984,10.2564
7985,10.8125
7986,6.0
7987,16.5689
7988,11.0373
7989,13.3611
7990,13.9919
7991,6.6965
7992,11.5265
7993,16.6696
7994,8.7616
7995,12.5114
7996,13.0018
7997,14.885
7998,13.7679
7999,6.2143
8000,7.7848
8001,7.8947
8002,7.18
8003,14.4986
8004,15.6769
8005,6.0288
8006,6.9021
8007,14.2845
8008,13.4636
8009,12.2283
8010,7.2979
8011,13.802
8012,8.2588
8013,8.1349
8014,14.3781
8015,9.1723
8016,12.2543
8017,8.2701
8018,9.8309
8019,11.2379
8020,11.2797
8021,14.4675
8022,11.8455
8023,10.0455
8024,11.3089
8025,7.8731
8026,6.549
8027,12.8592
8028,13.1762
8029,11.5589
8030,14.4079
8031,16.572
8032,18.1694
8033,15.8534
8034,14.5185
8035,9.562
8036,11.247
8037,7.65
8038,10.0981
8039,6.9089
8040,8.3295
8041,13.3827
8042,16.35
8043,9.9049
8044,9.8546
8045,12.249
8046,10.6543
8047,15.565
8048,7.4122
8049,17.3279
8050,13.697
8051,13.0841
8052,14.9973
8053,10.2107
8054,9.3136
8055,10.6787
8056,11.0657
8057,16.9493
8058,8.6542
8059,15.0613
8060,10.9876
8061,10.4478
8062,9.6731
8063,6.0
8064,9.0718
8065,14.0607
8066,7.6419
8067,18.2373
8068,11.6914
8069,9.9002
8070,14.5282
8071,14.4995
8072,9.6128
8073,8.1322
8074,12.8814
8075,15.784
8076,10.5472
8077,15.4599
8078,11.9652
8079,12.3693
8080,8.7158
8081,15.5304
8082,19.5488
8083,8.353
8084,8.3188
8085,13.8817
8086,7.3939
8087,16.2374
8088,7.3281
8089,17.8512
8090,9.1323
8091,15.1286
8092,12.0925
8093,12.7863
8094,9.3043
8095,13.8963
8096,13.767
8097,10.5099
8098,17.4417
8099,10.7048
8100,18.56
8101,7.4846
8102,18.947
8103,6.3924
8104,12.1621
8105,11.691
8106,15.4466
8107,14.0157
8108,12.2799
8109,7.1576
8110,16.6288
8111,12.0871
8112,8.775
8113,8.407
8114,14.5778
8115,10.9015
8116,8.8713
8117,10.4084
8118,13.2796
8119,9.6308
8120,6.6861
8121,9.6478
8122,13.5859
8123,16.1732
8124,7.1988
8125,13.2648
8126,14.4287
8127,11.6133
8128,15.3786
8129,7.8786
8130,12.7987
8131,14.9856
8132,13.3338
8133,8.2327
8134,15.4314
8135,12.7698
8136,7.2449
8137,13.8837
8138,15.1983
8139,14.0545
8140,10.89
8141,15.0626
8142,11.7903
8143,14.3778
8144,17.0905
8145,12.9164
8146,11.3279
8147,6.9054
8148,7.2765
8149,8.9178
8150,8.9807
8151,14.1072
8152,13.0041
8153,13.4884
8154,11.3746
8155,12.521
8156,7.0223
8157,11.1521
8158,15.0473
8159,13.0308
8160,10.8676
8161,15.0649
8162,11.8678
8163,13.2613
8164,10.0301
8165,12.8344
8166,13.9398
8167,16.6653
8168,17.7773
8169,8.5259
8170,14.9844
8171,7.9718
8172,16.2913
8173,14.6199
8174,8.2125
8175,10.9406
8176,7.7978
8177,12.7596
8178,12.4216
8179,12.4977
8180,11.3487
8181,8.3016
8182,12.1305
8183,10.6483
8184,15.8335
8185,16.0285
8186,8.4555
8187,15.704
8188,14.6033
8189,15.9922
8190,15.6454
8191,10.3031
8192,8.9073
8193,13.1957
8194,9.2124
8195,13.0942
8196,10.7683
8197,16.7664
8198,14.2223
8199,6.7382
8200,17.799
8201,11.0617
8202,7.897
8203,12.6211
8204,13.7584
8205,12.0719
8206,15.3256
8207,12.874
8208,8.7412
8209,13.8032
8210,14.6746
8211,9.8631
8212,13.8789
8213,7.4001
8214,7.1518
8215,9.3068
8216,14.8738
8217,16.0225
8218,23.2471
8219,8.8617
8220,15.5587
8221,10.931
8222,17.0575
8223,8.0409
8224,11.8805
8225,16.5603
8226,8.8482
8227,8.1604
8228,9.1173
8229,8.5951
8230,15.2478
8231,14.7588
8232,19.2556
8233,9.8738
8234,11.6448
8235,9.3091
8236,11.5044
8237,11.8286
8238,9.2794
8239,13.3041
8240,8.2482
8241,10.6614
8242,14.4671
8243,9.6209
8244,7.1786
8245,11.3987
8246,13.4427
8247,17.3631
8248,12.1494
8249,11.4436
8250,8.4692
8251,12.6716
8252,10.7348
8253,8.5662
8254,10.5363
8255,18.9255
8256,12.6427
8257,6.4424
8258,10.0546
8259,10.9348
8260,10.6146
8261,17.1958
8262,13.9387
8263,10.9152
8264,12.8217
8265,6.8997
8266,16.4384
8267,15.3392
8268,13.2115
8269,16.0966
8270,8.8466
8271,12.8459
8272,14.2016
8273,10.6526
8274,8.448
8275,8.7383
8276,13.3787
8277,12.1861
8278,11.8618
8279,17.3363
8280,9.0148
8281,9.668
8282,11.1087
8283,15.8481
8284,13.603
8285,9.8396
8286,9.001
8287,10.665
8288,14.7297
8289,16.5205
8290,8.9513
8291,17.2933
8292,13.3151
8293,14.153
8294,13.9072
8295,11.4448
8296,7.8475
8297,7.2192
8298,15.9814
8299,19.3678
8300,11.2202
8301,11.5728
8302,13.7104
8303,12.572
8304,13.2084
8305,15.5788
8306,15.3721
8307,13.8785
8308,17.12
8309,10.5992
8310,12.5119
8311,11.9836
8312,7.9129
8313,10.5813
8314,10.4262
8315,15.9861
8316,14.0255
8317,18.8329
8318,13.2995
8319,18.7115
8320,6.18
8321,14.1198
8322,6.4891
8323,10.6483
8324,9.5132
8325,12.682
8326,10.1145
8327,10.6145
8328,9.8554
8329,9.9546
8330,8.4691
8331,12.5578
8332,16.0938
8333,11.5174
8334,15.5021
8335,10.5905
8336,7.2984
8337,16.1127
8338,8.4071
8339,7.8379
8340,12.3088
8341,8.3883
8342,9.0597
8343,9.3332
8344,7.5577
8345,11.9477
8346,11.5221
8347,11.1896
8348,11.9505
8349,6.0286
8350,12.9003
8351,10.7371
8352,17.0806
8353,9.0982
8354,15.2038
8355,13.5561
8356,8.0647
8357,11.7479
8358,9.4816
8359,6.4825
8360,16.1105
8361,14.431
8362,10.93
8363,8.4814
8364,18.1
8365,12.1459
8366,13.892
8367,7.666
8368,10.1636
8369,12.7949
8370,12.2614
8371,8.8641
8372,14.2904
8373,7.1413
8374,11.6569
8375,19.3251
8376,6.1671
8377,19.7585
8378,6.0
8379,8.2482
8380,15.147
8381,13.0789
8382,11.4979
8383,9.6361
8384,18.4804
8385,8.3121
8386,20.0035
8387,9.1525
8388,11.3455
8389,11.5561
8390,9.6369
8391,8.1608
8392,7.5199
8393,11.7722
8394,7.6065
8395,8.326
8396,14.265
8397,7.1995
8398,12.3533
8399,11.1683
8400,13.7247
8401,7.7719
8402,17.1907
8403,23.3569
8404,7.8138
8405,10.5144
8406,11.8616
8407,11.5814
8408,12.0038
8409,12.8015
8410,9.8498
8411,10.699
8412,10.7967
8413,19.4141
8414,9.6585
8415,13.3905
8416,13.0203
8417,6.6654
8418,7.0475
8419,16.8718
8420,12.4682
8421,18.8801
8422,12.7812
8423,10.2496
8424,14.9047
8425,17.2759
8426,15.551
8427,11.4829
8428,8.4478
8429,12.2281
8430,16.3859
8431,9.5206
8432,16.1792
8433,11.829
8434,16.9539
8435,21.1543
8436,13.2495
8437,12.6137
8438,13.9977
8439,14.6623
8440,16.2507
8441,12.2072
8442,17.0667
8443,11.6688
8444,15.7563
8445,10.4684
8446,9.7223
8447,11.2078
8448,7.5661
8449,16.0005
8450,6.0
8451,17.6979
8452,8.447
8453,11.6885
8454,15.2661
8455,7.3283
8456,19.0865
8457,13.0644
8458,12.6139
8459,17.112
8460,15.3509
8461,16.3979
8462,14.2781
8463,19.5882
8464,11.3405
8465,12.5483
8466,9.3603
8467,13.9967
8468,16.4102
8469,16.4757
8470,13.9721
8471,13.4283
8472,15.0499
8473,12.7169
8474,7.1496
8475,15.399
8476,9.2304
8477,11.3413
8478,11.006
8479,6.1994
8480,17.192
8481,11.1951
8482,7.892
8483,12.8814
8484,11.1827
8485,13.1851
8486,16.337
8487,10.5627
8488,16.3286
8489,10.3606
8490,9.3544
8491,17.5164
8492,12.0388
8493,16.4099
8494,11.0116
8495,12.3122
8496,16.1883
8497,16.312
8498,12.5153
8499,14.4953
8500,11.0189
8501,8.9435
8502,13.4051
8503,13.2332
8504,16.0432
8505,13.7651
8506,14.4331
8507,6.1795
8508,14.0381
8509,15.8065
8510,10.5874
8511,13.4468
8512,13.8734
8513,18.9695
8514,12.4425
8515,10.8234
8516,12.6515
8517,14.7526
8518,16.9554
8519,19.5251
8520,6.2741
8521,15.6902
8522,10.6426
8523,12.0351
8524,12.7238
8525,15.0338
8526,10.9648
8527,10.685
8528,17.5717
8529,15.1117
8530,9.4144
8531,15.7696
8532,7.9478
8533,22.8301
8534,12.703
8535,12.281
8536,13.3931
8537,11.1785
8538,7.2824
8539,15.4902
8540,6.785
8541,16.1829
8542,9.0273
8543,11.1506
8544,16.9095
8545,18.6067
8546,15.8942
8547,9.4938
8548,11.7685
8549,10.4312
8550,10.8709
8551,12.8407
8552,11.8485
8553,10.5494
8554,11.7383
8555,10.3815
8556,10.2149
8557,19.4389
8558,9.4834
8559,7.577
8560,12.8621
8561,11.8368
8562,11.917
8563,9.2299
8564,16.0849
8565,13.074
8566,9.737
8567,8.145
8568,13.6558
8569,7.1732
8570,11.9012
8571,12.0075
8572,9.5977
8573,10.4257
8574,19.5976
8575,9.19
8576,6.6677
8577,14.8383
8578,10.0958
8579,10.5045
8580,13.8965
8581,12.0073
8582,8.1965
8583,19.4006
8584,14.6601
8585,14.5315
8586,15.2675
8587,14.6164
8588,9.6481
8589,9.3448
8590,14.8117
8591,11.2178
8592,9.711
8593,15.9648
8594,15.2757
8595,20.1132
8596,11.5707
8597,12.7102
8598,9.7876
8599,10.161
8600,7.0815
8601,7.5716
8602,12.6967
8603,11.9202
8604,9.2626
8605,11.7945
8606,6.7244
8607,16.1619
8608,10.1834
8609,7.2802
8610,16.0862
8611,12.1311
8612,10.0454
8613,6.3148
8614,12.5819
8615,13.7606
8616,17.3273
8617,13.0812
8618,8.3478
8619,16.735
8620,6.2407
8621,13.267
8622,18.7594
8623,13.0582
8624,13.1373
8625,12.4541
8626,10.4804
8627,19.0544
8628,16.5235
8629,13.7807
8630,14.7403
8631,12.7348
8632,17.6837
8633,8.4088
8634,16.7622
8635,12.9637
8636,10.5094
8637,13.2222
8638,13.6009
8639,14.7402
8640,10.4725
8641,16.6799
8642,10.6037
8643,9.8886
8644,15.1196
8645,15.7121
8646,10.4837
8647,7.4445
8648,8.3175
8649,11.7263
8650,14.5647
8651,12.1092
8652,8.1514
8653,11.5239
8654,7.4857
8655,15.332
8656,11.4717
8657,13.97
8658,6.9766
8659,8.9899
8660,13.4878
8661,7.6145
8662,15.1311
8663,9.4477
8664,18.1113
8665,10.3336
8666,16.9174
8667,11.9985
8668,10.1692
8669,9.7261
8670,8.8413
8671,9.9607
8672,8.6592
8673,9.9993
8674,9.7161
8675,10.27
8676,16.9641
8677,12.0853
8678,13.4132
8679,13.3643
8680,17.4619
8681,15.8157
8682,18.3288
8683,9.58
8684,14.733
8685,6.1548
8686,16.7085
8687,9.8256
8688,16.3423
8689,6.7382
8690,11.5137
8691,12.7377
8692,15.3233
8693,19.1474
8694,17.0791
8695,10.4413
8696,16.9869
8697,6.8416
8698,12.0066
8699,6.7492
8700,10.4399
8701,12.3919
8702,8.5991
8703,16.0367
8704,13.8854
8705,12.6308
8706,16.7266
8707,12.7221
8708,9.1243
8709,12.6168
8710,11.4556
8711,13.0109
8712,12.3669
8713,8.9749
8714,9.4371
8715,9.8156
8716,10.1392
8717,13.5
8718,14.4495
8719,12.2325
8720,19.674
8721,14.7076
8722,13.7689
8723,10.2848
8724,13.8846
8725,13.8001
8726,9.4703
8727,9.1271
8728,16.4276
8729,17.6826
8730,7.4728
8731,18.4473
8732,9.6173
8733,8.051
8734,6.9662
8735,11.3222
8736,17.4834
8737,15.4341
8738,14.5069
8739,8.2327
8740,9.0536
8741,9.5488
8742,15.4193
8743,10.1165
8744,13.7278
8745,11.4957
8746,8.7471
8747,15.5231
8748,10.7295
8749,12.3884
8750,13.1828
8751,9.7795
8752,12.6823
8753,6.5131
8754,11.3936
8755,10.8497
8756,14.3356
8757,12.0492
8758,13.3553
8759,11.9691
8760,12.6511
8761,9.1384
8762,14.0255
8763,12.1701
8764,13.0406
8765,14.5986
8766,6.8947
8767,14.7212
8768,19.0629
8769,11.7331
8770,14.6692
8771,12.114
8772,13.3122
8773,14.8737
8774,16.1721
8775,17.6339
8776,10.1807
8777,9.8233
8778,16.4669
8779,7.4474
8780,10.9143
8781,12.4501
8782,7.163
8783,10.2771
8784,13.1702
8785,13.9976
8786,8.2233
8787,14.227
8788,15.0103
8789,16.152
8790,15.2255
8791,11.693
8792,8.1843
8793,6.4694
8794,15.0851
8795,12.5128
8796,10.6536
8797,7.099
8798,10.7646
8799,16.7206
8800,17.1798
8801,15.1506
8802,6.0889
8803,10.4381
8804,11.8228
8805,10.4432
8806,11.1101
8807,12.8939
8808,9.3948
8809,13.7163
8810,12.7231
8811,12.8675
8812,11.6983
8813,7.7208
8814,8.0873
8815,6.7227
8816,20.9527
8817,9.8483
8818,10.127
8819,13.0187
8820,15.5526
8821,14.7878
8822,18.3504
8823,16.0628
8824,17.4405
8825,15.8988
8826,12.1359
8827,8.4086
8828,11.7134
8829,10.5437
8830,6.5016
8831,8.3009
8832,18.2356
8833,9.0262
8834,10.2467
8835,11.9958
8836,11.1803
8837,11.7618
8838,8.391
8839,12.7704
8840,10.7171
8841,14.972
8842,10.3863
8843,14.3004
8844,8.9232
8845,7.3587
8846,12.3354
8847,10.4539
8848,7.8649
8849,12.3854
8850,10.5212
8851,13.5183
8852,11.3085
8853,9.424
8854,6.4776
8855,13.4439
8856,10.6997
8857,7.9591
8858,9.5184
8859,15.0833
8860,9.5483
8861,15.2631
8862,8.8076
8863,7.2885
8864,7.1603
8865,8.9094
8866,11.2448
8867,10.5737
8868,12.4111
8869,14.2233
8870,9.5637
8871,8.8975
8872,13.8158
8873,12.7936
8874,8.7498
8875,8.6975
8876,11.8144
8877,9.8381
8878,15.9393
8879,16.5054
8880,11.7799
8881,13.1894
8882,10.214
8883,6.0
8884,9.5128
8885,7.3245
8886,8.1441
8887,10.2966
8888,13.8444
8889,7.7604
8890,20.3674
8891,9.7214
8892,14.8808
8893,11.9143
8894,14.199
8895,21.8213
8896,10.0049
8897,15.3995
8898,16.881
8899,7.7752
8900,9.435
8901,6.5355
8902,7.4517
8903,19.7709
8904,10.8133
8905,15.0261
8906,14.8976
8907,18.1592
8908,15.9883
8909,7.4574
8910,14.3439
8911,13.2341
8912,13.6129
8913,15.7001
8914,15.0656
8915,14.3921
8916,9.1873
8917,10.7173
8918,9.5262
8919,15.5901
8920,6.0
8921,10.3086
8922,19.4618
8923,6.0
8924,15.3628
8925,14.288
8926,10.6299
8927,15.7867
8928,19.1523
8929,17.6606
8930,10.861
8931,10.5933
8932,16.0451
8933,15.9982
8934,14.2258
8935,13.5385
8936,11.5431
8937,12.5944
8938,12.4512
8939,7.4038
8940,15.5877
8941,12.5068
8942,6.9676
8943,17.6936
8944,17.0622
8945,9.4542
8946,14.926
8947,14.907
8948,12.4855
8949,11.8689
8950,13.2741
8951,8.5372
8952,18.1488
8953,19.8388
8954,9.7087
8955,12.9311
8956,14.2391
8957,14.4806
8958,10.9732
8959,10.5372
8960,16.5062
8961,7.8672
8962,8.8352
8963,16.8833
8964,10.3038
8965,13.7019
8966,9.7623
8967,11.2069
8968,7.1218
8969,11.2899
8970,9.6946
8971,12.5701
8972,6.6383
8973,13.4673
8974,7.8953
8975,8.7224
8976,12.4137
8977,11.758
8978,10.4294
8979,13.7094
8980,6.898
8981,10.4844
8982,11.2579
8983,15.4231
8984,16.1444
8985,8.3882
8986,17.4489
8987,12.0405
8988,17.2282
8989,14.1473
8990,12.7398
8991,6.4492
8992,12.8855
8993,16.2272
8994,14.0204
8995,11.5423
8996,16.6644
8997,8.5522
8998,7.9688
8999,14.1192
9000,16.4774
9001,15.1909
9002,9.3694
9003,13.029
9004,6.7204
9005,10.2664
9006,14.2944
9007,14.8649
9008,13.6538
9009,9.5637
9010,10.0107
9011,17.2814
9012,6.8031
9013,9.1644
9014,12.5845
9015,16.3299
9016,10.9775
9017,7.1811
9018,14.7209
9019,10.9412
9020,15.8282
9021,15.1895
9022,7.5574
9023,14.0841
9024,7.056
9025,17.5075
9026,7.8351
9027,8.3177
9028,9.9601
9029,18.352
9030,13.8983
9031,17.1584
9032,11.3596
9033,8.1202
9034,12.6996
9035,6.5717
9036,18.3606
9037,11.4313
9038,15.8826
9039,8.9384
9040,13.9115
9041,11.5943
9042,11.8755
9043,17.7699
9044,11.6712
9045,12.7485
9046,12.2246
9047,8.0493
9048,14.5327
9049,15.2682
9050,10.8719
9051,14.7754
9052,8.0905
9053,9.7027
9054,11.2944
9055,12.3975
9056,6.6119
9057,11.1068
9058,10.098
9059,11.1357
9060,10.7868
9061,14.2064
9062,11.0059
9063,7.3695
9064,9.6738
9065,17.7247
9066,9.7706
9067,6.219
9068,12.2045
9069,10.8902
9070,11.1751
9071,7.5699
9072,11.818
9073,11.6775
9074,9.8656
9075,15.5051
9076,9.0724
9077,13.4066
9078,8.1555
9079,9.1166
9080,6.0
9081,8.7741
9082,12.9625
9083,15.5928
9084,12.8424
9085,12.5449
9086,7.0192
9087,16.5428
9088,7.088
9089,6.2319
9090,9.9082
9091,9.5707
9092,13.092
9093,9.1198
9094,13.4496
9095,16.7762
9096,16.5246
9097,11.7815
9098,11.1792
9099,10.8072
9100,14.0074
9101,12.4043
9102,9.0452
9103,10.4733
9104,9.3444
9105,11.1586
9106,13.592
9107,7.9645
9108,10.3413
9109,16.1602
9110,9.7234
9111,16.8288
9112,6.0
9113,12.9005
9114,11.8293
9115,7.5177
9116,7.3556
9117,10.8585
9118,10.8544
9119,19.0105
9120,11.4843
9121,9.4304
9122,10.6655
9123,17.9955
9124,8.8165
9125,14.649
9126,12.6786
9127,14.2318
9128,20.517
9129,13.6959
9130,6.0
9131,15.767
9132,8.862
9133,15.9404
9134,8.633
9135,9.2122
9136,11.6729
9137,10.9576
9138,12.2452
9139,12.9723
9140,13.2406
9141,13.5863
9142,13.6459
9143,8.2271
9144,7.5829
9145,13.2779
9146,8.3886
9147,17.5756
9148,15.7597
9149,12.3275
9150,6.149
9151,8.7139
9152,15.3721
9153,16.0775
9154,20.6601
9155,10.6663
9156,9.5773
9157,9.9935
9158,13.6425
9159,9.2448
9160,9.1473
9161,10.8732
9162,18.2216
9163,19.0673
9164,13.5074
9165,11.3473
9166,14.8441
9167,13.3402
9168,10.6294
9169,18.8919
9170,9.697
9171,11.8438
9172,10.4631
9173,11.1724
9174,11.8063
9175,14.4903
9176,12.4258
9177,12.8099
9178,12.7064
9179,12.8151
9180,12.4866
9181,15.2713
9182,16.6854
9183,13.2852
9184,6.0039
9185,14.4685
9186,9.4009
9187,12.1493
9188,18.3916
9189,11.7234
9190,17.092
9191,10.1675
9192,7.1005
9193,9.5122
9194,12.2017
9195,10.4006
9196,10.2957
9197,12.5837
9198,15.7036
9199,19.5438
9200,15.7508
9201,10.3764
9202,7.7879
9203,15.2804
9204,16.364
9205,10.4588
9206,17.5491
9207,12.3614
9208,10.9674
9209,14.8188
9210,14.1636
9211,6.216
9212,12.9296
9213,8.8762
9214,14.4443
9215,13.8388
9216,7.484
9217,14.0782
9218,9.5844
9219,11.956
9220,12.0387
9221,10.6512
9222,12.6925
9223,8.0372
9224,11.4986
9225,13.3151
9226,7.3878
9227,6.3871
9228,11.2576
9229,13.0782
9230,13.9453
9231,14.3852
9232,11.1855
9233,12.4615
9234,11.7059
9235,12.1771
9236,17.612
9237,11.6753
9238,13.5803
9239,10.8138
9240,7.8489
9241,12.6667
9242,11.0117
9243,13.8031
9244,6.824
9245,19.8031
9246,16.7374
9247,17.8413
9248,7.8649
9249,8.6336
9250,14.4821
9251,13.2395
9252,9.3495
9253,13.1844
9254,11.599
9255,12.1108
9256,17.0681
9257,9.966
9258,14.8726
9259,10.0391
9260,7.798
9261,8.1639
9262,18.6303
9263,12.416
9264,11.7666
9265,16.4894
9266,9.5033
9267,8.408
9268,12.4325
9269,14.3712
9270,12.7277
9271,18.2368
9272,14.8489
9273,21.0458
9274,12.5948
9275,9.5119
9276,8.6791
9277,13.453
9278,11.4433
9279,14.853
9280,18.0992
9281,12.2464
9282,12.8133
9283,8.8747
9284,12.7424
9285,15.2216
9286,14.4862
9287,13.8035
9288,14.0315
9289,14.2755
9290,14.3005
9291,6.2756
9292,8.2647
9293,11.6448
9294,10.8908
9295,13.8961
9296,13.0581
9297,9.1663
9298,10.913
9299,15.2838
9300,6.0
9301,10.2605
9302,12.8396
9303,9.0604
9304,8.1969
9305,6.7296
9306,11.4733
9307,6.5046
9308,14.6668
9309,11.0775
9310,10.5855
9311,9.9444
9312,14.9376
9313,7.4049
9314,7.2128
9315,8.0338
9316,9.7313
9317,13.2622
9318,9.3597
9319,12.9471
9320,7.6733
9321,10.9738
9322,11.1916
9323,10.781
9324,10.9213
9325,14.889
9326,11.5402
9327,16.5215
9328,10.9857
9329,6.8429
9330,13.6999
9331,6.3737
9332,7.5216
9333,10.8679
9334,10.1416
9335,8.1996
9336,11.8219
9337,10.9931
9338,16.2171
9339,10.6232
9340,15.0922
9341,6.8447
9342,14.57
9343,11.8262
9344,7.1203
9345,10.4611
9346,13.5708
9347,14.6424
9348,7.6815
9349,8.2137
9350,7.8655
9351,14.6028
9352,8.9643
9353,11.2961
9354,15.2753
9355,18.2005
9356,12.0861
9357,6.6221
9358,11.1718
9359,12.1577
9360,9.6362
9361,13.1617
9362,11.3418
9363,8.4488
9364,12.6214
9365,7.0087
9366,8.6095
9367,10.5805
9368,11.9829
9369,10.1922
9370,10.4043
9371,9.8931
9372,12.3523
9373,10.619
9374,9.8407
9375,16.5013
9376,10.7874
9377,6.0368
9378,13.9757
9379,6.0487
9380,16.267
9381,7.2455
9382,16.5525
9383,14.744
9384,7.8233
9385,17.3711
9386,13.9997
9387,17.1877
9388,6.3467
9389,11.6501
9390,15.2076
9391,15.4359
9392,7.5657
9393,6.5382
9394,9.4568
9395,14.0167
9396,9.7725
9397,16.294
9398,9.7604
9399,17.1232
9400,10.9857
9401,7.6569
9402,10.3203
9403,15.2925
9404,13.4849
9405,8.6613
9406,14.9553
9407,9.2499
9408,7.7949
9409,9.3092
9410,8.7715
9411,12.4553
9412,14.3277
9413,6.6911
9414,10.5787
9415,12.7804
9416,7.6223
9417,8.3134
9418,10.9498
9419,18.7056
9420,12.5677
9421,7.0543
9422,14.5945
9423,15.748
9424,11.0533
9425,7.9913
9426,11.4453
9427,10.8965
9428,18.126
9429,11.7827
9430,7.6227
9431,16.1755
9432,6.7872
9433,13.588
9434,13.2291
9435,13.7688
9436,15.8203
9437,14.146
9438,7.4046
9439,15.6955
9440,13.3293
9441,13.2418
9442,15.8743
9443,7.3716
9444,14.4405
9445,14.4607
9446,16.7523
9447,10.048
9448,8.9117
9449,6.7923
9450,10.3447
9451,7.3781
9452,16.3039
9453,10.7101
9454,7.8786
9455,12.0685
9456,15.1545
9457,7.1145
9458,12.2813
9459,9.9558
9460,14.1747
9461,10.4971
9462,9.3571
9463,15.4953
9464,16.4978
9465,15.1201
9466,6.6525
9467,10.6743
9468,12.4213
9469,12.4388
9470,11.5632
9471,11.8444
9472,16.7184
9473,15.6371
9474,10.503
9475,8.0362
9476,11.4297
9477,8.304
9478,12.0958
9479,6.8621
9480,9.5069
9481,10.2174
9482,12.0654
9483,19.3821
9484,21.7868
9485,11.8418
9486,22.379
9487,20.2423
9488,13.7362
9489,12.0955
9490,12.7609
9491,9.8906
9492,11.1671
9493,16.0331
9494,14.234
9495,10.9059
9496,7.6567
9497,9.8706
9498,9.021
9499,8.1365
9500,12.6192
9501,10.6265
9502,11.2568
9503,10.8441
9504,14.2617
9505,18.7499
9506,8.8708
9507,13.2043
9508,8.8281
9509,10.3367
9510,16.6167
9511,10.6767
9512,7.5675
9513,10.1767
9514,7.512
9515,12.1436
9516,7.881
9517,10.3918
9518,17.8136
9519,9.2912
9520,13.5956
9521,13.1389
9522,9.2194
9523,15.555
9524,12.5065
9525,17.4896
9526,15.6736
9527,15.7942
9528,9.9968
9529,6.5299
9530,9.8787
9531,10.1782
9532,10.6314
9533,11.5973
9534,14.4466
9535,12.7136
9536,14.8701
9537,11.1987
9538,7.4925
9539,18.5539
9540,6.9962
9541,6.9942
9542,10.3172
9543,9.8111
9544,9.7725
9545,11.051
9546,13.7878
9547,9.827
9548,6.8388
9549,18.0207
9550,13.9036
9551,14.2242
9552,7.2704
9553,14.1988
9554,10.1613
9555,7.9752
9556,10.6914
9557,9.643
9558,9.3187
9559,14.5411
9560,9.7661
9561,10.953
9562,14.442
9563,8.6317
9564,10.7576
9565,8.5093
9566,7.2976
9567,8.8243
9568,6.3767
9569,13.2858
9570,11.2205
9571,17.8161
9572,15.75
9573,14.8784
9574,16.747
9575,13.0317
9576,15.4414
9577,9.0943
9578,14.439
9579,9.5103
9580,19.4995
9581,7.5689
9582,12.8189
9583,8.0386
9584,12.3615
9585,9.9896
9586,11.5143
9587,8.2747
9588,14.9452
9589,6.7165
9590,9.4662
9591,12.7106
9592,9.6359
9593,8.6979
9594,13.419
9595,7.8667
9596,16.332
9597,15.8498
9598,12.271
9599,16.7743
9600,10.6272
9601,9.02
9602,13.2585
9603,15.5878
9604,8.4548
9605,9.1131
9606,6.6739
9607,13.002
9608,12.2661
9609,6.2696
9610,9.4622
9611,14.6909
9612,10.1748
9613,13.9814
9614,12.3684
9615,8.0007
9616,19.0396
9617,8.7494
9618,13.3415
9619,17.2089
9620,9.2231
9621,11.1026
9622,13.4598
9623,12.0457
9624,12.1428
9625,10.425
9626,7.8572
9627,8.7434
9628,11.9986
9629,9.6941
9630,11.1489
9631,13.59
9632,15.5649
9633,9.1987
9634,7.0413
9635,7.124
9636,14.1012
9637,15.1004
9638,12.9065
9639,7.1643
9640,13.3413
9641,8.2907
9642,10.299
9643,14.5995
9644,13.4468
9645,9.5431
9646,12.1456
9647,8.7804
9648,9.1936
9649,12.1579
9650,12.9817
9651,7.0296
9652,10.1655
9653,8.7672
9654,16.3639
9655,9.6136
9656,9.8197
9657,13.4348
9658,8.1219
9659,9.8099
9660,16.1106
9661,17.026
9662,15.2538
9663,17.7282
9664,10.9411
9665,7.8173
9666,10.4298
9667,12.3137
9668,14.1404
9669,13.4293
9670,6.7762
9671,11.2845
9672,8.3711
9673,16.4208
9674,13.4696
9675,6.1642
9676,11.2117
9677,13.1108
9678,13.8329
9679,16.6319
9680,9.1516
9681,11.0189
9682,10.6699
9683,9.8347
9684,12.8398
9685,15.4848
9686,10.9043
9687,11.7198
9688,10.4887
9689,13.1324
9690,14.6197
9691,9.8355
9692,11.3556
9693,9.1208
9694,8.5046
9695,6.0
9696,10.6334
9697,6.2394
9698,10.2418
9699,6.2288
9700,8.7676
9701,15.8889
9702,13.2052
9703,13.1225
9704,11.5919
9705,15.1812
9706,15.6071
9707,12.7689
9708,12.4817
9709,8.358
9710,13.7529
9711,12.4968
9712,6.5195
9713,7.264
9714,14.4561
9715,10.9374
9716,12.1869
9717,11.1762
9718,6.385
9719,10.3124
9720,7.9428
9721,10.8031
9722,12.2973
9723,8.005
9724,11.6582
9725,8.1737
9726,13.6894
9727,7.1306
9728,10.1422
9729,12.0188
9730,16.0393
9731,15.2798
9732,10.5904
9733,13.9316
9734,13.8516
9735,13.2628
9736,13.0014
9737,11.0402
9738,10.2229
9739,12.1536
9740,9.0711
9741,11.7488
9742,17.6229
9743,9.8402
9744,6.9552
9745,12.92
9746,9.9459
9747,8.2013
9748,11.9757
9749,7.9943
9750,11.2801
9751,10.1998
9752,11.7372
9753,7.2486
9754,11.9982
9755,17.5938
9756,9.353
9757,8.0189
9758,10.2128
9759,14.4229
9760,12.9068
9761,15.9181
9762,14.3632
9763,6.9656
9764,15.2509
9765,11.0754
9766,17.5014
9767,16.4051
9768,8.7032
9769,11.5576
9770,16.5003
9771,15.7122
9772,9.9996
9773,7.0405
9774,13.4214
9775,11.2598
9776,12.4732
9777,14.5122
9778,11.4598
9779,15.6774
9780,8.9472
9781,11.527
9782,11.3132
9783,12.3116
9784,15.5888
9785,14.8411
9786,7.1121
9787,10.9623
9788,13.4536
9789,11.6735
9790,16.9528
9791,14.252
9792,11.9274
9793,10.0449
9794,11.5454
9795,6.436
9796,13.5066
9797,6.8869
9798,14.6819
9799,6.2807
9800,13.5657
9801,9.4079
9802,6.0
9803,13.3088
9804,11.5122
9805,14.1345
9806,11.8187
9807,15.036
9808,13.4409
9809,9.0481
9810,20.2376
9811,19.3568
9812,10.8684
9813,7.8893
9814,12.8638
9815,11.6819
9816,13.0339
9817,11.8507
9818,15.5701
9819,8.8716
9820,11.8879
9821,15.2232
9822,10.3825
9823,6.0
9824,14.4384
9825,7.9928
9826,11.3169
9827,13.3808
9828,12.8127
9829,6.6017
9830,10.4826
9831,8.3188
9832,15.3268
9833,13.4474
9834,14.0851
9835,12.065
9836,12.4177
9837,6.8128
9838,9.3302
9839,15.7131
9840,6.4604
9841,12.4541
9842,13.4573
9843,8.0328
9844,17.2203
9845,11.359
9846,8.4862
9847,15.1296
9848,12.6799
9849,10.1253
9850,11.6918
9851,10.2277
9852,8.904
9853,7.6571
9854,12.6222
9855,15.5504
9856,12.3198
9857,11.1076
9858,13.9777
9859,9.6855
9860,14.1092
9861,17.3232
9862,8.4109
9863,13.4595
9864,6.7417
9865,20.3245
9866,14.26
9867,8.0738
9868,19.8975
9869,10.9114
9870,12.9917
9871,18.7576
9872,16.0157
9873,17.3588
9874,14.206
9875,8.2241
9876,10.9361
9877,14.297
9878,11.645
9879,20.6614
9880,8.5751
9881,8.3662
9882,17.7955
9883,11.4675
9884,11.2814
9885,9.3565
9886,18.5013
9887,12.7531
9888,10.8389
9889,12.7057
9890,18.0019
9891,9.9766
9892,7.7996
9893,10.5341
9894,15.607
9895,13.0673
9896,11.3681
9897,13.5086
9898,7.1643
9899,13.9267
9900,12.0087
9901,9.9968
9902,15.2064
9903,12.6934
9904,9.4328
9905,11.8619
9906,16.6395
9907,12.7595
9908,9.6468
9909,8.1118
9910,12.4915
9911,16.5302
9912,6.5287
9913,17.4737
9914,12.7559
9915,12.4485
9916,10.9022
9917,8.7818
9918,10.2366
9919,12.5759
9920,10.2604
9921,10.2699
9922,19.0143
9923,14.0619
9924,20.7393
9925,15.2039
9926,16.4221
9927,7.3254
9928,12.4601
9929,13.6595
9930,6.6121
9931,13.7754
9932,14.5832
9933,11.2557
9934,12.8905
9935,8.3733
9936,13.348
9937,15.8405
9938,12.4721
9939,18.5198
9940,12.8018
9941,13.7698
9942,12.286
9943,15.2691
9944,12.508
9945,11.0011
9946,12.1644
9947,18.5099
9948,18.9258
9949,7.5325
9950,16.9484
9951,13.4779
9952,17.5675
9953,12.3748
9954,14.6937
9955,10.7044
9956,13.1067
9957,17.5108
9958,13.5236
9959,13.2326
9960,16.415
9961,12.6269
9962,10.438
9963,14.1281
9964,10.7899
9965,14.4956
9966,10.5833
9967,15.2277
9968,13.3739
9969,10.4487
9970,16.33
9971,16.0567
9972,13.5856
9973,12.9372
9974,12.9279
9975,14.8356
9976,7.622
9977,8.4929
9978,14.7858
9979,14.7156
9980,9.5516
9981,9.8802
9982,10.6937
9983,7.8765
9984,12.2338
9985,8.7736
9986,8.8206
9987,6.7427
9988,12.2149
9989,17.9288
9990,8.9772
9991,18.1638
9992,9.43
9993,15.2088
9994,10.3389
9995,8.2224
9996,6.6504
9997,12.5601
9998,7.7785
9999,14.4434
10000,6.5857
