ID,int_rate
1,12.91417126254053
2,14.736911771622601
3,8.915476125411008
4,15.797606560217151
5,16.196181295803484
6,7.506578948946707
7,12.050966461111983
8,8.763332556794719
9,14.222006372471858
10,19.479174098945915
11,6.0
12,15.396604792190693
13,13.503077788833865
14,16.56645415545315
15,14.79050043042794
16,10.091851757827577
17,14.13591304960773
18,14.516848897237608
19,10.288360430587582
20,15.035757566235871
21,9.825037919826254
22,16.70274871307982
23,9.911141623989797
24,13.216775424654712
25,12.64070957038123
26,7.108340447266045
27,18.23202221686249
28,18.69856612969945
29,14.843914749615251
30,18.087268811101133
31,9.222160857205793
32,7.437683594498295
33,12.355051805290353
34,17.32448912874108
35,12.269173567126494
36,14.185895992010627
37,13.228621872622382
38,7.868082214949575
39,9.819875773421947
40,13.50356153382984
41,11.418565561428446
42,17.26113923396447
43,9.212660526377126
44,15.394505486328972
45,14.91605262963742
46,15.049246651835398
47,21.684285507714332
48,17.548762171330917
49,6.758491655977131
50,8.659347813453447
51,11.074670349973823
52,20.866059847696853
53,8.927998250399568
54,9.353387560566476
55,10.362059764180882
56,13.934832357411711
57,7.471243661269879
58,13.34358380747412
59,12.553369882538965
60,11.932963202367308
61,17.322718771188264
62,11.344198570407979
63,19.745423568013294
64,13.060732009239702
65,15.210720291289828
66,10.57237488857854
67,7.850855932360242
68,6.379077222044235
69,8.143608904716299
70,15.740024729233292
71,12.496538832276798
72,13.365129230156137
73,10.184789959095852
74,11.303419256819108
75,13.242179608715576
76,16.126883786924566
77,13.520027133431517
78,9.154313827068151
79,9.673195504270499
80,7.033864875042525
81,11.725727929111951
82,9.911849159830542
83,13.843252026645036
84,7.738159243683988
85,16.15304503775519
86,9.542719856854722
87,7.395204384140874
88,7.287307105195849
89,6.0
90,12.726039396572215
91,7.558010045325707
92,11.46250319176999
93,10.034049539395157
94,8.478137565770158
95,12.947026437383297
96,11.192574677134123
97,7.6715632420547095
98,13.833846260860438
99,8.57791413576518
100,8.493675303122224
101,13.965018614234339
102,10.538485157844777
103,8.941171853260773
104,6.652979877173384
105,8.667107785057137
106,18.977328853113047
107,12.806067512389104
108,18.43983452004229
109,7.988116542126991
110,6.658738172625835
111,12.114593097509
112,13.027522037931043
113,15.730725503810227
114,10.103203216968677
115,13.062864506601366
116,10.198580939946101
117,14.414665594753808
118,6.869256142763577
119,9.115932909413289
120,14.02348680343607
121,13.482315226782045
122,13.153959523848293
123,6.176681531883239
124,11.652397716584792
125,16.195583098754287
126,6.54408924290844
127,6.488757944396661
128,14.664685857876465
129,9.62234483137465
130,8.197895399414744
131,8.322377099966769
132,14.354075609920441
133,8.465167650795996
134,13.06124290344801
135,7.999037229154323
136,15.909593345924481
137,7.893036562840433
138,16.791388387673916
139,8.918293692320667
140,12.362391066150263
141,19.135828203167705
142,12.568069936352925
143,9.316085442950085
144,18.83222277927346
145,11.457303136619212
146,17.525854077365892
147,12.57874831730921
148,8.60770207596728
149,12.582242767953746
150,7.735331133445491
151,11.988590305101258
152,8.177973367852843
153,9.101105800676432
154,7.568250138026396
155,6.107564108819302
156,16.111188586075254
157,8.023739179754383
158,6.435158834158738
159,9.599872335069959
160,10.311465463396665
161,8.182128058491138
162,10.549556247595941
163,17.898101552001854
164,14.627762624113853
165,7.0950437219273255
166,10.766702282919617
167,6.797387194308198
168,11.567333379152934
169,14.893944126845597
170,8.127555682293885
171,15.928646102291658
172,6.338713959772491
173,9.739305517803588
174,9.920033576637781
175,17.858298013686458
176,16.81525549156731
177,6.350218202692854
178,7.93745420166033
179,8.149103546929338
180,10.451374403961939
181,16.593122061544392
182,11.501322149313971
183,13.787854007933444
184,9.423482595943778
185,8.516295969133246
186,15.771177610924019
187,12.800681732722758
188,15.339025832303554
189,8.159884033552487
190,12.630012769359647
191,9.597006169780226
192,9.901235857113122
193,9.994146142664873
194,7.235157538819626
195,7.95147849853783
196,12.28144478922762
197,11.073562432030114
198,14.235661932743755
199,10.874543180787338
200,10.976416275115628
201,15.631545663708309
202,15.05408761033154
203,10.93125078166821
204,12.882986201302543
205,9.164264971076609
206,8.318007260499662
207,10.683398963454543
208,17.824484577175994
209,9.546666921404096
210,13.592353659504543
211,14.274503465655778
212,6.632084910595595
213,10.671030073904195
214,10.630065289716732
215,9.547062787680888
216,8.202899740763538
217,7.14184296463145
218,8.082891751743421
219,11.274746933628638
220,10.015082322602488
221,14.105893606351328
222,15.710029026919974
223,7.216890493427115
224,9.718829070026537
225,18.967995117690347
226,9.948899172676164
227,18.123322206510323
228,12.214961907319445
229,18.06996396664117
230,10.967869710399832
231,8.257363382994557
232,12.062907337356185
233,7.043977987299301
234,12.942868145975108
235,8.840230961490308
236,17.815465744341125
237,10.213181765474168
238,12.512267047759268
239,11.426303441175051
240,6.436819221929257
241,8.957197476992732
242,12.998113845383731
243,7.736777016216173
244,21.85932757807415
245,19.700497431756972
246,17.79388578750933
247,13.571193997944397
248,16.998469927769314
249,11.853635977950047
250,13.533803160150224
251,9.612682570082358
252,8.780361198456962
253,9.805564166470479
254,11.39902153245771
255,14.88562769807358
256,8.73908063883477
257,14.328448243655524
258,15.6924464299355
259,7.591817680477807
260,14.090655940736605
261,15.822251720868795
262,9.66755288012505
263,9.1099753124771
264,10.708203813157358
265,8.344727371372409
266,15.323567802365437
267,10.88705639445908
268,15.698430528771114
269,11.759685363599843
270,11.090684535599623
271,6.0
272,6.54094550450684
273,14.317885047320154
274,11.464887330685817
275,15.301747116334194
276,11.229772388765317
277,11.189012368329138
278,11.805350279136418
279,7.428630321052139
280,15.481463741774315
281,14.11688344050689
282,10.095856299659548
283,8.668009139109028
284,8.396569796859641
285,8.048107908831415
286,8.022421119488431
287,11.687180436356059
288,13.313593891592966
289,10.920845338466986
290,6.680486340231678
291,8.075679887140598
292,6.583260869941467
293,9.019766201181174
294,6.877655437260783
295,14.961366574007934
296,7.545980348726636
297,14.011920270238734
298,7.700337608755112
299,14.413105260745393
300,9.364075530943614
301,12.247487585884397
302,8.136106810537793
303,7.132580336164766
304,14.0531864634164
305,11.195745826038152
306,10.394861462343455
307,7.016945129507073
308,7.195039849838009
309,10.39101315960469
310,9.48206893192624
311,13.765829327803388
312,6.743004005848468
313,15.144268422774715
314,11.11371707407492
315,9.496596737559463
316,8.775925886555534
317,11.759421967283917
318,10.166982649019733
319,8.863063986969845
320,14.280711419856516
321,15.598262227417266
322,14.981940813146581
323,13.078051525212352
324,16.371103810206645
325,9.97137834451175
326,13.064521981736862
327,9.80561360553551
328,7.822182906865575
329,10.264467699577246
330,9.685285363087644
331,13.961857848694809
332,12.269135860694169
333,13.086071198521754
334,8.85892664831061
335,12.390491194394087
336,8.50471404325916
337,13.669879697673206
338,14.360699821180107
339,6.735183581985343
340,6.339464457361656
341,15.683259233212324
342,9.025185375577358
343,6.729002468285007
344,8.618394817270584
345,14.25796034011348
346,9.287215253313581
347,11.777868680946918
348,9.654855435777765
349,11.362887673655205
350,11.070133157583241
351,6.75659150192473
352,17.905914845234637
353,11.977167601635447
354,16.57092284827262
355,12.390526797690317
356,12.172040125136746
357,13.17176023363678
358,11.627563434055158
359,17.913556729060183
360,15.90298307193115
361,7.493024948809471
362,12.231670735755761
363,15.31375074342861
364,10.01427103162655
365,7.46821398811611
366,12.058484913708329
367,7.850326470805203
368,13.060227376535295
369,10.817971873234802
370,6.562485673003321
371,12.004088225791984
372,13.021007768964688
373,11.784827184443444
374,14.894113506577549
375,17.884233249195894
376,17.879902890826607
377,14.76522254090648
378,9.15013028851597
379,13.328606068549776
380,8.737665989703867
381,16.944437596719286
382,6.935850757059504
383,9.103912296369007
384,13.89656144985363
385,18.06762134922136
386,13.678948858068548
387,12.940002717592494
388,13.135201124069575
389,13.213793533619874
390,9.319096270488307
391,11.2089123309568
392,8.990157557424048
393,7.750758563219897
394,7.502123444486642
395,8.87851098391753
396,14.428341910690216
397,9.920184029007675
398,11.581824878108629
399,8.878761322435057
400,10.315025950167808
401,10.909217983326577
402,11.269455746106294
403,9.57540674147751
404,19.395349717842702
405,7.607181749770081
406,10.232120798621663
407,12.835912525611771
408,13.676825669665883
409,15.88751791234521
410,13.05228339701897
411,12.386706071167138
412,7.224395641804794
413,9.923837120593578
414,10.202718426558064
415,6.706384825023928
416,9.200379648102789
417,10.244509069164579
418,8.92462521919948
419,14.761311308540431
420,8.327146402455973
421,13.57255450438552
422,14.189426764356682
423,7.989854662268293
424,15.831407729849186
425,6.3566158080361115
426,9.441796732200906
427,15.485507308931357
428,7.938360389684049
429,9.931557225194389
430,11.732587200630292
431,8.38017093303344
432,8.464106174220216
433,7.309202267100904
434,8.301796253140353
435,12.877836690041379
436,9.463168428457024
437,8.057514186218054
438,6.989245734246406
439,13.356137146024295
440,16.91152924451475
441,16.674153165552887
442,13.313644646215325
443,9.49765505617344
444,7.7580394963113255
445,14.551063343017029
446,14.085681930979796
447,14.289946655600858
448,9.33828150636231
449,9.088846505925366
450,19.505877937656976
451,10.483112703263046
452,13.907039224993543
453,10.970986829310307
454,12.394465223236274
455,15.823023542509222
456,9.419163667886815
457,13.587943789430216
458,7.906958642828422
459,15.156897512803528
460,12.22199432631377
461,9.295486891620332
462,10.305865368169137
463,11.051063473066796
464,13.135750125851734
465,13.020860065425742
466,12.207295020698172
467,10.334695402806025
468,12.070341882240227
469,11.10328823412849
470,15.20488469782106
471,7.044588285419199
472,11.100082056816087
473,12.895274589430407
474,14.468107967157643
475,9.785860125749316
476,10.640224873897285
477,13.748866748311935
478,7.455353222181682
479,16.17543591935799
480,9.41837088458742
481,14.832151898341062
482,11.224877119298988
483,7.797603421278307
484,9.337179394513392
485,11.302103970325263
486,8.360916614473759
487,10.564033484815821
488,7.511030220107288
489,12.344423364346184
490,7.505904042395443
491,10.727757714145401
492,11.330762521618283
493,6.0
494,11.284485080628425
495,7.096282927651386
496,18.590375931271275
497,6.734832572084969
498,7.036328417811418
499,11.804034106069238
500,10.7286391589796
501,6.715177159054959
502,13.437919284563296
503,9.60488145809599
504,8.465767568581565
505,9.880190752029447
506,7.2340035578985304
507,8.068736695840268
508,10.282801768792966
509,11.019036713450504
510,6.811852920722836
511,10.186970917638565
512,12.99042964405565
513,7.217862293328439
514,14.560109325952288
515,9.83457639335527
516,15.382179193287921
517,7.297787030061009
518,11.244643240902118
519,8.357996652504275
520,12.845335166969969
521,16.920324576981255
522,9.480212890887486
523,7.002519494443486
524,6.984112504912095
525,9.927465771160055
526,7.693005237160067
527,10.319143676454011
528,6.986319404552131
529,11.474443186422336
530,9.528510869878222
531,7.523734605189058
532,17.70768564501363
533,11.820736891539202
534,10.932019952450784
535,10.712858340442006
536,6.484370219672543
537,12.399843917531223
538,9.002634584459795
539,7.475658796239956
540,14.34033091486551
541,7.826441051656049
542,13.200552738322084
543,14.98890130126004
544,9.480313255175105
545,7.94486415393423
546,6.0
547,9.454413218842962
548,15.895659256500126
549,16.225995789944427
550,7.926182215930678
551,8.987632640859303
552,9.8435248089925
553,13.721244134961083
554,12.722672086187469
555,12.830155653678931
556,13.060926343775641
557,12.934329978064516
558,9.944944835606751
559,10.392988199853225
560,8.04413597114615
561,9.246058472560314
562,11.29288144814481
563,6.631803623776096
564,9.117332366357564
565,10.401093462039878
566,8.287716105384632
567,11.237874250091394
568,11.286643422327058
569,13.973143262439752
570,11.547712371111484
571,11.0549658385104
572,11.285844282279193
573,14.049546890703686
574,6.313544620885407
575,12.609215789189024
576,13.21031701719947
577,13.8020717382576
578,14.346118552028472
579,13.57314043500377
580,12.716161758401116
581,10.56880954710724
582,9.1857642179164
583,6.961524914285426
584,13.36797260781565
585,8.14916882733576
586,6.534093227892889
587,11.085811981562355
588,6.392888409168504
589,8.8248037173001
590,10.580028368477363
591,7.435552987103467
592,6.585154744258972
593,8.35516046361576
594,12.354767437704012
595,10.38175455555361
596,16.831628971779608
597,8.746472030734882
598,12.565957081828461
599,13.6780084407392
600,9.569145510415082
601,9.84500888041742
602,16.155726946161245
603,11.57559646341179
604,13.367428559238975
605,11.987808740604784
606,14.712650219191385
607,15.104419183288655
608,14.03593842640572
609,14.969417032796184
610,11.908236966233641
611,6.308295837661036
612,7.417128980752774
613,7.418883719390679
614,7.3818299101438605
615,12.009932868210997
616,7.466767028549274
617,9.448158366068958
618,6.346678852048997
619,14.08707521875165
620,8.135747977672711
621,8.695616517542685
622,12.115353897969056
623,9.176560608763916
624,14.749114906736542
625,9.913165500653374
626,9.25266012339085
627,10.690333699077932
628,8.145460762259434
629,11.641427585169788
630,12.881773750532048
631,6.232843392514436
632,8.709733251699449
633,12.451520056088983
634,8.391082958808893
635,11.547719274504956
636,18.12946673095882
637,7.944189664356914
638,10.842604799770598
639,13.777743548793616
640,6.554219970140609
641,10.926826595609487
642,13.97304026399162
643,11.429834082336678
644,11.05053607496887
645,9.030509482949295
646,9.879091370988883
647,14.032271090981995
648,11.404858202591765
649,9.453755260402975
650,12.710855177120136
651,6.2675099678242585
652,9.564116823416875
653,12.144764834167308
654,8.270641928581455
655,15.698264961928494
656,8.715193996089935
657,12.6349915011713
658,9.5301620419031
659,6.882112079376936
660,8.563698672899402
661,20.762296770159484
662,6.359471303684924
663,10.681539951067656
664,16.175440228086813
665,14.415907494318398
666,8.374288102326222
667,13.45405457234142
668,9.903678787952337
669,7.906391645660905
670,12.982855050949148
671,17.38111632278627
672,12.272929153794442
673,8.008436068158652
674,13.346850833268784
675,10.422830039221523
676,9.240181074146838
677,13.471477618275596
678,11.668146195707179
679,9.59440331362265
680,11.866097542627916
681,9.806747541482611
682,12.132046761830045
683,7.326693529268313
684,11.112535856786417
685,8.274159022757633
686,13.36840546853086
687,6.629200182195265
688,10.564212603073472
689,9.73526929913582
690,10.592228398497037
691,13.480851073162848
692,9.863521116232139
693,6.294700582137894
694,8.124513208129468
695,11.994874307199932
696,10.033693209485072
697,11.769806707891714
698,14.731325779607593
699,12.911932163183796
700,9.70220334455751
701,11.16598149096373
702,13.03981110567204
703,9.25983390197293
704,9.817119673536713
705,10.375012482114945
706,7.14474360534228
707,7.882253574041111
708,14.711594121357091
709,11.103914500436945
710,6.132635703068862
711,17.69333400456548
712,12.192520880972523
713,7.2824704690152
714,12.89510306938899
715,7.348012024360602
716,6.831811265482265
717,6.891702242228134
718,7.3737564297381795
719,13.943040601789631
720,7.300128701442119
721,10.456673606790481
722,14.380061924896237
723,13.230673057497022
724,8.612638232996684
725,15.876980490172473
726,9.147874926009528
727,11.249749881372786
728,9.126240769641498
729,13.597491430588722
730,14.001991846183826
731,6.20044756355062
732,7.20459856313029
733,7.868687389208457
734,8.754447661971625
735,8.189097687585967
736,10.276359044210277
737,12.815258627369838
738,12.940035684764835
739,8.809631294490405
740,9.91338109233535
741,17.13611899673096
742,9.631704187391803
743,8.829625171394888
744,16.10417624740518
745,12.712598107871225
746,8.346291151388332
747,6.133571284368178
748,9.130306010062938
749,12.790241820235881
750,10.230344547540671
751,8.00118218763884
752,11.507543789411931
753,8.258633539489036
754,10.352771962073914
755,9.790578945307402
756,12.16346456856866
757,10.871194626341069
758,14.622745697261852
759,13.141903059119649
760,6.588418193207638
761,10.188156797244318
762,12.670844293360041
763,9.00932088053954
764,14.238070868907098
765,8.296860622224537
766,11.70631223597027
767,8.488487194300344
768,10.179488634221817
769,9.913049085890558
770,8.766046228721166
771,6.96528383315015
772,10.785837113221813
773,12.420653343650734
774,14.065202425565367
775,6.5816487909591
776,9.648654027450151
777,11.049516598408426
778,6.0
779,13.447706031810478
780,10.853638926036732
781,14.22492955695993
782,7.200158746446787
783,11.952398483109086
784,6.153858912761535
785,7.734495196396697
786,10.793356058820969
787,7.5151211252961705
788,7.364168859317007
789,8.001831800347624
790,12.087392630823246
791,10.496785346425467
792,6.0
793,11.00728480596002
794,12.216954395480112
795,7.11284559748849
796,7.064289813420324
797,10.744891641301567
798,6.3311093408609835
799,7.033828818502221
800,10.06178457309813
801,10.955033389996489
802,12.390670983012342
803,12.753793838639432
804,12.217247985402613
805,9.11115943526731
806,13.999309107453232
807,10.57807045261492
808,12.18946296786963
809,9.393364780687872
810,13.350681393993703
811,10.745376777729035
812,8.551956203605291
813,13.113115846191564
814,14.388701288246708
815,14.460283625018231
816,10.954066204054662
817,9.001919308204211
818,7.781013154372729
819,13.281634769307788
820,14.247728588654923
821,9.109075169330941
822,9.20205613984899
823,16.301570973908003
824,7.9161616494499825
825,6.957437959853752
826,9.338168470699436
827,10.00740057108532
828,9.875178401776582
829,7.776746693091849
830,11.285461770089679
831,12.659625101879314
832,11.458975393249181
833,11.425637124033194
834,9.06191428484317
835,12.304708268529277
836,10.895157567120759
837,11.354216915327406
838,17.32518623485294
839,9.328408663876345
840,8.701236502691557
841,9.734877713929983
842,8.309209437386563
843,8.435511953959434
844,8.0710524560234
845,13.168912245524506
846,10.181097645612363
847,7.375375601082937
848,10.039294000253651
849,8.055430551985072
850,8.985999148533924
851,9.601735212243371
852,8.002345481618711
853,8.929892310606967
854,11.567242245074363
855,13.050691550226446
856,13.66967057929223
857,8.172686781770558
858,14.052702224211622
859,8.114577229311047
860,10.155448688435188
861,6.0
862,10.12805571700579
863,11.114515186220775
864,12.248968983238619
865,8.709549366451935
866,10.74351268350747
867,10.730732947130194
868,11.604712963779937
869,12.382053411083877
870,7.0139693548150275
871,15.351520837619145
872,9.095422902919896
873,6.388822764104792
874,11.811412371856786
875,8.010356395140766
876,8.047041758506932
877,11.231556679166212
878,8.947229166376372
879,8.66096064076319
880,9.576650286587114
881,11.923789684147968
882,12.008102398880528
883,9.59440915012165
884,13.708730671430787
885,16.404196994923666
886,11.544313330194917
887,8.144227498041255
888,12.557922375794197
889,15.61411775637417
890,8.14473766550271
891,9.053929347326688
892,12.664742023440416
893,11.901695091785298
894,13.26609871981235
895,16.193330659372233
896,9.192978633026154
897,8.512036162727753
898,7.48196543389087
899,8.719994792846336
900,9.528893683831985
901,11.186722306621718
902,12.042320895520675
903,7.832889510930385
904,8.065289637670762
905,11.337971390660933
906,11.321363164646469
907,6.897481545067047
908,8.110325856719204
909,11.676722992291047
910,14.465573023667474
911,11.107651136010356
912,9.173252966276117
913,16.182156220096193
914,11.986418573241739
915,10.012248075776666
916,8.229303128224966
917,6.466650359677018
918,9.171779765645823
919,14.767678738968517
920,7.565411122342185
921,8.50382750095638
922,10.570017027599198
923,9.259960505707076
924,6.276097241553805
925,7.742127401273868
926,7.481952645776185
927,6.5046496246985015
928,6.873316211012089
929,7.019308678429077
930,11.541972939187177
931,7.518794097656083
932,7.530670981272798
933,16.737700993905356
934,8.784006807770858
935,10.9118394842514
936,10.393153571804557
937,9.896270708652906
938,7.209011036511746
939,8.050680675415638
940,9.834552739140959
941,9.178417619948762
942,8.774786647189025
943,10.826581953843032
944,7.524452820082929
945,14.563313368576635
946,12.572389795914013
947,9.810237485849369
948,9.870937958712679
949,9.42247216722517
950,12.744184979090171
951,11.409779423409312
952,6.500958574814165
953,15.060772402609341
954,11.137749038798404
955,11.770401095927118
956,6.580716010466161
957,8.50630587846598
958,13.695676515628454
959,13.303304898677846
960,12.754169800008745
961,9.592872690538098
962,12.3836039061043
963,10.94878403444221
964,6.9601199641895874
965,14.958109885464062
966,6.684142386957817
967,6.645380796723653
968,6.749803192418581
969,8.766036910652343
970,9.885728051960172
971,11.064590521740422
972,14.795410085648259
973,14.212190588982713
974,12.923018973229931
975,9.967177099856698
976,18.107971437922075
977,9.411433918931795
978,13.358424300398969
979,11.058180492265926
980,12.515232361810574
981,9.457188569726764
982,12.93694489769398
983,14.712477237066516
984,7.428056750948947
985,9.842915520542972
986,8.340704166063414
987,10.24121644604779
988,13.42276844455058
989,9.076920171908354
990,15.193886701693188
991,12.968512577117128
992,8.136301628638535
993,10.624142025896875
994,9.957342861061145
995,6.620001455106188
996,7.711326922547978
997,14.53740326459625
998,12.614902758048954
999,9.92369195046457
1000,6.136533161052047
1001,17.19615854185467
1002,11.426703198401194
1003,12.341369439651402
1004,12.8863017027066
1005,13.673835468714264
1006,16.894791755730488
1007,12.561674066256197
1008,7.305021247838377
1009,13.523693118416979
1010,6.639270552257503
1011,14.505524594683024
1012,10.145532051350733
1013,10.154304038020925
1014,15.893342530209722
1015,10.68914978247642
1016,6.25637410345402
1017,10.61918478589968
1018,12.003599165612151
1019,11.951297265119205
1020,11.45612247100925
1021,8.592000618790966
1022,11.156415228999373
1023,10.0823852269671
1024,10.838919077272141
1025,9.835562706700726
1026,7.174550450115993
1027,7.784086161265204
1028,17.192756944544957
1029,7.083682271948927
1030,9.990041941703897
1031,10.959182197727584
1032,6.831249331778516
1033,9.268266237571503
1034,12.58476157437839
1035,8.000087625605985
1036,7.086179563173445
1037,8.818520524273818
1038,13.614410189152858
1039,8.810135000375945
1040,14.608679535987639
1041,15.066309019613412
1042,11.748810707483319
1043,10.987895361101408
1044,7.2258113819468175
1045,8.32581806519545
1046,8.482054551308725
1047,7.695141202236761
1048,14.355252050101967
1049,17.021782754250886
1050,13.033816347018655
1051,8.575430993396395
1052,13.980579736924971
1053,13.568207949494237
1054,13.878288984062543
1055,15.144212892540589
1056,15.030645005002324
1057,9.103273733952019
1058,12.870760843982815
1059,13.010986716612598
1060,12.991715516645586
1061,15.549088947511287
1062,12.942019913141108
1063,6.9769044649655525
1064,9.318943461197886
1065,8.421444607387468
1066,10.609719046951115
1067,10.572432076692182
1068,12.737551351308213
1069,8.566340293020339
1070,11.32533348631296
1071,13.130617244162341
1072,16.015541433495425
1073,14.683628597905017
1074,11.11731092140164
1075,7.14856457320851
1076,14.027062102257254
1077,9.937092531357958
1078,7.399325638801268
1079,11.203881416170528
1080,16.873292953741934
1081,14.03209251842848
1082,8.764733083390905
1083,13.96606177218329
1084,11.298329319913295
1085,14.225438645319162
1086,8.887028189758743
1087,12.912545177072898
1088,9.602668427595255
1089,14.59050593702832
1090,12.811460635498186
1091,13.748490556574588
1092,7.490346300651935
1093,7.005221672248559
1094,7.00743325874181
1095,13.979639271954833
1096,10.227214921265684
1097,9.470247642242697
1098,6.794372756788015
1099,14.335455696465774
1100,17.198206370624185
1101,15.312174736431004
1102,9.262429040738535
1103,14.65933222134379
1104,10.179035544391262
1105,7.200149998644916
1106,15.61517872918045
1107,9.997074651108932
1108,14.070834477102363
1109,12.103677025788746
1110,15.145146284744678
1111,17.924948530933694
1112,12.982512653069204
1113,11.769312133716038
1114,18.435575421518102
1115,14.977020414975344
1116,10.622904041979615
1117,14.384485812028275
1118,12.263398490789646
1119,16.46891122853271
1120,14.898144063820993
1121,8.565669129183624
1122,6.723752031848985
1123,11.342785504569601
1124,12.666797595420274
1125,6.987464885802195
1126,14.84411522781944
1127,17.604086377738536
1128,11.542712234011473
1129,13.975191813059116
1130,14.710541957592426
1131,15.253961239287317
1132,6.739490715527003
1133,15.258132869325937
1134,16.79431272458722
1135,7.706398424756026
1136,13.87006222188688
1137,11.070201425155656
1138,14.36550259591251
1139,10.818148677614316
1140,15.01906456329681
1141,17.40043736669456
1142,11.195601663073381
1143,9.46241767238136
1144,8.586443124912066
1145,18.669932824336534
1146,12.718248713047455
1147,12.363469229018307
1148,14.755817785882769
1149,13.220872985054344
1150,12.285623310052385
1151,6.461539992097908
1152,16.289295853805818
1153,9.429369692297414
1154,9.670637998926365
1155,14.384121467792605
1156,8.123143035786061
1157,7.7735571997812265
1158,6.376564022498465
1159,12.614192673596468
1160,12.796105202804224
1161,9.866724453258715
1162,6.887029024436304
1163,6.638233255188078
1164,6.975774870170466
1165,10.921831710594308
1166,11.778220600365197
1167,21.85691857025524
1168,12.103126258108231
1169,11.946624481967522
1170,10.445070970293717
1171,9.821839029197566
1172,13.131468045123853
1173,7.273795789588089
1174,6.431965690925855
1175,14.18973053776789
1176,16.06669337207346
1177,13.213553532427213
1178,6.519379575886722
1179,7.1032376685818965
1180,12.713676487982042
1181,10.79041847549011
1182,9.833648208251853
1183,8.502631541432004
1184,8.58509210307501
1185,14.782753205770021
1186,8.773165035620586
1187,12.012769797672465
1188,14.824748917386687
1189,14.60467387533344
1190,15.45040159891597
1191,12.196064210081556
1192,8.417789534567122
1193,6.473459891048118
1194,10.433676298153761
1195,9.07684932918976
1196,11.403452151351656
1197,10.890013308687724
1198,16.423706543276985
1199,9.531217767788187
1200,10.845797532725925
1201,8.479602857280856
1202,15.173877988519205
1203,14.360424264958205
1204,12.6527622174256
1205,10.822215029053513
1206,12.818379676331192
1207,6.444739949462532
1208,15.591474174878332
1209,11.6185777660966
1210,10.25754221409258
1211,12.866424814878968
1212,10.045559671883549
1213,15.033472810047282
1214,8.897773639754897
1215,7.4329612248201
1216,8.814612429201308
1217,17.120884960484005
1218,9.580994206997607
1219,8.431231081700648
1220,9.8922139160181
1221,17.292364076244407
1222,17.102463515588266
1223,8.24660755015919
1224,8.77325613434273
1225,9.577181774039964
1226,13.781762120660375
1227,11.38359784650898
1228,13.844099249991643
1229,9.203488564157238
1230,13.168648460077602
1231,18.00959756266432
1232,7.286756658894068
1233,13.128200394926289
1234,8.45298429333241
1235,15.545164187716134
1236,11.170659562247925
1237,8.892705370576952
1238,11.456799168114232
1239,6.0
1240,8.650247335757017
1241,6.601359107816582
1242,10.985030772086795
1243,14.681211673526182
1244,15.13383030268474
1245,16.033466022514894
1246,18.29746156302186
1247,13.397801892870508
1248,6.936872616274342
1249,6.6168771048700545
1250,13.424685883818082
1251,10.871697987734635
1252,15.640058611347479
1253,6.433236543899325
1254,13.997170680968715
1255,12.541629174146703
1256,11.62397783555269
1257,9.527542873295841
1258,14.025768887975769
1259,7.47164629968238
1260,8.32946496060242
1261,9.050666436351241
1262,11.734095443134464
1263,12.944948946279677
1264,13.202257548747474
1265,9.762731085097437
1266,13.468084871098586
1267,15.408596731004659
1268,18.75287399908414
1269,12.004944516756712
1270,11.202731910775046
1271,10.24730401070539
1272,11.028388928136932
1273,16.338494576122894
1274,7.577808895902429
1275,16.614860800800496
1276,14.985802556008352
1277,7.605593344644542
1278,14.563637005576606
1279,12.667980470591187
1280,10.945167237750315
1281,8.38021015776157
1282,13.521857156030677
1283,16.347136384349945
1284,6.169744931925722
1285,8.839982124816537
1286,6.145631820297456
1287,9.818080154971048
1288,8.789727947999692
1289,7.388231489660497
1290,11.85783634460166
1291,13.751513778853871
1292,17.12266421822519
1293,6.686065782870469
1294,14.104755512789946
1295,16.72757336696846
1296,14.85334950428741
1297,6.610583584015305
1298,12.339405857140386
1299,13.60533699019093
1300,17.41047157641062
1301,7.680578179104325
1302,11.23338704408407
1303,12.381490766964216
1304,10.503234164586422
1305,11.163295979590451
1306,13.00644782817016
1307,9.33112763718413
1308,9.75728442522078
1309,10.306834532837229
1310,15.58222327299309
1311,9.57129804789046
1312,9.822554293077136
1313,6.343528979112823
1314,7.682280964757406
1315,11.090101477247718
1316,13.834966565286017
1317,8.501325200971113
1318,10.125427202775562
1319,11.874873812024807
1320,14.30920108234032
1321,16.067979773390498
1322,10.869761934244057
1323,7.56903612875863
1324,19.528552142280663
1325,12.34141947368537
1326,9.63576111765413
1327,14.390781903354537
1328,14.276189402904626
1329,12.043738781599274
1330,13.529713753254356
1331,7.425470895478316
1332,10.701858319657253
1333,11.672723710837683
1334,13.182567027014287
1335,13.266239995819658
1336,11.925515959883695
1337,9.044539789806931
1338,8.739112291607835
1339,12.802608046388322
1340,12.267465457682981
1341,17.242062051383456
1342,11.114592267325047
1343,10.177986604733306
1344,8.758392686022058
1345,13.723021342327431
1346,11.739815998659633
1347,9.262119450009003
1348,9.83735375006353
1349,11.591474704910576
1350,6.335160909995675
1351,13.79835832025463
1352,9.752243765879259
1353,9.299233686440273
1354,13.880795820312732
1355,11.953595894363666
1356,14.275973120593711
1357,6.840988853591304
1358,12.948025122519486
1359,16.42494158476454
1360,11.457687676797383
1361,10.202230220996165
1362,11.975086546452133
1363,13.036221243221053
1364,7.8174681026721435
1365,15.286460472566395
1366,9.41559039791198
1367,14.48937712422244
1368,9.128193787048634
1369,16.600842816205223
1370,16.429761358858773
1371,13.53083325259017
1372,11.165470048132176
1373,9.860620589275669
1374,12.351344000279848
1375,7.599908833138596
1376,13.037790156608247
1377,18.38598426676623
1378,17.538784236810713
1379,11.497856541436509
1380,15.741858882786758
1381,9.914390562122517
1382,12.8424777218955
1383,17.274600232882072
1384,11.876765357069248
1385,12.468467261959033
1386,13.702606663378196
1387,19.921662433436648
1388,10.457646527530947
1389,11.556920116341233
1390,9.11200573453569
1391,16.196226192321873
1392,13.638252958222292
1393,10.15651212865858
1394,9.253061453519239
1395,16.33373397957451
1396,19.305620333439826
1397,11.825281561265912
1398,11.442178348488929
1399,18.863764132328413
1400,10.831692007025158
1401,9.805131542003233
1402,16.443940356498423
1403,12.221181845768962
1404,11.569701015557671
1405,14.65954329030765
1406,6.443716421637266
1407,12.36354130129029
1408,17.00775702878883
1409,9.210254821795584
1410,16.603426049132796
1411,12.054333625818643
1412,11.872165841839413
1413,13.721788046904829
1414,12.359134589519723
1415,12.694030990750155
1416,13.227109622998093
1417,13.998850408550748
1418,7.702469159992462
1419,8.666264494577872
1420,15.543973542028741
1421,11.000502119874083
1422,14.065179995751553
1423,19.920451415560006
1424,6.654163084386414
1425,16.163106278096855
1426,12.174429824745063
1427,9.304063931464079
1428,20.258632562260487
1429,16.946889509615275
1430,11.75093604308417
1431,16.314387837528773
1432,10.080447422882541
1433,10.730271128914922
1434,6.640083718211918
1435,19.30514864237813
1436,9.277659367357288
1437,13.177744829498845
1438,16.176179342030533
1439,13.849682798715472
1440,10.516275287120642
1441,6.0
1442,8.78243099188402
1443,9.945548920491747
1444,7.434645046782343
1445,13.246568542974588
1446,12.917940633674453
1447,6.301446568065958
1448,14.466141082616886
1449,7.956072541591388
1450,13.782443997226537
1451,11.929032491688636
1452,14.38685341880433
1453,13.015411352204877
1454,14.685368993398546
1455,11.538581607691933
1456,14.741963586472313
1457,11.052302087221824
1458,15.184818041645416
1459,7.96993432244437
1460,13.15244860095002
1461,15.492296059154897
1462,13.520283563230072
1463,15.84421302531344
1464,15.733473892431029
1465,13.697601292992092
1466,14.125161122020284
1467,8.884313559790412
1468,15.410870747759429
1469,8.871946035517041
1470,15.996877084666258
1471,6.808733343021045
1472,18.07799996287946
1473,9.630687208425972
1474,11.488191743371338
1475,12.864092850113668
1476,14.034263640666989
1477,15.000243406963728
1478,8.143835552515466
1479,10.962041835315953
1480,10.163834244216815
1481,15.934972727154445
1482,13.313596652939763
1483,14.76786182356521
1484,8.935999830640672
1485,10.901519829031741
1486,10.221474877292163
1487,20.723077803703347
1488,12.854688415940434
1489,13.359807846267808
1490,11.440379359441069
1491,14.212546608598773
1492,14.165245167145262
1493,12.962751368297813
1494,11.020606904395839
1495,9.467158603456172
1496,9.58829707613961
1497,13.268580122506025
1498,15.918542854705036
1499,15.577765515301493
1500,16.88513179150162
1501,9.853670606172923
1502,11.433558929520041
1503,12.314055255314573
1504,11.900003098391327
1505,16.019672525952263
1506,15.235201849148087
1507,11.071524944250699
1508,10.275112303321382
1509,10.698719130034826
1510,8.396785879968387
1511,12.335874215089477
1512,9.366381154552762
1513,15.393015740381172
1514,15.10932816649386
1515,15.029661099091674
1516,15.984256685458238
1517,15.161216448094912
1518,13.043274068899713
1519,14.01461317413835
1520,12.866304195317484
1521,15.611761368055385
1522,11.379293756363762
1523,13.56395423867681
1524,8.894875541281868
1525,14.210478903955732
1526,9.270812552047385
1527,13.993041709282856
1528,12.534988038642291
1529,11.403512579130927
1530,8.786387837696847
1531,15.403451597797355
1532,7.276342568469462
1533,10.483246905866931
1534,9.766682922463886
1535,14.351832553622149
1536,9.495463278680065
1537,9.135863873780112
1538,16.7209057763665
1539,11.354542496921392
1540,15.80430451069849
1541,12.273163246974427
1542,15.477349881354424
1543,11.892949317640351
1544,13.187289987455376
1545,10.54946228935177
1546,11.547657115069072
1547,7.281433576575616
1548,16.273461772967337
1549,9.324322283011576
1550,11.267090033128294
1551,9.347679031183603
1552,12.067380128670111
1553,13.135906180824719
1554,20.8198400814372
1555,8.844658839273304
1556,9.037963278979717
1557,13.433827764844066
1558,7.325421662902296
1559,14.550384100011565
1560,9.993685998923734
1561,10.34930193825149
1562,13.00370158335029
1563,12.466755414543922
1564,10.350410406535616
1565,14.169329824533675
1566,8.008524832700697
1567,9.807412553746989
1568,10.431547755873229
1569,12.149649002947363
1570,13.759452153544144
1571,12.623978025861465
1572,13.211203723180157
1573,10.081167765023423
1574,11.561057378235702
1575,6.0
1576,8.483284479994243
1577,14.295029717228491
1578,9.464430586362022
1579,12.571348650612652
1580,7.429432191008975
1581,16.42480716039378
1582,11.751051871443874
1583,7.511514881364603
1584,17.880865620056635
1585,6.71667417529801
1586,10.556368998735437
1587,18.879696507751216
1588,14.517365275684485
1589,15.081025634875692
1590,16.95518311406163
1591,10.273802545047584
1592,17.548617575448745
1593,7.84468313014458
1594,13.3409578854123
1595,11.784097324431645
1596,9.459325600243913
1597,10.366721282506553
1598,9.031569224233591
1599,12.096023375134273
1600,17.111618252293347
1601,7.183630025612596
1602,13.048518308312271
1603,20.10526238231062
1604,10.542622782518567
1605,9.868555940221283
1606,18.1954514199849
1607,9.864009137788852
1608,9.518108024099888
1609,8.936842583809163
1610,15.171350773337647
1611,6.659708200814048
1612,13.612705940935246
1613,10.040273824446501
1614,10.01019091422246
1615,13.476767019611856
1616,8.42341539607814
1617,9.549058434420923
1618,11.901562385116787
1619,7.581763973137805
1620,6.765952630748185
1621,7.274133417371485
1622,9.331234742429519
1623,14.240530759654467
1624,16.761591993976584
1625,6.0
1626,11.297424538824224
1627,9.985979534863354
1628,15.168955275289353
1629,9.543320198227644
1630,17.00487669133954
1631,13.03937521683994
1632,13.066479193038719
1633,6.0
1634,6.675068594635744
1635,11.486297505521911
1636,7.513590870928473
1637,9.320948443129193
1638,7.392323137067286
1639,13.892588194708157
1640,17.904663895108392
1641,9.636184658426037
1642,10.176270342785333
1643,6.745008190334993
1644,13.878626362531847
1645,9.42362815852728
1646,10.24856159313483
1647,12.958706606418799
1648,14.203015547843671
1649,19.023021097593748
1650,11.652482640612247
1651,7.223700767261694
1652,11.65701947744013
1653,6.4530638588151605
1654,11.521408278603031
1655,14.643925267161375
1656,9.991630222936788
1657,7.172319819707796
1658,10.886107451349725
1659,8.94722151669087
1660,13.873014951166406
1661,7.741154785295117
1662,9.42622366564467
1663,18.277497097031436
1664,11.47036915045935
1665,9.471055117142546
1666,14.068260222745145
1667,14.294910381389629
1668,16.308980200749865
1669,9.92169325321561
1670,11.944322143375965
1671,8.484027280739273
1672,9.148251744911754
1673,7.783064058888828
1674,11.209885859440803
1675,8.252769384987406
1676,8.821492248016238
1677,9.416760298668418
1678,8.107262678480229
1679,7.491389610438641
1680,12.953535174098151
1681,7.886132959590235
1682,10.165694579250557
1683,12.816727192313172
1684,14.677443205373045
1685,12.533113031094247
1686,12.205174767373535
1687,6.123272894917101
1688,11.324231764096153
1689,10.08010958662139
1690,18.887605827178408
1691,13.444892694592559
1692,11.058416992912486
1693,13.682221116002655
1694,19.85075869093695
1695,12.174734399438991
1696,7.799572139184112
1697,17.88805258813746
1698,9.261277595879232
1699,11.170131945562229
1700,7.9072472506443505
1701,10.95830726406042
1702,9.428659163636961
1703,13.279521769201054
1704,15.716525281283227
1705,15.004599965723795
1706,14.273872145904189
1707,14.375585182569123
1708,12.34720780530409
1709,7.636115076802536
1710,9.05620233169024
1711,15.036275618957271
1712,8.638351344864937
1713,9.6379845702761
1714,9.286310672788806
1715,13.118124386564949
1716,14.29052008883398
1717,14.7919061749194
1718,10.833228220458299
1719,8.626733959411858
1720,18.536759303165432
1721,11.246745556107866
1722,11.021851436034954
1723,11.799533863051149
1724,8.81165294495452
1725,18.61484722967754
1726,14.637251456400175
1727,10.558288478484148
1728,19.466481014310734
1729,11.37408419254958
1730,8.019390860771896
1731,9.436980155013764
1732,17.105057625093657
1733,15.46598943683069
1734,10.669741845395578
1735,10.20695372647255
1736,11.668347718565544
1737,11.604873541971461
1738,17.231136793416646
1739,10.098762745230816
1740,8.931178123312037
1741,16.74520051079476
1742,6.016319845699432
1743,10.4226252230272
1744,10.295666783414623
1745,18.570330075149638
1746,12.158704118563406
1747,6.712741316516813
1748,10.26668737273678
1749,9.96322122032714
1750,17.30444243375169
1751,10.957650124543438
1752,7.712235666750857
1753,19.40622966671413
1754,11.278190544398438
1755,19.980646882213748
1756,14.756664752639534
1757,10.764766747288117
1758,12.560093814527699
1759,12.730722190535428
1760,12.145389607653854
1761,11.176855398375345
1762,12.777815819134831
1763,7.539246028435152
1764,16.27330468409208
1765,9.487545631385427
1766,16.78346606890692
1767,7.002132237307891
1768,15.617991856547064
1769,13.266716811159903
1770,18.78894589167766
1771,15.384174340317905
1772,7.620250808152552
1773,10.920149398711272
1774,8.49743861388745
1775,13.838049651788666
1776,9.780772049963158
1777,12.758977331369703
1778,8.771974066472541
1779,13.979250542388186
1780,10.637307812210391
1781,6.391480566823638
1782,6.560907166936359
1783,10.255968470688579
1784,14.00765068714213
1785,7.662934808813032
1786,7.712029037321333
1787,10.363784009478543
1788,11.82584563919568
1789,12.422757182738364
1790,8.201042271909415
1791,11.311036641987299
1792,13.508221938389655
1793,13.204402166731875
1794,15.719466408634679
1795,8.600990952526484
1796,6.231736208597694
1797,10.198877884034491
1798,8.436952906623464
1799,11.566077334642785
1800,12.783373328196554
1801,15.261174166686432
1802,15.286494940195155
1803,7.292396219589849
1804,9.439623465602214
1805,14.806029450248959
1806,6.572377595924343
1807,12.1526402730943
1808,13.481718840926069
1809,12.064039937005509
1810,8.23212647671777
1811,10.6102199002992
1812,8.017433928093926
1813,6.844080530811032
1814,16.200197990514447
1815,14.519374963142159
1816,16.250215963261546
1817,12.705927569506413
1818,11.31191869593017
1819,18.23204428554191
1820,14.702490034940485
1821,12.732498658635167
1822,8.79821975493876
1823,12.350420451087075
1824,15.770427924276989
1825,11.425922152511916
1826,13.225721900399314
1827,11.727349617264037
1828,12.344230017341554
1829,9.608710890433867
1830,10.093356763548693
1831,12.831443755697062
1832,7.3309283576030495
1833,10.193336569053105
1834,7.747401297252715
1835,7.461147670483817
1836,6.64753000614956
1837,9.276719582279362
1838,8.317834493257706
1839,8.066599463600209
1840,16.723552670442725
1841,9.112008957085393
1842,11.51412450628175
1843,16.23420363988316
1844,13.67739908304501
1845,9.042440777991468
1846,13.512582863645905
1847,6.417539551944235
1848,9.06144274118623
1849,13.598320109157438
1850,8.522646702096814
1851,8.216685478748042
1852,6.0
1853,13.546405613848929
1854,13.031088711224454
1855,18.315479323476083
1856,9.876742077913695
1857,9.499272034790135
1858,9.423766612981387
1859,6.0
1860,8.8327244484386
1861,11.272462360869996
1862,13.87268770984292
1863,10.505395882886944
1864,18.10803762639275
1865,11.127684401089871
1866,10.828123436533533
1867,10.504623721629983
1868,15.394160894554433
1869,15.472051713072856
1870,11.23015517104675
1871,10.523725113477253
1872,10.255606423795179
1873,6.559779283847387
1874,11.029735563932164
1875,9.159125912882384
1876,16.706590679194058
1877,8.645341213064366
1878,8.521235176357798
1879,6.070746444355569
1880,7.972927852892909
1881,6.567368798148297
1882,13.111418681418877
1883,13.346400243767723
1884,12.720704898328066
1885,16.062897214183447
1886,8.601511272888512
1887,19.93230661793549
1888,10.34152777158623
1889,8.406459773427613
1890,12.441764111071627
1891,12.118267164597562
1892,11.134544587531353
1893,19.970109984458247
1894,8.9018062864384
1895,8.60787264783712
1896,11.060777464450487
1897,13.060549992521178
1898,19.523993244284732
1899,11.620542239874618
1900,10.692881078456553
1901,13.1087732936373
1902,8.32784069748907
1903,8.648551616142422
1904,12.41233529450355
1905,11.493022400706167
1906,15.278346952190944
1907,14.729210515958279
1908,11.039952577788604
1909,8.886056460284422
1910,12.567978822602178
1911,10.337824217970239
1912,19.409394168949078
1913,15.97759754557315
1914,13.084294480987438
1915,11.90821369300741
1916,10.897269984827707
1917,7.463764208397793
1918,14.588749814362684
1919,12.060259845545831
1920,10.279604668481237
1921,8.609914784307685
1922,8.048274737555534
1923,10.493288183009883
1924,13.047168763058334
1925,10.51602856249481
1926,12.220980614220379
1927,6.5496913510884385
1928,12.187103589025206
1929,7.555054554028602
1930,8.238871389077413
1931,11.26134878332111
1932,7.2599282694000005
1933,16.684135046951887
1934,13.841108717612888
1935,15.732229213428287
1936,13.939471509029367
1937,14.451065062136546
1938,15.098058197797828
1939,11.213648427448343
1940,14.323259041854902
1941,10.9234470679149
1942,9.727066033900345
1943,10.270099810153457
1944,10.401777151414725
1945,6.187661754115695
1946,12.83025165700777
1947,12.19460804492305
1948,9.335672415144781
1949,6.153906102690083
1950,8.352888353166062
1951,13.490356210738616
1952,9.813640788463971
1953,13.342602666693061
1954,8.498346549143605
1955,8.113791587153468
1956,9.717000720648068
1957,9.741368516427439
1958,11.119462860276073
1959,11.411600856736156
1960,7.578216961679219
1961,9.556641947431256
1962,11.476115164740216
1963,19.110091709236055
1964,7.53058099565543
1965,12.31362936336754
1966,9.921041103097595
1967,14.277363148423586
1968,11.48737171014589
1969,6.335689469362944
1970,7.777163256962576
1971,12.070258329624284
1972,15.278891758917391
1973,13.923797519102266
1974,12.41683949934459
1975,11.04541977736765
1976,10.710377868619549
1977,11.414752595149448
1978,12.378226737929568
1979,10.76725944554623
1980,13.75121267664652
1981,11.766436335678062
1982,13.270718617917986
1983,8.8497788776954
1984,13.701300843255545
1985,7.335562211198985
1986,7.094476782400766
1987,11.842080532819875
1988,8.034770414432664
1989,10.88310155380482
1990,13.068162209858247
1991,8.230681046145016
1992,11.395951061635374
1993,11.47833447163476
1994,8.717746969605123
1995,16.643508065613396
1996,10.714880213479754
1997,11.257338580852121
1998,9.903751143005735
1999,12.595245837238638
2000,14.374915546031225
2001,17.087078645870463
2002,9.519419841888995
2003,10.78045097833325
2004,14.23875494813652
2005,7.562811548496719
2006,9.571175636119854
2007,10.158695175740071
2008,17.410331874224187
2009,18.79850722089052
2010,10.047218814433311
2011,18.196732968004103
2012,9.179621607075179
2013,11.861889110160645
2014,7.787108326508328
2015,12.515529992517838
2016,16.312880336788808
2017,6.676797269401051
2018,12.563807414291349
2019,8.703263295277722
2020,10.386227233609043
2021,6.6081787054610945
2022,9.80897241434748
2023,17.55388870711693
2024,12.22287933367217
2025,11.668317707752612
2026,12.985643848872408
2027,12.891085169566182
2028,15.25836076571041
2029,12.65321642172597
2030,9.97685696838603
2031,12.20947811695248
2032,13.790837606804669
2033,9.336264277536248
2034,16.855551655796738
2035,15.180618563652896
2036,10.517859067192731
2037,16.64631534886935
2038,8.316604344217218
2039,14.931538676523225
2040,12.878000681824439
2041,11.55902349908655
2042,14.178690890574273
2043,14.859819325160814
2044,15.925382699247692
2045,11.80373677315475
2046,7.368063358321202
2047,9.067998019513393
2048,7.72479606197434
2049,11.690192253032624
2050,11.047327618987403
2051,16.85913304377034
2052,15.41240881937124
2053,17.46317661098747
2054,14.927936497068822
2055,20.218614242336166
2056,15.915354907133763
2057,15.55987701028092
2058,6.677891543374426
2059,18.09389173511385
2060,6.104110294576438
2061,10.7947352533467
2062,12.702782340253165
2063,13.372370670169884
2064,10.62716368155596
2065,6.293573369321978
2066,13.479506298295913
2067,11.23989168129855
2068,19.385661090588002
2069,8.833167942765243
2070,10.77089928355134
2071,8.7189561317242
2072,10.936998463844363
2073,14.838775144387334
2074,16.189098726171924
2075,6.084395479134319
2076,11.317825531583873
2077,14.198654473120923
2078,17.077065393046954
2079,16.989866761595984
2080,17.704100058801007
2081,13.97325649305258
2082,13.75739749964167
2083,15.107076624840317
2084,9.326616688604963
2085,12.061758866574573
2086,13.062745192387716
2087,8.93100268058491
2088,8.305258641054985
2089,15.151091728515226
2090,7.264292796509877
2091,12.39759000151372
2092,12.166985581201635
2093,12.65850159845785
2094,9.237574567827457
2095,12.380939409102176
2096,14.909818199400389
2097,17.439995987832486
2098,16.258618413356057
2099,6.0
2100,19.3461620851748
2101,13.684891171757187
2102,10.892857110110707
2103,13.815270893413043
2104,11.478911300663517
2105,13.263185672594954
2106,14.688951710851544
2107,20.0191599119809
2108,16.836021399088473
2109,18.44044917368184
2110,9.323678565925537
2111,8.555258519412863
2112,15.153737137807
2113,14.080371136283437
2114,12.827802409929033
2115,10.109083151492817
2116,8.238618894575776
2117,16.973350109332923
2118,12.034239776615404
2119,6.698473494835545
2120,12.221888473310125
2121,8.093078798662523
2122,14.120925067263226
2123,17.623048615008788
2124,16.15754322063286
2125,17.572485395104877
2126,14.548225830584874
2127,6.368217426579434
2128,13.755484539420696
2129,12.689233253753834
2130,8.515267833385213
2131,8.021245385305175
2132,12.625504627982592
2133,13.758393616395304
2134,6.312543868236213
2135,6.57876914494984
2136,11.471016062735904
2137,6.0
2138,8.836750765920936
2139,9.36141639411922
2140,14.517682077242384
2141,13.589146877011537
2142,6.811766468357051
2143,12.852015883730084
2144,14.37605973873937
2145,10.91656717933764
2146,10.359527120395562
2147,15.056790557469036
2148,12.120725247409982
2149,7.751317031982495
2150,10.854257725547553
2151,14.498465141041653
2152,6.0
2153,7.742940663179608
2154,6.229649445349693
2155,15.422890169967499
2156,7.151075807254338
2157,13.922473083782926
2158,7.996308846575397
2159,7.863481168070435
2160,12.241786189017462
2161,7.302275702750391
2162,15.381942697157921
2163,7.755485141426256
2164,10.819001547196047
2165,14.603652190077801
2166,11.656048725123634
2167,8.348775389685702
2168,18.58869726644284
2169,13.322572459023236
2170,10.497826885166921
2171,16.9019480476559
2172,9.23254985164961
2173,12.031862084157082
2174,14.540700270138405
2175,8.808561695624405
2176,9.581400581956958
2177,10.355949304959747
2178,11.508964589825958
2179,7.82861046473169
2180,17.034830133117623
2181,8.577758576001147
2182,18.709758167343974
2183,13.368749038629016
2184,12.915353435130276
2185,15.63892695965301
2186,6.506195088287059
2187,15.960818389392015
2188,8.670040614535473
2189,8.175371365857128
2190,10.581115955033855
2191,8.873024507188603
2192,13.814624287595574
2193,11.028650370811938
2194,12.484461147504671
2195,16.032065991496903
2196,12.90844184215583
2197,7.488883869761374
2198,9.261517303568422
2199,12.313897049637225
2200,6.748899615005277
2201,17.411947668494093
2202,13.68737838544342
2203,11.298588288042462
2204,7.983539406730841
2205,15.700403025553655
2206,11.899623437683456
2207,16.9190134426788
2208,9.013271378772389
2209,9.486239901224524
2210,9.082084120060363
2211,7.323600435450604
2212,9.087320544254887
2213,8.345674550645885
2214,12.828561890769803
2215,11.391246869714422
2216,9.147753377307946
2217,12.80653057363911
2218,11.821038086322613
2219,15.147836467407744
2220,11.752511211203707
2221,8.925386695058833
2222,8.244427536582762
2223,14.006245153054598
2224,8.691829738751899
2225,6.714274822735362
2226,6.0
2227,15.413054639915853
2228,19.300161737705373
2229,15.804544632311893
2230,7.70594120537445
2231,7.800360520754262
2232,9.744233517335699
2233,17.25222123497503
2234,6.482933103324785
2235,17.090415789952228
2236,7.986316438366725
2237,15.309199202230369
2238,13.103143800838794
2239,7.483206655159626
2240,9.774411554537307
2241,14.821042870133704
2242,13.219049771173983
2243,10.561106108455476
2244,17.74871755865896
2245,19.420099036711274
2246,8.55814746398643
2247,14.219941853616449
2248,15.819852906057385
2249,19.454579802217545
2250,14.002428349033796
2251,11.71864802724106
2252,14.599242271687377
2253,9.667385094540034
2254,8.68782908638714
2255,14.923409266447655
2256,14.125305012077984
2257,18.526115479990963
2258,8.917290979495881
2259,16.309179941337604
2260,15.343117978494323
2261,8.990937356199264
2262,14.960244134691616
2263,12.811193031499087
2264,17.224705771681133
2265,6.362004395541734
2266,16.215627813060344
2267,13.130720110911634
2268,15.67066234509038
2269,11.511774872257623
2270,15.98067955685975
2271,13.534716940438866
2272,9.441006990151632
2273,17.948694376211854
2274,16.313106853518704
2275,16.512514254546925
2276,11.847961812208222
2277,10.662760983369264
2278,12.757559761699289
2279,14.111468464686968
2280,12.014260508607496
2281,9.376080624304524
2282,11.81594245961392
2283,12.875403340850127
2284,12.51420234423933
2285,8.183629225209433
2286,11.978326403271945
2287,17.968349790487338
2288,11.600204789616217
2289,12.892065136016967
2290,13.612168994310096
2291,7.385581397787399
2292,10.58250634581104
2293,11.494149767230812
2294,10.62304607229549
2295,10.445274632438625
2296,12.368176993751765
2297,13.657157139777595
2298,14.561217725590353
2299,9.1139193758786
2300,13.314445354933014
2301,7.021995139914207
2302,12.355571272864347
2303,12.89347908329372
2304,7.738384870678708
2305,10.481854560640052
2306,12.548222245155456
2307,16.543939031770236
2308,10.39984322806709
2309,8.578976809197464
2310,10.968522969399546
2311,14.102557925496786
2312,8.357627908403082
2313,10.500653751055193
2314,14.53211018229226
2315,14.474696596765561
2316,13.133864327712375
2317,13.495637974335898
2318,11.730539195904015
2319,18.720908424388767
2320,13.85354751487703
2321,13.626899889785387
2322,7.981325296149048
2323,12.400041281001009
2324,13.41042069240241
2325,13.652186522106742
2326,10.381730313841906
2327,12.621359907737357
2328,14.407752350073377
2329,12.933697572103869
2330,15.010841611881741
2331,11.379546557111569
2332,12.310545000765106
2333,11.83731360416732
2334,11.187232114433801
2335,10.203926254254348
2336,14.568419999892821
2337,14.375455459130288
2338,15.173595396451642
2339,13.632388651655551
2340,9.214118719890022
2341,11.457717200431176
2342,10.454903640171661
2343,11.781084697116217
2344,11.869273589912979
2345,13.104543251521427
2346,8.88785063319888
2347,10.851669469057263
2348,8.719563234660608
2349,14.475573017999846
2350,13.979864404360326
2351,10.754019507416709
2352,10.278301011840703
2353,16.709108678499646
2354,14.725576579690776
2355,15.657602315253975
2356,13.513688586060919
2357,9.368203285147532
2358,14.095813504475979
2359,8.783090647352186
2360,8.78468840017625
2361,9.101972000175616
2362,7.484389568767157
2363,12.504174056561219
2364,14.283529853410483
2365,8.157587702359553
2366,14.77933107858366
2367,12.75601016954154
2368,9.863766302089203
2369,16.367665247086165
2370,9.893684228010953
2371,10.509457661804323
2372,17.21754718681946
2373,11.72533710556064
2374,11.688589757645714
2375,6.5003202738618215
2376,20.367702426460056
2377,11.919686246647485
2378,15.057230789830776
2379,7.1200737847753395
2380,7.360595314529372
2381,11.77062279782687
2382,8.29962836368605
2383,13.654455773467493
2384,16.344275478826518
2385,11.206103026542214
2386,12.751060850052708
2387,10.447084643973339
2388,12.313164753357244
2389,13.001132609184813
2390,18.991165407087188
2391,16.540389231955576
2392,7.039123659797916
2393,17.45107481162139
2394,13.235861926192984
2395,9.947409496724411
2396,10.285258615969145
2397,11.343866674332912
2398,18.066263536098212
2399,11.02475849785931
2400,10.411755956823429
2401,9.478839380870678
2402,18.177458958160102
2403,15.335794597527403
2404,6.659820576430912
2405,14.947025479972826
2406,21.028156760127775
2407,13.891159590343547
2408,13.128428496042703
2409,6.3399945362728065
2410,16.815370537197172
2411,7.380239028499675
2412,11.390306952722561
2413,7.589104464401549
2414,8.301673303684218
2415,13.670206015324341
2416,16.071700945900844
2417,13.804010209425869
2418,10.45492544585423
2419,12.016027681406092
2420,14.391580872098665
2421,15.237800039271942
2422,16.907642401303427
2423,6.618752895075793
2424,7.774847409617164
2425,9.555144173766744
2426,13.049954252472144
2427,10.83154275690891
2428,10.808196732870552
2429,15.32886910747383
2430,9.322574961691263
2431,17.378628507887342
2432,13.585505767075718
2433,20.603319271749193
2434,13.446786520384734
2435,8.24736869150505
2436,15.762579144509543
2437,8.56195193094852
2438,10.834291329139722
2439,17.370168630274495
2440,10.277011901009047
2441,7.175179106111593
2442,11.998499973867894
2443,9.881103791802214
2444,12.854927797387191
2445,13.704628318307858
2446,7.121203568323703
2447,14.775083178360465
2448,6.336059793934337
2449,15.701365624211716
2450,11.020206682217362
2451,15.201744341840143
2452,11.657081301317767
2453,13.19135367151634
2454,10.920217324330602
2455,6.896757743921486
2456,12.356860467045898
2457,13.806489133745572
2458,13.494863359581473
2459,15.541665509362549
2460,15.22500957274624
2461,16.126543513232594
2462,11.87105704884257
2463,10.770286730666353
2464,15.419654297438981
2465,9.874825641015828
2466,13.828321343668605
2467,13.63181890874101
2468,9.841069351537055
2469,10.810803373927271
2470,17.04089594139637
2471,7.044086138588847
2472,13.729351644388437
2473,13.929751817674282
2474,10.326266995155185
2475,13.442753632301644
2476,7.302754740754658
2477,11.201024541515299
2478,10.433450331462051
2479,12.66861718927695
2480,13.718948971663773
2481,17.34392715777984
2482,10.77010396445748
2483,15.709213968323182
2484,9.38129436101357
2485,17.353441640384013
2486,14.414676182631464
2487,13.047102343113838
2488,13.49303047075196
2489,11.833457476212637
2490,8.336712174380622
2491,10.451399229854406
2492,7.95183067271807
2493,7.574701099614378
2494,12.014491543318602
2495,9.602111037092635
2496,12.58461873963082
2497,13.04800270054611
2498,9.619494136246649
2499,10.9361081312111
2500,15.240635717095918
2501,13.746253106671464
2502,17.29402531008494
2503,13.895615353557304
2504,9.071584037139848
2505,9.86350233155006
2506,12.88774322347735
2507,10.74097717930584
2508,11.837627255346746
2509,14.055632065075159
2510,15.641113433000836
2511,9.192048401411117
2512,12.456050285816879
2513,8.334580433678482
2514,9.928435753117826
2515,9.445201069776854
2516,18.973297771132355
2517,12.824650297753543
2518,19.87988510317697
2519,17.996470419990345
2520,11.24893866273548
2521,15.095689307629065
2522,14.905542202821039
2523,13.132475492817049
2524,7.547307952990795
2525,8.563085288731568
2526,13.880697046780774
2527,10.0240811014417
2528,15.291042399259023
2529,10.334977127168624
2530,11.855275796044316
2531,6.696565534871215
2532,12.60627357377559
2533,10.810183136082385
2534,13.497613513053146
2535,12.656947921963024
2536,9.453851016932155
2537,7.610671725851321
2538,11.511106724114194
2539,11.968292230617422
2540,10.982382979261732
2541,10.895173599606302
2542,12.726806183591926
2543,13.272572228199344
2544,8.895447933112969
2545,12.62552759639022
2546,12.94273740929242
2547,7.212173378835618
2548,12.411246768790688
2549,15.399960113594876
2550,10.895796656960856
2551,17.210511287630677
2552,12.141604906416829
2553,15.32675671230715
2554,6.867823237856497
2555,9.677844009725888
2556,9.369285125645215
2557,15.839163283293264
2558,10.279583130769359
2559,13.702372621281015
2560,8.91804721970649
2561,7.904852283315782
2562,6.287043962132667
2563,9.690748277869389
2564,13.805213890681676
2565,6.4023205710927344
2566,9.79541800426812
2567,15.459205592565603
2568,10.145699446683864
2569,7.485517327015958
2570,15.15585321056794
2571,15.956640539839238
2572,9.599100369718254
2573,9.067864991413122
2574,12.482843464267232
2575,10.583738671381692
2576,7.166265640826885
2577,13.236643263217912
2578,12.304165593128475
2579,10.306267658963723
2580,7.982952719912114
2581,11.596413200529685
2582,12.117291903486262
2583,10.068272069259022
2584,12.038166822634512
2585,19.020629935282198
2586,7.910031021529741
2587,15.29987719566627
2588,6.706858345048783
2589,16.039225319063007
2590,10.279177969653333
2591,8.052938765222233
2592,13.687292349395879
2593,13.19960994763889
2594,7.271558535993577
2595,15.32557253756736
2596,12.914993496798504
2597,12.020403263881523
2598,12.363785752251756
2599,18.206245867105295
2600,13.672102155675764
2601,9.735686443330877
2602,10.11603044606858
2603,11.148210263425446
2604,12.19809334300117
2605,10.564923597443368
2606,12.209778191692935
2607,12.0732680406587
2608,13.240306372691567
2609,10.573976929484303
2610,15.350453237753118
2611,11.757132299905875
2612,15.28424256677133
2613,16.711937781685066
2614,15.005202526664752
2615,10.654405193797153
2616,6.329627463616754
2617,12.100688330015945
2618,9.606727760824432
2619,14.57018206180028
2620,16.229303490453027
2621,14.596690013708518
2622,12.35063612385854
2623,14.472023108632445
2624,10.269020492042715
2625,12.67418544820684
2626,20.557147388534023
2627,15.38133044524246
2628,6.076526793999647
2629,14.694660578159585
2630,9.599217335363617
2631,8.607944369558624
2632,8.577458498701517
2633,12.906051296273196
2634,15.317866057768146
2635,7.957752010575588
2636,15.745674589800839
2637,9.75562238165679
2638,8.246726844175658
2639,6.0
2640,14.07690526998129
2641,13.127598132068043
2642,9.363925610927042
2643,15.181411610618278
2644,10.875542861250924
2645,16.200053554007226
2646,13.731158414371821
2647,13.467721777944718
2648,12.186893907295566
2649,13.674435062298198
2650,8.17251290022338
2651,12.216097213442243
2652,19.69315765445344
2653,8.477401373028083
2654,11.892612013551442
2655,11.798301376716276
2656,8.208303601151517
2657,15.179384204974196
2658,9.274337480159941
2659,8.757091158660215
2660,15.248596578485406
2661,6.4688209149851685
2662,11.096570108597128
2663,7.115736741329404
2664,9.962652311129293
2665,11.253556595659402
2666,7.445979726863413
2667,16.303724538112746
2668,12.260983260279687
2669,12.89336840235908
2670,8.519270691302498
2671,11.588798341062638
2672,16.825946761286133
2673,17.209201505958227
2674,10.3170074046924
2675,16.15991707916931
2676,9.829194109198614
2677,13.016479199906712
2678,13.870451148583781
2679,14.624817237187717
2680,13.917360797054274
2681,11.869468262844391
2682,10.576591556516846
2683,15.098858787365511
2684,9.201837695434461
2685,6.8558765607092225
2686,12.790960267733384
2687,6.865433327338391
2688,10.716327462875963
2689,6.076531284113206
2690,13.707068564921306
2691,7.463604600976607
2692,9.594286480982326
2693,10.618920189559661
2694,12.007468859535956
2695,12.904165719776035
2696,10.505157634402448
2697,17.478981927309412
2698,15.07598230168133
2699,13.246312193775536
2700,15.086370647800289
2701,18.798839660532586
2702,12.223421882596117
2703,10.286565386204831
2704,10.12774351247769
2705,11.365506286370351
2706,7.499969135728546
2707,13.334910641419265
2708,7.79351828473829
2709,14.216064093775254
2710,10.31174117344606
2711,12.195066853007718
2712,9.805501173945057
2713,7.313471451577751
2714,16.691620592393402
2715,10.51260929921611
2716,11.190973191000436
2717,8.822127873783062
2718,10.935808894140944
2719,9.818117295628852
2720,10.066336716141697
2721,13.789675783487404
2722,14.341441376755434
2723,17.871799668539886
2724,16.940457263563903
2725,13.450264189457098
2726,15.551168634938248
2727,6.0329497032920365
2728,13.608111005460193
2729,16.61925367787017
2730,10.172121355494898
2731,17.540560385545408
2732,12.936122039687069
2733,14.664738462786806
2734,11.785123882080734
2735,14.232527766588918
2736,9.950413549974042
2737,16.435441211719354
2738,9.05751706123543
2739,9.385425060926325
2740,10.011302195862765
2741,7.211951340048102
2742,15.514081447066793
2743,7.476668616614604
2744,8.466888735928238
2745,12.988659752622494
2746,12.398239983709999
2747,6.641207670172611
2748,7.0913655293755635
2749,12.9557980599593
2750,13.160457011964175
2751,15.962655633736906
2752,11.640766868677066
2753,8.596042954229471
2754,13.209424682269049
2755,11.92993474765912
2756,12.023283744899421
2757,8.35579669734641
2758,6.9983057569373095
2759,6.715362911767085
2760,14.753905504650396
2761,18.118575087300123
2762,8.356289792075392
2763,12.294504549443403
2764,7.7890371430962
2765,15.214775455911939
2766,9.101834053202314
2767,9.036549555561695
2768,16.60055965949264
2769,19.075434419081546
2770,12.407914543312742
2771,6.0
2772,13.148180137796778
2773,13.2187655045216
2774,6.2764676424394015
2775,14.155328289701483
2776,15.012001379183609
2777,15.26891534617564
2778,9.435824637766213
2779,11.915864461910996
2780,7.660482120204594
2781,7.70705048588283
2782,15.740102618954442
2783,13.0828540829575
2784,9.40356657641874
2785,13.48063067609762
2786,16.33541590581263
2787,9.420321236834742
2788,14.124205770700916
2789,13.963466409337414
2790,7.392039711702091
2791,20.238679159998775
2792,9.632158083143587
2793,9.849872532236827
2794,18.207449371046874
2795,7.408735596677317
2796,12.933428440316115
2797,11.161195972468773
2798,10.22431262594487
2799,6.1016505075437975
2800,14.454734846171633
2801,12.10586229813083
2802,10.896971271331909
2803,11.684935292943345
2804,7.3396205489558195
2805,15.6207543080649
2806,13.113385363711659
2807,11.04717143965811
2808,16.878575786552766
2809,9.131141779168374
2810,9.067026688376485
2811,9.820936369285672
2812,18.695548264838376
2813,18.045664004774647
2814,8.03816374675523
2815,15.033367409174556
2816,16.19688295911993
2817,12.807152674956146
2818,15.29827685419473
2819,10.029991230673826
2820,8.973148923123636
2821,12.535372995468604
2822,13.928098488733978
2823,11.253191331201055
2824,10.140582492726761
2825,10.344863667587266
2826,11.988760882609181
2827,10.00430443407474
2828,11.891653743945218
2829,11.263664377861572
2830,15.690539893862134
2831,10.535513909206209
2832,13.255131460004971
2833,13.276187310152363
2834,14.652693437441178
2835,9.795290497482988
2836,14.40457197616926
2837,7.225887271931417
2838,12.906922216407862
2839,6.28060953894566
2840,10.730679985059833
2841,15.737689067884448
2842,14.60467006109718
2843,18.224784728719342
2844,10.234527554839593
2845,16.2886904466337
2846,19.4266201926301
2847,12.200524006376593
2848,7.351816832833645
2849,6.617006654421082
2850,15.003725633296433
2851,7.891830751730247
2852,12.175403954999249
2853,14.834497569035817
2854,12.635076354912178
2855,15.074958979299515
2856,7.3521001644555035
2857,12.054167307381094
2858,13.55815396076557
2859,7.524823649683235
2860,17.193376346739452
2861,16.59049836235692
2862,14.339403147899867
2863,12.733208041333995
2864,12.48797918654236
2865,6.4485993808810465
2866,12.869659490586088
2867,11.510076059008634
2868,12.680683786547267
2869,9.581484714609491
2870,9.041300101353828
2871,11.688120880568416
2872,12.219945750039352
2873,9.239619572187783
2874,13.861797307723483
2875,7.293289824307925
2876,11.394847691530401
2877,8.882435233104587
2878,8.00257452604492
2879,14.428114887533033
2880,9.613827038412591
2881,18.66184587790812
2882,18.603740114614645
2883,16.64266945634428
2884,10.79218590127003
2885,14.060527140940625
2886,20.12554512343186
2887,14.26562733419347
2888,11.871281871355901
2889,20.583082146730536
2890,13.100834015421063
2891,11.322666758392273
2892,8.005846934195178
2893,10.020301352046548
2894,19.729385100075902
2895,8.343440574982626
2896,13.907144750403495
2897,13.655074802018774
2898,16.3247111659213
2899,12.764091434132698
2900,11.246848558921256
2901,9.83224403148809
2902,13.67192574305576
2903,10.31494816449656
2904,15.544166389896168
2905,11.43504843472893
2906,10.464117559389635
2907,10.973869763769178
2908,12.298366991564508
2909,18.58084703884512
2910,6.722748333275213
2911,19.627704066443158
2912,7.561451738440384
2913,13.589395751371981
2914,15.384708438876448
2915,12.45659001029473
2916,10.242174595742373
2917,14.720556306700987
2918,9.292900307089905
2919,12.475178372440016
2920,11.485943833940985
2921,10.619811942513794
2922,17.660762900212404
2923,9.0147598011561
2924,15.74397304643664
2925,7.7146773080047755
2926,9.067840711862292
2927,13.37408106392189
2928,15.964232763721649
2929,12.437396992185619
2930,9.316697835817505
2931,14.254346158643097
2932,13.40578825519461
2933,10.599791840559483
2934,12.893141281802281
2935,7.20499072578184
2936,12.540034228838131
2937,10.95320186468594
2938,13.627856472077221
2939,20.02954376951354
2940,15.235029785940092
2941,11.110170001303818
2942,15.3449570354029
2943,17.990815878594315
2944,11.203695288476279
2945,7.526946474969883
2946,11.425586756141273
2947,11.70413384384997
2948,16.9990711982155
2949,7.5368385228240085
2950,10.00577755004869
2951,17.607727585333624
2952,13.578854621378632
2953,6.557598628865941
2954,7.198102628359223
2955,11.246796260623478
2956,7.939181356735503
2957,10.800755557481459
2958,7.587976157562753
2959,14.502064243006167
2960,15.72135460062024
2961,14.182392459234443
2962,13.73944259496512
2963,7.492602917692786
2964,8.483432928377711
2965,12.585872628077551
2966,11.79963714706526
2967,14.505138783693413
2968,6.0
2969,8.808086151777747
2970,11.534575269821222
2971,10.458107418436882
2972,7.796827979368028
2973,11.153223237081296
2974,11.209334721730283
2975,8.617866131970189
2976,12.675929697443097
2977,9.192963413624806
2978,11.485531445205165
2979,7.984854458936673
2980,15.287256860873672
2981,12.535512151822491
2982,13.628770755524487
2983,6.0
2984,11.715030614961021
2985,7.977484479649201
2986,16.583660644757845
2987,11.813251346505716
2988,14.306034573461814
2989,15.774036976768475
2990,6.5138899669397965
2991,16.879536359589594
2992,15.668379151646702
2993,13.822342712544666
2994,8.582176192740357
2995,12.835319463293649
2996,6.340717032039965
2997,10.454822376704435
2998,11.105272623721369
2999,6.0
3000,11.68516551627468
3001,11.709350687906177
3002,9.214957154511467
3003,6.052709382954764
3004,11.10666839372411
3005,11.540314581595979
3006,12.077764437109344
3007,18.35909112857038
3008,6.4163446031063565
3009,9.892511666408222
3010,15.473364001844992
3011,11.835549982392276
3012,19.042116817120842
3013,10.122219480250607
3014,7.594982307600945
3015,7.36025464094502
3016,14.4844006388173
3017,11.227280875134795
3018,18.60978833301055
3019,7.5993566817454274
3020,6.915823427118925
3021,8.136276409684182
3022,8.967231340207675
3023,10.211568851177196
3024,15.376298772290795
3025,8.21733807884511
3026,6.832594826838619
3027,11.154809105609857
3028,13.16876668859259
3029,10.191376790887183
3030,16.660870621839443
3031,17.401589014069398
3032,9.698903849487111
3033,7.263964327989333
3034,10.997224397020183
3035,8.378613085928723
3036,6.2259288363881105
3037,12.218680321276103
3038,18.878344332093032
3039,13.262649521420787
3040,8.168128076282336
3041,14.431417798122313
3042,8.384300171740463
3043,10.92896656336066
3044,9.339534242818466
3045,7.145103700257903
3046,8.68726817398861
3047,14.772592076947735
3048,10.184258665917026
3049,7.164361990647292
3050,17.02966275879531
3051,10.77738640307442
3052,9.808576437231766
3053,14.995414445047016
3054,8.787438262047054
3055,11.900657451469625
3056,16.416762729874993
3057,15.276409982903907
3058,12.167517474553124
3059,7.378731798874684
3060,14.497728739473981
3061,14.751202343649746
3062,9.378642231376872
3063,10.816038825419461
3064,11.139779362318828
3065,8.940527051330903
3066,11.06752193531276
3067,14.346010513525371
3068,9.103015442540944
3069,13.662645482485033
3070,11.76493654717824
3071,14.775788060812243
3072,16.265159935246302
3073,13.547343254008382
3074,11.606800653491273
3075,9.62212913530539
3076,13.86612566239122
3077,17.631663834106526
3078,13.042904833366082
3079,12.127031162651855
3080,14.587158104411238
3081,6.694812714204623
3082,18.56165338938608
3083,11.918258446407846
3084,11.015544415456088
3085,14.80693650363621
3086,13.513326002598017
3087,12.993302246966254
3088,14.684181934494259
3089,9.56267813248479
3090,16.262477529963117
3091,20.913414870381725
3092,12.707055024366312
3093,16.857167264429695
3094,17.51683484012579
3095,12.15184934989365
3096,15.24500651136325
3097,9.357378865967945
3098,18.144007172427724
3099,12.647607476399621
3100,11.718855476179622
3101,7.659944746105133
3102,13.953553134461062
3103,11.001241455906916
3104,12.434584614475115
3105,15.626245459282393
3106,19.08133069564708
3107,11.072774733096672
3108,10.948933075391313
3109,11.152001646575672
3110,14.03917877059644
3111,14.39132995033755
3112,17.842934909624745
3113,14.97737449046804
3114,12.590541623431218
3115,8.286658334604365
3116,8.52302782790387
3117,9.853048490718493
3118,22.064355199957888
3119,15.844168942260733
3120,10.498681518509065
3121,11.799818590563731
3122,8.021877012991286
3123,15.017379375603042
3124,11.965948636011463
3125,14.974111514672476
3126,12.213938139249809
3127,16.25127437835037
3128,13.079611291521818
3129,7.949490860991384
3130,18.908473854756128
3131,14.568694974655898
3132,14.461280211446255
3133,19.56136905027851
3134,11.283081408054986
3135,10.096388117985757
3136,17.98362265136823
3137,9.523573056968841
3138,7.204747773283918
3139,13.941481625122082
3140,12.104433130730214
3141,15.414808390259273
3142,13.287394256785827
3143,16.9248611693471
3144,14.992252684051948
3145,12.774574649774248
3146,11.145799878400155
3147,21.14385419772831
3148,6.6839293507889
3149,8.312134292428555
3150,14.477334489208836
3151,8.994747664806269
3152,15.389839883706008
3153,6.087793033724905
3154,19.83499971478574
3155,9.197293222545412
3156,9.404841792253888
3157,14.141820886173736
3158,8.248205791685585
3159,11.580435869783432
3160,14.537479098261736
3161,13.241676128462155
3162,10.385743634171595
3163,9.484145069599585
3164,6.0
3165,13.586191178324333
3166,16.334782797787508
3167,10.166113999499789
3168,18.029074143606632
3169,12.00285725610127
3170,12.382145230255905
3171,17.68238102120451
3172,14.133944074440928
3173,14.917974711254454
3174,12.957118963128307
3175,14.036785334578507
3176,8.789771909104555
3177,15.027696137095974
3178,13.732691402942972
3179,13.27297113074259
3180,13.906178453639104
3181,15.006980953273349
3182,8.259523567021072
3183,10.480198210318392
3184,9.207360107333503
3185,16.482204720908864
3186,6.287263435771085
3187,14.41822314099331
3188,8.909439346755555
3189,12.310637920427249
3190,11.423347718820262
3191,6.0
3192,17.885205696409404
3193,10.041311709614362
3194,10.893292892881389
3195,11.016139037574249
3196,11.2976087323596
3197,10.370559184202646
3198,14.668983026130647
3199,15.081952323538303
3200,9.276841533716093
3201,14.592458816212089
3202,14.277215645240494
3203,8.477141709869208
3204,19.153635235831228
3205,15.715505755262692
3206,17.026839304590776
3207,8.845926908943587
3208,11.52921472617217
3209,11.62515825998552
3210,9.490940222387442
3211,7.2753405431859965
3212,14.230975900022527
3213,10.86480460088884
3214,14.647964381235651
3215,7.87667692135041
3216,11.38853339132684
3217,14.892624560127192
3218,6.925264085207051
3219,15.42483288617784
3220,13.342516963583254
3221,10.071601936381622
3222,12.315252562177646
3223,11.468515237057995
3224,10.83684540828985
3225,13.02678279503344
3226,7.972843155406005
3227,16.817629844764955
3228,9.778311781952524
3229,13.40889648370501
3230,15.152988196277553
3231,6.0
3232,14.736465850813607
3233,11.742566630992501
3234,15.940689807703249
3235,8.797037369627478
3236,15.621246533095281
3237,13.371657503372365
3238,10.85838058607978
3239,15.521048122395191
3240,8.067203999272294
3241,17.912293262708612
3242,8.834037911312906
3243,7.396638077089814
3244,9.556800933401625
3245,15.632554977083174
3246,9.707881378060346
3247,13.488360235801391
3248,10.440856013172368
3249,14.305227098157225
3250,10.998945845596719
3251,10.217772527761497
3252,11.582270930519579
3253,6.0
3254,14.100212618547028
3255,13.326233082532335
3256,7.036102211394679
3257,18.0677805074633
3258,12.903819434367895
3259,7.735707456067289
3260,13.654219741520068
3261,8.066777571954262
3262,11.55042459458648
3263,11.444192328371757
3264,14.537674774201129
3265,16.047700622563497
3266,19.307602237690784
3267,17.663598400367402
3268,6.198904367573087
3269,17.322033450267025
3270,7.888941830653102
3271,14.696219200316028
3272,7.883737759621789
3273,7.167701266512596
3274,14.402345299455583
3275,6.612559111741356
3276,11.716732968112336
3277,9.516139547964539
3278,10.254850641840827
3279,12.15609074364409
3280,10.046466024968893
3281,15.023975052633991
3282,11.687602622481979
3283,13.536717058067744
3284,13.52510058764934
3285,11.04484081441647
3286,7.224107438101279
3287,16.430882644289003
3288,16.04427349406924
3289,9.359936014734185
3290,13.360905353471361
3291,7.687663283128643
3292,16.817445806140398
3293,7.616247217343547
3294,15.307255580171441
3295,8.217194249331133
3296,11.399512321452583
3297,6.880321196478675
3298,15.274024429692444
3299,10.97679371551481
3300,12.395965821388693
3301,8.342141036017791
3302,10.461436085449865
3303,12.804261726516053
3304,7.5576316760251325
3305,7.849881006626669
3306,10.54756044817763
3307,11.57790753373482
3308,13.09361374249075
3309,13.806321425698025
3310,11.546518480373338
3311,9.854733573274373
3312,11.698516929723649
3313,14.263979282482788
3314,13.904411702426062
3315,11.966040531117741
3316,14.308517120283206
3317,11.273661578631822
3318,9.942457964532126
3319,13.40319611430837
3320,9.436209901670804
3321,18.175734084705873
3322,17.53271053393369
3323,8.95297544042815
3324,10.578796986535377
3325,13.773776623552664
3326,8.294594784398793
3327,17.458891936001773
3328,16.28189884897477
3329,15.064499639572443
3330,15.177553299319648
3331,14.397681709046058
3332,12.446664712412085
3333,13.78858234697731
3334,15.62092143127256
3335,13.32587364305469
3336,10.79510459609714
3337,9.90078529327007
3338,10.574447993659529
3339,10.001909801974168
3340,17.68133174696404
3341,7.93771760012772
3342,10.499387962400665
3343,10.591131588195841
3344,9.053342934289848
3345,16.33149059816733
3346,6.306312836941881
3347,15.077883126849551
3348,8.470539152054304
3349,10.812249129797477
3350,9.888865999453571
3351,10.191484669123696
3352,10.153857818155204
3353,17.05998430017459
3354,10.68297109267614
3355,13.1395593865301
3356,15.074327547348844
3357,13.341015869454521
3358,8.498942763470927
3359,11.591053557475817
3360,16.665566172267162
3361,8.899874890393907
3362,7.192210192336681
3363,14.50256668810996
3364,16.378073391219335
3365,19.646808843418732
3366,15.09658971065592
3367,13.61613603583769
3368,15.13020122268054
3369,7.2324402814367446
3370,15.21110020283292
3371,15.08727676601954
3372,14.729344604490668
3373,9.14920657814785
3374,13.974514309885425
3375,15.31464292662927
3376,11.938922372136828
3377,14.035636625753586
3378,9.849034718815926
3379,20.69638036921089
3380,10.316143791499456
3381,12.687272170052472
3382,10.78553678898806
3383,7.865202846659306
3384,14.700640780986063
3385,16.350261072933552
3386,7.590694432474882
3387,13.282802998814306
3388,10.820488078227031
3389,10.959404869712731
3390,9.022934225493042
3391,10.436063985222988
3392,9.497411256632118
3393,7.752957374272258
3394,7.510183436000849
3395,12.457969446915964
3396,6.011478132823113
3397,13.334206018353667
3398,13.08930161566592
3399,10.561926202472309
3400,15.057189496063607
3401,7.57603984284043
3402,11.23335805694162
3403,14.35210961604648
3404,13.638155304213765
3405,8.495142443747326
3406,12.240249347203497
3407,8.125975717034203
3408,11.350314396133811
3409,7.316891125286788
3410,11.199851572050889
3411,6.83002231624175
3412,11.261292578271156
3413,6.0
3414,10.71944736298987
3415,18.24451721441989
3416,11.428230960101466
3417,18.550127109606137
3418,10.50175161718958
3419,10.772592858470937
3420,9.585782025356863
3421,12.749419186794645
3422,11.350191202289245
3423,15.662938962373303
3424,13.215384944550708
3425,14.022890436010805
3426,9.282369698209294
3427,14.907456488650572
3428,12.199890590913336
3429,7.930562070980325
3430,8.272696520468987
3431,9.817301241795452
3432,7.225271555801245
3433,11.061186767252298
3434,12.488961173383224
3435,15.638314133736285
3436,9.352151910254383
3437,14.495924782914166
3438,7.568314537994604
3439,10.790188517584824
3440,13.348117745507933
3441,15.03201026172184
3442,13.457005600539366
3443,18.956136651186426
3444,8.347773971497276
3445,12.064517245481563
3446,15.263688422650276
3447,14.37462993199306
3448,8.699436609959822
3449,14.631817150228908
3450,13.832337398649111
3451,17.167447763735026
3452,8.345358903322913
3453,8.658080095697578
3454,13.178138182032562
3455,8.878995349843255
3456,7.40963097750454
3457,16.213563241826275
3458,15.881148694475765
3459,7.823341209436417
3460,13.387197303719988
3461,18.274380757861397
3462,11.799958869732585
3463,7.5686961536145825
3464,9.016446325232074
3465,12.710095857496688
3466,7.33296981350435
3467,10.572605275400829
3468,11.58830689809628
3469,9.825701921897029
3470,14.896831167943695
3471,12.751447488248207
3472,11.432705603441349
3473,15.009445035802496
3474,14.442654092646293
3475,10.877062064076428
3476,6.336045114434056
3477,12.337823250203302
3478,8.297195835031054
3479,12.857266469485424
3480,18.810244884088043
3481,14.134542495780803
3482,17.039686728307387
3483,6.0
3484,7.737121154845181
3485,8.69997112979026
3486,6.0
3487,10.602835388494016
3488,8.796223778084343
3489,7.575383639530058
3490,17.77671651119309
3491,6.754084786215441
3492,13.24785562851024
3493,7.458541580543363
3494,13.749947344392387
3495,11.247300405042168
3496,11.229485372624847
3497,6.649891290569708
3498,9.21277412663474
3499,15.745138723160675
3500,13.952238825622949
3501,14.548594366425696
3502,11.592347430875016
3503,10.254785982599408
3504,11.998872242306152
3505,11.76305381000889
3506,13.30856195348134
3507,7.50528573219184
3508,9.613822144435911
3509,10.577431094654887
3510,19.5001505640382
3511,11.267976574399574
3512,10.771275576814716
3513,14.022812939890644
3514,12.057307765423271
3515,13.47600288138784
3516,14.068236478782957
3517,7.5854202759645295
3518,13.248304715637808
3519,9.499768752124146
3520,11.272819196315082
3521,15.913471193643575
3522,14.263130592204062
3523,12.31887766414532
3524,16.937106697863452
3525,10.581916609400539
3526,14.52883495236525
3527,8.112596764148819
3528,13.099458093655818
3529,16.2123175731079
3530,10.676980551902226
3531,16.039425555062763
3532,16.68212498514969
3533,16.59416640862068
3534,13.72914738121204
3535,12.89877255440062
3536,16.596338210731965
3537,8.219336704116817
3538,14.148369879186646
3539,9.55829479644704
3540,9.533988702428173
3541,11.232005719228837
3542,12.886221147200033
3543,15.781916180851209
3544,14.981534930499919
3545,11.900225193512359
3546,13.299893056883205
3547,17.622892360834026
3548,18.284388293597665
3549,9.780568981132127
3550,8.208868344450796
3551,8.27657030284706
3552,6.674890120469809
3553,10.297343846297826
3554,7.434295009963705
3555,7.125201289085002
3556,9.81585363443319
3557,8.865054720671976
3558,7.631056248580542
3559,14.133734916360147
3560,7.757784257139141
3561,11.037018875423867
3562,13.953696190241327
3563,8.223626830833329
3564,15.817449281824821
3565,15.317607931070858
3566,13.395844470408097
3567,11.330615509268826
3568,17.522472813022148
3569,17.247781173459362
3570,9.503786559936772
3571,10.45637740961071
3572,12.931839818743754
3573,16.61127372025571
3574,9.6931071628197
3575,10.591899849435254
3576,6.754839906842945
3577,12.320597019976926
3578,7.519892432443448
3579,14.650438420913442
3580,13.277436379834258
3581,11.595020681236422
3582,11.39463004933311
3583,18.77501186969337
3584,14.032886227069525
3585,12.841494884128798
3586,7.125901182358024
3587,8.998673913852997
3588,10.00455206504165
3589,12.289217588189846
3590,11.208760159412325
3591,12.766613775073752
3592,7.053461915364918
3593,9.950976732009313
3594,13.753451572275742
3595,10.718115167006642
3596,15.851983552282483
3597,10.936720974267905
3598,12.380418829352672
3599,16.899634738842927
3600,8.960746238941773
3601,10.140050132433055
3602,9.136257608050876
3603,6.810476437430896
3604,9.780964765166294
3605,8.081951281681215
3606,13.603517379373244
3607,11.807197002423347
3608,14.759168805814122
3609,10.446589355185981
3610,10.473510984391922
3611,15.640869028629897
3612,9.521536392300991
3613,10.520310288979168
3614,13.241838469415823
3615,13.081823425745837
3616,13.1686582310307
3617,17.155487568834072
3618,11.93439949239477
3619,14.757195149763099
3620,12.644898260908969
3621,14.974082548844454
3622,6.0
3623,12.12094657757619
3624,10.469055479772909
3625,10.988799732289284
3626,12.628702181405158
3627,7.277889846994443
3628,15.796772322417647
3629,14.378693887551396
3630,8.479512317841941
3631,12.154253598180071
3632,17.042238581856143
3633,13.583670791462692
3634,13.73841455182123
3635,10.52810867892675
3636,15.504965246952512
3637,15.065967163490548
3638,9.733245667145523
3639,13.825788911358773
3640,9.206122376470693
3641,15.94037854904333
3642,7.3375063832630945
3643,14.32897438057709
3644,17.11764166517188
3645,7.923022468163277
3646,7.431482554090895
3647,11.661535352132384
3648,10.030335981298798
3649,9.337285956002091
3650,10.507739848151749
3651,8.180643583273405
3652,18.173438350181186
3653,9.84183811198838
3654,8.292839642148923
3655,9.925620567410569
3656,11.592146163027572
3657,11.251174769077792
3658,16.871960534107302
3659,16.860334956739013
3660,11.518090278275155
3661,7.408622309232328
3662,12.80391627099032
3663,7.2999342009312755
3664,18.66799351990562
3665,9.521385749100576
3666,16.702783155688785
3667,18.09945133895613
3668,6.0
3669,7.3234611294940715
3670,20.33688643925984
3671,15.329478646818764
3672,11.812832930460575
3673,16.80068260459924
3674,14.576670667101348
3675,9.813516074638821
3676,7.794089494153497
3677,10.864619527509506
3678,13.548531737858692
3679,12.355100973353984
3680,14.747882397672793
3681,12.395380919053498
3682,11.103555975541683
3683,10.962225968086884
3684,22.553637847924563
3685,8.96741320618627
3686,12.72634132654164
3687,9.425836098028832
3688,14.513013374136188
3689,6.72619869316982
3690,9.553979551577804
3691,6.443096957873469
3692,16.158680590393928
3693,11.09090453736651
3694,11.396279014950776
3695,10.910634172012182
3696,18.110384038875864
3697,15.080944377715953
3698,10.044022744938147
3699,7.824810406563207
3700,11.699286235402269
3701,8.36990594952302
3702,16.291653498772455
3703,16.906693871405174
3704,13.504837393840207
3705,14.544239729429128
3706,6.4269956912533415
3707,7.129713279214384
3708,14.603644320070291
3709,8.826407047970324
3710,14.687263161155428
3711,10.041221707054758
3712,13.06978022239617
3713,13.239290437825728
3714,13.455833253334292
3715,16.176212715766145
3716,7.89867394817889
3717,8.861781164971152
3718,16.90992423595445
3719,13.292261365009535
3720,15.342699823642647
3721,13.30567615605206
3722,19.684655579126005
3723,10.433387872086017
3724,18.793438239155947
3725,7.7256004806759115
3726,12.260037944438062
3727,8.336249675833827
3728,11.473319138880566
3729,11.955072405644502
3730,12.230528312310312
3731,16.791931863232865
3732,15.697876828877897
3733,13.588495011801914
3734,13.235581243553103
3735,10.353273511792228
3736,18.56645270553248
3737,13.745550443358502
3738,9.879156745524238
3739,8.761089240172891
3740,19.66351972373716
3741,18.377435038131203
3742,15.463217171714673
3743,8.821264038894723
3744,12.4480771870874
3745,7.387990721880916
3746,11.650226777179782
3747,14.121313441010681
3748,11.618030381471906
3749,16.11706014572505
3750,12.711200418760857
3751,11.620923368086903
3752,10.22957898512281
3753,12.290586060105122
3754,14.152944424956305
3755,12.162078351053356
3756,10.460085870622107
3757,8.233769888088037
3758,12.001304117893852
3759,13.963052471518077
3760,12.563168429837845
3761,12.010115108188538
3762,8.829642258986127
3763,8.216731766630943
3764,14.004341722596644
3765,11.757034724133664
3766,17.518336036523017
3767,16.473943986785418
3768,12.35350407732508
3769,6.782906806346917
3770,11.143307404614344
3771,13.349648921319064
3772,11.527001636426883
3773,12.46004544902393
3774,13.455583410446936
3775,10.794107194888074
3776,14.288760667672891
3777,14.095983364696938
3778,10.480949803907265
3779,10.203992965578616
3780,10.189669039538078
3781,14.840757820489475
3782,11.506201870730743
3783,15.317213653702408
3784,6.833134586118493
3785,16.966327939986474
3786,13.703649290951827
3787,11.285826313311723
3788,9.611890806263382
3789,13.911384150482892
3790,15.491071121853436
3791,11.697504108616265
3792,13.941898864430648
3793,15.53596925381333
3794,7.9566526428127595
3795,8.779557847268112
3796,13.847874188796878
3797,17.11151631660372
3798,7.841169114334561
3799,14.534154248151282
3800,12.039721905161297
3801,9.827499865436323
3802,11.652090924402746
3803,22.137141889737094
3804,14.123537192336151
3805,12.645620996751681
3806,8.711224341159872
3807,15.795350132362117
3808,6.2474113746540105
3809,10.32095412137717
3810,7.833117077613383
3811,12.18538244275747
3812,12.209488060941577
3813,6.0
3814,6.504971726458863
3815,9.887466967138035
3816,13.163581075667366
3817,7.535168052956149
3818,8.234739263379467
3819,9.295867843644736
3820,11.027467584232785
3821,15.241638318807787
3822,12.781432550224142
3823,15.983835971736998
3824,14.57943419665322
3825,17.143527179059785
3826,12.491685385491577
3827,13.59921377511699
3828,16.994165628247053
3829,17.170256449340677
3830,17.749802227618332
3831,14.632635842998413
3832,7.152780848606661
3833,17.32647241609572
3834,12.933379423796357
3835,10.44147955808766
3836,16.44439952194031
3837,11.598467559027718
3838,8.932164626262555
3839,14.75504293022941
3840,12.188411295896168
3841,15.26982306000779
3842,16.23141642256609
3843,9.230070684621612
3844,9.190579818027176
3845,17.31614490712754
3846,10.343940837919398
3847,7.123924788152348
3848,6.47530929890148
3849,12.208571749591211
3850,11.197342781633983
3851,13.0303611526011
3852,7.458900413360998
3853,17.50815275302033
3854,13.424765576455702
3855,8.950096726099222
3856,6.0
3857,7.802644408628245
3858,10.574525128669235
3859,10.609621068441477
3860,12.803674504549383
3861,18.114473437577402
3862,14.66316725193227
3863,16.94002880902551
3864,12.416391328049716
3865,17.56209429865781
3866,11.950537945766332
3867,12.180940672068537
3868,12.179740688818683
3869,11.59252923666049
3870,13.413290588827087
3871,12.590306728973964
3872,11.256010146206114
3873,9.85674565068594
3874,10.750084076015025
3875,15.734413297034518
3876,10.282112844006885
3877,10.602214988658435
3878,12.835125557976697
3879,17.80275109456637
3880,12.074303815296092
3881,14.344001429039476
3882,7.325981477505984
3883,13.453573174890487
3884,14.044848630376604
3885,16.480662193619143
3886,11.363306609632545
3887,8.012450499333124
3888,8.977823355260126
3889,17.077791917839445
3890,8.476865453625884
3891,15.470742175752008
3892,13.501759733913886
3893,12.500134657482372
3894,11.947161276442245
3895,15.639866030155853
3896,10.988281904709227
3897,8.872620461808037
3898,13.477146059316338
3899,10.075643622547204
3900,19.05102269743901
3901,14.507124162484041
3902,13.914920108768133
3903,12.670452477852612
3904,10.325131213702393
3905,18.34809384370481
3906,12.06733322615651
3907,10.447029421216824
3908,6.737572804466579
3909,6.4432858186393105
3910,6.0
3911,15.426358261391085
3912,9.203852909585613
3913,18.22318822042152
3914,12.008617135561522
3915,12.122836743653174
3916,20.261539747790497
3917,12.93624658674665
3918,11.19890939877364
3919,14.841840326223927
3920,8.108213366811071
3921,13.099126951818096
3922,14.285467056318682
3923,10.629619732180906
3924,7.577701512182553
3925,12.33605371058516
3926,11.688114605992995
3927,6.714884463189521
3928,6.767229433527081
3929,6.0
3930,16.66638676935147
3931,9.03237188068446
3932,11.202094305859754
3933,15.462840856959989
3934,15.841415780878831
3935,14.940698123703214
3936,16.65714651334703
3937,14.099872820052667
3938,7.126220341943529
3939,11.335379763926726
3940,17.052252131350496
3941,8.6772522841127
3942,19.896729810622226
3943,14.172617757307853
3944,12.295685996882172
3945,6.869311592815842
3946,13.609148421603376
3947,9.170987944235224
3948,11.507337128723425
3949,17.164969453683227
3950,9.238918338739431
3951,13.116390176107057
3952,12.56952723435164
3953,15.359363563292433
3954,14.646261652078804
3955,9.10955513130904
3956,16.227588645632032
3957,8.553674542346908
3958,13.637065920160186
3959,7.321381865365931
3960,14.617984875217338
3961,17.964299282019432
3962,17.783238226172994
3963,6.954530736663058
3964,11.302171566151875
3965,14.197429085661458
3966,11.339009166390392
3967,11.378994319355115
3968,16.906204936141542
3969,11.3842402902566
3970,16.178589196740997
3971,8.715928913209872
3972,16.3384231302112
3973,15.282705008882349
3974,10.068158057218447
3975,11.614137232003937
3976,12.85258267031632
3977,11.28725572004544
3978,8.844558475346693
3979,15.05866591570604
3980,10.551242666132605
3981,7.660415694594598
3982,13.27901580167242
3983,11.024244360796102
3984,16.317163117931578
3985,11.6991350394771
3986,13.451304828413562
3987,12.96800878635331
3988,7.760238231657206
3989,10.76459817512242
3990,15.297131959176301
3991,8.454080205795645
3992,9.816003598631976
3993,18.149998093811504
3994,14.77005853796851
3995,6.918405254075462
3996,11.806835172104263
3997,17.48637617905575
3998,16.118670424807515
3999,12.984021990565042
4000,13.380910444585338
4001,12.691074621595618
4002,13.349516975966113
4003,10.981606184148166
4004,9.392510178751976
4005,9.877796354419127
4006,11.780944216909642
4007,13.545995922894896
4008,16.673669823316118
4009,13.247260766150493
4010,12.710028597763522
4011,11.449582700722896
4012,17.107155334292997
4013,11.648522536855866
4014,9.522954027728483
4015,15.431843218267316
4016,12.0457031931987
4017,8.109223864972702
4018,12.387338703834704
4019,11.676334338000833
4020,12.989165220845939
4021,7.306102271971864
4022,8.941151516128818
4023,11.929242708401983
4024,7.572343107910859
4025,11.95431325556353
4026,14.655238203898868
4027,13.846814351288305
4028,8.454191841482919
4029,13.614082076787144
4030,14.783429372351671
4031,15.083264839772834
4032,14.325447097200357
4033,7.9770583451028685
4034,10.722387101260415
4035,8.593008394883407
4036,10.137767111795633
4037,7.029453780145861
4038,19.591282719592172
4039,13.889974001430337
4040,7.482175418510157
4041,15.098257441913484
4042,13.775136628686333
4043,12.44952182927452
4044,8.677385183079663
4045,11.570501584648886
4046,12.78836721779944
4047,14.478471494309337
4048,14.766079724223683
4049,8.89628307256268
4050,7.1595927322782025
4051,16.307965881746888
4052,10.076256501979511
4053,14.50211959815344
4054,15.238955426707172
4055,10.997876984534205
4056,14.46666368109181
4057,10.844670983181885
4058,6.562796936804023
4059,10.384982842852878
4060,11.070551984193475
4061,13.266274601821406
4062,18.80191581182707
4063,8.116613348701954
4064,15.847422810646353
4065,15.322580310074734
4066,12.54949447285909
4067,14.815997740484427
4068,8.404721692680361
4069,9.906295949476572
4070,9.878462747349735
4071,15.329831605676553
4072,8.006308748922564
4073,14.537049878508336
4074,16.445577179117652
4075,13.262448741470385
4076,11.948706938618395
4077,10.479841041688196
4078,8.885084019650378
4079,14.191928808169216
4080,15.472152533715489
4081,11.675086273922838
4082,8.32505481084617
4083,7.683028311679572
4084,10.198269346636623
4085,13.147690462305713
4086,11.850995560961039
4087,11.333363180226584
4088,9.450496140759109
4089,10.79951653787528
4090,17.88787163014515
4091,13.035593942940626
4092,7.188283120742961
4093,11.500648577735074
4094,12.281278921009125
4095,14.662929636938507
4096,14.45807124563486
4097,13.081286599023043
4098,16.170650242764125
4099,6.833622152577402
4100,21.94019726784156
4101,9.798569967255547
4102,13.645920277114024
4103,12.30610521467594
4104,13.06781098011349
4105,11.187773447142225
4106,15.015431199456218
4107,11.313254022672066
4108,10.961628494805339
4109,16.020262949559328
4110,15.10595125302188
4111,11.752976842189934
4112,10.614567740663444
4113,7.326933892877079
4114,15.204358481174197
4115,14.256226440704001
4116,13.747119828430025
4117,10.529496133638965
4118,12.776680801342362
4119,13.897997174898554
4120,16.156825356902726
4121,13.241809880780465
4122,22.579568358825338
4123,14.950403263263706
4124,7.7648265272181884
4125,6.243616141250171
4126,12.764125240718377
4127,13.556016203227372
4128,15.278462301408442
4129,12.311773632259447
4130,9.58108434289857
4131,12.041083017747864
4132,10.499913638162054
4133,19.981486715789735
4134,8.422017616602886
4135,13.00536448748382
4136,19.12698067858771
4137,13.711083720559104
4138,8.451936302184407
4139,11.151622412945878
4140,13.96949191824543
4141,16.016703955075577
4142,11.373416293785544
4143,11.33735323640567
4144,18.941540746410865
4145,10.66942940097453
4146,6.730366533241005
4147,6.758873925736035
4148,14.847112173954551
4149,10.418191905647815
4150,11.105930688562173
4151,7.389516825365653
4152,15.002599451494177
4153,6.774963409639928
4154,12.051301462336165
4155,10.693382559990285
4156,12.19792360457701
4157,6.9191862904297325
4158,13.751168285181272
4159,14.682426259253937
4160,11.317964556036111
4161,12.096911133172583
4162,15.705700343135453
4163,11.037339252358125
4164,10.248411587148382
4165,18.640552282139964
4166,13.99557400773916
4167,15.013663205111175
4168,16.065505397479765
4169,13.542211636810606
4170,11.954183512761736
4171,8.071643761419928
4172,9.975164218593816
4173,13.948611001109276
4174,12.066375827691823
4175,16.69827625904246
4176,15.445859767413761
4177,9.381038450051875
4178,10.760990021412155
4179,12.501517809861738
4180,14.350674055037178
4181,8.096944687773899
4182,10.460559728907196
4183,15.87674145268368
4184,12.111427032469367
4185,9.45673905539068
4186,14.37985241197339
4187,14.584878325327933
4188,15.956980511078996
4189,17.4243161908127
4190,9.913391392977363
4191,14.962128144139713
4192,10.715448448944828
4193,6.7832733233306515
4194,14.416723980458734
4195,16.134836397362555
4196,14.622059607213577
4197,10.999762281218892
4198,10.142492301808687
4199,16.869189768506974
4200,13.984982277469017
4201,14.284589585674665
4202,15.920272901758082
4203,16.8398710106353
4204,13.498658988194993
4205,12.835796275322092
4206,14.692073439067112
4207,15.832164495789847
4208,10.908091377605249
4209,12.178303840171736
4210,8.008460025413928
4211,6.960292810385721
4212,9.046746029909809
4213,11.259114398579568
4214,18.339117758275368
4215,14.39251112719526
4216,9.413955514442042
4217,8.054995993157887
4218,10.647440799037136
4219,11.952654436068148
4220,14.557624448221521
4221,6.872661625914836
4222,17.409613217204786
4223,11.283433733062651
4224,13.438123127154439
4225,16.554991035347395
4226,8.534282124121564
4227,8.196654389166891
4228,11.646833105491707
4229,11.381508615020932
4230,16.026805190010027
4231,14.79350755373183
4232,15.581804423350327
4233,12.714396103808859
4234,13.240219861704773
4235,11.784895172192957
4236,13.196883790354976
4237,6.246327441164469
4238,17.399773026943773
4239,14.177418407320644
4240,12.395859249375787
4241,12.840710243410241
4242,9.460661889977986
4243,16.842579366238247
4244,12.655958899748581
4245,13.065515738940828
4246,12.282808770334501
4247,7.756244500373457
4248,11.060836450677284
4249,9.61373510010976
4250,11.807785564606645
4251,10.029499898070569
4252,10.687286334507244
4253,13.885447655054076
4254,10.911237304474383
4255,9.258058157338947
4256,18.21678856972519
4257,12.037555454829747
4258,13.047773701275824
4259,14.552405549203016
4260,8.290666796655769
4261,15.71032599376094
4262,10.439937870164144
4263,8.775442889305165
4264,14.097557346267171
4265,15.286135228979216
4266,13.007461621994125
4267,10.200109326517838
4268,10.548460623529468
4269,13.2336874679635
4270,13.78798714369669
4271,7.4874138964858155
4272,11.76323562519509
4273,11.009749792453233
4274,7.239675916656239
4275,12.050949976385883
4276,12.764529908371129
4277,6.391016497599539
4278,12.952647282173727
4279,11.000548104956218
4280,16.43983078714699
4281,11.346919499116531
4282,9.985351189930824
4283,11.2877566981564
4284,15.359907380925637
4285,7.360300064424046
4286,10.75465670722648
4287,11.848752574928701
4288,9.952374663323699
4289,13.4612582715572
4290,12.377686162765695
4291,7.7296051183733265
4292,8.232532366462017
4293,14.278108010358162
4294,16.202808622609716
4295,16.240842319897624
4296,14.06911389491753
4297,10.96618967807646
4298,10.533590274803291
4299,9.180162146730805
4300,13.468072817500904
4301,13.081048384942722
4302,12.249279151695852
4303,9.329500918728503
4304,10.336091583781808
4305,14.114569891665788
4306,18.447746763978564
4307,7.809462714903288
4308,15.6302957624872
4309,11.230606997084099
4310,11.182792171376043
4311,10.05219435975463
4312,17.52677877517439
4313,11.680584232243158
4314,9.158381195693693
4315,18.659209972465526
4316,15.695561051872414
4317,9.31257829637619
4318,15.927329562567689
4319,8.016610483533594
4320,9.144297952420002
4321,14.218624796616224
4322,14.562377762817688
4323,12.163791284856543
4324,13.372687415334786
4325,7.651179224873989
4326,7.6617547729035005
4327,17.46997013589808
4328,9.572417089953541
4329,10.121888471740485
4330,13.579653961653305
4331,17.521806506108955
4332,17.589512530548788
4333,16.60752457166234
4334,14.03333347940751
4335,17.719867111196177
4336,11.285274404280436
4337,10.60024500182018
4338,9.757488989071632
4339,10.774634285589775
4340,9.107526473915268
4341,20.37953633352419
4342,12.784663541763184
4343,12.196211963634717
4344,13.635746456368143
4345,11.771178607578541
4346,13.815980596731176
4347,8.100903247824721
4348,6.347121236186274
4349,7.997980290207634
4350,17.704388237139863
4351,10.947716964001266
4352,17.91886971385776
4353,15.912497029231117
4354,13.121508364971882
4355,9.417050575747034
4356,14.315925871341118
4357,14.370341800539109
4358,15.935094286146969
4359,14.675416739989517
4360,8.652752048012811
4361,10.326492598780192
4362,11.368476464695753
4363,16.46898843602438
4364,9.820171137615446
4365,14.673264119231483
4366,11.76330385915254
4367,7.747680920485903
4368,16.71564731307061
4369,8.531500247991975
4370,16.35749102628233
4371,18.82827122182359
4372,7.480283145512012
4373,16.079533837991207
4374,10.000289882110412
4375,6.20477699154171
4376,17.129576341122075
4377,7.937256463256923
4378,12.317829270937189
4379,14.007312275126136
4380,9.68625412962628
4381,10.428030142236235
4382,10.217047946431602
4383,15.684864240922641
4384,13.519449671147813
4385,19.547219720980657
4386,9.706789913000947
4387,18.341700497147176
4388,9.405827785941291
4389,13.890999742650479
4390,14.096819631726868
4391,16.825252468565715
4392,9.01605437896611
4393,7.936613898052905
4394,13.080151163064558
4395,9.494940491327357
4396,11.31598990975074
4397,15.355355984710378
4398,11.650256948940175
4399,13.681174550896367
4400,14.830274307597763
4401,15.159716731673374
4402,11.605368305619914
4403,10.53967344829919
4404,17.67019217302497
4405,14.09063583406469
4406,16.759257195073488
4407,14.202548910096551
4408,8.011745147411794
4409,20.061327870411382
4410,9.48348051271812
4411,11.505246476859856
4412,12.046424380568016
4413,10.419450095931829
4414,16.850891472951265
4415,9.627862946236696
4416,13.109538520288972
4417,15.890444143564693
4418,11.079367306867947
4419,12.190126178362087
4420,16.8468347421681
4421,12.766849587898218
4422,13.422427484146512
4423,18.218681693755972
4424,13.65956831941564
4425,16.274505185149792
4426,14.838042723373938
4427,14.017902173049096
4428,15.495583553081902
4429,15.337383319678718
4430,14.195111035813818
4431,11.164818001208516
4432,12.280566546401179
4433,14.851102485096526
4434,8.999447924114325
4435,13.879756665016957
4436,8.114121656268267
4437,8.508514112920277
4438,16.247185704466926
4439,13.000361437053273
4440,12.558158408001459
4441,13.504447563321383
4442,7.024960716237881
4443,7.542959504425779
4444,15.885046598504378
4445,7.892948559853525
4446,9.220625314786464
4447,11.626800233237006
4448,14.200157822882076
4449,14.990019550788318
4450,14.953785581186281
4451,12.651209037122285
4452,15.317495553546006
4453,12.97056600145411
4454,6.902647000515822
4455,8.697471323188193
4456,11.343420910368268
4457,6.8461537480722425
4458,15.262253308108285
4459,19.187560404736374
4460,10.167400813587085
4461,12.24679824234894
4462,15.283353609017887
4463,9.455173369318295
4464,14.925723647782167
4465,9.612287506860916
4466,7.365585128678515
4467,15.568592869798238
4468,9.550994552710065
4469,12.678857478696766
4470,15.148892703489343
4471,9.807091316245454
4472,12.981031021539671
4473,13.067092459774864
4474,13.51947102708885
4475,18.068264573351048
4476,15.775971700441461
4477,12.215786639860069
4478,7.039729353117974
4479,15.676151690362863
4480,11.447696498984158
4481,16.762275765065308
4482,18.04888490682259
4483,14.599665044329216
4484,8.739872538320354
4485,8.73973657315903
4486,7.885216590625736
4487,11.810767619756351
4488,13.72492386396603
4489,11.229419318185458
4490,9.429725972307956
4491,8.43232135027089
4492,12.861509651009825
4493,15.455339647994412
4494,8.836688008197278
4495,11.546992808141923
4496,14.47829225751101
4497,9.985719727894203
4498,13.587847026795393
4499,11.887967032789351
4500,10.084119916519157
4501,15.379780441536441
4502,13.573091623662263
4503,8.156870078351378
4504,12.790219537771174
4505,16.49273578026714
4506,7.252816782569473
4507,14.518697377768314
4508,11.452285557742751
4509,11.905067941084926
4510,16.82983879205712
4511,6.0
4512,12.95857214403393
4513,13.338963669548495
4514,11.388932720243869
4515,19.416076471453486
4516,11.757774974498982
4517,11.813544553673918
4518,8.922554042113433
4519,11.66615390125142
4520,12.038217959622372
4521,15.352794209380356
4522,12.067033987413685
4523,16.010879475684593
4524,14.896989234579344
4525,10.399399194707046
4526,9.926279080844015
4527,15.916985613751821
4528,15.06390430617418
4529,19.098688622130837
4530,15.615618761486436
4531,16.643200206920334
4532,16.78810854848567
4533,6.611797385702361
4534,16.82958197152019
4535,13.46768198016544
4536,9.844152945202808
4537,10.437628115049346
4538,12.73401837844068
4539,7.78152930033443
4540,13.627459091252977
4541,13.750787202192807
4542,10.358381543874213
4543,9.737549675257979
4544,14.778774055994056
4545,6.754021438740951
4546,14.42876123960981
4547,19.464185780984494
4548,8.415137512118065
4549,17.133222316384117
4550,12.456719345508828
4551,11.52688213438923
4552,13.08732381057001
4553,14.148584770965266
4554,12.142572485057268
4555,12.774122132090374
4556,13.139623223877845
4557,17.31070042086101
4558,11.294078953235005
4559,12.224938980512801
4560,17.708534448356964
4561,8.829720361246615
4562,10.680207434126926
4563,14.914420247399693
4564,10.864209702368132
4565,9.633156871841525
4566,7.3155865684814465
4567,16.277739072818182
4568,10.757220847501994
4569,9.827907101732066
4570,8.398363956719955
4571,6.0
4572,15.517192110715246
4573,11.947217035801472
4574,16.83949227639014
4575,9.004889931013947
4576,6.55850288239741
4577,7.658321010719375
4578,10.268390630047818
4579,10.806831127665703
4580,10.446856048162992
4581,11.824367939673754
4582,12.454945382444512
4583,17.03141560700465
4584,14.611933609591018
4585,8.801203084705623
4586,11.987630256748625
4587,11.616237766743613
4588,9.72997846728288
4589,11.715502413370327
4590,11.352861720647626
4591,10.054086106134521
4592,7.734208109991782
4593,12.057896007214667
4594,13.119624133805742
4595,16.94791770733349
4596,10.002040245609175
4597,15.798209750576975
4598,13.321067640027563
4599,9.377670344550022
4600,11.333274030000545
4601,10.416526169266158
4602,14.15393403893588
4603,11.91878476107772
4604,7.969388415193695
4605,12.178503613434911
4606,11.844876175188483
4607,13.167649085084983
4608,9.12509299063031
4609,6.966337775976957
4610,14.974302421682706
4611,11.5611956752969
4612,11.085010299789056
4613,10.98877342954534
4614,11.917874768710467
4615,8.025217251489863
4616,10.009886297112818
4617,12.552033303762013
4618,16.27284327466783
4619,15.325458304263627
4620,9.40389117817205
4621,8.916462531573046
4622,6.0
4623,13.199225613380172
4624,6.5060025492594304
4625,12.16828302198933
4626,10.072686665287446
4627,17.218365576811482
4628,8.518639418637292
4629,11.080380440237327
4630,22.655976851678332
4631,13.150061301655976
4632,17.05674259218256
4633,11.08206251619238
4634,20.631501963332
4635,14.949480036454098
4636,16.07496778571279
4637,8.826889362516628
4638,11.494480494593034
4639,6.0
4640,11.922219079799977
4641,10.683408159923937
4642,13.317248063973034
4643,7.4951325974559815
4644,11.088260858244677
4645,9.265465909677982
4646,9.44283383403616
4647,11.299229298812785
4648,14.58014852785746
4649,10.476747231431064
4650,16.500923346126864
4651,7.848006732553591
4652,14.357221296938702
4653,11.169027050200114
4654,8.176530308983363
4655,13.263445656424189
4656,13.35103329612405
4657,18.427159062821065
4658,15.076195258174454
4659,7.1335826379227
4660,9.41589505011191
4661,14.895094477024768
4662,9.255246092914739
4663,13.194306282173901
4664,16.28933516919851
4665,10.701988854422037
4666,11.128895529354548
4667,8.085865687685505
4668,6.0
4669,13.730047943333934
4670,6.875281006697452
4671,12.741492171900433
4672,16.329631419538018
4673,12.551481706458159
4674,12.697046696805817
4675,11.699607211518602
4676,15.036362480650467
4677,6.076033433450025
4678,12.026213674463571
4679,17.74169950797265
4680,13.814352202937918
4681,14.081550518462137
4682,14.986421867842205
4683,14.117718089079178
4684,17.13731667646719
4685,14.19921866055821
4686,8.503410662422265
4687,9.175847463604661
4688,10.296993900812048
4689,17.125878905771373
4690,12.074735319672664
4691,12.450649797911433
4692,11.376967235323953
4693,12.297434665546124
4694,12.552772274560386
4695,13.289082928057962
4696,11.834816549541047
4697,15.487854388512721
4698,10.360391340167217
4699,21.407989801527386
4700,8.603045096269174
4701,14.324192245842816
4702,11.639581296614613
4703,16.24245942239969
4704,9.990970708648256
4705,7.209056950843603
4706,13.800591349739902
4707,13.418091173365857
4708,13.531789326658282
4709,8.47192277646212
4710,14.661558444331472
4711,8.276696838485922
4712,7.505461617479672
4713,11.465719210637317
4714,16.177271303070963
4715,6.423804551925784
4716,13.595544200251028
4717,15.524027508921613
4718,12.813343914544397
4719,10.462763385880546
4720,9.71744186342584
4721,8.304303996519536
4722,10.200343576638112
4723,17.943865382177826
4724,10.423680260489807
4725,12.327833675580955
4726,13.302174203001751
4727,10.888667322269168
4728,9.690101501059775
4729,12.694722755232458
4730,12.076610819519173
4731,11.678058442493914
4732,17.374102969104403
4733,11.609571579645841
4734,11.054575004237059
4735,10.795413877811447
4736,6.6004108128971275
4737,7.657677636744267
4738,19.12741828635715
4739,12.993351541225401
4740,12.153701035879926
4741,12.03950764981977
4742,10.639627037771584
4743,14.810460948890189
4744,7.9030925672586285
4745,12.84525283579428
4746,8.714709914389768
4747,9.016962946257333
4748,12.259771115507261
4749,16.498729463050914
4750,9.760616343723207
4751,13.190874206534072
4752,16.81846534879673
4753,8.419289456677182
4754,12.277395835621471
4755,6.174624143704573
4756,9.041179927507077
4757,10.230498129834938
4758,13.258283646091309
4759,7.135898007389104
4760,9.058587974183004
4761,16.364629919509422
4762,12.207346409759266
4763,13.365958022134816
4764,13.534342741880963
4765,16.205004383490852
4766,11.699149694493688
4767,13.697841780697164
4768,13.22101112160724
4769,11.787079925413508
4770,11.505804960398722
4771,15.123691163738716
4772,18.07028985118971
4773,10.526827513873595
4774,7.398726054518392
4775,12.8601220581191
4776,14.03309484513711
4777,14.00191958670869
4778,11.202498180280253
4779,11.962882084176067
4780,6.10623929792202
4781,13.090160837627995
4782,14.596370307062884
4783,12.196335280761131
4784,15.300976021252374
4785,12.315226343869154
4786,11.010854974872249
4787,17.51418038572352
4788,16.146323323001475
4789,8.383266244521351
4790,7.44622620946987
4791,15.873562657056361
4792,21.73868327923449
4793,11.71574141833737
4794,14.388187973173059
4795,16.888853972692395
4796,15.230977472141358
4797,10.493566806380608
4798,17.930150789787955
4799,15.26553313466406
4800,8.131686351776835
4801,19.48834508011832
4802,9.250926471013104
4803,7.299062793418684
4804,17.143189555080518
4805,6.0
4806,8.127063569201212
4807,10.280815723236781
4808,16.58952535858499
4809,14.925249645896889
4810,8.253485415214524
4811,15.521334415325008
4812,6.935305735573153
4813,11.075158042221762
4814,9.446227459112375
4815,16.567842686071884
4816,13.193553038994356
4817,13.57396901821742
4818,7.68147999226822
4819,6.436597082372232
4820,7.341632050307933
4821,14.959491653323422
4822,9.412659129053996
4823,8.46031415677136
4824,10.395601767486884
4825,13.185760583705928
4826,9.09565772142555
4827,9.462798541944032
4828,11.079104716536323
4829,12.654564000378862
4830,7.262686663457124
4831,12.915343017874143
4832,13.672906359759796
4833,14.670231420663512
4834,7.99340547334982
4835,19.27845376869572
4836,14.745872239367898
4837,14.58398165362575
4838,13.222099959850997
4839,10.785297414458363
4840,12.632287956584388
4841,11.42348623841037
4842,19.81315720491103
4843,10.26740552944684
4844,11.972948096845057
4845,13.129677483304357
4846,10.783613528527276
4847,11.796718979213825
4848,11.98768208844212
4849,7.248707287031603
4850,8.269739835580607
4851,12.42484982712271
4852,16.398300609397936
4853,8.18584127499205
4854,10.227376001725498
4855,16.659491989022655
4856,13.536413554047101
4857,14.996033558237492
4858,11.262494190066898
4859,6.47064084907534
4860,8.533635436142358
4861,16.627632322160185
4862,12.187623926432574
4863,6.976733491679387
4864,17.477132995536387
4865,13.462192236884118
4866,12.824184416797566
4867,10.142678804492101
4868,15.459942848266095
4869,10.505089241584553
4870,7.007900001236561
4871,13.947220671796092
4872,10.655723367237744
4873,12.779402029348212
4874,10.823785511133892
4875,11.363548694696885
4876,16.03455564738863
4877,11.233944842666824
4878,6.174364800993027
4879,16.599949615898566
4880,10.50999671029473
4881,12.432464818516733
4882,6.654036279975153
4883,14.566918654889546
4884,10.390451621911403
4885,13.969766020416442
4886,6.989843200425589
4887,11.27694487824962
4888,20.76564804961908
4889,6.998839447722398
4890,8.29689722642824
4891,10.41584550965286
4892,11.531596236057565
4893,10.032623771251533
4894,16.87501711362402
4895,10.623307112138582
4896,13.526211212216442
4897,9.049654193631302
4898,10.689437150593301
4899,11.140160658875631
4900,11.271495422026224
4901,10.82454532702998
4902,11.70009216669366
4903,13.189091069687617
4904,16.46273583857295
4905,9.183321830665413
4906,10.991240273768069
4907,16.216986295866917
4908,8.138924280968624
4909,10.073118993614859
4910,9.612019519290142
4911,14.280742267644694
4912,9.359458225351757
4913,12.616692088647723
4914,10.489329058112626
4915,13.012166346471194
4916,11.631775061106165
4917,13.152579053547466
4918,17.870563001047827
4919,13.623748484034675
4920,17.618960882007563
4921,17.01394713712968
4922,13.897726272682267
4923,11.41893031677793
4924,14.735202250752756
4925,11.320875211643287
4926,13.610088950855953
4927,13.961237473452778
4928,15.407869421513796
4929,9.041762492134184
4930,16.955632816375562
4931,10.32527311362658
4932,14.252896849724452
4933,11.903389544759506
4934,15.99530563043477
4935,7.560010871248826
4936,11.6211329390801
4937,11.135761264145032
4938,7.868574537406644
4939,12.155506372150437
4940,16.35619516162417
4941,14.967884355126552
4942,16.72275555756446
4943,20.661486806189433
4944,13.523289105732841
4945,6.722369106997521
4946,10.047304931010272
4947,7.697266879227269
4948,6.334286324628047
4949,9.819930454884956
4950,13.004230401875084
4951,13.101187582804307
4952,9.60073711607997
4953,17.292070274271047
4954,13.10416464806772
4955,17.012222985755194
4956,9.169045307473219
4957,11.586290116943845
4958,11.35808823814412
4959,11.239600754246574
4960,14.840491177349227
4961,11.896516352867126
4962,12.79520941394246
4963,12.92338343420612
4964,14.992129400201446
4965,9.30671373611939
4966,8.69162911759111
4967,7.920184002374882
4968,8.685778906950944
4969,11.068944470589042
4970,10.810955427515417
4971,11.388282840793906
4972,7.059167399488327
4973,15.733309892434852
4974,12.677907852876382
4975,17.502610354976184
4976,12.784360550579942
4977,13.43776295073939
4978,6.6262900959100834
4979,9.459585488882313
4980,7.09673615306102
4981,12.46475886657194
4982,10.45967694903651
4983,15.108312457092094
4984,11.272876541969422
4985,9.788141572112817
4986,17.772430646739444
4987,19.76580554397679
4988,8.320205017573144
4989,14.426180913392088
4990,7.337071813912111
4991,10.476446562093813
4992,8.267124904282259
4993,10.346152109391138
4994,12.203045992669363
4995,10.364007583687155
4996,12.672222414350305
4997,12.546696864787572
4998,14.857264313748555
4999,11.072761324664214
5000,7.128034975100102
5001,8.33501732379974
5002,10.559749658139776
5003,12.60285169515115
5004,8.56505889553271
5005,9.87047350295493
5006,16.05521368034124
5007,11.371846316232844
5008,10.46067446184355
5009,13.90018940309909
5010,15.260579416912357
5011,14.082503069054386
5012,13.618724846773285
5013,17.30772476494763
5014,11.36976278269457
5015,6.565554852341557
5016,11.608909381430337
5017,12.090626889727853
5018,11.629942349196117
5019,9.875726720289414
5020,16.80108468818858
5021,10.676999787625665
5022,15.31888743628084
5023,17.047150571885474
5024,6.0
5025,7.383048617410323
5026,13.649591898637961
5027,12.917284141598714
5028,16.673432056210743
5029,14.440313466156194
5030,7.137098267490767
5031,14.23691314185232
5032,18.836228152779913
5033,15.009089001791466
5034,15.92450600976366
5035,8.15142801873162
5036,18.343999277145315
5037,9.474838040827535
5038,7.931573255292009
5039,13.428202635148894
5040,15.485009572196802
5041,9.343384968305076
5042,11.65015885544144
5043,11.17359975410191
5044,8.707704142494563
5045,17.706556075301304
5046,8.899582066077823
5047,11.058221099857846
5048,7.619424778799362
5049,13.999561438241045
5050,8.04687834258241
5051,13.421392221915111
5052,11.210406074903972
5053,14.082657680020283
5054,12.26429400529488
5055,7.327532892794257
5056,11.8466677967206
5057,12.277817853218375
5058,15.290276556625258
5059,6.686195502779751
5060,9.255155270763355
5061,7.046239427665089
5062,12.142431040641238
5063,18.41126159108117
5064,13.331851781925
5065,14.401465098932771
5066,9.866598195169798
5067,10.995481540841931
5068,9.12178077561883
5069,10.401916534942226
5070,12.01776963105979
5071,11.146807429935228
5072,16.630128000659713
5073,12.172029254556493
5074,16.52871959931333
5075,16.43498782350232
5076,11.15892266612484
5077,7.037757105172676
5078,15.207621343435736
5079,14.163221009711666
5080,15.281558794666033
5081,12.925410329688974
5082,14.864102545386746
5083,11.673597212778677
5084,15.893016464077746
5085,11.10369477818947
5086,20.0848712587235
5087,16.90919883356703
5088,11.916537715504568
5089,15.95329208614275
5090,7.583140048791752
5091,8.553189726747913
5092,9.360722936867543
5093,13.168301051971131
5094,6.071184843901876
5095,13.058569946091144
5096,9.280451068349134
5097,16.075437480983194
5098,13.003814784514516
5099,11.751622615011197
5100,14.771497120474773
5101,15.040055742038353
5102,23.31172426100572
5103,8.3725921288015
5104,9.796370996403796
5105,10.596153657890307
5106,16.093205607105702
5107,11.780584544836493
5108,12.196770980802064
5109,17.43976589762629
5110,17.902110288487993
5111,8.803529820062247
5112,7.130745690328572
5113,11.115870534978777
5114,8.799413699856732
5115,14.665413304023096
5116,8.356930734069774
5117,15.266567055203238
5118,7.0622841946989805
5119,8.195437424598605
5120,12.050860422358198
5121,6.769707203032463
5122,17.084398031362603
5123,14.62563005433936
5124,11.216220007093249
5125,17.90244076271074
5126,14.724481847475541
5127,20.343987929598516
5128,9.093342293699372
5129,17.860466416538852
5130,8.278091341256165
5131,7.4283506791739375
5132,15.506017307208257
5133,7.010714087755635
5134,16.095963591888736
5135,11.213595635438194
5136,11.100462254782531
5137,11.293521224914416
5138,11.578290786061546
5139,16.382934006823323
5140,7.326123553219221
5141,13.301861507554944
5142,11.472522238262354
5143,10.061559023142358
5144,9.53500332309076
5145,15.761156855090162
5146,9.737650174367523
5147,14.089179582133607
5148,14.994587375535742
5149,14.153611253294715
5150,18.0201768178712
5151,7.9015114875063945
5152,18.250681447220874
5153,8.619442579917216
5154,10.150405047324131
5155,15.218625817350945
5156,11.548312666606332
5157,11.967182926197944
5158,16.93793003124142
5159,15.15262817502839
5160,11.28076575434475
5161,9.25120296069664
5162,17.226703935122437
5163,10.228393351891544
5164,11.097686746360719
5165,15.322827590385158
5166,7.5690053006417815
5167,16.486479478971994
5168,11.00146955985944
5169,8.12686510739572
5170,13.183786826214057
5171,12.32459458461171
5172,7.589936246248968
5173,10.733918768969362
5174,14.629022082274817
5175,10.680749164901737
5176,11.448855899938199
5177,9.297645362008698
5178,11.48241964350624
5179,9.499513920949783
5180,7.875415348676786
5181,13.467904788132788
5182,8.580635558802118
5183,9.88282845196729
5184,6.816855020282366
5185,10.440335095694504
5186,16.228143088915694
5187,9.273141623529504
5188,11.117772750611126
5189,7.566185881004621
5190,12.038764612087554
5191,9.483838974394303
5192,9.115676253355373
5193,10.130965427471239
5194,16.493642249238196
5195,15.582449429709243
5196,9.666478475156444
5197,11.14271812468281
5198,13.397984991324323
5199,11.63257861491024
5200,15.60903967125332
5201,17.526104621130308
5202,16.836131531744982
5203,9.492865616921094
5204,8.602162912485248
5205,12.715995392701691
5206,10.208025045579852
5207,13.210367069967013
5208,14.84736161814815
5209,16.471596873479477
5210,11.525443318856851
5211,8.81065555007306
5212,7.136613169050279
5213,7.137791599624182
5214,12.673287202441344
5215,18.79709760180765
5216,17.346841535876194
5217,13.788227908546572
5218,14.374685246159578
5219,7.366546520550674
5220,14.885345209433494
5221,12.379333584528695
5222,14.400156212184154
5223,13.263447840537594
5224,8.070459917405959
5225,7.651668895660812
5226,10.336701074800365
5227,6.9013181519166595
5228,16.962534917255468
5229,11.89652922116331
5230,12.010800967056975
5231,14.16719172975622
5232,12.408177452503574
5233,17.571231153183184
5234,10.206996658539778
5235,8.915934201716956
5236,13.950992481233463
5237,12.596352271803196
5238,17.437986553733513
5239,10.843934303002035
5240,15.329212451315495
5241,14.212407017852136
5242,12.123216939163298
5243,9.236682475694545
5244,13.261079751639329
5245,6.033319103582795
5246,10.717023756600721
5247,17.471698896823145
5248,11.238714108189457
5249,10.806930663827789
5250,14.208261757481019
5251,9.882327010949249
5252,11.044852008281106
5253,14.706303608747865
5254,14.466529565641078
5255,14.99853001771624
5256,8.368070097683688
5257,13.301592846264988
5258,16.8668103826035
5259,9.506119496781876
5260,12.813247534992897
5261,7.306312681545962
5262,17.58533141422829
5263,15.263536737588419
5264,9.511040691954085
5265,7.886951093496914
5266,12.782177320787673
5267,14.587944202717829
5268,11.532511213930222
5269,12.19278862423107
5270,8.390804419336162
5271,11.643976140790413
5272,7.030190700094425
5273,15.003268228883428
5274,10.234469607907712
5275,13.368661248309682
5276,9.856734492861898
5277,12.439440320251729
5278,12.707657095443473
5279,12.387562191337405
5280,13.56184721461739
5281,11.54919175831128
5282,9.353769852331498
5283,11.341451279136617
5284,11.051011521676543
5285,17.071627936738146
5286,10.818703757178701
5287,12.297415854456446
5288,15.942870066802666
5289,17.119402259452233
5290,15.08034317724372
5291,7.968800181970334
5292,10.799372948577577
5293,16.6422802747193
5294,12.560781031327817
5295,14.751880232818305
5296,10.359518831627922
5297,9.830140698990405
5298,17.23583568232035
5299,11.77786570498903
5300,11.69673183921362
5301,12.702415970370575
5302,12.174462358487153
5303,15.420116474752355
5304,9.785129654437082
5305,10.309604401157209
5306,9.009804748366363
5307,17.755584299850188
5308,10.399148024126582
5309,11.018926322716672
5310,9.319367464288653
5311,8.353900750258848
5312,14.618317076804498
5313,16.393162545635768
5314,7.688556475480812
5315,7.030102875527461
5316,7.796333918448605
5317,17.26936499538524
5318,14.772406515778032
5319,7.092004585937682
5320,11.666926533624604
5321,12.177812465756745
5322,15.905659004064663
5323,9.803755187426413
5324,14.59929750605132
5325,8.326051736911992
5326,10.92213997958736
5327,6.799056194270308
5328,13.958552190417045
5329,13.406896870396283
5330,8.73546043148713
5331,13.150404711901862
5332,9.769254846637805
5333,6.819467856083208
5334,17.829397142339687
5335,14.071092762421149
5336,9.964332289415076
5337,14.050146616889434
5338,11.233426218143583
5339,6.0
5340,7.818421452302072
5341,12.279192866178448
5342,12.839995189249594
5343,12.817584135584328
5344,7.015275473238622
5345,10.579919137416432
5346,14.036316660830746
5347,6.270613229747044
5348,8.73853241892088
5349,8.190620057221299
5350,11.123670093042879
5351,11.609831053559118
5352,11.620688743881557
5353,10.078044351484419
5354,7.096854399803811
5355,18.21428515087773
5356,13.525781889268202
5357,13.326987814746996
5358,11.421281350649998
5359,10.608796710246175
5360,10.485460202035274
5361,13.980047832928072
5362,16.345272154067796
5363,9.207028965853084
5364,8.391881682156864
5365,13.67526679909898
5366,13.904932022393332
5367,13.41484116144171
5368,13.043619777079757
5369,16.176334314428196
5370,13.943082049877335
5371,11.585809904164503
5372,11.692136094531275
5373,14.384979660355397
5374,14.794022386683375
5375,17.983647536768654
5376,13.511126008296468
5377,9.025924162523372
5378,12.786122026299584
5379,9.766756712083271
5380,14.387175493694736
5381,10.641887602839683
5382,14.613006868830709
5383,12.294742360608451
5384,10.302408309267296
5385,9.94743561416363
5386,13.192912856262083
5387,12.223242729336594
5388,10.494693016583655
5389,9.682488738157595
5390,11.816319666360192
5391,13.93665411715296
5392,10.351701823556816
5393,15.630210402534544
5394,14.775729761045854
5395,15.584293663620617
5396,10.87740224943003
5397,14.285199313754665
5398,14.007301686802034
5399,6.000076335501288
5400,12.612240260993316
5401,6.326288103370295
5402,16.28377608317882
5403,9.544396543250638
5404,10.944429142607223
5405,15.288329980278913
5406,10.69572648615476
5407,12.19959081671797
5408,9.456389098056611
5409,6.743629294719312
5410,13.398661125533817
5411,10.097537035688616
5412,9.363200269237097
5413,15.604823873707126
5414,16.755890214752096
5415,6.0
5416,15.428189967171209
5417,13.440537905542376
5418,17.85850193273578
5419,9.04204966332571
5420,11.916693772134282
5421,7.91532633762862
5422,10.011133583664709
5423,10.742816044579193
5424,10.365437980140989
5425,16.03283690229322
5426,17.63459859510475
5427,7.226161253135731
5428,15.47205935769074
5429,12.534633411070814
5430,12.490533395372811
5431,11.438249132067913
5432,10.063878490898635
5433,19.73356767087067
5434,18.345905769079213
5435,10.011759669325802
5436,16.610425185723543
5437,8.713626120360292
5438,14.553537920131895
5439,7.6436309310486585
5440,19.439901665385992
5441,7.335630732946079
5442,12.222381365996851
5443,12.921545768593058
5444,15.526807202442962
5445,15.245028489577754
5446,12.326115822681292
5447,16.873831170134867
5448,19.891467685464416
5449,6.870732466634511
5450,10.35988881632755
5451,10.714102285770794
5452,6.381988802450772
5453,9.700852340420674
5454,14.591446670435458
5455,7.3429675161899315
5456,13.081230083215509
5457,7.829127664994338
5458,9.313727900684132
5459,22.86650151758011
5460,15.772413837768443
5461,14.746062653312617
5462,12.471301488518797
5463,11.424027642113334
5464,8.17938164217463
5465,11.201800260224166
5466,8.25725311145024
5467,7.386276740698732
5468,6.960554650855475
5469,16.24710951634989
5470,14.163077759127072
5471,13.534422088358705
5472,9.283232442972816
5473,13.737721105716654
5474,8.121594387490255
5475,11.50731832970392
5476,10.931824598358352
5477,10.864256241493091
5478,8.029269828034202
5479,10.987109707862079
5480,9.388840259601203
5481,12.030416829859819
5482,11.74367302234515
5483,12.985144396475652
5484,8.063118952664905
5485,10.710789676468082
5486,12.474835087390064
5487,11.255826592576195
5488,13.370862066042934
5489,10.672390157853942
5490,12.395872459274987
5491,15.639750295931352
5492,11.926574777648657
5493,9.645771934834954
5494,11.180486362457021
5495,14.992264608944424
5496,14.253253008335514
5497,13.139780773034477
5498,16.00040591430726
5499,10.714860153535081
5500,17.443040387163748
5501,13.872576727914208
5502,13.419788485387402
5503,6.759495702216995
5504,7.674869971091565
5505,15.495651078705858
5506,16.54850551858436
5507,13.957573385186961
5508,7.295950708536139
5509,13.356390449042706
5510,11.278401956404235
5511,8.51232793551885
5512,10.887327385037738
5513,6.932694379791839
5514,10.85855279578395
5515,13.624985718326698
5516,19.80032478775249
5517,7.266919888195735
5518,11.574364059389383
5519,15.615536714868956
5520,13.773406186678343
5521,12.94096688648028
5522,10.29638289710177
5523,8.628435414177114
5524,6.926455876611552
5525,10.915008943780224
5526,6.90016892533941
5527,14.150998028082967
5528,6.281220377826325
5529,13.340633286782
5530,11.730270069153546
5531,10.896977685783295
5532,10.591641959719581
5533,13.62079455508095
5534,17.299961281688663
5535,15.69135115620491
5536,10.140743911167334
5537,14.114015293116914
5538,7.879292062834839
5539,12.592579855742915
5540,8.540825840519346
5541,7.753706906708792
5542,18.700511344838638
5543,11.785317239950722
5544,13.163691929380176
5545,6.46389063209551
5546,6.267646575083251
5547,16.609707154857357
5548,12.74179001528464
5549,16.20673309542208
5550,13.180757123927211
5551,6.833173594542695
5552,15.726674270182802
5553,14.7843348231581
5554,9.021413332836353
5555,10.813721977854685
5556,17.216127423778396
5557,13.289637256599756
5558,10.908999495476852
5559,10.308676730943576
5560,15.212964002086824
5561,13.915032270638667
5562,17.016990669245587
5563,6.259248703032648
5564,17.714239967511233
5565,7.84153494288325
5566,13.229699563599265
5567,8.083708788436443
5568,8.642899875182597
5569,14.687909512567963
5570,13.090220843184138
5571,7.152690368556778
5572,10.35915162617569
5573,15.75623124524169
5574,14.677249683979456
5575,14.15069089490301
5576,15.351430273029072
5577,12.137556602743675
5578,14.132878303943546
5579,15.07707254675965
5580,13.766347521368152
5581,12.824083912457345
5582,13.254982978384348
5583,14.324568812957851
5584,15.79423283839357
5585,10.11125771001101
5586,13.153246727401488
5587,13.643121856256803
5588,8.704141326642393
5589,9.701027114201423
5590,11.558668595785615
5591,10.508699206184396
5592,9.87465320271439
5593,11.375593663682942
5594,16.684007910099048
5595,11.21318922337349
5596,15.654295045158994
5597,14.78922581750612
5598,16.106698464401106
5599,10.230753161021372
5600,13.883334913243491
5601,12.092503913160307
5602,14.250093713955417
5603,6.006070630899918
5604,10.134739615916784
5605,13.969838715528814
5606,6.724112949510343
5607,11.09166477793018
5608,20.08543755793734
5609,18.941486171834935
5610,6.263723100651385
5611,12.078547416215923
5612,14.899983739722925
5613,12.152540537430799
5614,19.537030855836896
5615,13.988444182978018
5616,16.189281736848354
5617,21.43876276367893
5618,14.743337757180017
5619,15.93031554457661
5620,6.5073498452226035
5621,7.405287289537712
5622,9.334403104616351
5623,10.157984596317712
5624,10.701319731721672
5625,17.78312408991629
5626,6.859512799383592
5627,15.233333997077953
5628,17.99243698565528
5629,12.108065419548044
5630,10.777191566398777
5631,17.48878615019483
5632,10.299631200455362
5633,13.049714970353953
5634,11.444114773531425
5635,13.64148469871364
5636,7.324527073087181
5637,13.271935981886141
5638,10.871188256097057
5639,15.833909180017482
5640,9.084498281404075
5641,16.806926958076417
5642,6.674652324917353
5643,9.000935836837863
5644,12.663542111707976
5645,11.091083618458686
5646,14.163328948605255
5647,13.032561254345316
5648,15.41861126998748
5649,15.480712756507529
5650,7.082059798168846
5651,10.566972309283
5652,13.644630720155508
5653,11.078009661866393
5654,12.635492716769196
5655,11.912873150340785
5656,11.188372732657838
5657,15.391949693251942
5658,9.917293545733548
5659,7.146532810841936
5660,12.415779101952932
5661,16.630234210827442
5662,14.398420312239168
5663,12.654709916653076
5664,13.027043570887146
5665,14.092219630990115
5666,11.314902585355345
5667,9.577940497962933
5668,6.0
5669,13.292072501305741
5670,13.220837732214763
5671,7.561124842333206
5672,15.91283638243426
5673,19.655241201103365
5674,12.107789442002511
5675,14.928499723655959
5676,7.086905249076954
5677,12.998732921847948
5678,9.341626838985396
5679,16.760890529114047
5680,14.353083134246882
5681,12.641760333452897
5682,7.6364522448886545
5683,15.672822077595454
5684,10.764260032529936
5685,10.932382653817537
5686,14.085314738880331
5687,10.618025080955135
5688,13.618556029396157
5689,11.951462346637706
5690,6.734028977693125
5691,18.410016103782183
5692,13.854100770758784
5693,8.226145791721436
5694,15.881774874830008
5695,10.443874540601344
5696,7.354503406012366
5697,21.40733702838859
5698,12.995443883559084
5699,9.758298053802088
5700,9.087954952656883
5701,14.732782956048872
5702,17.32189736676431
5703,13.531641840448573
5704,18.375551229785273
5705,11.61200927454675
5706,15.126808540642514
5707,7.3285947732303045
5708,12.64008013959447
5709,9.869101284177038
5710,17.6722684661215
5711,15.356343554137844
5712,11.222140972521318
5713,11.624228854068999
5714,16.211428014662765
5715,9.606892450724127
5716,12.720902466649354
5717,10.840454607776893
5718,11.589954573496573
5719,15.724576784917321
5720,10.952448133827689
5721,12.320301330379339
5722,11.721991553352417
5723,14.210649592557875
5724,18.7186470631135
5725,16.473910120855045
5726,10.977295625998744
5727,14.443468649343094
5728,13.119598703002671
5729,10.972202839900655
5730,7.485613696085448
5731,18.590591540306725
5732,18.990520211350656
5733,14.086104523212066
5734,14.479429533272183
5735,14.957389737780893
5736,7.771891166149072
5737,12.14823176776753
5738,8.196221977731206
5739,11.970900415497889
5740,13.988472869106797
5741,13.745164791582427
5742,13.953035439869682
5743,9.770375379547287
5744,12.69178651619388
5745,8.92734103920708
5746,18.163286205462768
5747,12.146403769091242
5748,11.909100811637478
5749,6.267433793192793
5750,12.985284771542883
5751,9.586972802185752
5752,7.845746429290266
5753,8.341826278102271
5754,15.795471965777118
5755,10.194012943777507
5756,9.748540221061814
5757,10.73697949121068
5758,7.451872225765127
5759,10.993921324134607
5760,13.10794480616648
5761,14.427136601185412
5762,11.555566045273324
5763,13.788282913708581
5764,16.710080666190755
5765,8.51653350391687
5766,7.837344727373893
5767,7.640737296279837
5768,12.64216380100034
5769,14.40637143161132
5770,6.822750214648532
5771,7.649833264032212
5772,15.409165250327082
5773,13.99405888119446
5774,11.96028866091023
5775,18.00608867531777
5776,12.261606995949334
5777,14.933611337733506
5778,14.893903135184912
5779,12.601963105121882
5780,14.349823822869629
5781,8.278028038435426
5782,11.0859864713385
5783,9.814546936578276
5784,15.01893599910293
5785,17.70272715796851
5786,7.8002305624258526
5787,9.064279813237839
5788,11.837695994926433
5789,12.434852261504597
5790,15.558868897251834
5791,11.223736138246437
5792,15.796250050781234
5793,7.535478631013918
5794,13.855124763334626
5795,16.23367458895307
5796,14.553324486532272
5797,10.337625685613776
5798,14.556895941561704
5799,11.898577604662238
5800,16.200023132623944
5801,8.412247948621442
5802,10.58521321797452
5803,6.407137237269438
5804,16.1827788535924
5805,11.126740069700125
5806,7.88206205842523
5807,10.28645389876603
5808,15.843035050632803
5809,6.0
5810,12.558724575801932
5811,12.86066028217221
5812,18.41301164636947
5813,9.361735604404902
5814,13.250264379203022
5815,14.89371989916193
5816,17.72407541506314
5817,15.285551110194085
5818,12.669496889057118
5819,10.038491123910234
5820,16.094221898990405
5821,10.842530417316885
5822,17.791870358099395
5823,11.37182727236377
5824,13.533556966647806
5825,12.914416911966226
5826,10.313391050853241
5827,15.397158479717726
5828,10.682377913894257
5829,12.277743401319722
5830,9.565305148418254
5831,7.216868842386698
5832,11.265521896486629
5833,15.633018830183769
5834,7.307977671352341
5835,14.292748971171754
5836,7.958066637837336
5837,14.213499972260124
5838,14.742648022717587
5839,7.308598241026908
5840,13.878989540246597
5841,9.100010464699277
5842,11.529402594290177
5843,10.5445230249299
5844,7.109263039610501
5845,15.194179906953416
5846,13.96261660761584
5847,10.7295284539835
5848,11.113852270552458
5849,13.604467686221398
5850,9.030646495464605
5851,13.093324315179949
5852,10.340738217912213
5853,9.629708635726875
5854,11.186136928545183
5855,12.318542427325006
5856,10.158887722684096
5857,15.768957044844747
5858,16.617065971993647
5859,16.087044907456928
5860,10.94002480774974
5861,12.388587187957446
5862,10.737212544305512
5863,9.414743275704236
5864,15.568423162877558
5865,10.27542689083843
5866,11.174285314578015
5867,14.686123535577838
5868,11.026758214727186
5869,9.308236311259732
5870,8.017890541727972
5871,7.785467176350641
5872,13.659913025843679
5873,14.574364980065138
5874,12.034555568907374
5875,15.896342469819121
5876,14.102241416395879
5877,9.258526521001096
5878,11.114745809357238
5879,9.869417519577707
5880,17.371968855662622
5881,8.604698611984585
5882,15.140872077171577
5883,8.748088012049411
5884,14.550781555273504
5885,10.86715694988802
5886,7.9195535374609864
5887,11.67243541566873
5888,9.762813203527058
5889,15.970442719029247
5890,11.077506387161232
5891,7.024104271996437
5892,8.416334723282079
5893,10.600286981290662
5894,8.67234362944615
5895,18.2806079619668
5896,11.333823693481323
5897,16.660322191286866
5898,12.099641476436428
5899,8.180735538279597
5900,7.235896430941835
5901,7.669629455913665
5902,10.59766632063665
5903,10.941273843259507
5904,15.582917668794142
5905,17.70110003385856
5906,11.922023540991011
5907,10.736926100712658
5908,14.4674007092293
5909,12.72363123968934
5910,15.954293090698267
5911,13.855356766930248
5912,17.80543823112076
5913,17.644337235779883
5914,6.1592050891164325
5915,15.593517517825909
5916,12.523930078755885
5917,12.071005264565915
5918,10.270487283180174
5919,9.324696707377473
5920,9.226575883642184
5921,16.15853545962311
5922,12.844516120980638
5923,13.93234380161173
5924,12.75596077778994
5925,7.8831964123482
5926,17.555083434955
5927,8.640796625144882
5928,11.254629407507723
5929,7.1469828299852685
5930,8.774133281761566
5931,20.712481960391006
5932,9.244028033337406
5933,10.525077454550006
5934,16.538405813243145
5935,16.818863242420193
5936,13.210911357610891
5937,11.286236295721528
5938,8.044295765739522
5939,16.324126277215015
5940,12.934263930743102
5941,14.884727151172893
5942,7.0824053669297005
5943,9.724077807734423
5944,12.163704317220173
5945,12.393800522202444
5946,10.959952168191442
5947,13.593236920643538
5948,10.969273748309314
5949,10.022381684278665
5950,16.743132307817437
5951,7.30305152710297
5952,9.39590572114298
5953,12.01945821685143
5954,9.769490066663739
5955,14.823021040440407
5956,11.616464715615665
5957,13.517078055234226
5958,12.776465116570076
5959,11.449920477934256
5960,6.98677006503622
5961,6.0
5962,10.20546429841473
5963,21.46906249709918
5964,11.905167526677968
5965,9.862789434320934
5966,6.0
5967,7.472495680149515
5968,7.513185552967104
5969,9.928849684977088
5970,16.85515848138464
5971,12.094221216668371
5972,20.16480467570192
5973,10.900627015364233
5974,13.340241561836033
5975,14.191989134322707
5976,11.427879790675384
5977,15.017409277792627
5978,11.494172423101674
5979,16.15034799571906
5980,9.856191633353419
5981,7.616840213020054
5982,9.107296975381072
5983,10.406505822107835
5984,8.911482340189487
5985,12.979977666066842
5986,8.710356866068032
5987,7.050130596835262
5988,8.324296373801838
5989,13.118564404784209
5990,13.604264089959239
5991,8.630565548847494
5992,9.105709054580824
5993,12.481660204170973
5994,14.576093432305743
5995,8.058386470241317
5996,13.029580729588291
5997,11.136140671853733
5998,8.515191203449117
5999,14.8428832458281
6000,21.860025701989684
6001,10.720122115803932
6002,6.467034630127521
6003,17.019685245111283
6004,8.076866425270204
6005,17.331326158713576
6006,10.670185896752798
6007,9.343263576514113
6008,17.93546853738819
6009,12.815797265236167
6010,13.520528559891186
6011,15.952494380232707
6012,7.873272430967002
6013,10.449445053129718
6014,12.118962167641449
6015,8.574561070429096
6016,11.689291320792178
6017,6.681268267693705
6018,7.334330207810874
6019,6.572914904503182
6020,16.27017999901703
6021,12.926774967369157
6022,6.673409200627688
6023,6.986886211770721
6024,13.930941833235506
6025,15.992099242047566
6026,12.805495775194869
6027,8.440363153733642
6028,14.590061793889117
6029,14.014705750867776
6030,16.45333727164969
6031,15.02753495387722
6032,8.704988108842421
6033,7.393008595170344
6034,14.035535751510968
6035,7.968602713899354
6036,14.37675262450295
6037,9.926761874516808
6038,10.804162448843007
6039,13.731700698322776
6040,9.804882953949996
6041,12.270988061633403
6042,11.182298247549724
6043,9.437367382725446
6044,11.012783561700324
6045,14.0831209999661
6046,15.313134294969526
6047,11.136543622993214
6048,11.281993691153795
6049,10.679149103872666
6050,19.330431285678983
6051,10.65148315351438
6052,15.65992215016293
6053,16.669424492422117
6054,11.2549718649992
6055,16.01159645507738
6056,19.851328399337927
6057,17.731628865020955
6058,11.518474562517167
6059,9.203272217821318
6060,11.841747056453555
6061,12.864203923906015
6062,17.068993897481093
6063,14.034447360708558
6064,13.614561057914566
6065,16.961025761266633
6066,7.5801335552641005
6067,17.921537103552712
6068,12.124271846778754
6069,12.690468017812957
6070,14.050619390567105
6071,15.092482709461573
6072,11.892646939522557
6073,8.613711355710768
6074,17.685026637944173
6075,7.272737407059228
6076,6.0513162512692915
6077,9.514495139821172
6078,6.105778457425546
6079,10.726113241356739
6080,15.34122178916053
6081,10.927422595177745
6082,10.903129131029619
6083,13.664314608992722
6084,14.848681364231629
6085,9.740313433790451
6086,12.28379227899843
6087,13.477944271284521
6088,6.073446974956017
6089,17.700651118932974
6090,6.966246726111172
6091,15.773170179203113
6092,9.206752222318535
6093,10.85680957319046
6094,12.983070358692457
6095,15.255835415377257
6096,20.155458502620064
6097,16.19249637576118
6098,10.445443011905187
6099,12.55585105442908
6100,9.488445765914975
6101,11.307841343807478
6102,13.499932809746868
6103,14.201376687495646
6104,11.617364421864592
6105,8.02580910199898
6106,10.724934457720448
6107,11.361444839388232
6108,14.72272207760954
6109,10.516238518174294
6110,8.256866319707626
6111,14.522231536597417
6112,13.550410747967508
6113,8.891001725207502
6114,12.852392652582468
6115,6.908183530319491
6116,17.581221340421056
6117,10.35136738966619
6118,9.84361533131631
6119,16.729991940976063
6120,15.940849562567275
6121,11.78187045719319
6122,17.967952057125142
6123,10.212166700052954
6124,7.9252245507563694
6125,17.856087912965467
6126,10.477992276986715
6127,11.422189537540268
6128,10.835387253812925
6129,7.9728445114943725
6130,12.397337642923855
6131,6.535011113021772
6132,12.542314780478314
6133,7.584655958510304
6134,11.671481230028355
6135,11.741900223870466
6136,6.791964052154981
6137,7.192702809844071
6138,13.1746548065458
6139,9.701264565645419
6140,12.790490312350245
6141,8.511247746671215
6142,15.376635705017485
6143,12.628591128229564
6144,12.86504524313542
6145,10.299304757634397
6146,12.786607373939939
6147,15.97055091674821
6148,18.675135198097827
6149,13.984111477386612
6150,6.0
6151,19.280836278401438
6152,13.49004142214843
6153,11.776336723542983
6154,15.31088750270338
6155,13.920945960066748
6156,12.381925856813888
6157,15.09360580977063
6158,12.707402415417091
6159,10.871410017677466
6160,11.565415689882235
6161,10.450338604937038
6162,10.3088009184821
6163,9.271868877503122
6164,12.588678330023807
6165,14.524571679303511
6166,11.551949775739585
6167,11.867878727864706
6168,9.555596690488967
6169,12.350006267134988
6170,16.966789822012448
6171,6.459211509666493
6172,8.872602789182956
6173,16.90222779742328
6174,10.311814603329623
6175,9.551147195862129
6176,10.320408539285443
6177,15.986238953234135
6178,13.236268216626364
6179,9.322055641357327
6180,15.284956029025139
6181,6.538696665206447
6182,7.858643438556292
6183,11.727679995334295
6184,7.386163457290606
6185,12.101434863075484
6186,14.89726790857199
6187,9.278027148592145
6188,7.815007958807595
6189,13.32869062247361
6190,12.377177074330815
6191,21.675585712773607
6192,13.273652124643089
6193,14.467942613567061
6194,8.466521645593684
6195,11.087139748673323
6196,10.312911891862981
6197,15.710500695535544
6198,16.40784184192877
6199,13.998454849648292
6200,15.027869674522353
6201,12.507323864984091
6202,13.396674581418793
6203,15.304496285208891
6204,12.403195122155703
6205,14.058532239663599
6206,22.669190153749348
6207,19.294157035725824
6208,10.966071922062405
6209,10.659869141465471
6210,12.421523591705865
6211,10.982000495599836
6212,15.835572012715527
6213,10.258379052589019
6214,11.812365647916025
6215,9.140862247967435
6216,11.291136798982734
6217,9.272687080902148
6218,8.962794881934725
6219,8.3051294174136
6220,10.859185356840655
6221,12.151429702710022
6222,18.315528510562824
6223,11.409456410047389
6224,8.976352494709177
6225,14.447102874325298
6226,11.286319916993804
6227,12.534611200490481
6228,10.140085860218864
6229,8.543757552900576
6230,16.40461289361274
6231,11.314560515031985
6232,10.604495095850794
6233,16.47116650115668
6234,10.128842620640777
6235,13.465818667024006
6236,12.189482198785768
6237,14.009823043695516
6238,11.351897085577386
6239,14.353942001831717
6240,17.756627485257134
6241,15.413873026077166
6242,18.50727377218542
6243,14.509647835513638
6244,21.372523100747358
6245,14.41466674492135
6246,13.325389251640956
6247,18.63057841051798
6248,6.765587856480202
6249,6.0
6250,19.724444135212345
6251,15.663647177171685
6252,10.512696286201368
6253,15.26836526391636
6254,9.697165060440105
6255,9.19448419027812
6256,13.60626003303153
6257,10.212080232511704
6258,6.776341482540786
6259,12.517610821947942
6260,17.156877873912904
6261,16.55172278074134
6262,10.127100314813456
6263,10.5709540107368
6264,8.947045609818476
6265,12.58897232317549
6266,12.701853372096519
6267,17.679987270670054
6268,11.539966594342252
6269,12.195664153373299
6270,12.86685090024827
6271,17.15458199824869
6272,6.963898709210814
6273,10.829534590477046
6274,15.644153174370299
6275,6.775363525175139
6276,14.583773939231108
6277,17.06077632957821
6278,8.725728932192204
6279,10.329091852501572
6280,14.608045906287078
6281,12.239018787388448
6282,15.989702397720231
6283,11.012490809302781
6284,7.684675002014981
6285,15.046516900678853
6286,8.297862777542479
6287,8.391634199997629
6288,7.697950973584103
6289,12.400461560277062
6290,15.556268763056831
6291,14.230990776175656
6292,19.89555671462712
6293,10.44147466065604
6294,11.52006712661319
6295,8.28695241158077
6296,7.678782469146743
6297,15.86668884473767
6298,12.733931968856394
6299,17.059197596105946
6300,13.840209314554949
6301,9.625242943539442
6302,12.084745225366516
6303,11.679372684595716
6304,16.83723907433431
6305,12.650530627328349
6306,12.899931489431902
6307,10.56210770433636
6308,14.047224723581387
6309,7.601817873971291
6310,9.72531698825081
6311,9.880131623021287
6312,15.396379292128833
6313,6.662718601471825
6314,8.943067960760937
6315,12.279040333554985
6316,7.269972116032332
6317,8.322698278800502
6318,10.984045709074334
6319,11.733971625211675
6320,11.36902904425149
6321,10.03946331882356
6322,16.173129250439395
6323,9.73994271143992
6324,7.845363554080105
6325,12.12247863306448
6326,10.195045579964283
6327,9.522226116147632
6328,12.874540213517191
6329,10.006887083680535
6330,15.927713136303797
6331,9.85034062766941
6332,13.945393545713332
6333,8.811189350019086
6334,16.830300440127466
6335,6.4714056298855756
6336,14.491620311528045
6337,15.320233382116598
6338,11.516129127071336
6339,9.84678497182078
6340,6.0
6341,14.934075585725212
6342,14.103386591742971
6343,18.395418965536912
6344,7.544236318475527
6345,14.448873632901414
6346,13.18291827626085
6347,19.52584133080135
6348,10.703466151872357
6349,10.120564765315898
6350,9.40458279555114
6351,8.744480645171294
6352,9.49644343647394
6353,11.829352107087836
6354,11.412892769369478
6355,10.4316268409182
6356,10.54934649587222
6357,16.693764439241836
6358,16.097215142058733
6359,7.479742606672391
6360,9.416879413991186
6361,13.615212831806256
6362,16.315479059816596
6363,11.328815555481889
6364,10.926837808042276
6365,17.50350437275383
6366,16.883559017420133
6367,18.480399925587772
6368,11.19208551834982
6369,12.998497940507676
6370,7.757274927559688
6371,8.238608145224637
6372,14.55624035537293
6373,14.493292057115902
6374,14.993089799464414
6375,9.400180312542274
6376,10.451151363838482
6377,6.1319256087385
6378,16.255700335048935
6379,11.914830685772579
6380,9.473854013072815
6381,10.633335389667813
6382,11.351694605392602
6383,11.00311720696184
6384,8.519711736905311
6385,12.12019886390523
6386,14.852049646211183
6387,8.466731450994185
6388,6.0078283292113195
6389,7.783125833945539
6390,13.783377759528245
6391,7.423855835001396
6392,16.58780419764219
6393,10.680759605664168
6394,6.0
6395,12.175783647115374
6396,10.96341880236475
6397,12.434526624108015
6398,18.916316358652615
6399,18.59879499678868
6400,9.781741352389348
6401,13.592274179178863
6402,12.968858768479123
6403,9.60977126128331
6404,8.108045034602938
6405,12.127297348937189
6406,12.022639227379488
6407,9.428850362425374
6408,16.621785660102724
6409,8.277620596249577
6410,15.208046916435741
6411,13.221592642815382
6412,17.72454642803863
6413,6.663249834413542
6414,12.377815706954639
6415,10.378405832040372
6416,14.230394955470564
6417,12.488533885862998
6418,13.861693920902978
6419,6.0
6420,9.130233143423773
6421,9.072997613458629
6422,8.868756722674268
6423,6.115987138732844
6424,14.757555266837908
6425,9.555809746922087
6426,12.237846333430259
6427,10.661789928875358
6428,8.550579959704805
6429,15.875352355791666
6430,11.155284603125061
6431,13.524631417174367
6432,11.580008814921154
6433,11.511199961656537
6434,17.97927882903677
6435,22.166567967217397
6436,8.734372427360288
6437,11.466733754647779
6438,17.356968816100654
6439,12.483285886148298
6440,10.14727843165679
6441,8.182731691651856
6442,10.26723472468255
6443,12.018164971708813
6444,9.659515532881361
6445,7.266192152968259
6446,6.675576931357374
6447,12.39391067573705
6448,7.1109288287688805
6449,15.759232700745992
6450,14.69284013313221
6451,17.116100359104095
6452,12.94919021095211
6453,15.711808737972358
6454,8.342306932788043
6455,10.22389638042179
6456,15.107650618041129
6457,17.88221143456172
6458,16.793562287107495
6459,7.531592883535138
6460,14.054301526299438
6461,12.840507065900955
6462,9.426988956727847
6463,13.275659793841493
6464,16.528727088082398
6465,13.73166451993314
6466,13.436193466928339
6467,17.370614174799556
6468,14.639046118559493
6469,8.0895009120758
6470,7.485804819387443
6471,10.021792942972109
6472,16.18201905027716
6473,12.977563766779344
6474,16.07177871668582
6475,7.551796507354853
6476,14.776431631319628
6477,7.8014007422325635
6478,11.447493218969717
6479,12.27621189157063
6480,6.936457919019327
6481,10.449933891742347
6482,10.780875468878966
6483,11.314450366222838
6484,10.589673421782402
6485,15.186593390102963
6486,6.0
6487,9.126887710009253
6488,8.923521827160705
6489,10.476690091076694
6490,13.146834993197912
6491,13.471684267109866
6492,13.220653115791553
6493,6.4177416175791695
6494,6.634072827904018
6495,9.538545178361481
6496,12.812880495167102
6497,13.950186855336385
6498,11.434717654241979
6499,15.004557507476932
6500,13.612571321891542
6501,7.751744311661963
6502,10.886477967508663
6503,8.86902565979964
6504,11.039218913568007
6505,6.338856967994804
6506,7.592172170201411
6507,8.354087971886745
6508,16.044797170474034
6509,6.581954193137487
6510,10.302246005707127
6511,8.4907585535964
6512,7.312010301474238
6513,16.568453375032032
6514,10.280059742699667
6515,13.439834032183251
6516,13.131778403731229
6517,13.556844355829844
6518,13.385972039224367
6519,13.22081631963682
6520,18.04382952678097
6521,12.83730525194695
6522,11.840480695159526
6523,15.781947063197558
6524,11.448988263175302
6525,12.569805760793665
6526,6.661828179468732
6527,8.149819614440046
6528,12.298713105357768
6529,9.2513285373075
6530,12.008851266585618
6531,18.732845040981946
6532,16.757612429905976
6533,12.085014839826329
6534,15.502542418896851
6535,18.08740935928723
6536,7.185398115015055
6537,14.463308521640387
6538,10.222810579109144
6539,11.902160175416194
6540,15.51510670543587
6541,11.424499419281977
6542,6.0
6543,10.04021106776457
6544,11.05082116486472
6545,12.053087796561528
6546,7.154124593408136
6547,17.436611259870084
6548,11.197727839051314
6549,17.99078450188051
6550,11.371461540285885
6551,11.522137532187255
6552,15.949036367414195
6553,9.44035572856407
6554,6.911479691592774
6555,8.732415184603473
6556,12.480670230135226
6557,7.073830017463687
6558,15.514980187301344
6559,12.549285493785053
6560,11.036453214465677
6561,12.276244036617156
6562,9.137596334489228
6563,7.544005296937138
6564,11.794665194583024
6565,7.93484732408696
6566,16.22538477743869
6567,8.857717836317784
6568,13.541767211793282
6569,9.120020696737003
6570,11.694719387903504
6571,6.0
6572,10.518150641288493
6573,10.648015298106312
6574,7.194617034753939
6575,15.23673866376687
6576,6.534430906764548
6577,12.26683506739321
6578,10.582683360408847
6579,13.40941802831016
6580,13.428300661961007
6581,7.28786532096381
6582,15.491521778421664
6583,13.837492300408739
6584,9.19863177630459
6585,6.0
6586,6.935286204239694
6587,11.898345368094882
6588,12.929591046198402
6589,13.525303708193642
6590,10.615488281769457
6591,19.773117512871647
6592,18.397962276854827
6593,15.385618577551874
6594,7.560277357243955
6595,13.698866722581625
6596,14.048988850883497
6597,7.3869227155028705
6598,13.508633559319026
6599,17.45131651170731
6600,15.862805423535404
6601,9.266752412852288
6602,16.173230594953907
6603,16.882587715700776
6604,16.111930783137645
6605,8.191735076479617
6606,9.940682596378387
6607,14.744941425058437
6608,12.57961669097326
6609,10.855114053630643
6610,13.038050873318126
6611,16.038615928927843
6612,15.084872328290764
6613,13.97637213523248
6614,10.37013243050894
6615,13.610318767550757
6616,10.790148513392813
6617,9.610001330120191
6618,14.599741882380249
6619,10.559057229580736
6620,9.51795770159054
6621,13.273439506213954
6622,17.697373556565143
6623,11.161113215681455
6624,16.78526624193305
6625,7.032006728863791
6626,10.942587618845911
6627,7.987578908274689
6628,6.130206734459821
6629,12.212613992855092
6630,12.594045370981952
6631,8.128328271371277
6632,13.757100742562194
6633,7.501194020415419
6634,10.957815231045748
6635,12.21149737794446
6636,8.857601938884226
6637,8.0171560045457
6638,9.123833360568023
6639,11.08394559592617
6640,9.934900878567241
6641,19.164763505106983
6642,14.318763319530664
6643,12.444361043506827
6644,11.15212587731523
6645,12.587732559818857
6646,17.56469029110679
6647,12.259190021670143
6648,14.919965579179731
6649,6.797747134069118
6650,8.469827413222408
6651,14.351796271492171
6652,10.448458786166185
6653,10.543425248953907
6654,7.022730153868066
6655,14.54510273355661
6656,18.751605016719815
6657,15.230697309721261
6658,12.87704832302322
6659,10.586298161888788
6660,10.043741748355519
6661,14.162649999852627
6662,15.676609222863515
6663,6.746770681196823
6664,8.974771907268083
6665,13.213007473933716
6666,10.747191761980918
6667,9.527879031493264
6668,11.963346405048465
6669,12.858885088915168
6670,15.12895136877354
6671,15.7634443864475
6672,10.961450410614363
6673,6.173742398999896
6674,9.633868218950974
6675,6.240233496105701
6676,11.565333453331895
6677,16.91245163356295
6678,12.71929241677067
6679,19.11699629988849
6680,11.795111436530979
6681,8.685646990815581
6682,6.966642677294728
6683,11.063976965604866
6684,15.992613037563782
6685,12.811452674176348
6686,20.044737999148932
6687,17.23744752510468
6688,14.24379599714354
6689,12.617881582818697
6690,14.110329138536995
6691,12.852583851729667
6692,9.927722692310585
6693,14.411139725740455
6694,6.584848733011338
6695,13.720285835960265
6696,6.00236805491155
6697,8.050955423119557
6698,7.686739802277702
6699,6.7104353309874565
6700,14.016866449338142
6701,17.971443547486018
6702,8.932514920122422
6703,9.478807823732481
6704,18.943342534584296
6705,12.188873274378915
6706,13.420766311191121
6707,7.162308477910608
6708,14.77031199647729
6709,14.412087110773847
6710,8.124789436462706
6711,9.915934461958008
6712,12.482050576023088
6713,11.613046512344289
6714,9.0234967108998
6715,11.646626777660032
6716,13.633547515910376
6717,11.73465472663218
6718,12.406017580966973
6719,11.823877159905429
6720,12.291548303295606
6721,6.864497014775151
6722,11.393058349781617
6723,11.570318244251935
6724,12.235397033623684
6725,9.583052170303613
6726,9.535409441530224
6727,17.09634285871062
6728,12.727357280176488
6729,11.848723496041943
6730,10.969728477292719
6731,15.199386314522298
6732,15.523518193081435
6733,12.370738780544892
6734,11.73787399853044
6735,14.377407025405393
6736,8.467383525395688
6737,7.47761684407011
6738,14.91240415432295
6739,11.636005350909908
6740,10.364145988612066
6741,9.69202829321223
6742,11.804615308294741
6743,12.128946947109519
6744,9.489722250064606
6745,18.243751291856878
6746,20.411725435462177
6747,17.429031469100984
6748,10.943141908822229
6749,10.929291875685434
6750,14.160517823043019
6751,9.548389643283361
6752,12.913283273433253
6753,15.803762080365356
6754,15.532216921530706
6755,7.199542200900501
6756,11.949485322482602
6757,16.999564290894256
6758,14.597663551021354
6759,9.2108502411638
6760,9.106747088218718
6761,10.559518621618077
6762,12.039855252291128
6763,16.03381455919422
6764,15.82621858677916
6765,13.706581817369715
6766,9.552736306514117
6767,11.105222861293528
6768,15.443346378766332
6769,10.664855556508083
6770,10.355483671718849
6771,11.245028269314123
6772,14.308883242926672
6773,13.150082717010283
6774,9.565857067551615
6775,16.169934220772237
6776,14.13116052724721
6777,7.2133417722697315
6778,12.114930668830729
6779,15.789148512429808
6780,16.938782334195256
6781,10.021844366166992
6782,14.935430303403127
6783,6.0
6784,8.358198189477921
6785,13.776117324947322
6786,12.051573808718302
6787,7.000726349434953
6788,11.38238816790439
6789,6.1071772818652645
6790,8.889387048423863
6791,9.945034972624805
6792,10.96897283520206
6793,17.04797858973972
6794,12.944385125858226
6795,17.443753725516395
6796,7.815446936926038
6797,9.836597613647829
6798,12.406930925625662
6799,15.11556060576368
6800,15.11379088635607
6801,11.60209591957481
6802,7.378217312930959
6803,7.763324453597177
6804,7.658847998836861
6805,14.548050922727525
6806,14.102970750643264
6807,10.751312005969426
6808,7.583536252072416
6809,17.096048653051884
6810,7.067739750936551
6811,15.218661182585649
6812,8.230283814201439
6813,12.65023561141778
6814,7.073963843917736
6815,13.168414847367634
6816,8.208420925648444
6817,12.74529169268565
6818,6.84886596639544
6819,14.311910904233322
6820,8.49390718708908
6821,9.097501674136463
6822,8.106194757595288
6823,14.462935633884063
6824,11.822834621043269
6825,11.801775304878365
6826,15.802720178611443
6827,10.415962487271273
6828,7.329059266078033
6829,9.827413194746654
6830,11.171215791140975
6831,15.113218872848613
6832,13.861521603964139
6833,12.556617762670228
6834,10.85720306737333
6835,12.577916782289359
6836,10.508100453749353
6837,15.339209710923242
6838,17.44102573891088
6839,15.363067725862518
6840,9.025106557644285
6841,12.031090495307996
6842,18.435818891939242
6843,11.656916743570699
6844,13.938468344419285
6845,14.774749772601474
6846,13.180421798917628
6847,17.015941092837394
6848,14.358433262394842
6849,12.906226282015947
6850,17.172515066911927
6851,8.811278956599626
6852,13.913707041551396
6853,18.280429377586643
6854,8.806647134029227
6855,7.15264611783433
6856,6.272717531857666
6857,11.862163211710811
6858,11.337869687803915
6859,20.46141331905425
6860,10.77702403560569
6861,9.713056263827305
6862,8.771048661606574
6863,8.08345817486012
6864,10.762559460481905
6865,9.992983234684033
6866,19.457147002583007
6867,17.074965675813964
6868,11.359189499596852
6869,14.474487575002573
6870,11.127438294415043
6871,8.03564323482583
6872,7.912134357811076
6873,11.231825211892971
6874,9.02163515103507
6875,20.677475996168674
6876,10.458259765777775
6877,10.793318391508667
6878,6.8615958727020505
6879,14.565439226047323
6880,13.868008652826884
6881,10.254493731192452
6882,14.442412684139425
6883,12.808435072012976
6884,15.378417156282788
6885,8.199740655272109
6886,13.459266427215145
6887,16.28813727107873
6888,12.125531331821048
6889,15.822382272323859
6890,8.55061302659839
6891,8.99214940271522
6892,14.861957557311358
6893,14.202192500076348
6894,17.586113571558624
6895,13.896270471378351
6896,11.862831003879348
6897,9.210976016239139
6898,10.772055333146216
6899,10.89639170456791
6900,8.984332473971254
6901,11.784900075603394
6902,14.297835765404152
6903,16.654214423873217
6904,13.202949068525962
6905,12.585487909985964
6906,12.317858511717374
6907,9.719139353493773
6908,10.580027629023682
6909,14.254195289897554
6910,11.456188237388666
6911,13.5908011711165
6912,12.161862933834346
6913,13.706439047109667
6914,10.434697635013558
6915,12.507040767645424
6916,11.62282755254714
6917,8.314272487894861
6918,10.840564151318242
6919,7.5098329290601615
6920,13.900176168965151
6921,9.404622539794314
6922,9.127546628457353
6923,16.730455387686323
6924,10.35518800133746
6925,16.396608796082678
6926,13.689677627027944
6927,9.040599051107186
6928,14.147077792650732
6929,11.790964395668963
6930,11.692570193018044
6931,8.800591439044847
6932,13.5874887855054
6933,12.047389628765908
6934,14.802434826790059
6935,8.41688319567704
6936,14.126192186374746
6937,7.758679908146872
6938,8.375623626007897
6939,8.003927154513253
6940,19.373777012063485
6941,10.199811206177879
6942,16.623890375382636
6943,14.273208899988466
6944,15.051507029750095
6945,10.35455344182287
6946,10.299405842155094
6947,14.472081526224082
6948,16.61124773615397
6949,20.182951866002462
6950,14.090964864127427
6951,11.723154417628196
6952,11.808283445684363
6953,12.712083713109099
6954,13.790857332568807
6955,10.946230551402891
6956,7.961490032018884
6957,12.146801445067949
6958,8.213579153221175
6959,15.292373995620379
6960,8.720954646737045
6961,17.607477051712706
6962,7.02279797014125
6963,13.108932313459913
6964,11.384902652976908
6965,10.546822772207092
6966,10.99841273436277
6967,15.213521156309596
6968,16.072834761029434
6969,8.381131956857402
6970,7.119049659435656
6971,9.010997837660549
6972,9.945658654477132
6973,12.53478987949082
6974,14.68040377123224
6975,13.108683100049767
6976,16.31001347729662
6977,16.21731567132803
6978,12.882809734062924
6979,13.936602818792826
6980,16.55310495821127
6981,10.017434739359478
6982,11.53215605982453
6983,13.29594012489728
6984,12.837762045883082
6985,8.914718340246322
6986,6.9267950118186
6987,11.956579750458426
6988,6.421611204655326
6989,7.0732773792269725
6990,15.614515979630943
6991,9.926480699451886
6992,10.297919075380324
6993,11.123482867441604
6994,14.41676382067178
6995,8.755948852409954
6996,9.28932106466618
6997,8.64191791518186
6998,8.396169518731968
6999,16.415558386858873
7000,8.215534632174768
7001,12.88799164592506
7002,14.875317684013407
7003,15.693438852568287
7004,10.084125772939709
7005,7.7573611534809865
7006,11.128029009503933
7007,7.467053551429251
7008,9.392282240780043
7009,9.091193472564699
7010,11.33523802910777
7011,16.58135760682866
7012,14.869458025038172
7013,15.830115482840649
7014,8.174161080702211
7015,17.134250798816584
7016,16.042060352076355
7017,11.64742908995127
7018,14.890422995379277
7019,7.066552800466447
7020,6.519857860233542
7021,14.906161764038387
7022,10.045784813679795
7023,12.027557300919536
7024,11.902522787405392
7025,12.20427124179473
7026,15.473398958634338
7027,7.291924843952862
7028,18.923168854251816
7029,11.74740144570948
7030,12.347274069128552
7031,11.25433227415433
7032,10.654858958007729
7033,11.507731113053303
7034,11.327027927607643
7035,13.24015245065072
7036,11.906456800332686
7037,16.083002364808376
7038,8.902086525644593
7039,14.870496992073292
7040,7.50000220960699
7041,12.531257882143056
7042,15.465708921621482
7043,11.076018592281283
7044,16.317274152164586
7045,11.970520707205736
7046,16.03155601393874
7047,13.495342586844242
7048,7.208546753025264
7049,15.633753955126835
7050,10.219734737570192
7051,7.119947778151089
7052,6.388476677589733
7053,17.71409125686949
7054,12.340665756353813
7055,9.563725551274828
7056,15.4138468641481
7057,6.071726199655738
7058,8.932530967195401
7059,14.720063656038745
7060,16.11361249608977
7061,12.297252817414908
7062,9.85242169053532
7063,9.472004447818852
7064,9.167780470819507
7065,10.267079376601721
7066,9.54032010128382
7067,11.015485818217405
7068,12.97440193507022
7069,9.201710839307486
7070,9.188690946250405
7071,14.378697505164233
7072,17.9552984608976
7073,17.102713203126033
7074,11.123740248344255
7075,10.209622071010452
7076,11.967459963261051
7077,16.280972720977047
7078,13.778848441201639
7079,11.458574703263757
7080,15.50550447183997
7081,16.627816387345245
7082,14.796428289224984
7083,6.221295688379317
7084,7.242142515751994
7085,8.151782808838156
7086,13.936562755366852
7087,18.27138295019864
7088,12.04187382223635
7089,9.928950983285942
7090,6.762766541102056
7091,17.005933708506905
7092,12.491293609155209
7093,12.662947196944545
7094,10.479667955414305
7095,9.310001626697051
7096,8.810529630269773
7097,15.995978751668797
7098,12.306391772527034
7099,11.153875029954897
7100,12.937809400266318
7101,14.680458467374994
7102,11.23597617065578
7103,9.277509557791824
7104,13.425994242149123
7105,8.683017842541894
7106,7.200826413888597
7107,13.248969876570209
7108,11.083739539264899
7109,11.998846527111215
7110,7.567635385838587
7111,10.30489736906347
7112,12.64770904267677
7113,9.054705176751524
7114,9.23339373894535
7115,14.666716694950038
7116,11.446349895793782
7117,12.283735460769275
7118,9.200144151650072
7119,15.122760032639668
7120,8.102250457604399
7121,10.53835942373349
7122,12.53866266334273
7123,10.013810106757957
7124,8.869995539590438
7125,8.786124088355775
7126,8.290936021379501
7127,12.896069439291725
7128,12.243342021592976
7129,15.147456099085495
7130,17.049949165447135
7131,9.989686413097335
7132,14.404698663056463
7133,11.090263692023164
7134,13.643923417268976
7135,15.019653155542407
7136,11.227168615931834
7137,10.322892770834047
7138,9.037190425743914
7139,9.373904146562763
7140,15.070475455285601
7141,13.037039214562435
7142,13.079849346093365
7143,6.831954792942962
7144,10.557193982673741
7145,18.421238275373767
7146,12.704238669500235
7147,15.85733217836783
7148,7.361221408079729
7149,9.319137790054993
7150,15.397403989400042
7151,11.4869937289923
7152,13.842033254051826
7153,7.923719895891061
7154,15.864733957699805
7155,16.103400661872275
7156,14.471063677439611
7157,13.129750602023034
7158,11.203606481603746
7159,12.753247083999568
7160,11.355164254321583
7161,13.171804697089462
7162,15.852952779526014
7163,9.438077034875427
7164,11.229478168629319
7165,10.557160348898147
7166,11.579225660570367
7167,12.003685649713313
7168,13.696201480525835
7169,15.395410729176165
7170,6.557053268173749
7171,16.51304851659164
7172,11.911407740727716
7173,9.09275673668972
7174,8.11140334108866
7175,13.597704635805254
7176,16.007921973515042
7177,7.2631934472196935
7178,6.924213950367602
7179,11.852217524461096
7180,7.021645122637261
7181,13.824240507782049
7182,12.26696423395436
7183,11.483329968069055
7184,18.76338887479347
7185,15.032717050368824
7186,8.174751576941635
7187,11.427653593578032
7188,16.545081724641562
7189,16.15758104171532
7190,14.484605533035241
7191,12.701639245678745
7192,14.964688390509492
7193,15.295418402450512
7194,15.466223305479112
7195,17.46618667577723
7196,15.804721999162691
7197,6.622398817824574
7198,12.482812651366105
7199,13.360560432118476
7200,11.978607338572061
7201,7.6003396258595695
7202,9.788093713814462
7203,6.421737357816004
7204,9.50523982723806
7205,16.5780569907395
7206,20.61213991955225
7207,12.587387040472633
7208,9.851698076546704
7209,18.365034777144444
7210,10.549980699878436
7211,8.25700356539069
7212,6.574695871597674
7213,9.629617650166912
7214,9.05254145016438
7215,16.45361854485939
7216,6.564257474147514
7217,6.0
7218,17.36952439004388
7219,17.359042710989254
7220,19.984859403069734
7221,14.601439143286653
7222,10.840722478271582
7223,17.03790718298353
7224,7.254566818880513
7225,10.212161548783609
7226,15.869235554433345
7227,14.407821370528065
7228,15.94268328042684
7229,9.666386370952637
7230,15.778585619926535
7231,14.548419237464552
7232,10.650777877112313
7233,10.577164736038368
7234,16.49658429832181
7235,16.586976751912065
7236,14.621294887816198
7237,11.346627991724736
7238,13.570270218796416
7239,6.882950497530896
7240,13.63374789867552
7241,10.814236683207998
7242,17.75706277397098
7243,11.381696894328615
7244,12.197082083719975
7245,8.847284570946734
7246,8.95037241611664
7247,10.770427516920773
7248,7.608564974285969
7249,10.660372020148987
7250,8.783647231904832
7251,15.784039050624038
7252,6.717570203020136
7253,9.43426697758027
7254,7.511475984809772
7255,13.908220554099856
7256,15.833768221763103
7257,6.0
7258,11.54965890797686
7259,9.042174192784652
7260,10.661639758686904
7261,14.010978043721556
7262,10.942354977193139
7263,16.989571896404218
7264,7.130550315167827
7265,10.590505576324821
7266,13.4880133198495
7267,6.0
7268,8.750118892857884
7269,12.223866343283087
7270,8.790585179323706
7271,15.740933636797994
7272,7.758217898323696
7273,18.205817535922925
7274,13.039314344008952
7275,12.539757490612862
7276,13.72156587902519
7277,14.538847734840509
7278,10.110229140866839
7279,10.68623510858274
7280,14.52530288419506
7281,7.321191605144899
7282,15.111772737107815
7283,16.27782991601549
7284,7.821703683479987
7285,19.400691996983813
7286,10.839613105038275
7287,10.949876520144747
7288,14.243421378902745
7289,14.115778222122906
7290,11.938527267398054
7291,12.443649042476546
7292,17.223119399527075
7293,8.143848027999077
7294,17.022475120275093
7295,14.876198662676561
7296,7.053830874456881
7297,9.144640018156903
7298,13.678558591504284
7299,16.25382244135943
7300,16.157717593304685
7301,10.032542370581975
7302,12.323952935812901
7303,13.25143071622495
7304,10.512788230289239
7305,14.324769772232672
7306,13.729769555867499
7307,11.916797023078283
7308,19.04493210742708
7309,12.587544814461957
7310,14.040192425898665
7311,12.937514561640196
7312,10.988724359341074
7313,13.345756808771547
7314,10.961470268865135
7315,18.43754411317779
7316,11.70395277018247
7317,6.123986954650938
7318,17.367383786182902
7319,10.439483807095842
7320,15.674371772982427
7321,11.183326698782876
7322,9.252122822130186
7323,12.62610946735919
7324,11.075091986555261
7325,9.236630516447669
7326,13.24828317293867
7327,9.25725490898038
7328,15.549808107710893
7329,11.60125662340916
7330,13.759007022294053
7331,14.041074242377853
7332,7.533051925911258
7333,17.645665246965265
7334,9.165129186092091
7335,13.2749857310312
7336,9.9730896695291
7337,12.613239047956663
7338,8.455245248031623
7339,6.872299206332243
7340,18.700735883221938
7341,10.285697185271443
7342,12.039725801758776
7343,8.351258275802733
7344,19.04995906004009
7345,10.240645211337892
7346,10.797158785146594
7347,6.598884107970358
7348,14.809340789674403
7349,10.670712443913898
7350,13.99740776255257
7351,17.06127885860661
7352,14.570869692249156
7353,17.0147764790677
7354,16.637570507462822
7355,12.227191337539317
7356,11.601150814957835
7357,11.585421072137034
7358,13.96983330868728
7359,11.918296573171487
7360,14.008061194619918
7361,14.751447966858377
7362,15.60955617978128
7363,9.817872761334648
7364,14.680264860094978
7365,16.2707755241887
7366,8.117653582255397
7367,12.836093744785025
7368,12.006788361330475
7369,9.19524837790059
7370,13.383538997868516
7371,12.95477692937709
7372,7.019217798727671
7373,6.0
7374,10.912112898403757
7375,15.02100232914367
7376,10.950071399654636
7377,12.348208773054449
7378,10.15555327870851
7379,14.747018691846264
7380,18.14167857067024
7381,10.017398717712881
7382,6.018630137854711
7383,11.813128376065926
7384,14.521321454267174
7385,7.553033378372375
7386,15.046587476570611
7387,7.926082047715897
7388,7.136558585130039
7389,17.519855740691785
7390,14.014239795030932
7391,15.715500449956501
7392,9.894918574408626
7393,9.815785836884666
7394,9.058308222818432
7395,8.233994682973124
7396,8.932275606583726
7397,12.197922110198242
7398,9.00973397184364
7399,12.798953699613925
7400,8.505991421267508
7401,15.791192044626978
7402,9.381923505079559
7403,7.7483475535301345
7404,8.810196524697961
7405,10.530748263394381
7406,10.253887880381342
7407,10.119300848726594
7408,16.237241409137695
7409,17.01409270003043
7410,11.681945560352252
7411,8.100671238573312
7412,15.434991801793139
7413,12.655180007973152
7414,9.556624227730044
7415,9.548402877332572
7416,10.666575933863939
7417,6.572275384866374
7418,16.76935188287198
7419,7.663329389475839
7420,11.452447188800775
7421,15.025539095805726
7422,6.917870283145684
7423,18.20818159855633
7424,18.73274520458014
7425,10.88230146254952
7426,17.94159411910312
7427,14.918300282738748
7428,14.690696309877234
7429,14.036487110604464
7430,18.777384665362064
7431,12.6356273884974
7432,13.057062488080152
7433,8.73803983537897
7434,7.255248915225188
7435,11.5310158031217
7436,14.16853364771093
7437,14.830635681130111
7438,8.066414735297169
7439,7.413439808290761
7440,15.794235171288932
7441,14.47744931435653
7442,12.4307272832949
7443,13.745967420102867
7444,11.709460364668903
7445,9.164252666642803
7446,15.61088155071965
7447,6.25811753468135
7448,15.438440858389566
7449,9.3086695055467
7450,12.977805749759879
7451,8.35367734570124
7452,8.601290291737975
7453,12.830093229505062
7454,10.371366396046042
7455,17.20797467407448
7456,11.323319332368005
7457,11.0875911139779
7458,8.001738370581137
7459,15.310441806795717
7460,6.542008560725986
7461,18.114936476196522
7462,15.092493567520048
7463,15.177345157606979
7464,12.142387661601074
7465,12.616088125068968
7466,17.488754131941693
7467,15.641488787622478
7468,12.485061235943476
7469,7.696363050450836
7470,15.542544512378614
7471,10.058796906517493
7472,11.08154062477034
7473,15.939477969686877
7474,11.493616082025166
7475,11.677663004716289
7476,14.752482685440292
7477,12.139912687791744
7478,11.670696314165696
7479,15.452305512752057
7480,15.450507611271346
7481,7.992170248752568
7482,9.001474671407468
7483,12.150040376344993
7484,18.965419485541233
7485,6.612990059325127
7486,14.097257997951075
7487,14.283159657823852
7488,9.561081692529484
7489,11.112847996500438
7490,6.50821871065076
7491,12.569211116317822
7492,10.366170892512436
7493,12.19581244311657
7494,11.2706595023599
7495,10.071760430636093
7496,19.07586736306234
7497,9.927155017136073
7498,16.846377921747443
7499,13.403806699659537
7500,11.037767549222867
7501,8.951987915528774
7502,15.234607721467826
7503,13.489438342626057
7504,12.4626793641816
7505,13.425129007590343
7506,17.12967909523122
7507,7.439308450432366
7508,15.584515355560406
7509,8.486977479742027
7510,14.530109914695954
7511,17.274082333803204
7512,13.591484551862381
7513,17.03554504109357
7514,13.905559343274069
7515,8.475850435843693
7516,12.626314678404684
7517,14.85034058788575
7518,11.00231024473356
7519,9.343752948303104
7520,7.3651643438598
7521,12.594954340584465
7522,12.25909984550253
7523,14.761293620069775
7524,11.052518697368441
7525,7.018873895560138
7526,13.186982653422353
7527,10.67804893868356
7528,8.305239261217743
7529,10.866722245136822
7530,7.265418625682338
7531,12.212655788034105
7532,19.594281239316935
7533,10.113915096842362
7534,8.904471603302593
7535,9.050048286584648
7536,8.486124093019093
7537,10.040757031142773
7538,14.565864084930045
7539,9.793782842125776
7540,10.382878329395226
7541,16.2910261098909
7542,13.799737909363454
7543,10.868530641689974
7544,14.650955738899638
7545,17.76030054674342
7546,11.455093717548506
7547,6.285016120771303
7548,14.455644756163743
7549,17.367734757553034
7550,15.77019453852918
7551,13.474829264016833
7552,10.967883270567436
7553,15.707547588374048
7554,12.715838001154589
7555,6.791797529207621
7556,18.561374048885526
7557,14.09172837673084
7558,6.594613481625981
7559,11.63004593332883
7560,15.896147793087987
7561,7.443742460043333
7562,8.259253487239327
7563,13.195488915823605
7564,7.786891524100939
7565,9.646077718829554
7566,8.89267069963658
7567,11.74285618584288
7568,12.348092676164441
7569,11.264208451642123
7570,10.958706796616251
7571,9.193883991944917
7572,15.461521440873685
7573,6.941451046083316
7574,15.881692935919421
7575,12.355991870509857
7576,11.62737866134718
7577,7.163417399420693
7578,9.412105512930822
7579,8.9051067473671
7580,12.824849080459963
7581,7.608395605177439
7582,10.776564326911881
7583,15.038432034548151
7584,13.851220694013456
7585,13.838181608723673
7586,12.727858435868594
7587,7.85915533233273
7588,10.606161307071012
7589,11.821781944549727
7590,15.967577904053607
7591,14.269169834848315
7592,8.093123118023339
7593,14.4300707943159
7594,12.083906435066787
7595,11.029920005306375
7596,13.0882349483525
7597,11.058412542540374
7598,13.30769101850168
7599,10.487773215497262
7600,7.24158209263984
7601,15.79942011614056
7602,17.82066528283457
7603,16.364748594714538
7604,10.89015350360242
7605,9.900418009407165
7606,16.465540619293158
7607,10.168748532137933
7608,8.69277565362384
7609,12.882475154718557
7610,7.26241966276251
7611,12.759171764923922
7612,15.550195299877407
7613,11.317296352888704
7614,11.424419108356872
7615,9.833954946228896
7616,14.16128395041736
7617,12.258153184127798
7618,8.11969607909413
7619,15.84687959292777
7620,15.447269338074197
7621,13.171463023851413
7622,14.342305802824864
7623,8.039977810654523
7624,7.762464009779663
7625,14.700520406039985
7626,15.675268210820738
7627,14.333171654403813
7628,17.23676228948206
7629,10.340659685206052
7630,10.027413124025575
7631,15.127080961954361
7632,10.7676963226883
7633,13.291641566407929
7634,7.982021878744771
7635,16.77526559869853
7636,7.664113474645037
7637,19.525548300825466
7638,16.152178145877876
7639,17.27660953987866
7640,18.623416219443875
7641,10.107861815255351
7642,6.739488641295429
7643,13.910106205914882
7644,9.505036871392209
7645,6.008258870894716
7646,16.473745716721453
7647,15.328574265445992
7648,19.97543315013536
7649,12.41869142176472
7650,15.284631560195034
7651,6.225968617865126
7652,13.484541604911337
7653,8.514736329062817
7654,10.08648963997633
7655,14.527079923268378
7656,10.875524336368414
7657,21.005606494215606
7658,11.309600763783951
7659,10.338561556790609
7660,14.280413918740773
7661,8.87069228684265
7662,11.160015360502534
7663,6.531116312519433
7664,6.720359329265154
7665,15.730811053938481
7666,16.23226860736374
7667,8.00271588810626
7668,17.09300371134203
7669,7.511968411528604
7670,15.663866035743535
7671,9.18773552186454
7672,6.706151540702882
7673,10.569942562156164
7674,18.09156175899091
7675,7.574751778069334
7676,16.67197028917885
7677,8.103073178680237
7678,11.9127244482447
7679,16.617525082128438
7680,8.087715184897707
7681,13.760390153307542
7682,16.03546409034743
7683,13.262005455196604
7684,12.39747741270498
7685,11.01579051292059
7686,10.357856777269223
7687,12.08632613322386
7688,13.921655778840304
7689,11.123077593052113
7690,9.443777858997073
7691,8.284499674101266
7692,8.916505147766031
7693,8.660206704583228
7694,7.566159783515665
7695,14.983060467963075
7696,12.75215240722229
7697,12.339467518371697
7698,9.232830425646943
7699,8.30080958891374
7700,7.9334186191829295
7701,11.07894493799002
7702,13.376089385074355
7703,14.722467037969933
7704,7.221440126437956
7705,10.09625458126704
7706,11.816001406129766
7707,18.783138081721617
7708,10.478244505038282
7709,13.807584020682462
7710,9.817275084590694
7711,18.69628084957328
7712,7.1519575873129915
7713,12.164118410371191
7714,6.397649192994585
7715,6.0
7716,11.22651140584369
7717,18.855116496370584
7718,7.144192738804557
7719,11.135073205060433
7720,13.760928812880344
7721,13.281721829021274
7722,11.790733343306696
7723,7.082491029199403
7724,12.505335423179462
7725,16.59487685318348
7726,9.702343728810668
7727,6.620408917556432
7728,7.217881371769211
7729,19.732333051394924
7730,16.577224815581793
7731,9.70774520602841
7732,6.335542557537538
7733,12.832249335853419
7734,13.2453548025553
7735,7.024810026945168
7736,10.169652647346389
7737,6.224925780177531
7738,17.233981204117153
7739,8.028390033450126
7740,16.79809004686129
7741,15.536149763580097
7742,8.043731688634248
7743,12.475486601103196
7744,10.158376354167528
7745,11.247200560749153
7746,8.226641981282519
7747,10.377197152805426
7748,14.121009863660264
7749,9.163909822439832
7750,8.604267449089742
7751,16.483600893897613
7752,8.20334767511104
7753,11.565908621864036
7754,12.796588687652358
7755,9.545062818757774
7756,6.705812844724158
7757,6.840175589055115
7758,15.669452076125076
7759,8.009354527989618
7760,14.73486092981516
7761,7.681279865561165
7762,9.745193215141862
7763,8.928621805723466
7764,14.21837784952283
7765,13.40410793557356
7766,11.090637744128095
7767,9.088281171471145
7768,8.639426689551899
7769,6.163681814969782
7770,16.387057790884644
7771,10.186624499629904
7772,6.565930135021999
7773,9.951033822894189
7774,9.038933388100153
7775,10.572222578475907
7776,13.862268136459909
7777,15.757890396465017
7778,13.116262761913733
7779,12.72670970348678
7780,16.399192746905317
7781,8.461943111451554
7782,11.179040272193193
7783,16.18916903722463
7784,8.293071755782648
7785,13.869010282276843
7786,13.021697550597422
7787,9.247995521847077
7788,7.721656601568235
7789,10.409523650190295
7790,6.788380313930844
7791,11.368350719410415
7792,11.125385385924188
7793,9.122160745852113
7794,13.28125602925993
7795,7.0223795265341336
7796,16.77166112970462
7797,7.4941336235520515
7798,17.243402037568863
7799,9.92250519188923
7800,11.955485604409308
7801,16.57637197587473
7802,16.024383221191727
7803,16.25852070837184
7804,15.065229640549308
7805,12.04681031267406
7806,12.210436297061985
7807,15.49331037834958
7808,6.83569994402699
7809,7.692554785247398
7810,10.283598419432973
7811,13.341376758878553
7812,16.537695121210177
7813,6.634808219439341
7814,13.484659237801651
7815,12.040746498396036
7816,8.173359934665816
7817,14.975485272513776
7818,11.139091445127914
7819,17.200923140711225
7820,12.38263604938115
7821,14.994962698902128
7822,10.978469950200914
7823,10.101520299119766
7824,13.584389676915633
7825,10.896489612332873
7826,15.159444533449058
7827,13.317181423947936
7828,21.950444447041015
7829,12.309993021298492
7830,8.922894269980556
7831,19.44158263209659
7832,14.990989604923003
7833,8.68222504277723
7834,9.044245668956986
7835,13.384844091056955
7836,10.652067381738641
7837,8.81613635413927
7838,13.922003206649185
7839,17.26462209405107
7840,11.891691172390173
7841,7.357476009557507
7842,9.028010459057118
7843,13.327526520069505
7844,18.289418559069155
7845,8.45364208550026
7846,12.396909492443823
7847,8.798058629083114
7848,17.021993158230423
7849,12.336683112016008
7850,6.7998482489767085
7851,13.38016138531736
7852,10.874650372868485
7853,9.121760927178293
7854,15.514336382377309
7855,7.145157889329494
7856,7.817824387000448
7857,6.0
7858,11.884854240004662
7859,10.64892005525628
7860,12.033372026421995
7861,12.68979803537396
7862,6.794755481653285
7863,11.820313495959915
7864,9.256306738133738
7865,8.021969576277035
7866,12.684885385524321
7867,12.704704109679527
7868,8.981415577320188
7869,10.844143595442267
7870,11.756864410510042
7871,8.320497905824965
7872,7.535161973253674
7873,19.4150209655525
7874,6.0
7875,14.65066086297103
7876,11.087738899876571
7877,11.14844554538285
7878,7.884875010913289
7879,13.160265494342791
7880,6.7111698324409845
7881,16.414176246616677
7882,15.398690529913377
7883,12.961043718666245
7884,11.607938422871738
7885,14.304942548324654
7886,8.705292496291761
7887,12.678610218861682
7888,9.23481192985949
7889,13.020042205683268
7890,12.646038374119186
7891,14.942529761082696
7892,8.256531784834847
7893,7.853354437032959
7894,6.668783697101843
7895,11.32968885227136
7896,13.007450957640296
7897,8.864215939108002
7898,13.208570207163506
7899,12.586936882540302
7900,15.037516937691837
7901,7.583644247553537
7902,7.749319136064938
7903,18.405779830635645
7904,12.338014929662858
7905,11.203321414032175
7906,14.818512955575642
7907,10.06887711087531
7908,12.94618874028318
7909,6.0
7910,11.321505295428665
7911,6.616359223497807
7912,8.387450104125797
7913,13.253095026407037
7914,9.545987433210172
7915,8.874646757870485
7916,10.76639669452738
7917,7.462843320220275
7918,7.195893121979002
7919,6.0
7920,9.688750826325427
7921,14.169267643333736
7922,17.939863719636143
7923,15.516451139244609
7924,12.651662424167444
7925,13.497461519281273
7926,16.015744666023977
7927,9.465913732677937
7928,6.881270894842119
7929,9.28045226728428
7930,7.857779231565218
7931,9.78053620620226
7932,13.098509345953925
7933,18.40680747869439
7934,11.347159455913745
7935,17.71277214056773
7936,10.372540228858169
7937,8.035419635470202
7938,14.662175304275081
7939,13.576514053631325
7940,7.768828108297098
7941,6.447141868517039
7942,14.52540083660476
7943,7.560951809162389
7944,16.660830640541388
7945,12.12040682375684
7946,14.942199778305927
7947,16.189223518580285
7948,6.7471523798448985
7949,14.864528875766908
7950,9.111941551792903
7951,13.328450738291652
7952,12.186589981255693
7953,18.13589864004081
7954,14.86027439862947
7955,13.345481099894752
7956,14.848543437361103
7957,13.957508252289932
7958,9.849763522349058
7959,12.653806827450314
7960,12.41579191735475
7961,11.569863010653822
7962,17.727592522327903
7963,8.06926485350263
7964,12.936410968867866
7965,6.165121330054631
7966,10.257156532874921
7967,16.20506575286192
7968,10.601682113505877
7969,7.584426717340208
7970,17.55311022560318
7971,8.253300096676139
7972,12.131463541380617
7973,10.331259619250197
7974,13.848708035969755
7975,7.396855513742262
7976,7.034251593278154
7977,9.335640524612298
7978,13.358393340173945
7979,7.940720928315652
7980,7.467442736580957
7981,11.749648078120572
7982,11.141826356380642
7983,10.05868580088336
7984,10.256442277644966
7985,10.81252679360089
7986,6.0
7987,16.56894346326672
7988,11.037283804650627
7989,13.361098828716347
7990,13.991876404285495
7991,6.696536754039326
7992,11.52646373540073
7993,16.669618885657748
7994,8.76156314963712
7995,12.511381743834171
7996,13.001791920235316
7997,14.884997904564006
7998,13.76787253354417
7999,6.214320511485447
8000,7.784825381409708
8001,7.894738652293497
8002,7.18000987814249
8003,14.498594107154199
8004,15.676863548245311
8005,6.028755335532923
8006,6.90208105916506
8007,14.284503494359
8008,13.463629522054463
8009,12.228295174916905
8010,7.297888591401084
8011,13.801959317499472
8012,8.258784183267803
8013,8.134935416423133
8014,14.378118919945678
8015,9.172284734185085
8016,12.25427384422493
8017,8.270100511519283
8018,9.830877128957805
8019,11.237915339380136
8020,11.27971705212955
8021,14.467528528360718
8022,11.84552977671684
8023,10.045505527741012
8024,11.30889091481265
8025,7.873090883149069
8026,6.549021162223955
8027,12.859193391528345
8028,13.176240317228498
8029,11.558854040923665
8030,14.40785868415864
8031,16.57197623262403
8032,18.169446475487923
8033,15.853425424421715
8034,14.518528771505
8035,9.561960312381489
8036,11.246966736486616
8037,7.650037129755527
8038,10.098087354171506
8039,6.908945007876984
8040,8.329543471622284
8041,13.38270416167376
8042,16.349954569926165
8043,9.904882595000423
8044,9.85458765658317
8045,12.249019206202004
8046,10.654253388779352
8047,15.565034932628064
8048,7.412186149394929
8049,17.32793099014032
8050,13.697032096446677
8051,13.084135927743077
8052,14.997277334768564
8053,10.210702944260492
8054,9.313552550813032
8055,10.678681817262705
8056,11.065709078176432
8057,16.949340644721275
8058,8.654245756478307
8059,15.061250833767078
8060,10.987616196303524
8061,10.447792868148031
8062,9.673097381310546
8063,6.0
8064,9.071803986873132
8065,14.06067812685917
8066,7.641932992625635
8067,18.23728203315507
8068,11.691365693631745
8069,9.900197967596808
8070,14.528214660915134
8071,14.499456510155053
8072,9.612815818231764
8073,8.132169790238684
8074,12.881364874225596
8075,15.784017126409509
8076,10.547194117366052
8077,15.459919731733223
8078,11.965157501574883
8079,12.369272866178033
8080,8.71577591682091
8081,15.53035741473505
8082,19.548791913624115
8083,8.352971055432842
8084,8.318800923474026
8085,13.881693143017321
8086,7.393924973962091
8087,16.237442601427404
8088,7.328076599241668
8089,17.85123288128501
8090,9.132337286229443
8091,15.128592571011026
8092,12.092522465346024
8093,12.786253717037198
8094,9.30425443115085
8095,13.896292456082964
8096,13.76697827284452
8097,10.50994499213083
8098,17.441681269067796
8099,10.704844014135107
8100,18.559970814066318
8101,7.484645283738161
8102,18.947046821581136
8103,6.392366914983955
8104,12.162095535939713
8105,11.690955587811045
8106,15.446602986714412
8107,14.015705165181544
8108,12.279931712018689
8109,7.157610315796998
8110,16.62883816262673
8111,12.087148160247358
8112,8.775021528944631
8113,8.406968139813717
8114,14.577813222099437
8115,10.90153564318922
8116,8.871296354373605
8117,10.40839999136875
8118,13.279551844141201
8119,9.630775899062776
8120,6.686113268269795
8121,9.64778503884261
8122,13.585945229454484
8123,16.173228839480835
8124,7.198833115446536
8125,13.264774188790831
8126,14.428679160164885
8127,11.61326316353767
8128,15.378565152517274
8129,7.878551541846828
8130,12.7986579215367
8131,14.98556502227203
8132,13.33383783228031
8133,8.232700609160299
8134,15.431393234338932
8135,12.769798144761506
8136,7.244895271208774
8137,13.883735892074926
8138,15.198321381659891
8139,14.0545030305268
8140,10.889983711356649
8141,15.062608770263962
8142,11.79025838759485
8143,14.377841316770592
8144,17.090484297169475
8145,12.916418964529997
8146,11.327895830384326
8147,6.90544629437233
8148,7.276543772799994
8149,8.917762848830595
8150,8.98068691457713
8151,14.107242809967754
8152,13.004075617211582
8153,13.488427234469412
8154,11.374583806592145
8155,12.52099027975209
8156,7.022275022042077
8157,11.152122680579696
8158,15.047253875418582
8159,13.030822349724872
8160,10.867555813728732
8161,15.064877023121934
8162,11.867754924493847
8163,13.261260607856055
8164,10.030105855697435
8165,12.834415721586335
8166,13.939795900763487
8167,16.665309863339417
8168,17.77728550272975
8169,8.525854115312736
8170,14.984374689747177
8171,7.971810734714075
8172,16.291254074672977
8173,14.619891956018728
8174,8.212548668204509
8175,10.940609041490767
8176,7.7978359294206285
8177,12.759569021167716
8178,12.42158175726587
8179,12.497672392231424
8180,11.34872544649151
8181,8.30157152985246
8182,12.130520985338684
8183,10.648300878118064
8184,15.833477748286509
8185,16.028482753998986
8186,8.455518292672734
8187,15.70402583492888
8188,14.603269871686903
8189,15.992177556654468
8190,15.645440213643838
8191,10.30309959454998
8192,8.907267703122482
8193,13.195673934200821
8194,9.212377524663754
8195,13.094178052941409
8196,10.768290131108484
8197,16.766400473707723
8198,14.222303173290776
8199,6.7382149570278305
8200,17.79901256058912
8201,11.061668174992361
8202,7.8969784408659205
8203,12.621051657426166
8204,13.758359992925985
8205,12.071894178504111
8206,15.325579271184463
8207,12.874030759590148
8208,8.741235996802224
8209,13.803156172309748
8210,14.674579098800344
8211,9.863074056243487
8212,13.878912687850075
8213,7.400126560404998
8214,7.151773545207091
8215,9.306847333477055
8216,14.873806517721208
8217,16.022481616640867
8218,23.24711342551569
8219,8.861721825182228
8220,15.558726445124561
8221,10.931009493692464
8222,17.05747087566042
8223,8.040893410967609
8224,11.880525759160033
8225,16.560332154660866
8226,8.848192158061902
8227,8.160421089769674
8228,9.117328299113966
8229,8.595134786899084
8230,15.247779467024177
8231,14.758803277215257
8232,19.255632774202642
8233,9.873750429614487
8234,11.644837758684078
8235,9.30908202341915
8236,11.504401745230435
8237,11.828600359243937
8238,9.279427521924976
8239,13.304072173996941
8240,8.248188892436865
8241,10.661434040108267
8242,14.467141897684993
8243,9.620929113868513
8244,7.178649574797509
8245,11.398710626980755
8246,13.442682860889882
8247,17.363120912594024
8248,12.149403796717802
8249,11.44356976730223
8250,8.469179505299394
8251,12.671618764600796
8252,10.734782002091066
8253,8.566166292917288
8254,10.53631205817113
8255,18.92550402458534
8256,12.642677242538495
8257,6.4424209046527645
8258,10.054600362153849
8259,10.93482307608712
8260,10.614642450872951
8261,17.195836244710062
8262,13.938657028171903
8263,10.915226927364605
8264,12.821710444653974
8265,6.899677233590338
8266,16.438379016100445
8267,15.33915091541088
8268,13.211539321662443
8269,16.096641992941727
8270,8.84657189765875
8271,12.845944442238222
8272,14.201598500650231
8273,10.652615045533457
8274,8.448036106928711
8275,8.738349869131092
8276,13.378720836264621
8277,12.186080919971086
8278,11.861779323756656
8279,17.336264317986277
8280,9.01479727637251
8281,9.668048836389254
8282,11.108709970829782
8283,15.848119174479763
8284,13.603046317508264
8285,9.83964861718037
8286,9.001007386698017
8287,10.665002361506842
8288,14.729739843471577
8289,16.520538248164858
8290,8.951256564261403
8291,17.29330568035636
8292,13.31512021617537
8293,14.153038845847732
8294,13.907176330531327
8295,11.444812283552835
8296,7.847539115707232
8297,7.219206126723879
8298,15.98137829596264
8299,19.367780969132593
8300,11.220227217337495
8301,11.57279728654776
8302,13.710357927945168
8303,12.571994903099911
8304,13.208388931157208
8305,15.578838880610423
8306,15.372109704266308
8307,13.878535064635969
8308,17.119986894487457
8309,10.599167184460235
8310,12.511924238236537
8311,11.983628216448206
8312,7.91293069634715
8313,10.581317536316167
8314,10.426193045977593
8315,15.986080958030739
8316,14.025467108054862
8317,18.832854954122684
8318,13.2994565715295
8319,18.711490139833497
8320,6.179961321555394
8321,14.119798527418286
8322,6.4891430938436425
8323,10.648281457175496
8324,9.513165781878799
8325,12.681958569190147
8326,10.114511052819733
8327,10.614460993030363
8328,9.855379778107096
8329,9.954637496366617
8330,8.469080533849695
8331,12.557763651612296
8332,16.093821511038676
8333,11.517426049443994
8334,15.502077726927766
8335,10.590462695999465
8336,7.298401645171285
8337,16.112676612056397
8338,8.407060069449209
8339,7.837929808506903
8340,12.30880031361391
8341,8.388265878330877
8342,9.059728960942046
8343,9.333157506162287
8344,7.557662663763105
8345,11.947702653781787
8346,11.522061752558628
8347,11.189631614052889
8348,11.950459899024784
8349,6.028582238159112
8350,12.900264026104045
8351,10.73705983041525
8352,17.08055910859591
8353,9.09822609246786
8354,15.203785486776018
8355,13.556131891694626
8356,8.064684453855019
8357,11.747934651966995
8358,9.481601031546106
8359,6.48250066527983
8360,16.11051864633516
8361,14.431007569285548
8362,10.930036145750622
8363,8.48144715724939
8364,18.09999522497786
8365,12.145942187524536
8366,13.892026396683066
8367,7.6660229955268155
8368,10.163553983044405
8369,12.794881620602448
8370,12.261355633960736
8371,8.864064975529686
8372,14.290385257271303
8373,7.141283092778464
8374,11.656867775576398
8375,19.325133451404803
8376,6.167143647811433
8377,19.758525523053414
8378,6.0
8379,8.248173052653934
8380,15.147011904530363
8381,13.078932510687153
8382,11.497894668394915
8383,9.636080268094867
8384,18.48039260668839
8385,8.31207387618949
8386,20.00350715253736
8387,9.152469174156561
8388,11.345530732945814
8389,11.556061167486693
8390,9.63691242693831
8391,8.160811231570396
8392,7.519924999896818
8393,11.772248413131429
8394,7.606548650640234
8395,8.325972453700732
8396,14.264988991002669
8397,7.199494565264602
8398,12.353274000807927
8399,11.168301866042235
8400,13.72468700311751
8401,7.771861114185707
8402,17.190700034534323
8403,23.35688539873506
8404,7.813773772151045
8405,10.514370119777444
8406,11.861590208113455
8407,11.581444193225328
8408,12.003778745461515
8409,12.801511123846135
8410,9.849788898185288
8411,10.699037810645457
8412,10.796740939447758
8413,19.4141220497366
8414,9.65852446355888
8415,13.390499003382995
8416,13.02027229991927
8417,6.665401546639368
8418,7.047521315442823
8419,16.871821278126585
8420,12.468193495948722
8421,18.880084827802555
8422,12.781161877849678
8423,10.249628600983456
8424,14.904724954102214
8425,17.275943724727036
8426,15.55102004153673
8427,11.482882604463384
8428,8.447781983702608
8429,12.228147975147577
8430,16.385944359519662
8431,9.520554300996714
8432,16.17920577365591
8433,11.828976851146349
8434,16.95385673780138
8435,21.154322363606724
8436,13.249526423136636
8437,12.613670490198997
8438,13.997669545112734
8439,14.662298774447997
8440,16.250705103634193
8441,12.207165053108849
8442,17.0666849364724
8443,11.668831060409932
8444,15.75628020203873
8445,10.468421380859002
8446,9.722331337253305
8447,11.207842291838467
8448,7.566090203578634
8449,16.00051099293322
8450,6.0
8451,17.697946626796497
8452,8.447040522298884
8453,11.688522725830044
8454,15.266069880361087
8455,7.328276398724163
8456,19.086485068364436
8457,13.064354978804031
8458,12.613906643527706
8459,17.11202110759195
8460,15.350925611877695
8461,16.397886146407693
8462,14.278052200271917
8463,19.588236430433685
8464,11.340520526780198
8465,12.5482691821285
8466,9.360288801745673
8467,13.996674765019723
8468,16.41021900317387
8469,16.475732453601026
8470,13.972099598530864
8471,13.428330138553873
8472,15.049878634744429
8473,12.71691430766234
8474,7.149603799402333
8475,15.398962629296006
8476,9.230411032981618
8477,11.341276486114886
8478,11.005962200283609
8479,6.199432858839791
8480,17.191977749673132
8481,11.195079145958404
8482,7.892041888964016
8483,12.881428961788444
8484,11.182671288096055
8485,13.185116459073322
8486,16.336982484230703
8487,10.56274990577036
8488,16.32855422243844
8489,10.360640761386687
8490,9.354437438499723
8491,17.51643111008987
8492,12.038771461433639
8493,16.409923936517554
8494,11.01160561437911
8495,12.31224468230996
8496,16.188271061832605
8497,16.311977585291437
8498,12.515321492656032
8499,14.495294070193319
8500,11.018871133809585
8501,8.943476866104419
8502,13.405090882754367
8503,13.233237073929459
8504,16.043193347513146
8505,13.765107894818076
8506,14.433136574740308
8507,6.17948428181034
8508,14.038108499330495
8509,15.806490813818533
8510,10.587403896767958
8511,13.446846242740321
8512,13.873424262813051
8513,18.96951962270809
8514,12.442489898793188
8515,10.823410995195706
8516,12.651541631692261
8517,14.752582409011728
8518,16.95537538369622
8519,19.52507114139762
8520,6.2740785398774195
8521,15.690150655022759
8522,10.642583065562679
8523,12.035104928014393
8524,12.723846702089409
8525,15.033793809004315
8526,10.9648112999889
8527,10.685001828663946
8528,17.571731068969022
8529,15.111677729567512
8530,9.41438598510586
8531,15.76956304854263
8532,7.947841947260846
8533,22.830094728835153
8534,12.703042867500745
8535,12.280995719831038
8536,13.393096831559022
8537,11.178491593254458
8538,7.2824354773734825
8539,15.49024295805247
8540,6.785019186977718
8541,16.182901206250797
8542,9.027302063463264
8543,11.15061956003598
8544,16.90954579850047
8545,18.606735767353836
8546,15.894222461108496
8547,9.49384386139913
8548,11.768474050000457
8549,10.431161592311366
8550,10.870927248541124
8551,12.840731401230217
8552,11.848496790254016
8553,10.549377139064728
8554,11.738277958380097
8555,10.38154580213666
8556,10.214854910564434
8557,19.438852291475307
8558,9.483365155180218
8559,7.577029683637334
8560,12.862118952912828
8561,11.836834555436077
8562,11.917012782139258
8563,9.229888096126595
8564,16.084852802106
8565,13.073951792772846
8566,9.736961604993155
8567,8.145021911942166
8568,13.655785548022319
8569,7.173209456043428
8570,11.901164195268187
8571,12.007484123040976
8572,9.597730547471551
8573,10.425737016996285
8574,19.597559687808523
8575,9.190043802554431
8576,6.667698037411705
8577,14.838347235513181
8578,10.095813727245252
8579,10.50449466843796
8580,13.896473426747274
8581,12.00733327251084
8582,8.196470711382013
8583,19.400564404793
8584,14.660067394619325
8585,14.531454896185489
8586,15.267527925945515
8587,14.616385735608992
8588,9.648080779667714
8589,9.344803925462665
8590,14.811726882490438
8591,11.217824547108975
8592,9.710951713098991
8593,15.96478578823013
8594,15.275691611764305
8595,20.113215540722834
8596,11.57074747366053
8597,12.710163867123919
8598,9.787648919957284
8599,10.160997414251074
8600,7.081502982339443
8601,7.5715778191678105
8602,12.69668811345127
8603,11.920223575987176
8604,9.262648596215392
8605,11.794470815387765
8606,6.724414926478004
8607,16.16189887769551
8608,10.183400168838315
8609,7.280223978036828
8610,16.086163585664515
8611,12.131062610841537
8612,10.045442885231743
8613,6.314789638358969
8614,12.581890155428866
8615,13.760594703857144
8616,17.327320711363093
8617,13.081202763509058
8618,8.347761628641464
8619,16.735008073927197
8620,6.240719718195739
8621,13.26704159816996
8622,18.75940422543981
8623,13.058161705430953
8624,13.13728855865504
8625,12.454128860476505
8626,10.480358582181625
8627,19.054446317464702
8628,16.52348834618438
8629,13.78073372234729
8630,14.740339160378792
8631,12.734837971289425
8632,17.683737401995167
8633,8.408846838080194
8634,16.762154380235973
8635,12.96367620424217
8636,10.509361126712157
8637,13.222206217047871
8638,13.60085919242268
8639,14.740202099466778
8640,10.472516790424809
8641,16.679890845400525
8642,10.603739301532615
8643,9.888573384998958
8644,15.119599900144546
8645,15.71210058711008
8646,10.4837250868127
8647,7.444491060093288
8648,8.317523009064708
8649,11.7262719712869
8650,14.564731004252561
8651,12.10919217787653
8652,8.15136281380769
8653,11.523857972879705
8654,7.485654046181498
8655,15.331988575952757
8656,11.471703081426122
8657,13.96997074001321
8658,6.97658728418236
8659,8.989873232795308
8660,13.487770845201156
8661,7.614539888179723
8662,15.131145662393443
8663,9.447659500411646
8664,18.11132209603433
8665,10.333553038253116
8666,16.917431384642686
8667,11.998502292631779
8668,10.169166888811993
8669,9.726095308558069
8670,8.841335692689404
8671,9.960746647160846
8672,8.65924011856532
8673,9.999343963325579
8674,9.716083551925145
8675,10.269986871341732
8676,16.96410616979045
8677,12.085308532840168
8678,13.413192199627558
8679,13.364274537626434
8680,17.46193432887072
8681,15.81568817771047
8682,18.32882170110731
8683,9.579954347052078
8684,14.733040875091174
8685,6.154847073616591
8686,16.708541571843714
8687,9.825641545991143
8688,16.342324500573127
8689,6.738166284798627
8690,11.513688818335464
8691,12.737693131648228
8692,15.323305791776454
8693,19.147390529987202
8694,17.07909615835923
8695,10.441317944589738
8696,16.986859922045433
8697,6.841615329685053
8698,12.006555400847184
8699,6.74918641019068
8700,10.439910130912804
8701,12.391909699062305
8702,8.599136039182696
8703,16.036653178471358
8704,13.885431380073362
8705,12.630765109875416
8706,16.72662310987044
8707,12.722058223916328
8708,9.124280584808167
8709,12.616770976239309
8710,11.455551191209725
8711,13.010923239703294
8712,12.366939417813219
8713,8.974886983848354
8714,9.437110791897883
8715,9.815587272458533
8716,10.139233219716582
8717,13.50000160080995
8718,14.449481245353255
8719,12.232498091070486
8720,19.67404714984333
8721,14.707595821905404
8722,13.768944543710932
8723,10.28475692942289
8724,13.884615262724598
8725,13.800132259778628
8726,9.470313259814581
8727,9.127139501984438
8728,16.427631232878433
8729,17.68263311900276
8730,7.472820798442337
8731,18.447315275762058
8732,9.617338172240824
8733,8.051005734268344
8734,6.966154400130278
8735,11.322237757285356
8736,17.48337604947448
8737,15.434077691826722
8738,14.506855340708622
8739,8.232747174748512
8740,9.053550536067124
8741,9.548837398325183
8742,15.419250409198824
8743,10.116496536849034
8744,13.727781780141868
8745,11.495663560046998
8746,8.747072084622072
8747,15.52313911597344
8748,10.729472642542946
8749,12.38842762034279
8750,13.182790625719871
8751,9.779547063593004
8752,12.68231371407177
8753,6.513108825511782
8754,11.393552361021214
8755,10.84971193940643
8756,14.335623789056669
8757,12.049151019464468
8758,13.355310346763593
8759,11.969083546040466
8760,12.651052969911955
8761,9.138391451571623
8762,14.025454179064898
8763,12.170076015018267
8764,13.040557746516479
8765,14.598614740845116
8766,6.894697609954313
8767,14.721213600312131
8768,19.062879084995483
8769,11.733122858578195
8770,14.66915119640645
8771,12.113976140044969
8772,13.312216269896613
8773,14.873705850368205
8774,16.17208089712918
8775,17.63385563852371
8776,10.180734838010865
8777,9.823333229185804
8778,16.466925079681936
8779,7.447442434591298
8780,10.914290501773335
8781,12.450133519583487
8782,7.162979966232766
8783,10.277073269351236
8784,13.170247576241648
8785,13.997586290562491
8786,8.22329301252796
8787,14.227049329668843
8788,15.010331574308445
8789,16.151986128831236
8790,15.22547435719895
8791,11.693021386286954
8792,8.184316689165035
8793,6.469431986109133
8794,15.085131035764636
8795,12.512781763543769
8796,10.653606160232144
8797,7.09900100504548
8798,10.764620532433513
8799,16.72062282884089
8800,17.17981770454912
8801,15.150575988893635
8802,6.088875518168785
8803,10.438073964664135
8804,11.822778977753156
8805,10.443188933405779
8806,11.110097773672775
8807,12.893949754047975
8808,9.394792858543866
8809,13.716288767309905
8810,12.7230605616156
8811,12.867513901456471
8812,11.698266693023402
8813,7.720771611912279
8814,8.08732637197766
8815,6.722721551639901
8816,20.952679242238162
8817,9.848344517304206
8818,10.127036038694326
8819,13.01870373473826
8820,15.552614263249446
8821,14.787751019000616
8822,18.350445967697915
8823,16.0627520142948
8824,17.440473988219182
8825,15.898829132452068
8826,12.135934807842125
8827,8.40856358908692
8828,11.713397046054418
8829,10.543651076256884
8830,6.501637698446276
8831,8.300854466403432
8832,18.235600942410976
8833,9.026210915696632
8834,10.246668445313517
8835,11.995753555952646
8836,11.180332412499595
8837,11.761790090173498
8838,8.391049513092877
8839,12.770351939629284
8840,10.717087096981281
8841,14.971983592198296
8842,10.386299723798796
8843,14.300374500407589
8844,8.923210769728456
8845,7.358655192395389
8846,12.33544450468251
8847,10.453855820088101
8848,7.864920812728826
8849,12.385435618382763
8850,10.521206054289792
8851,13.518290231934639
8852,11.308515885703397
8853,9.423952413657599
8854,6.477635487037327
8855,13.443914283718138
8856,10.699692006037518
8857,7.959072173562631
8858,9.51841784503893
8859,15.083264446165309
8860,9.54827207504398
8861,15.263135585972526
8862,8.80764704870477
8863,7.288479230430954
8864,7.160255911161466
8865,8.90938586522661
8866,11.244833183872055
8867,10.573664684010888
8868,12.41109015678414
8869,14.223346027065178
8870,9.563653984360961
8871,8.897531781545677
8872,13.81580980812297
8873,12.79356813173385
8874,8.749813957719521
8875,8.69751861417347
8876,11.814401107976028
8877,9.838145791762233
8878,15.939349680020234
8879,16.505384550637448
8880,11.779921049050895
8881,13.189431830716336
8882,10.21397383832453
8883,6.0
8884,9.5127924161125
8885,7.324519434960084
8886,8.144112842685402
8887,10.296647813875227
8888,13.844440051947846
8889,7.760407295490123
8890,20.36738056743446
8891,9.7214088175344
8892,14.88078492511504
8893,11.914280398355372
8894,14.198985287341841
8895,21.82133202244364
8896,10.004853610232308
8897,15.399490911517821
8898,16.880990430963873
8899,7.775218332451789
8900,9.435009418279998
8901,6.535504380521968
8902,7.4516601042388695
8903,19.770898686497
8904,10.813300433751117
8905,15.02614433591234
8906,14.897565338725208
8907,18.159205593528185
8908,15.988343178566335
8909,7.457418254562837
8910,14.343913424642643
8911,13.234066102839007
8912,13.61285267365015
8913,15.700104700643523
8914,15.065565763052474
8915,14.392134331456756
8916,9.18734542156714
8917,10.717321655451379
8918,9.526168900157206
8919,15.590052223823676
8920,6.0
8921,10.308617692705916
8922,19.46181918453227
8923,6.0
8924,15.362777501345684
8925,14.288029320225071
8926,10.629908200940207
8927,15.786671553246693
8928,19.15233147686594
8929,17.660642848883587
8930,10.861017561646221
8931,10.593262493770153
8932,16.045103000820795
8933,15.998238204192068
8934,14.225762167873896
8935,13.538479903007477
8936,11.54306350523454
8937,12.594388010794534
8938,12.45121578869292
8939,7.403801355498654
8940,15.587671291631057
8941,12.506805957443175
8942,6.967594865386414
8943,17.69362241335643
8944,17.062224304555045
8945,9.454152658313571
8946,14.925956470609155
8947,14.906983833821272
8948,12.485524791022154
8949,11.868905092977691
8950,13.274105013627
8951,8.53719815965233
8952,18.148823021099222
8953,19.838814959697306
8954,9.708702885401772
8955,12.931091446672786
8956,14.239139803189474
8957,14.480636889318145
8958,10.973238627623726
8959,10.537207202266476
8960,16.506170416003886
8961,7.867171649683317
8962,8.835185837095107
8963,16.88329566435128
8964,10.303760147130987
8965,13.701921642114735
8966,9.762294639886658
8967,11.206872180526398
8968,7.121789738647534
8969,11.289876473941373
8970,9.694630467183057
8971,12.57005176286462
8972,6.638308350965656
8973,13.467269517662764
8974,7.895258735810729
8975,8.722406843656621
8976,12.4136715637367
8977,11.758046911086025
8978,10.42936374241049
8979,13.709416773886945
8980,6.8980298627395
8981,10.484409679735458
8982,11.257865590916216
8983,15.423121821305212
8984,16.144417270190914
8985,8.388194402792536
8986,17.448874226212972
8987,12.040545358135986
8988,17.228161494604137
8989,14.147285946737847
8990,12.739815334177708
8991,6.449249558837812
8992,12.885489116537673
8993,16.227184511540017
8994,14.020399055291852
8995,11.542287602026457
8996,16.6644438013289
8997,8.552244023112
8998,7.968769086993484
8999,14.119178693735781
9000,16.47735256006085
9001,15.190916874467344
9002,9.369449507289145
9003,13.02896388346168
9004,6.720366966832894
9005,10.266368100156377
9006,14.294356585301948
9007,14.86490500629893
9008,13.653801771897012
9009,9.563719074181474
9010,10.010668943578393
9011,17.28141674621624
9012,6.803095181672115
9013,9.164427571203372
9014,12.584506347530892
9015,16.32988016234897
9016,10.977462778172743
9017,7.181128530126597
9018,14.72089671839614
9019,10.941235202719584
9020,15.828185547080293
9021,15.189498223742964
9022,7.5574101674809055
9023,14.084112964176024
9024,7.055950105889124
9025,17.507523081486113
9026,7.835097003143202
9027,8.317742294549703
9028,9.96009976262852
9029,18.351959144103684
9030,13.898305143803798
9031,17.158430601520042
9032,11.359558677262317
9033,8.12024448982774
9034,12.699598163926117
9035,6.571705261834037
9036,18.360626904617085
9037,11.431293465648245
9038,15.882605081911127
9039,8.938375986929882
9040,13.911528331883437
9041,11.594319297260135
9042,11.875466874465497
9043,17.76986997078151
9044,11.671238543385284
9045,12.748456875014021
9046,12.224593354495166
9047,8.049286382025102
9048,14.532652576972918
9049,15.26815548080954
9050,10.87194478574271
9051,14.775411675322214
9052,8.090486002643534
9053,9.702656784733438
9054,11.294382503489956
9055,12.397504098617539
9056,6.611851002282929
9057,11.106816703223645
9058,10.097951537923043
9059,11.13565806763375
9060,10.786808527552541
9061,14.206375587445859
9062,11.005904396573863
9063,7.369491625095127
9064,9.673814148175786
9065,17.724670737437464
9066,9.77061462883388
9067,6.219026885764984
9068,12.204450828076556
9069,10.89024231770147
9070,11.175090411800678
9071,7.569923881961443
9072,11.81804757240378
9073,11.677472731067517
9074,9.865551922369328
9075,15.505072309107435
9076,9.072375218125886
9077,13.406649718884516
9078,8.15551409812473
9079,9.116628247929993
9080,6.0
9081,8.774056214888416
9082,12.962496618113745
9083,15.592793525268203
9084,12.842416616690208
9085,12.544942251715119
9086,7.019179933465634
9087,16.54283617387344
9088,7.088040429032927
9089,6.231868234438851
9090,9.908188686336832
9091,9.570669582362683
9092,13.092009533247316
9093,9.11982186912904
9094,13.449577216440693
9095,16.776240691659833
9096,16.5246045561772
9097,11.781496177443243
9098,11.179203370079437
9099,10.807167332752726
9100,14.007354131327784
9101,12.404272200628268
9102,9.045162414709356
9103,10.473261468337359
9104,9.344438182738797
9105,11.158613486855284
9106,13.591970134721219
9107,7.96448647715476
9108,10.341327014890263
9109,16.160198574352485
9110,9.72340833711627
9111,16.8287879598714
9112,6.0
9113,12.900518919621472
9114,11.829297523499505
9115,7.517656331591616
9116,7.35563316124263
9117,10.858494716673352
9118,10.854423678737096
9119,19.010470973987974
9120,11.484310460895395
9121,9.430369443510967
9122,10.665515366641316
9123,17.99552912997829
9124,8.816539015390795
9125,14.648996745204055
9126,12.678550186629758
9127,14.23176017649729
9128,20.51701719429424
9129,13.695852397898014
9130,6.0
9131,15.767006202303957
9132,8.862012228915624
9133,15.940380914644383
9134,8.632961219137645
9135,9.212207697269546
9136,11.672934362511132
9137,10.957614635182434
9138,12.245208864456744
9139,12.972309860622733
9140,13.240629918139689
9141,13.58628371347878
9142,13.64590011794346
9143,8.22711387418843
9144,7.58285696555962
9145,13.277894293943023
9146,8.388603825864681
9147,17.57563987974159
9148,15.759684725742105
9149,12.327457427123191
9150,6.14898833952688
9151,8.713944029658027
9152,15.37213326492601
9153,16.077521811754618
9154,20.660127209883754
9155,10.666267423668144
9156,9.577251234139492
9157,9.993495739004425
9158,13.642485363849921
9159,9.244800689501849
9160,9.147282741676266
9161,10.873246597485092
9162,18.221635048120408
9163,19.06731792540696
9164,13.507390467992918
9165,11.347324175040816
9166,14.844125042452841
9167,13.340244224417651
9168,10.62940243312421
9169,18.891857628908227
9170,9.697023203574208
9171,11.84376811532793
9172,10.463086847702474
9173,11.172360730468704
9174,11.806316578462265
9175,14.490281588043192
9176,12.425764097356472
9177,12.809901795537955
9178,12.706418053183619
9179,12.815060877492186
9180,12.486572381961881
9181,15.271270798959744
9182,16.685371077570867
9183,13.28515563728702
9184,6.003924056400278
9185,14.468472073348817
9186,9.400872918669316
9187,12.149317159789536
9188,18.39160059792899
9189,11.723416306662413
9190,17.09201709167441
9191,10.167537611915858
9192,7.100497264726701
9193,9.512176332093702
9194,12.201697808405251
9195,10.400649070625207
9196,10.295683474226593
9197,12.583656099281392
9198,15.703611238262642
9199,19.543756243788938
9200,15.750819371162702
9201,10.376424445239657
9202,7.787854040789323
9203,15.28042121061147
9204,16.363997262425443
9205,10.45881839544467
9206,17.549058747463313
9207,12.36135405086318
9208,10.96738107797198
9209,14.818767742561574
9210,14.163563475309921
9211,6.2160498301405385
9212,12.929555658023542
9213,8.876196265764719
9214,14.444274891034809
9215,13.838794164431427
9216,7.483977710584938
9217,14.078231277014115
9218,9.58436836601508
9219,11.955956959151022
9220,12.038699081392277
9221,10.651203673595536
9222,12.69247176776992
9223,8.037236200506381
9224,11.498603159577218
9225,13.315124011668033
9226,7.387788379129063
9227,6.387111857181169
9228,11.257620152069517
9229,13.078247557613318
9230,13.94532357660593
9231,14.385222776666811
9232,11.185544010067433
9233,12.461514946468618
9234,11.705858340720102
9235,12.17708884493666
9236,17.611962556469432
9237,11.675336974879754
9238,13.580300383128208
9239,10.813762047176388
9240,7.84886262604787
9241,12.666659121875892
9242,11.011746072258333
9243,13.803133009688569
9244,6.823968268889039
9245,19.803140942213627
9246,16.73737105211867
9247,17.84125205347058
9248,7.864878138479279
9249,8.633621736438023
9250,14.48208367937272
9251,13.239478687174168
9252,9.349510206551146
9253,13.184408816497504
9254,11.599018116336863
9255,12.110756577466221
9256,17.06805376587183
9257,9.966008690223081
9258,14.87263315092641
9259,10.039060049236486
9260,7.79799534958591
9261,8.163943542342167
9262,18.63030834757392
9263,12.416036026849847
9264,11.766554890312287
9265,16.489396683000518
9266,9.50333932758048
9267,8.407960141696572
9268,12.432543295528804
9269,14.371199585254988
9270,12.727670754433966
9271,18.236761430851406
9272,14.848929443999516
9273,21.045806411010602
9274,12.594812478198198
9275,9.511945013196895
9276,8.6791455331167
9277,13.453014368622819
9278,11.44334112721042
9279,14.85300255776422
9280,18.09915287485647
9281,12.246354357334441
9282,12.813315153258152
9283,8.874650710188376
9284,12.742396181586212
9285,15.221610956227703
9286,14.486189533939235
9287,13.803470719670386
9288,14.031477575735646
9289,14.275474245685553
9290,14.300486074660174
9291,6.275600654274271
9292,8.264679681607692
9293,11.644842827768885
9294,10.890849709727519
9295,13.896095193311226
9296,13.058102170838314
9297,9.166279862215701
9298,10.912955587177159
9299,15.283784082675199
9300,6.0
9301,10.260479285502068
9302,12.839577672362456
9303,9.060427492477423
9304,8.196899612249766
9305,6.729607650685987
9306,11.473288328864788
9307,6.504571244742393
9308,14.666788500752206
9309,11.077539323116426
9310,10.585475982911444
9311,9.944447164084018
9312,14.937580656970296
9313,7.40487630874332
9314,7.2128049153515335
9315,8.033828116940963
9316,9.731301822529778
9317,13.26217348547938
9318,9.359677971942574
9319,12.947135094497519
9320,7.67328093454279
9321,10.973788606512205
9322,11.19159584189425
9323,10.78098222688401
9324,10.921285621712864
9325,14.888962466145898
9326,11.540153011291192
9327,16.521528586209563
9328,10.985701107300885
9329,6.842926915198513
9330,13.699942021693326
9331,6.373659945228702
9332,7.52158698851325
9333,10.867860802046708
9334,10.141638543191116
9335,8.199633784129032
9336,11.821899279946985
9337,10.993109512254874
9338,16.21705818475329
9339,10.623205348395413
9340,15.092183273867214
9341,6.84468804586815
9342,14.57001160499662
9343,11.826208696650712
9344,7.120288163039852
9345,10.461112133807772
9346,13.570819616970171
9347,14.642350287085344
9348,7.681504648599133
9349,8.213727096932683
9350,7.865479427395472
9351,14.602792249007777
9352,8.964276471518238
9353,11.296054257482515
9354,15.27534291847655
9355,18.200456326282524
9356,12.086111651085833
9357,6.62214984749822
9358,11.171771506751949
9359,12.157664177907211
9360,9.636220778663047
9361,13.161705250573204
9362,11.341752079577823
9363,8.448760264097153
9364,12.621394842626314
9365,7.008706115729725
9366,8.60952958356702
9367,10.580500180491883
9368,11.982896821084793
9369,10.192213101222725
9370,10.404282616350484
9371,9.893119575965232
9372,12.352255370090408
9373,10.618975085638933
9374,9.840748542434271
9375,16.5012588652211
9376,10.787400384469903
9377,6.036844911345504
9378,13.975665517001989
9379,6.048745058601805
9380,16.26696136787903
9381,7.245533034540925
9382,16.552497579295416
9383,14.744038755229239
9384,7.8232681718962445
9385,17.371055112419516
9386,13.999740769462713
9387,17.18766189691044
9388,6.346664994862579
9389,11.650097435363088
9390,15.207626379521916
9391,15.43586427561243
9392,7.565745205537986
9393,6.538189668864304
9394,9.456823300076882
9395,14.016680989239589
9396,9.772510626280686
9397,16.293972502940555
9398,9.760357022684543
9399,17.12322772509807
9400,10.985738152863767
9401,7.656860150465507
9402,10.320278110678451
9403,15.292512494726342
9404,13.48490805197915
9405,8.661315116121502
9406,14.955318502491288
9407,9.24986103676604
9408,7.794876052769674
9409,9.30923170258532
9410,8.771483565328474
9411,12.455262251171005
9412,14.327659170538784
9413,6.691144758163052
9414,10.578746528985377
9415,12.780414687922786
9416,7.622250315605511
9417,8.313445146707409
9418,10.949820705184836
9419,18.705591428561277
9420,12.567657868087363
9421,7.054348439381028
9422,14.594479913489455
9423,15.748003309853765
9424,11.053322409204876
9425,7.991347035621335
9426,11.445326259199001
9427,10.896549442961218
9428,18.126000135189805
9429,11.782681759271798
9430,7.622705024308487
9431,16.17545074798676
9432,6.787158444466321
9433,13.588014057100942
9434,13.229105110923447
9435,13.768796013867615
9436,15.82032957907662
9437,14.14600060610253
9438,7.404602159829067
9439,15.695502524698203
9440,13.32930377158274
9441,13.241760463881697
9442,15.874313165296641
9443,7.371562475732519
9444,14.440516053044874
9445,14.4606761323108
9446,16.752329322002556
9447,10.047982408347394
9448,8.911724726335038
9449,6.792290525916181
9450,10.344674283478053
9451,7.37810783736685
9452,16.303912450731822
9453,10.710052766208259
9454,7.878607420085421
9455,12.068547457024183
9456,15.154487039292608
9457,7.114466777898901
9458,12.281314558490536
9459,9.955804779919081
9460,14.174726015430377
9461,10.497060042778358
9462,9.357145872785654
9463,15.495300863154384
9464,16.497788935354325
9465,15.120086688430822
9466,6.652510010709568
9467,10.67433418414745
9468,12.421265132907692
9469,12.438780519146087
9470,11.563209909259376
9471,11.844368303692384
9472,16.718396456230774
9473,15.637079088436485
9474,10.502961803555591
9475,8.036211597721332
9476,11.429691221894915
9477,8.303975317949888
9478,12.095804341041648
9479,6.8620973840375195
9480,9.506897438157901
9481,10.217376683389482
9482,12.065420113299442
9483,19.38208082235776
9484,21.78682623890182
9485,11.841811532502009
9486,22.378983072369742
9487,20.24229483255351
9488,13.73623700396325
9489,12.09552912543645
9490,12.760946418457449
9491,9.890643293349587
9492,11.167137463888157
9493,16.033115227389214
9494,14.233970210551128
9495,10.90594498140347
9496,7.65672598555153
9497,9.870556292558275
9498,9.020975963968679
9499,8.136470932154522
9500,12.619177744563514
9501,10.62647476299665
9502,11.256785529355032
9503,10.844080691680746
9504,14.261717629201774
9505,18.74991846551788
9506,8.870828429693024
9507,13.204263474545348
9508,8.828149757444688
9509,10.336706748457603
9510,16.616737491412394
9511,10.676657877287639
9512,7.567534930358516
9513,10.176728707606067
9514,7.512026947870923
9515,12.14360604483554
9516,7.880955633143385
9517,10.391843425198529
9518,17.813592480311375
9519,9.291224585231067
9520,13.595637365514673
9521,13.13894023646485
9522,9.219361330435515
9523,15.55502709524993
9524,12.50653417270707
9525,17.4896246224464
9526,15.673629169031793
9527,15.794178404772076
9528,9.996756122890766
9529,6.529943977549499
9530,9.878739359349675
9531,10.178242084149026
9532,10.631412918818434
9533,11.597251040142872
9534,14.44664502677218
9535,12.713628720679322
9536,14.870133591564583
9537,11.198699634201098
9538,7.492471029641372
9539,18.553864457517847
9540,6.9961566949332346
9541,6.99423163314549
9542,10.317184488050163
9543,9.811087079674113
9544,9.77253645021626
9545,11.051019626641683
9546,13.787802065435773
9547,9.826950375539912
9548,6.838806718318345
9549,18.020678631589487
9550,13.903634875827965
9551,14.224184177414726
9552,7.270410103672778
9553,14.198760970454545
9554,10.161258897613688
9555,7.975228929226829
9556,10.691424791750917
9557,9.643037917424493
9558,9.318690589190677
9559,14.541145563818908
9560,9.766100182186204
9561,10.953040892702367
9562,14.442002529051845
9563,8.631710418596636
9564,10.757626501950124
9565,8.509298184323736
9566,7.297577364084678
9567,8.824251321876176
9568,6.376709117832901
9569,13.28575825712638
9570,11.220461018333577
9571,17.81613809225927
9572,15.75002970349399
9573,14.878382468736056
9574,16.74698848050398
9575,13.031702879156533
9576,15.44137567542872
9577,9.094340616443537
9578,14.439009787930527
9579,9.510260439518765
9580,19.49947495714902
9581,7.568861798630905
9582,12.81893723595124
9583,8.038620653175698
9584,12.361510644207026
9585,9.989569135783867
9586,11.514260667089454
9587,8.274672317701203
9588,14.94520172640437
9589,6.716524059669562
9590,9.466199349888274
9591,12.710591004898754
9592,9.635851271113964
9593,8.697900323829526
9594,13.419005398249904
9595,7.866716416957864
9596,16.33197170296663
9597,15.849830436896442
9598,12.270982285823704
9599,16.774293219497036
9600,10.627194299526789
9601,9.0200454015678
9602,13.258475773789542
9603,15.587826917919067
9604,8.454847017994297
9605,9.113060303607368
9606,6.67386943372899
9607,13.002001948547917
9608,12.266074332973632
9609,6.269596557514142
9610,9.4622277295484
9611,14.69093228443109
9612,10.174842607685187
9613,13.981402829847358
9614,12.36835753938214
9615,8.000711549259474
9616,19.03957254347249
9617,8.749355695939038
9618,13.341470112490736
9619,17.208909157916604
9620,9.223105244505334
9621,11.102562492158986
9622,13.459833901113035
9623,12.045664215781589
9624,12.142841667946886
9625,10.425005472510108
9626,7.857208866189529
9627,8.743416170817571
9628,11.998550661901831
9629,9.694097594310445
9630,11.14886873820762
9631,13.590027714023462
9632,15.56489875135868
9633,9.198685330395527
9634,7.041278022681114
9635,7.123986028979031
9636,14.10117289982638
9637,15.100399109052189
9638,12.90645736614932
9639,7.164331906886072
9640,13.341270404433601
9641,8.29070737121974
9642,10.298964726736044
9643,14.599485495550447
9644,13.446791290560544
9645,9.543080085563856
9646,12.145638757180642
9647,8.780418695830843
9648,9.193569937595946
9649,12.157882533829792
9650,12.981706640495686
9651,7.0296099956142095
9652,10.165489150082134
9653,8.767206312572416
9654,16.363887410360785
9655,9.613616922697979
9656,9.819691720713811
9657,13.434831974249882
9658,8.121905237966516
9659,9.80992857191356
9660,16.110641404344264
9661,17.025963740126944
9662,15.253764099889064
9663,17.728223123871274
9664,10.941074318786306
9665,7.817332188062177
9666,10.429812559723793
9667,12.313684155432373
9668,14.140375365486271
9669,13.429329879624246
9670,6.7762049827504365
9671,11.284455072604006
9672,8.371075530419105
9673,16.420785798048076
9674,13.46964794137151
9675,6.164201114908979
9676,11.21169773828375
9677,13.110752203967232
9678,13.83293794067315
9679,16.63190834881506
9680,9.151624632904134
9681,11.018884538436755
9682,10.669914540707016
9683,9.834699766182625
9684,12.83983071493554
9685,15.484808080111657
9686,10.904278114358249
9687,11.719782746267823
9688,10.48872096680718
9689,13.132353284907326
9690,14.619748856529704
9691,9.83547329586311
9692,11.355569357586907
9693,9.120778885379936
9694,8.50464292122081
9695,6.0
9696,10.633433656068153
9697,6.23944440109512
9698,10.241755980221633
9699,6.2288481775277145
9700,8.767610825688653
9701,15.888919374910142
9702,13.20519881324978
9703,13.122516678201377
9704,11.591922638241329
9705,15.181194744474311
9706,15.60705084599604
9707,12.768874099492399
9708,12.481657402783341
9709,8.35800481617027
9710,13.752933713736331
9711,12.496760034758179
9712,6.519490407548892
9713,7.263991970425235
9714,14.456058876523052
9715,10.937392857484065
9716,12.186942534014499
9717,11.176185600711268
9718,6.3850393921677275
9719,10.31239169682343
9720,7.942790017011576
9721,10.80308704994707
9722,12.297299953637173
9723,8.005014423480052
9724,11.65824093271914
9725,8.173676149063002
9726,13.689363607842552
9727,7.130616841417303
9728,10.142200379764043
9729,12.018804281851503
9730,16.03927783335585
9731,15.279818918807887
9732,10.59039577666838
9733,13.931622352118383
9734,13.851583423880877
9735,13.262830674232813
9736,13.001440421969226
9737,11.040192500779082
9738,10.222942979261704
9739,12.15357513384078
9740,9.07107234839004
9741,11.74880098347982
9742,17.62285330157816
9743,9.84023364104808
9744,6.955187673465443
9745,12.919982780259204
9746,9.945898299080222
9747,8.201301785929289
9748,11.975698103060635
9749,7.99431558821983
9750,11.28006762783306
9751,10.199777451649013
9752,11.737242106285732
9753,7.248554099482375
9754,11.998161232417923
9755,17.59376496713599
9756,9.352991138670435
9757,8.018898227297264
9758,10.21280625600127
9759,14.422857046972311
9760,12.906802434778797
9761,15.918126357245676
9762,14.363176833467778
9763,6.965596064430249
9764,15.250853498468413
9765,11.075435452482703
9766,17.501421511644196
9767,16.405130046509015
9768,8.703215790069828
9769,11.557613683062971
9770,16.5003175297378
9771,15.712249749143483
9772,9.999575150791745
9773,7.040475428987513
9774,13.421373608130718
9775,11.259751217499476
9776,12.47324382433656
9777,14.512178497918615
9778,11.459775735342077
9779,15.677425550536046
9780,8.947230913387346
9781,11.527008815506198
9782,11.313202908728556
9783,12.31161741650527
9784,15.58876175601824
9785,14.841099754768315
9786,7.1121451268843705
9787,10.962315462116807
9788,13.453577347213994
9789,11.67352720818677
9790,16.952754764228267
9791,14.251986831069516
9792,11.927425077193712
9793,10.044860411382492
9794,11.5453605521447
9795,6.43598160342327
9796,13.506552635743125
9797,6.88693575714362
9798,14.681905172691339
9799,6.280650070749489
9800,13.565650311868156
9801,9.407910632335424
9802,6.0
9803,13.30875812249304
9804,11.512219421097399
9805,14.134519141876076
9806,11.818728401394967
9807,15.036018259028053
9808,13.440904375004207
9809,9.048115044616107
9810,20.237550800930943
9811,19.35679636160112
9812,10.868379438907152
9813,7.889285389887274
9814,12.863844838375506
9815,11.681928626409746
9816,13.033895213383083
9817,11.850710169015361
9818,15.570091778155131
9819,8.87164528075047
9820,11.887946820251193
9821,15.223158442432847
9822,10.382458663731803
9823,6.0
9824,14.43835282830238
9825,7.992798080160864
9826,11.316920651848939
9827,13.38075955593019
9828,12.812699757830778
9829,6.601691667633494
9830,10.482626023269885
9831,8.318845862572998
9832,15.326770532955534
9833,13.447438639327599
9834,14.085146716045534
9835,12.064959087669497
9836,12.417703885298756
9837,6.812815546288544
9838,9.330232079379641
9839,15.713131628184508
9840,6.460432836782851
9841,12.454106363308508
9842,13.457267794990877
9843,8.032775025706307
9844,17.220313977248427
9845,11.359049395717683
9846,8.486159201302048
9847,15.129615867510623
9848,12.679867840591045
9849,10.12526271740021
9850,11.69182253630749
9851,10.227729956774805
9852,8.904005608287253
9853,7.657141320594719
9854,12.622221374899603
9855,15.550422657822722
9856,12.319794313907693
9857,11.107550268743461
9858,13.977734700316113
9859,9.685471345360224
9860,14.109241867106054
9861,17.32316632602039
9862,8.41087201715135
9863,13.459468589134943
9864,6.741740274745454
9865,20.324488495144035
9866,14.260017245922821
9867,8.07383744615942
9868,19.897461705800374
9869,10.911445512237247
9870,12.991729837945455
9871,18.757558444894265
9872,16.01572961640928
9873,17.35883331852537
9874,14.206009386310877
9875,8.22409776073943
9876,10.936093514106958
9877,14.297024397589901
9878,11.64501119306665
9879,20.661424227909038
9880,8.575147189576825
9881,8.366157412990715
9882,17.795466200600668
9883,11.467468724578172
9884,11.281355858619333
9885,9.356523120186068
9886,18.5013403834537
9887,12.753065778525222
9888,10.838874135055413
9889,12.705725731312594
9890,18.00187403298348
9891,9.976557063672757
9892,7.79963348258821
9893,10.534122795237984
9894,15.60696951472266
9895,13.067323426487466
9896,11.368111841073084
9897,13.50858627952774
9898,7.164310051383266
9899,13.926666170796292
9900,12.008666612777805
9901,9.996763261999066
9902,15.20639168731049
9903,12.693440353702588
9904,9.432766900932187
9905,11.861857723584903
9906,16.63946891160036
9907,12.759500902721848
9908,9.646756209906961
9909,8.111837080184031
9910,12.49153136298468
9911,16.53021313551906
9912,6.528710452748415
9913,17.47373265611297
9914,12.755945611320884
9915,12.448494465778097
9916,10.902217179638146
9917,8.781838955252482
9918,10.236607273397563
9919,12.575906471009828
9920,10.26041219388155
9921,10.269908609410745
9922,19.014267712453695
9923,14.061917762209092
9924,20.739266368715263
9925,15.20393072545181
9926,16.42209425677407
9927,7.325417521874649
9928,12.460146693807529
9929,13.65947630612514
9930,6.612071074660284
9931,13.775384045855368
9932,14.583184358911199
9933,11.255655677404928
9934,12.890471546586207
9935,8.373284505241195
9936,13.347963508422946
9937,15.84054874596033
9938,12.472050012983342
9939,18.51983626290852
9940,12.80180689204003
9941,13.769752226873566
9942,12.286035916387616
9943,15.26914225336653
9944,12.50796182568437
9945,11.001059316399067
9946,12.16439671685359
9947,18.509864864158224
9948,18.925764565252273
9949,7.53253060475728
9950,16.948364111194515
9951,13.477861091901815
9952,17.567513104072624
9953,12.374783720208846
9954,14.693725994109522
9955,10.704400718158649
9956,13.106718175811958
9957,17.510786157572397
9958,13.523634613468206
9959,13.232631722607982
9960,16.415023585770246
9961,12.626912885562708
9962,10.437986384782265
9963,14.12806008163451
9964,10.789930498812975
9965,14.495623275990807
9966,10.583271290334888
9967,15.227685649379783
9968,13.373948428390563
9969,10.448652692302693
9970,16.33001615317405
9971,16.056682462484833
9972,13.585568975416878
9973,12.937210256772827
9974,12.927909035170998
9975,14.835624096869669
9976,7.622047027893598
9977,8.492929055497996
9978,14.78581445784724
9979,14.715554195843119
9980,9.551585494245092
9981,9.880153114605815
9982,10.693656298389469
9983,7.8765124249229235
9984,12.23380865083931
9985,8.773626875509724
9986,8.820614253952716
9987,6.7427125679412026
9988,12.214865758929921
9989,17.928757882079093
9990,8.97724244128554
9991,18.163784376790232
9992,9.43003963665111
9993,15.208804478563271
9994,10.338860369314054
9995,8.222413291455803
9996,6.650374368623051
9997,12.560064753412357
9998,7.778520634363043
9999,14.443410355516164
10000,6.585741505278355
